exchange_rate_id,rate_date,base_currency,target_currency,exchange_rate,rate_source,rate_type,created_at,created_by
,2022-08-30,AED,USD,0.3191609235,ECB,Closing,2022-08-30 06:16:43,susan.rice083@commerce.example.com
,2022-08-17,EUR,CAD,2.4658021114,ECB,Spot,2022-08-17 07:41:31,jason.franklin045@dataops.example.com
,2022-08-25,GBP,USD,0.7013869878,Reuters,Closing,2022-08-25 22:24:59,brian.taylor114@analytics.example.com
,2022-08-07,INR,SGD,1.2132226718,Internal FX,Spot,2022-08-07 03:39:43,stephen.clark001@analytics.example.com
,2022-08-10,EUR,SGD,4.2751697178,Bloomberg,Closing,2022-08-10 14:59:03,taylor.cunningham023@commerce.example.com
,2022-08-08,JPY,AED,1.4090272069,ECB,Daily,2022-08-08 03:47:38,michael.johnson061@platform.example.com
,2022-08-30,BRL,USD,2.0507779019,Internal FX,Spot,2022-08-30 00:36:15,ashley.marks069@commerce.example.com
,2022-08-12,USD,EUR,1.9637824403,ECB,Daily,2022-08-12 18:50:00,susan.rice083@commerce.example.com
,2022-08-02,INR,MXN,0.8716463989,Bloomberg,Spot,2022-08-02 17:17:21,eric.horton058@analytics.example.com
,2022-08-24,AED,BRL,1.0123495262,Bloomberg,Closing,2022-08-24 06:14:30,jeffery.miller012@commerce.example.com
,2022-08-02,AED,MXN,0.2792962281,Internal FX,Closing,2022-08-02 15:59:45,tiffany.freeman101@analytics.example.com
,2022-08-20,EUR,SGD,0.1869070611,ECB,Spot,2022-08-20 15:27:32,timothy.cameron104@commerce.example.com
,2022-08-24,AED,BRL,1.7527588782,ECB,Closing,2022-08-24 03:49:40,victor.palmer071@platform.example.com
,2022-08-13,USD,AUD,0.4304895555,ECB,Spot,2022-08-13 02:44:48,darren.anderson025@dataops.example.com
,2022-08-24,CAD,JPY,1.3662775211,Bloomberg,Daily,2022-08-24 05:27:24,james.proctor094@dataops.example.com
,2022-08-09,AED,INR,0.1278757266,Bloomberg,Daily,2022-08-09 15:10:29,david.cabrera119@dataops.example.com
,2022-08-16,EUR,INR,2.0266726498,Internal FX,Closing,2022-08-16 22:55:56,jennifer.atkins003@platform.example.com
,2022-08-22,MXN,AUD,0.6593189289,Reuters,Daily,2022-08-22 05:15:27,jennifer.atkins003@platform.example.com
,2022-08-17,AED,CAD,0.6236574663,Reuters,Spot,2022-08-17 23:29:00,sandra.hunter036@platform.example.com
,2022-08-24,GBP,USD,2.2249476677,Internal FX,Spot,2022-08-24 10:23:28,jimmy.washington028@commerce.example.com
,2022-08-11,EUR,AED,0.4552998332,Bloomberg,Spot,2022-08-11 15:10:23,lance.williams029@platform.example.com
,2022-08-04,CAD,USD,0.9031559264,ECB,Spot,2022-08-04 05:42:06,jimmy.washington028@commerce.example.com
,2022-08-09,CAD,MXN,1.661681486,Reuters,Daily,2022-08-09 12:33:00,anita.garcia021@dataops.example.com
,2022-08-20,INR,USD,1.648097273,ECB,Closing,2022-08-20 00:44:27,jason.franklin045@dataops.example.com
,2022-08-30,USD,BRL,2.7217592035,Reuters,Spot,2022-08-30 09:35:57,patrick.gonzalez035@dataops.example.com
,2022-08-06,GBP,INR,0.9534491724,Internal FX,Spot,2022-08-06 18:53:40,christine.carter078@commerce.example.com
,2022-08-11,EUR,AED,0.581853824,Reuters,Spot,2022-08-11 13:54:18,susan.rice083@commerce.example.com
,2022-08-18,INR,EUR,0.3119492983,Internal FX,Closing,2022-08-18 23:48:28,adam.gordon030@commerce.example.com
,2022-08-31,MXN,AED,1.1209957381,ECB,Spot,2022-08-31 23:40:40,joseph.johnson049@dataops.example.com
,2022-08-24,CAD,USD,1.8861580346,Internal FX,Closing,2022-08-24 19:40:41,jeffery.miller012@commerce.example.com
,2022-08-19,BRL,CAD,0.9420011436,Reuters,Closing,2022-08-19 05:23:38,michelle.bender024@analytics.example.com
,2022-08-28,INR,JPY,1.9509380143,Internal FX,Closing,2022-08-28 23:31:02,adam.gordon030@commerce.example.com
,2022-08-05,INR,JPY,0.1612550528,Internal FX,Spot,2022-08-05 07:34:57,anita.garcia021@dataops.example.com
,2022-08-19,AED,EUR,0.3850463591,ECB,Closing,2022-08-19 12:37:37,jennifer.hudson020@analytics.example.com
,2022-08-02,AUD,INR,0.14568134,ECB,Daily,2022-08-02 15:16:07,alyssa.richards002@commerce.example.com
,2022-08-22,INR,JPY,0.3580009647,ECB,Closing,2022-08-22 06:29:44,stephen.daniels076@commerce.example.com
,2022-08-19,MXN,AED,0.3845289582,Internal FX,Daily,2022-08-19 06:12:49,grace.gonzales099@dataops.example.com
,2022-08-26,AUD,EUR,1.2855615815,Reuters,Spot,2022-08-26 19:08:18,jennifer.bauer068@analytics.example.com
,2022-08-02,USD,EUR,2.190945509,Reuters,Closing,2022-08-02 05:36:16,timothy.cannon081@analytics.example.com
,2022-08-30,JPY,CAD,1.4098557341,Reuters,Spot,2022-08-30 06:23:26,victor.palmer071@platform.example.com
,2022-08-25,INR,USD,0.2802988963,Internal FX,Spot,2022-08-25 20:16:29,peter.martinez098@platform.example.com
,2022-08-27,SGD,AED,0.7902072414,Bloomberg,Daily,2022-08-27 05:09:55,peter.martinez098@platform.example.com
,2022-08-16,BRL,EUR,1.0403386778,Reuters,Spot,2022-08-16 22:56:11,taylor.cunningham023@commerce.example.com
,2022-08-10,INR,GBP,1.3327618455,ECB,Spot,2022-08-10 08:49:51,alyssa.richards002@commerce.example.com
,2022-08-25,AUD,USD,1.7866872615,Internal FX,Closing,2022-08-25 15:01:58,lisa.kim091@platform.example.com
,2022-08-28,MXN,CAD,1.5569842278,ECB,Closing,2022-08-28 13:14:16,micheal.chen050@dataops.example.com
,2022-08-05,AED,CAD,0.8568131733,Reuters,Spot,2022-08-05 09:27:06,katelyn.pitts017@commerce.example.com
,2022-08-04,JPY,GBP,1.2760009805,Reuters,Closing,2022-08-04 23:40:43,lance.williams029@platform.example.com
,2022-08-27,AED,JPY,1.0419385539,Internal FX,Spot,2022-08-27 18:39:01,yolanda.vasquez005@platform.example.com
,2022-08-10,USD,INR,1.6925625863,Bloomberg,Spot,2022-08-10 12:00:22,joann.clark089@commerce.example.com
,2022-08-13,BRL,GBP,0.8048905305,Internal FX,Daily,2022-08-13 08:14:47,darren.anderson025@dataops.example.com
,2022-08-25,AUD,JPY,2.4391214651,ECB,Closing,2022-08-25 17:03:47,kevin.mathews014@analytics.example.com
,2022-08-16,MXN,GBP,0.824958215,Internal FX,Daily,2022-08-16 21:32:15,troy.boone097@platform.example.com
,2022-08-10,EUR,INR,2.5277301934,Bloomberg,Spot,2022-08-10 03:12:19,jennifer.atkins003@platform.example.com
,2022-08-30,EUR,BRL,1.360705535,Bloomberg,Spot,2022-08-30 14:18:20,michael.johnson061@platform.example.com
,2022-08-03,USD,JPY,1.7113143601,Bloomberg,Closing,2022-08-03 21:38:08,timothy.cameron104@commerce.example.com
,2022-08-31,MXN,AED,2.7633745514,Internal FX,Closing,2022-08-31 10:16:01,christine.carter078@commerce.example.com
,2022-08-05,USD,MXN,0.3421412091,Bloomberg,Spot,2022-08-05 12:10:12,tina.williams074@commerce.example.com
,2022-08-16,JPY,GBP,2.1832174008,ECB,Closing,2022-08-16 11:03:29,troy.boone097@platform.example.com
,2022-08-10,EUR,GBP,0.4671649428,Reuters,Daily,2022-08-10 16:14:36,christine.johnson056@commerce.example.com
,2022-08-25,INR,CAD,0.8829425675,Internal FX,Spot,2022-08-25 03:01:29,kelsey.taylor010@platform.example.com
,2022-08-10,AED,GBP,0.7194885078,Internal FX,Daily,2022-08-10 05:16:54,brandi.carter038@dataops.example.com
,2022-08-21,JPY,GBP,1.3435006166,Bloomberg,Closing,2022-08-21 09:24:00,sandra.hunter036@platform.example.com
,2022-08-07,CAD,GBP,1.1271602591,ECB,Closing,2022-08-07 04:46:03,maria.ashley046@analytics.example.com
,2022-08-29,AUD,CAD,0.8355751757,ECB,Closing,2022-08-29 00:34:26,maria.ashley046@analytics.example.com
,2022-08-27,AUD,INR,1.0053864788,Bloomberg,Spot,2022-08-27 22:21:19,darren.anderson025@dataops.example.com
,2022-08-17,EUR,BRL,1.9566147184,ECB,Closing,2022-08-17 05:11:35,katelyn.pitts017@commerce.example.com
,2022-08-21,JPY,MXN,2.0882171977,Reuters,Spot,2022-08-21 13:06:23,jeffery.miller012@commerce.example.com
,2022-08-04,INR,BRL,0.9684224744,Reuters,Spot,2022-08-04 10:11:15,ashley.marks069@commerce.example.com
,2022-08-17,CAD,INR,1.1425705272,Bloomberg,Daily,2022-08-17 14:57:36,craig.johnson106@analytics.example.com
,2022-08-26,USD,EUR,1.6901888445,Bloomberg,Spot,2022-08-26 12:43:49,eric.horton058@analytics.example.com
,2022-08-10,AED,INR,0.6609808694,Reuters,Closing,2022-08-10 17:06:13,joseph.johnson049@dataops.example.com
,2022-08-14,BRL,JPY,2.0387525053,Reuters,Daily,2022-08-14 09:27:22,jimmy.washington028@commerce.example.com
,2022-08-30,AUD,EUR,0.9283177333,ECB,Closing,2022-08-30 02:46:06,maria.ashley046@analytics.example.com
,2022-08-11,JPY,MXN,0.6736170126,Bloomberg,Closing,2022-08-11 20:31:12,brandi.carter038@dataops.example.com
,2022-08-25,USD,GBP,0.6354316667,Reuters,Spot,2022-08-25 16:06:20,david.cabrera119@dataops.example.com
,2022-08-12,BRL,EUR,1.7904301489,Reuters,Closing,2022-08-12 01:21:09,lisa.kim091@platform.example.com
,2022-08-14,GBP,AUD,2.9046554101,Internal FX,Daily,2022-08-14 13:35:33,renee.harvey080@dataops.example.com
,2022-08-11,BRL,USD,2.8176265707,Reuters,Spot,2022-08-11 16:50:04,yolanda.vasquez005@platform.example.com
,2022-08-27,USD,AUD,1.3226285426,ECB,Closing,2022-08-27 06:07:06,katelyn.pitts017@commerce.example.com
,2022-08-18,GBP,USD,0.4743881067,Bloomberg,Closing,2022-08-18 20:36:28,katelyn.pitts017@commerce.example.com
,2022-08-15,SGD,USD,0.2132803095,Bloomberg,Closing,2022-08-15 06:47:21,eric.horton058@analytics.example.com
,2022-08-22,CAD,USD,1.0356911423,Reuters,Spot,2022-08-22 10:11:22,joann.clark089@commerce.example.com
,2022-08-21,JPY,AED,0.2740024086,ECB,Daily,2022-08-21 16:32:34,david.cabrera119@dataops.example.com
,2022-08-05,INR,MXN,3.3053292096,Reuters,Spot,2022-08-05 10:48:27,eric.horton058@analytics.example.com
,2022-08-10,CAD,INR,1.5016379226,Internal FX,Daily,2022-08-10 08:36:30,andrew.ellis102@analytics.example.com
,2022-08-23,SGD,INR,0.9236966602,Reuters,Closing,2022-08-23 15:38:36,john.mullins109@commerce.example.com
,2022-08-19,EUR,USD,0.6352856355,ECB,Closing,2022-08-19 14:43:33,patrick.gonzalez035@dataops.example.com
,2022-08-13,SGD,JPY,0.6850035102,Internal FX,Spot,2022-08-13 08:20:10,grace.gonzales099@dataops.example.com
,2022-08-09,AUD,MXN,1.0475889201,Bloomberg,Spot,2022-08-09 01:04:03,chelsea.patel065@commerce.example.com
,2022-08-11,BRL,EUR,0.3258234216,Internal FX,Daily,2022-08-11 15:06:32,kelsey.taylor010@platform.example.com
,2022-08-29,USD,INR,0.8178148153,Internal FX,Daily,2022-08-29 11:58:58,stephen.clark001@analytics.example.com
,2022-08-01,SGD,BRL,0.8003976259,ECB,Daily,2022-08-01 05:01:25,eric.mullen052@dataops.example.com
,2022-08-03,AUD,GBP,1.6665069246,ECB,Closing,2022-08-03 16:19:38,troy.boone097@platform.example.com
,2022-08-14,BRL,AED,0.9523174723,ECB,Daily,2022-08-14 04:59:04,victoria.medina044@dataops.example.com
,2022-08-03,CAD,BRL,2.2417873487,ECB,Spot,2022-08-03 23:01:31,brian.taylor114@analytics.example.com
,2022-08-27,JPY,AUD,2.0944366352,Bloomberg,Closing,2022-08-27 12:30:36,grace.gonzales099@dataops.example.com
,2022-08-26,SGD,BRL,2.0566952265,Bloomberg,Daily,2022-08-26 18:29:26,chelsea.patel065@commerce.example.com
,2022-08-04,USD,CAD,1.3961375701,ECB,Closing,2022-08-04 06:42:57,michelle.bender024@analytics.example.com
,2022-08-24,MXN,EUR,0.3019040852,ECB,Spot,2022-08-24 04:32:17,victor.palmer071@platform.example.com
,2022-08-03,AED,GBP,1.9186710843,ECB,Daily,2022-08-03 00:12:10,timothy.cannon081@analytics.example.com
,2022-08-09,AUD,INR,0.2032558309,ECB,Spot,2022-08-09 18:36:57,christine.johnson056@commerce.example.com
,2022-08-19,MXN,AUD,1.7752250572,Bloomberg,Daily,2022-08-19 09:30:54,lance.williams029@platform.example.com
,2022-08-26,INR,GBP,0.8932625808,ECB,Closing,2022-08-26 02:22:22,patrick.gonzalez035@dataops.example.com
,2022-08-12,AUD,MXN,2.1335569995,ECB,Daily,2022-08-12 20:47:17,stephen.daniels076@commerce.example.com
,2022-08-01,AUD,JPY,3.2265084136,Bloomberg,Daily,2022-08-01 11:02:47,john.mullins109@commerce.example.com
,2022-08-30,EUR,USD,0.7488750361,Bloomberg,Spot,2022-08-30 09:05:17,jennifer.hudson020@analytics.example.com
,2022-08-31,JPY,INR,0.2438191965,Internal FX,Spot,2022-08-31 20:59:22,brian.taylor114@analytics.example.com
,2022-08-21,EUR,USD,0.5843807865,Reuters,Spot,2022-08-21 12:05:49,susan.rice083@commerce.example.com
,2022-08-05,MXN,BRL,0.7825425808,Bloomberg,Spot,2022-08-05 15:19:46,christine.carter078@commerce.example.com
,2022-08-04,USD,INR,0.2549074862,Bloomberg,Spot,2022-08-04 23:54:17,brandon.yu006@analytics.example.com
,2022-08-30,SGD,GBP,0.3599493714,Bloomberg,Closing,2022-08-30 07:42:57,timothy.cameron104@commerce.example.com
,2022-08-06,EUR,AED,1.8076692565,ECB,Closing,2022-08-06 09:32:18,ashley.marks069@commerce.example.com
,2022-08-24,BRL,CAD,3.1590868897,Bloomberg,Daily,2022-08-24 02:41:29,christine.carter078@commerce.example.com
,2022-08-07,JPY,BRL,0.323201002,ECB,Daily,2022-08-07 13:19:02,tina.williams074@commerce.example.com
,2022-08-08,EUR,SGD,1.5337927463,Internal FX,Daily,2022-08-08 17:58:41,micheal.hall064@dataops.example.com
,2022-08-14,USD,EUR,1.070333097,ECB,Spot,2022-08-14 22:27:06,jennifer.bauer068@analytics.example.com
,2022-08-27,CAD,AUD,0.8455968845,Internal FX,Spot,2022-08-27 15:17:46,kevin.mathews014@analytics.example.com
,2022-08-15,INR,AUD,0.2837996552,Internal FX,Spot,2022-08-15 10:06:34,michelle.sims041@analytics.example.com
,2022-08-29,AUD,SGD,1.2002388676,Bloomberg,Daily,2022-08-29 09:15:54,grace.gonzales099@dataops.example.com
,2022-08-23,BRL,INR,2.4572391878,Reuters,Closing,2022-08-23 13:19:59,michael.johnson061@platform.example.com
,2022-08-14,MXN,AUD,0.4148235357,Reuters,Spot,2022-08-14 05:37:11,tina.williams074@commerce.example.com
,2022-08-16,INR,SGD,1.2147707147,Internal FX,Spot,2022-08-16 11:42:39,joann.clark089@commerce.example.com
,2022-08-07,USD,AED,0.3092284551,Bloomberg,Daily,2022-08-07 01:05:50,jeffery.miller012@commerce.example.com
,2022-08-01,JPY,USD,0.8593740493,Bloomberg,Closing,2022-08-01 02:36:03,maria.ashley046@analytics.example.com
,2022-08-14,AED,USD,1.3986061439,Internal FX,Spot,2022-08-14 14:49:43,darren.anderson025@dataops.example.com
,2022-08-14,GBP,MXN,0.9548066692,Internal FX,Daily,2022-08-14 18:23:03,darren.anderson025@dataops.example.com
,2022-08-23,JPY,USD,0.5897087293,ECB,Daily,2022-08-23 07:17:33,joseph.johnson049@dataops.example.com
,2022-08-18,SGD,GBP,0.3176014134,Bloomberg,Closing,2022-08-18 20:19:57,michael.johnson061@platform.example.com
,2022-08-26,INR,GBP,0.8381258409,Internal FX,Daily,2022-08-26 16:50:52,christine.johnson056@commerce.example.com
,2022-08-08,SGD,AED,0.5540059286,Reuters,Closing,2022-08-08 12:11:14,andrew.ellis102@analytics.example.com
,2022-08-09,JPY,SGD,0.6560999188,Internal FX,Closing,2022-08-09 22:11:25,micheal.chen050@dataops.example.com
,2022-08-13,USD,EUR,3.3694665615,ECB,Daily,2022-08-13 15:53:35,timothy.cameron104@commerce.example.com
,2022-08-02,AUD,AED,0.5245076885,Bloomberg,Closing,2022-08-02 10:37:07,eric.mullen052@dataops.example.com
,2022-08-08,GBP,EUR,0.7123753533,Bloomberg,Closing,2022-08-08 15:50:52,david.cabrera119@dataops.example.com
,2022-08-04,EUR,SGD,0.6114398303,ECB,Daily,2022-08-04 08:09:10,kevin.mathews014@analytics.example.com
,2022-08-21,CAD,USD,2.1322400474,Bloomberg,Spot,2022-08-21 10:25:36,maria.ashley046@analytics.example.com
,2022-08-23,AED,SGD,0.3559059028,ECB,Closing,2022-08-23 11:25:45,christine.carter078@commerce.example.com
,2022-08-23,CAD,JPY,1.2134899244,ECB,Daily,2022-08-23 03:58:26,craig.johnson106@analytics.example.com
,2022-08-28,SGD,MXN,0.7760080139,Reuters,Daily,2022-08-28 20:50:48,jennifer.hudson020@analytics.example.com
,2022-08-01,SGD,AUD,1.6707342018,Bloomberg,Spot,2022-08-01 08:49:10,maria.ashley046@analytics.example.com
,2022-08-22,EUR,MXN,0.9742596916,Internal FX,Daily,2022-08-22 16:37:51,timothy.cameron104@commerce.example.com
,2022-08-03,INR,MXN,1.626152797,Internal FX,Closing,2022-08-03 05:03:56,timothy.cameron104@commerce.example.com
,2022-08-24,AUD,EUR,0.7083411501,Bloomberg,Spot,2022-08-24 14:02:01,lance.williams029@platform.example.com
,2022-08-03,EUR,USD,0.4436013199,Internal FX,Closing,2022-08-03 22:30:02,troy.boone097@platform.example.com
,2022-08-19,AED,MXN,1.4689622651,ECB,Spot,2022-08-19 06:23:02,chelsea.patel065@commerce.example.com
,2022-08-15,AED,EUR,0.583314894,Reuters,Spot,2022-08-15 06:21:18,chelsea.patel065@commerce.example.com
,2022-08-27,AUD,CAD,0.6136957629,Reuters,Daily,2022-08-27 11:48:52,stephen.daniels076@commerce.example.com
,2022-08-12,AED,JPY,2.1621944602,Internal FX,Spot,2022-08-12 19:49:11,andrew.ellis102@analytics.example.com
,2022-08-04,AUD,GBP,0.6542899517,ECB,Spot,2022-08-04 09:31:56,joseph.johnson049@dataops.example.com
,2022-08-29,EUR,BRL,2.8641920635,Bloomberg,Daily,2022-08-29 13:53:46,lance.williams029@platform.example.com
,2022-08-11,AUD,SGD,0.8786600842,Bloomberg,Spot,2022-08-11 09:40:50,adam.gordon030@commerce.example.com
,2022-08-24,AUD,EUR,1.1752695479,ECB,Spot,2022-08-24 03:42:00,stephen.daniels076@commerce.example.com
,2022-08-13,MXN,GBP,0.9588045462,Bloomberg,Closing,2022-08-13 22:17:53,stephen.clark001@analytics.example.com
,2022-08-26,SGD,USD,0.7955784192,ECB,Daily,2022-08-26 05:28:23,jennifer.bauer068@analytics.example.com
,2022-08-18,USD,AUD,2.8018118338,Bloomberg,Closing,2022-08-18 03:57:22,susan.rice083@commerce.example.com
,2022-08-07,CAD,MXN,1.6583480872,Reuters,Closing,2022-08-07 18:48:45,brian.taylor114@analytics.example.com
,2022-08-20,USD,BRL,4.4863125211,Reuters,Spot,2022-08-20 00:38:17,sandra.hunter036@platform.example.com
,2022-08-28,CAD,BRL,0.3802756916,Internal FX,Daily,2022-08-28 16:21:39,david.cabrera119@dataops.example.com
,2022-08-17,JPY,SGD,2.2559369578,Bloomberg,Daily,2022-08-17 12:01:52,lance.williams029@platform.example.com
,2022-08-05,CAD,INR,0.4800990934,Bloomberg,Closing,2022-08-05 07:04:44,michelle.sims041@analytics.example.com
,2022-08-27,JPY,GBP,0.3768865338,Reuters,Spot,2022-08-27 11:11:47,john.mullins109@commerce.example.com
,2022-08-09,CAD,GBP,0.7502104867,ECB,Daily,2022-08-09 08:18:53,jennifer.hudson020@analytics.example.com
,2022-08-10,EUR,AED,0.2791002547,Bloomberg,Closing,2022-08-10 03:33:43,jennifer.atkins003@platform.example.com
,2022-08-07,CAD,USD,0.7281782168,Internal FX,Daily,2022-08-07 07:10:56,michael.berger060@platform.example.com
,2022-08-20,JPY,AUD,0.8672867229,Bloomberg,Spot,2022-08-20 23:58:28,michelle.sims041@analytics.example.com
,2022-08-16,AED,USD,3.1222385014,Reuters,Closing,2022-08-16 15:25:57,michelle.sims041@analytics.example.com
,2022-08-20,JPY,SGD,0.2874460134,Internal FX,Spot,2022-08-20 12:56:47,sylvia.diaz107@dataops.example.com
,2022-08-06,CAD,AUD,1.0462922105,ECB,Closing,2022-08-06 03:11:02,victor.palmer071@platform.example.com
,2022-08-25,CAD,EUR,1.6928537172,Reuters,Daily,2022-08-25 07:01:52,james.proctor094@dataops.example.com
,2022-08-13,USD,MXN,1.343302305,Bloomberg,Daily,2022-08-13 11:06:01,sylvia.diaz107@dataops.example.com
,2022-08-25,AUD,USD,1.0035469794,Reuters,Spot,2022-08-25 15:20:33,tiffany.freeman101@analytics.example.com
,2022-08-08,AUD,GBP,0.6107466547,Bloomberg,Closing,2022-08-08 03:28:51,sylvia.diaz107@dataops.example.com
,2022-08-24,INR,MXN,0.6130609504,ECB,Closing,2022-08-24 19:35:59,victoria.medina044@dataops.example.com
,2022-08-21,SGD,EUR,1.9802203866,Internal FX,Daily,2022-08-21 19:28:27,taylor.cunningham023@commerce.example.com
,2022-08-10,USD,CAD,1.0176404034,Bloomberg,Spot,2022-08-10 09:34:19,katelyn.pitts017@commerce.example.com
,2022-08-08,CAD,MXN,1.118510001,ECB,Spot,2022-08-08 23:46:56,david.cabrera119@dataops.example.com
,2022-08-16,CAD,AED,0.8200365464,Reuters,Spot,2022-08-16 20:19:31,lisa.kim091@platform.example.com
,2022-08-22,GBP,AED,1.872384972,Internal FX,Spot,2022-08-22 15:36:29,sandra.hunter036@platform.example.com
,2022-08-24,MXN,JPY,0.8867780037,ECB,Closing,2022-08-24 15:15:49,adam.gordon030@commerce.example.com
,2022-08-01,SGD,JPY,0.7914201747,Internal FX,Spot,2022-08-01 04:45:49,taylor.cunningham023@commerce.example.com
,2022-08-13,INR,USD,0.4789922764,ECB,Spot,2022-08-13 18:42:07,stephen.daniels076@commerce.example.com
,2022-08-31,INR,AUD,0.7771984542,ECB,Closing,2022-08-31 23:25:29,tina.williams074@commerce.example.com
,2022-08-27,AED,JPY,7.0803077073,Bloomberg,Daily,2022-08-27 19:19:31,joann.clark089@commerce.example.com
,2022-08-14,SGD,MXN,1.1826674175,Internal FX,Daily,2022-08-14 18:59:10,andrew.ellis102@analytics.example.com
,2022-08-14,SGD,EUR,1.0688846897,ECB,Daily,2022-08-14 05:16:56,jeffery.miller012@commerce.example.com
,2022-08-03,MXN,BRL,1.218424665,Bloomberg,Spot,2022-08-03 02:22:34,adam.gordon030@commerce.example.com
,2022-08-02,USD,CAD,1.0427501663,ECB,Spot,2022-08-02 20:54:18,michelle.bender024@analytics.example.com
,2022-08-15,CAD,AUD,1.5275161034,Reuters,Closing,2022-08-15 15:00:16,lisa.kim091@platform.example.com
,2022-08-19,USD,AUD,2.1940319644,Reuters,Daily,2022-08-19 07:01:49,ryan.steele043@commerce.example.com
,2022-08-29,INR,EUR,1.9076734152,ECB,Spot,2022-08-29 10:33:07,yesenia.arnold040@platform.example.com
,2022-08-01,GBP,SGD,0.6682710705,Reuters,Spot,2022-08-01 04:57:15,patrick.gonzalez035@dataops.example.com
,2022-08-29,GBP,SGD,1.3462250386,Reuters,Closing,2022-08-29 01:17:28,victoria.medina044@dataops.example.com
,2022-08-06,CAD,USD,1.1990966941,Internal FX,Closing,2022-08-06 01:36:59,kelsey.taylor010@platform.example.com
,2022-08-26,AUD,INR,0.2684945773,ECB,Closing,2022-08-26 13:57:50,peter.martinez098@platform.example.com
,2022-08-15,CAD,AED,2.3608279377,Bloomberg,Daily,2022-08-15 07:34:33,katelyn.pitts017@commerce.example.com
,2022-08-07,USD,AED,0.3393102384,Internal FX,Closing,2022-08-07 16:20:55,john.mullins109@commerce.example.com
,2022-08-21,AED,CAD,0.9127030311,Bloomberg,Closing,2022-08-21 04:32:49,yesenia.arnold040@platform.example.com
,2022-08-11,JPY,BRL,2.2076554108,ECB,Daily,2022-08-11 22:33:59,victoria.medina044@dataops.example.com
,2022-08-13,AUD,INR,0.5265474162,Internal FX,Spot,2022-08-13 04:31:27,katelyn.pitts017@commerce.example.com
,2022-08-05,CAD,JPY,1.1134050155,Bloomberg,Closing,2022-08-05 15:33:44,tiffany.freeman101@analytics.example.com
,2022-08-01,INR,BRL,1.3756992184,Bloomberg,Daily,2022-08-01 13:18:06,chelsea.patel065@commerce.example.com
,2022-08-22,CAD,AUD,0.2840932336,Internal FX,Spot,2022-08-22 06:23:52,renee.harvey080@dataops.example.com
,2022-08-08,JPY,INR,0.7029224678,ECB,Spot,2022-08-08 11:09:28,michelle.sims041@analytics.example.com
,2022-08-29,SGD,JPY,1.698857319,ECB,Daily,2022-08-29 22:04:41,kevin.mathews014@analytics.example.com
,2022-08-30,BRL,INR,1.195993767,Bloomberg,Daily,2022-08-30 21:25:42,michael.johnson061@platform.example.com
,2022-08-09,AED,USD,1.0533308607,Internal FX,Daily,2022-08-09 05:32:46,katelyn.pitts017@commerce.example.com
,2022-08-10,JPY,USD,7.06249106,Bloomberg,Daily,2022-08-10 08:29:50,alyssa.richards002@commerce.example.com
,2022-08-08,AUD,USD,1.5539089389,Internal FX,Closing,2022-08-08 04:37:12,grace.gonzales099@dataops.example.com
,2022-08-11,MXN,SGD,0.8536385349,Reuters,Spot,2022-08-11 00:11:07,alyssa.richards002@commerce.example.com
,2022-08-30,BRL,CAD,1.1742684866,Internal FX,Daily,2022-08-30 16:24:55,timothy.cannon081@analytics.example.com
,2022-08-15,CAD,EUR,3.306697617,Bloomberg,Spot,2022-08-15 16:20:21,craig.johnson106@analytics.example.com
,2022-08-16,BRL,JPY,1.0372978154,ECB,Daily,2022-08-16 04:40:09,victor.palmer071@platform.example.com
,2022-08-21,AUD,SGD,0.8203276596,Internal FX,Spot,2022-08-21 13:57:18,micheal.hall064@dataops.example.com
,2022-08-19,EUR,GBP,0.857365544,Reuters,Daily,2022-08-19 04:15:19,james.proctor094@dataops.example.com
,2022-08-20,BRL,AED,4.483058446,Internal FX,Daily,2022-08-20 15:01:03,micheal.chen050@dataops.example.com
,2022-08-24,USD,SGD,1.268320635,Reuters,Closing,2022-08-24 04:57:07,jennifer.atkins003@platform.example.com
,2022-08-02,CAD,GBP,1.5110683339,Internal FX,Spot,2022-08-02 04:47:38,anita.garcia021@dataops.example.com
,2022-08-21,GBP,BRL,0.9718528225,ECB,Daily,2022-08-21 13:06:03,timothy.cannon081@analytics.example.com
,2022-08-26,INR,BRL,0.3194662284,ECB,Daily,2022-08-26 00:36:17,timothy.cameron104@commerce.example.com
,2022-08-19,CAD,JPY,0.7891222414,Bloomberg,Closing,2022-08-19 09:45:48,victor.palmer071@platform.example.com
,2022-08-17,CAD,EUR,1.5501926569,Reuters,Closing,2022-08-17 20:56:24,joseph.johnson049@dataops.example.com
,2022-08-22,SGD,BRL,4.0497551954,Bloomberg,Spot,2022-08-22 06:15:56,micheal.hall064@dataops.example.com
,2022-08-04,AED,GBP,1.2010824265,Bloomberg,Daily,2022-08-04 14:11:44,joseph.johnson049@dataops.example.com
,2022-08-21,BRL,EUR,1.8058744685,ECB,Closing,2022-08-21 01:58:45,brandon.yu006@analytics.example.com
,2022-08-13,AED,BRL,0.3719302734,ECB,Closing,2022-08-13 06:56:35,joseph.johnson049@dataops.example.com
,2022-08-10,JPY,GBP,1.3822784587,ECB,Daily,2022-08-10 10:10:46,david.cabrera119@dataops.example.com
,2022-08-13,SGD,CAD,0.5945513343,Internal FX,Daily,2022-08-13 11:11:53,jennifer.bauer068@analytics.example.com
,2022-08-14,SGD,JPY,0.4853090762,Bloomberg,Closing,2022-08-14 20:43:34,yesenia.arnold040@platform.example.com
,2022-08-18,CAD,USD,2.1970085627,Internal FX,Spot,2022-08-18 13:24:13,stephen.clark001@analytics.example.com
,2022-08-26,MXN,JPY,0.4048799075,Reuters,Daily,2022-08-26 10:47:19,brian.taylor114@analytics.example.com
,2022-08-02,BRL,AED,0.9685675951,Bloomberg,Spot,2022-08-02 19:26:58,stephen.daniels076@commerce.example.com
,2022-08-18,USD,MXN,0.6328350885,Reuters,Daily,2022-08-18 13:03:18,brandon.yu006@analytics.example.com
,2022-08-08,AUD,CAD,4.0400942963,Reuters,Closing,2022-08-08 12:04:55,brandon.yu006@analytics.example.com
,2022-08-15,JPY,AED,0.2934852703,ECB,Closing,2022-08-15 07:38:39,timothy.cannon081@analytics.example.com
,2022-08-06,INR,MXN,0.4875137104,Internal FX,Spot,2022-08-06 04:43:53,peter.martinez098@platform.example.com
,2022-08-03,AED,USD,2.1565148373,ECB,Closing,2022-08-03 19:10:52,shawn.baxter004@dataops.example.com
,2022-08-11,MXN,JPY,0.9202951025,Reuters,Spot,2022-08-11 20:13:16,amy.holmes103@dataops.example.com
,2022-08-14,USD,EUR,1.9556935952,ECB,Daily,2022-08-14 06:52:19,sandra.hunter036@platform.example.com
,2022-08-15,CAD,AED,1.8708990615,Internal FX,Spot,2022-08-15 12:28:45,brandi.carter038@dataops.example.com
,2022-08-02,EUR,SGD,0.8150248182,Bloomberg,Spot,2022-08-02 18:49:46,maria.ashley046@analytics.example.com
,2022-08-22,USD,MXN,2.450622119,Internal FX,Daily,2022-08-22 13:19:24,timothy.cameron104@commerce.example.com
,2022-08-11,EUR,MXN,4.4889723633,ECB,Daily,2022-08-11 02:53:57,joseph.johnson049@dataops.example.com
,2022-08-31,AUD,SGD,0.324076453,Bloomberg,Spot,2022-08-31 15:38:49,joseph.johnson049@dataops.example.com
,2022-08-10,EUR,SGD,3.2061835173,ECB,Spot,2022-08-10 07:39:37,adam.gordon030@commerce.example.com
,2022-08-18,GBP,SGD,0.7658148449,Reuters,Spot,2022-08-18 01:15:13,eric.mullen052@dataops.example.com
,2022-08-17,JPY,GBP,3.1888710106,ECB,Spot,2022-08-17 19:48:52,james.proctor094@dataops.example.com
,2022-08-31,SGD,EUR,0.7481959739,Reuters,Daily,2022-08-31 18:33:01,kristen.bailey110@analytics.example.com
,2022-08-01,EUR,USD,1.7300482602,Bloomberg,Closing,2022-08-01 11:05:35,kevin.mathews014@analytics.example.com
,2022-08-03,MXN,JPY,0.7180062756,ECB,Daily,2022-08-03 14:48:40,eric.mullen052@dataops.example.com
,2022-08-24,EUR,JPY,1.8830832437,Internal FX,Spot,2022-08-24 01:43:02,amy.holmes103@dataops.example.com
,2022-08-19,AUD,BRL,1.1499033506,ECB,Daily,2022-08-19 12:27:44,maria.ashley046@analytics.example.com
,2022-08-17,CAD,BRL,4.79635365,Reuters,Spot,2022-08-17 18:21:58,taylor.cunningham023@commerce.example.com
,2022-08-01,CAD,SGD,0.5992820147,Bloomberg,Daily,2022-08-01 21:48:56,yesenia.arnold040@platform.example.com
,2022-08-19,SGD,INR,1.3129402241,Bloomberg,Daily,2022-08-19 00:06:29,adam.gordon030@commerce.example.com
,2022-08-10,JPY,SGD,1.730287091,Reuters,Daily,2022-08-10 09:02:02,amy.holmes103@dataops.example.com
,2022-08-27,JPY,AUD,0.7871163199,Internal FX,Closing,2022-08-27 23:38:26,kevin.mathews014@analytics.example.com
,2022-08-31,CAD,AUD,0.878724432,ECB,Spot,2022-08-31 22:14:31,adam.gordon030@commerce.example.com
,2022-08-12,USD,INR,0.436759403,ECB,Closing,2022-08-12 17:46:13,micheal.chen050@dataops.example.com
,2022-08-06,JPY,GBP,0.8301376974,Internal FX,Daily,2022-08-06 22:01:11,anita.garcia021@dataops.example.com
,2022-08-27,USD,BRL,3.716595655,Bloomberg,Spot,2022-08-27 15:48:30,jennifer.hudson020@analytics.example.com
,2022-08-20,INR,USD,0.5154828609,Bloomberg,Closing,2022-08-20 04:52:32,john.mullins109@commerce.example.com
,2022-08-22,USD,INR,0.8409749823,Reuters,Spot,2022-08-22 16:02:42,timothy.cannon081@analytics.example.com
,2022-08-22,SGD,BRL,1.7519605673,ECB,Spot,2022-08-22 16:49:07,lisa.kim091@platform.example.com
,2022-08-02,BRL,CAD,0.5971509747,ECB,Spot,2022-08-02 02:28:55,sylvia.diaz107@dataops.example.com
,2022-08-10,INR,GBP,2.6070148105,Reuters,Spot,2022-08-10 18:35:23,lance.williams029@platform.example.com
,2022-08-26,BRL,MXN,0.7815127701,Internal FX,Spot,2022-08-26 08:01:24,jennifer.bauer068@analytics.example.com
,2022-08-25,EUR,CAD,1.2629686104,Internal FX,Spot,2022-08-25 03:56:37,micheal.chen050@dataops.example.com
,2022-08-23,INR,SGD,0.2364103007,ECB,Spot,2022-08-23 11:57:44,patrick.gonzalez035@dataops.example.com
,2022-08-26,GBP,BRL,1.2397821137,Bloomberg,Spot,2022-08-26 08:25:30,anita.garcia021@dataops.example.com
,2022-08-22,MXN,AUD,2.9488912409,Bloomberg,Daily,2022-08-22 19:03:21,eric.horton058@analytics.example.com
,2022-08-29,BRL,AED,1.2564037905,Bloomberg,Spot,2022-08-29 15:11:40,patrick.gonzalez035@dataops.example.com
,2022-08-04,USD,AUD,0.6551360095,Internal FX,Closing,2022-08-04 22:39:41,tina.williams074@commerce.example.com
,2022-08-26,AED,AUD,0.7761374019,Bloomberg,Closing,2022-08-26 10:15:27,yolanda.vasquez005@platform.example.com
,2022-08-28,MXN,AUD,0.599643991,Internal FX,Closing,2022-08-28 20:23:43,jennifer.hudson020@analytics.example.com
,2022-08-26,INR,USD,0.8584504048,ECB,Closing,2022-08-26 21:12:27,grace.gonzales099@dataops.example.com
,2022-08-04,JPY,SGD,2.1449906215,ECB,Spot,2022-08-04 11:46:49,victor.palmer071@platform.example.com
,2022-08-24,AUD,CAD,0.9492241362,Internal FX,Daily,2022-08-24 07:13:48,david.cabrera119@dataops.example.com
,2022-08-24,GBP,JPY,2.715302874,Bloomberg,Closing,2022-08-24 01:50:05,shawn.baxter004@dataops.example.com
,2022-08-18,EUR,JPY,1.8783780272,Internal FX,Daily,2022-08-18 22:57:25,stephen.daniels076@commerce.example.com
,2022-08-07,INR,USD,1.2899041102,Bloomberg,Closing,2022-08-07 23:30:18,brian.taylor114@analytics.example.com
,2022-08-31,BRL,CAD,0.4577615473,Internal FX,Closing,2022-08-31 00:28:36,renee.harvey080@dataops.example.com
,2022-08-30,MXN,SGD,3.2137091576,Bloomberg,Daily,2022-08-30 03:59:11,tiffany.freeman101@analytics.example.com
,2022-08-13,GBP,JPY,1.4586817513,Reuters,Closing,2022-08-13 15:29:10,eric.mullen052@dataops.example.com
,2022-08-02,JPY,AED,1.7677097506,Bloomberg,Daily,2022-08-02 15:31:36,victoria.medina044@dataops.example.com
,2022-08-25,MXN,SGD,0.7149430181,Internal FX,Daily,2022-08-25 20:47:51,stephen.clark001@analytics.example.com
,2022-08-15,CAD,MXN,1.3667742771,Bloomberg,Closing,2022-08-15 10:20:13,christine.johnson056@commerce.example.com
,2022-08-09,GBP,USD,0.2269938348,Bloomberg,Daily,2022-08-09 14:53:56,jennifer.hudson020@analytics.example.com
,2022-08-05,GBP,JPY,0.4856210839,Internal FX,Daily,2022-08-05 08:10:13,brandon.yu006@analytics.example.com
,2022-08-31,JPY,EUR,0.9950249125,Bloomberg,Spot,2022-08-31 14:31:33,david.cabrera119@dataops.example.com
,2022-08-19,INR,AUD,1.795761902,Bloomberg,Closing,2022-08-19 11:06:05,christine.johnson056@commerce.example.com
,2022-08-01,GBP,CAD,3.3227145742,Reuters,Closing,2022-08-01 13:51:09,darren.anderson025@dataops.example.com
,2022-08-26,EUR,GBP,0.7116544807,Internal FX,Closing,2022-08-26 20:08:13,sandra.hunter036@platform.example.com
,2022-08-26,USD,JPY,0.3347778949,Bloomberg,Closing,2022-08-26 12:54:00,jason.franklin045@dataops.example.com
,2022-08-27,BRL,CAD,0.2932572679,Reuters,Closing,2022-08-27 19:34:57,tina.williams074@commerce.example.com
,2022-08-29,AUD,INR,0.668495564,Internal FX,Spot,2022-08-29 08:05:13,sylvia.diaz107@dataops.example.com
,2022-08-06,JPY,MXN,0.6407328696,Reuters,Closing,2022-08-06 22:21:12,christine.carter078@commerce.example.com
,2022-08-05,INR,MXN,0.4044184479,ECB,Closing,2022-08-05 13:00:41,brandon.yu006@analytics.example.com
,2022-08-11,AUD,GBP,1.349249369,ECB,Daily,2022-08-11 07:05:17,andrea.cummings039@platform.example.com
,2022-08-16,GBP,INR,2.6029687387,ECB,Daily,2022-08-16 05:57:09,brandi.carter038@dataops.example.com
,2022-08-23,AUD,BRL,1.3387900125,Internal FX,Spot,2022-08-23 14:25:02,yolanda.vasquez005@platform.example.com
,2022-08-04,SGD,JPY,1.0844023523,Internal FX,Spot,2022-08-04 07:12:19,yolanda.vasquez005@platform.example.com
,2022-08-16,USD,BRL,2.4920479588,Reuters,Closing,2022-08-16 14:12:37,eric.mullen052@dataops.example.com
,2022-08-06,AUD,BRL,0.7912399988,ECB,Daily,2022-08-06 12:02:40,brian.taylor114@analytics.example.com
,2022-08-28,CAD,INR,1.3724159005,Bloomberg,Daily,2022-08-28 19:13:28,michael.johnson061@platform.example.com
,2022-08-05,JPY,AUD,0.9803411718,Reuters,Daily,2022-08-05 14:34:31,joseph.johnson049@dataops.example.com
,2022-08-27,AED,SGD,0.3103419114,Reuters,Daily,2022-08-27 03:58:42,michael.berger060@platform.example.com
,2022-08-31,MXN,INR,0.2897570982,Reuters,Spot,2022-08-31 06:49:20,alyssa.richards002@commerce.example.com
,2022-08-18,USD,MXN,1.4715966757,Reuters,Spot,2022-08-18 05:13:00,christine.carter078@commerce.example.com
,2022-08-29,SGD,EUR,3.3848153088,Reuters,Closing,2022-08-29 19:24:58,sylvia.diaz107@dataops.example.com
,2022-08-23,MXN,SGD,0.5458809569,Internal FX,Spot,2022-08-23 03:41:05,michael.berger060@platform.example.com
,2022-08-06,AUD,JPY,0.5398113143,Bloomberg,Closing,2022-08-06 01:37:06,john.mullins109@commerce.example.com
,2022-08-05,GBP,USD,1.3526207653,Reuters,Daily,2022-08-05 10:28:17,ashley.marks069@commerce.example.com
,2022-08-05,EUR,SGD,0.9183672975,Bloomberg,Spot,2022-08-05 13:50:03,jeffery.miller012@commerce.example.com
,2022-08-05,SGD,GBP,0.8975777107,Reuters,Spot,2022-08-05 22:46:51,jeffery.miller012@commerce.example.com
,2022-08-16,AUD,CAD,1.1279511447,Internal FX,Closing,2022-08-16 03:18:37,christine.johnson056@commerce.example.com
,2022-08-16,INR,SGD,1.3984457241,Bloomberg,Daily,2022-08-16 18:12:00,taylor.cunningham023@commerce.example.com
,2022-08-11,INR,AUD,1.1932594218,Reuters,Daily,2022-08-11 18:50:43,troy.boone097@platform.example.com
,2022-08-22,USD,INR,0.3970858997,Internal FX,Daily,2022-08-22 11:53:07,sylvia.diaz107@dataops.example.com
,2022-08-30,JPY,AUD,2.9122959514,ECB,Closing,2022-08-30 12:21:04,timothy.cameron104@commerce.example.com
,2022-08-14,AUD,INR,2.3696923137,Bloomberg,Spot,2022-08-14 16:01:34,taylor.cunningham023@commerce.example.com
,2022-08-05,CAD,AED,0.7919655196,Bloomberg,Spot,2022-08-05 23:58:15,yesenia.arnold040@platform.example.com
,2022-08-29,USD,GBP,1.1142495237,Reuters,Closing,2022-08-29 07:17:43,michael.johnson061@platform.example.com
,2022-08-07,MXN,SGD,0.7019539027,Internal FX,Spot,2022-08-07 18:15:44,kevin.mathews014@analytics.example.com
,2022-08-14,MXN,GBP,1.4150150134,ECB,Daily,2022-08-14 03:35:38,tina.williams074@commerce.example.com
,2022-08-07,GBP,AED,0.2829485343,Reuters,Spot,2022-08-07 13:02:51,tiffany.freeman101@analytics.example.com
,2022-08-25,EUR,MXN,0.8494059443,Bloomberg,Daily,2022-08-25 16:38:09,micheal.chen050@dataops.example.com
,2022-08-26,BRL,INR,0.6891014639,Bloomberg,Closing,2022-08-26 04:07:24,peter.martinez098@platform.example.com
,2022-08-27,GBP,CAD,1.3035419787,Bloomberg,Spot,2022-08-27 08:16:28,brandon.yu006@analytics.example.com
,2022-08-29,BRL,MXN,1.1368466662,Bloomberg,Closing,2022-08-29 13:29:14,tina.williams074@commerce.example.com
,2022-08-10,MXN,AED,0.6124260085,ECB,Closing,2022-08-10 05:50:57,timothy.cannon081@analytics.example.com
,2022-08-21,AUD,BRL,1.5232822732,Internal FX,Closing,2022-08-21 01:16:25,eric.mullen052@dataops.example.com
,2022-08-04,MXN,JPY,1.0674307418,Internal FX,Daily,2022-08-04 18:20:55,eric.horton058@analytics.example.com
,2022-08-13,CAD,BRL,0.7607702556,Bloomberg,Spot,2022-08-13 16:16:02,micheal.chen050@dataops.example.com
,2022-08-02,MXN,AUD,1.1229860189,Internal FX,Spot,2022-08-02 07:30:53,john.mullins109@commerce.example.com
,2022-08-21,SGD,CAD,0.587674655,Bloomberg,Daily,2022-08-21 00:52:43,lance.williams029@platform.example.com
,2022-08-08,INR,EUR,1.2851522231,Bloomberg,Spot,2022-08-08 08:48:26,yolanda.vasquez005@platform.example.com
,2022-08-17,MXN,EUR,2.8669890667,ECB,Spot,2022-08-17 01:22:11,eric.mullen052@dataops.example.com
,2022-08-12,AED,EUR,1.8859088581,ECB,Daily,2022-08-12 07:26:13,eric.horton058@analytics.example.com
,2022-08-24,AED,MXN,0.748885048,ECB,Daily,2022-08-24 12:47:39,tina.williams074@commerce.example.com
,2022-08-05,GBP,JPY,1.4211290526,Bloomberg,Daily,2022-08-05 13:12:42,micheal.chen050@dataops.example.com
,2022-08-05,MXN,USD,0.9701602716,ECB,Spot,2022-08-05 18:08:37,yesenia.arnold040@platform.example.com
,2022-08-12,USD,AUD,1.5222561684,Reuters,Daily,2022-08-12 15:44:49,susan.rice083@commerce.example.com
,2022-08-02,AED,CAD,0.5827374495,ECB,Closing,2022-08-02 00:54:08,amy.holmes103@dataops.example.com
,2022-08-08,GBP,INR,0.6622417424,Internal FX,Daily,2022-08-08 06:23:42,darren.anderson025@dataops.example.com
,2022-08-14,GBP,MXN,0.5214953481,Bloomberg,Daily,2022-08-14 13:14:09,andrea.cummings039@platform.example.com
,2022-08-16,GBP,USD,1.8711973918,Bloomberg,Closing,2022-08-16 07:17:43,sandra.hunter036@platform.example.com
,2022-08-08,EUR,JPY,1.8727730596,Bloomberg,Spot,2022-08-08 03:07:06,timothy.cameron104@commerce.example.com
,2022-08-27,INR,AUD,1.4974668786,Internal FX,Daily,2022-08-27 16:58:21,kelsey.taylor010@platform.example.com
,2022-08-10,MXN,CAD,1.6767094792,ECB,Daily,2022-08-10 07:14:00,christine.johnson056@commerce.example.com
,2022-08-23,AUD,MXN,1.3706950783,ECB,Spot,2022-08-23 20:09:23,chelsea.patel065@commerce.example.com
,2022-08-08,INR,EUR,1.3988991985,ECB,Spot,2022-08-08 14:35:03,eric.horton058@analytics.example.com
,2022-08-10,JPY,INR,0.5205113542,Bloomberg,Daily,2022-08-10 23:58:14,yesenia.arnold040@platform.example.com
,2022-08-29,BRL,CAD,1.5851707329,Reuters,Daily,2022-08-29 03:35:00,jason.franklin045@dataops.example.com
,2022-08-15,BRL,CAD,1.3458092695,Internal FX,Spot,2022-08-15 23:08:07,amy.holmes103@dataops.example.com
,2022-08-09,AUD,MXN,1.6552789,Internal FX,Closing,2022-08-09 03:47:38,sylvia.diaz107@dataops.example.com
,2022-08-30,MXN,JPY,1.3283177594,Bloomberg,Spot,2022-08-30 00:00:02,kelsey.taylor010@platform.example.com
,2022-08-08,INR,SGD,1.4070711296,ECB,Daily,2022-08-08 16:23:55,timothy.cannon081@analytics.example.com
,2022-08-08,MXN,USD,1.1555863924,Bloomberg,Daily,2022-08-08 12:09:24,timothy.cannon081@analytics.example.com
,2022-08-20,CAD,SGD,1.5903275101,Reuters,Closing,2022-08-20 01:10:56,joann.clark089@commerce.example.com
,2022-08-17,CAD,USD,1.6616466825,ECB,Spot,2022-08-17 00:15:31,victoria.medina044@dataops.example.com
,2022-08-31,AED,USD,1.480465809,ECB,Spot,2022-08-31 18:15:04,kevin.mathews014@analytics.example.com
,2022-08-24,SGD,AUD,0.5890334221,ECB,Daily,2022-08-24 12:25:14,sylvia.diaz107@dataops.example.com
,2022-08-21,BRL,CAD,0.6001284063,Internal FX,Spot,2022-08-21 03:42:42,jennifer.atkins003@platform.example.com
,2022-08-05,JPY,CAD,1.8706955167,Internal FX,Closing,2022-08-05 05:40:22,kelsey.taylor010@platform.example.com
,2022-08-14,GBP,SGD,1.0111528605,ECB,Spot,2022-08-14 04:48:59,brandon.yu006@analytics.example.com
,2022-08-16,CAD,AUD,1.3481245595,Bloomberg,Spot,2022-08-16 19:10:31,peter.martinez098@platform.example.com
,2022-08-10,CAD,MXN,0.8581357612,Bloomberg,Closing,2022-08-10 02:43:15,timothy.cameron104@commerce.example.com
,2022-08-25,JPY,MXN,1.5924717676,Internal FX,Daily,2022-08-25 15:04:54,kevin.mathews014@analytics.example.com
,2022-08-05,SGD,USD,0.3048171365,Internal FX,Daily,2022-08-05 08:40:48,craig.johnson106@analytics.example.com
,2022-08-22,SGD,JPY,0.3162445506,Reuters,Closing,2022-08-22 16:01:56,kelsey.taylor010@platform.example.com
,2022-08-30,EUR,SGD,4.7029809361,Reuters,Closing,2022-08-30 19:01:05,adam.gordon030@commerce.example.com
,2022-08-10,EUR,GBP,1.7185928201,Bloomberg,Closing,2022-08-10 11:33:36,lisa.kim091@platform.example.com
,2022-08-16,AUD,JPY,1.4845108205,Reuters,Closing,2022-08-16 21:39:37,michael.berger060@platform.example.com
,2022-08-09,BRL,EUR,1.8354496104,Internal FX,Daily,2022-08-09 05:08:45,kelsey.taylor010@platform.example.com
,2022-08-29,INR,MXN,0.5426560271,Internal FX,Spot,2022-08-29 12:54:44,victoria.medina044@dataops.example.com
,2022-08-06,MXN,GBP,0.9456766002,Internal FX,Daily,2022-08-06 03:34:39,shawn.baxter004@dataops.example.com
,2022-08-26,INR,USD,2.2709183418,Reuters,Spot,2022-08-26 19:22:24,peter.martinez098@platform.example.com
,2022-08-05,CAD,AUD,3.7042633955,Reuters,Daily,2022-08-05 02:36:07,maria.ashley046@analytics.example.com
,2022-08-23,AED,SGD,1.4556140466,Reuters,Spot,2022-08-23 21:18:18,brian.taylor114@analytics.example.com
,2022-08-07,MXN,JPY,0.8827671156,Reuters,Daily,2022-08-07 00:52:53,anita.garcia021@dataops.example.com
,2022-08-16,AED,BRL,1.2604536156,Internal FX,Spot,2022-08-16 11:13:17,stephen.clark001@analytics.example.com
,2022-08-18,EUR,AUD,1.7600955183,Reuters,Spot,2022-08-18 03:48:11,tiffany.freeman101@analytics.example.com
,2022-08-03,JPY,BRL,1.2692055492,Internal FX,Spot,2022-08-03 00:35:30,jennifer.atkins003@platform.example.com
,2022-08-09,BRL,MXN,0.9686510862,Bloomberg,Daily,2022-08-09 15:44:40,renee.harvey080@dataops.example.com
,2022-08-05,EUR,USD,3.2128517864,Bloomberg,Spot,2022-08-05 16:27:41,brandon.yu006@analytics.example.com
,2022-08-06,BRL,AED,1.5234756164,Bloomberg,Closing,2022-08-06 20:35:12,lance.williams029@platform.example.com
,2022-08-31,AUD,GBP,0.9581782591,Bloomberg,Daily,2022-08-31 09:12:06,ryan.steele043@commerce.example.com
,2022-08-06,JPY,MXN,1.3317127474,Internal FX,Closing,2022-08-06 02:14:06,jimmy.washington028@commerce.example.com
,2022-08-17,MXN,EUR,0.612705773,ECB,Daily,2022-08-17 09:01:50,sylvia.diaz107@dataops.example.com
,2022-08-28,AUD,AED,0.6317001228,Reuters,Daily,2022-08-28 12:19:54,megan.cunningham013@commerce.example.com
,2022-08-29,SGD,CAD,0.4183000201,Reuters,Spot,2022-08-29 08:31:50,eric.mullen052@dataops.example.com
,2022-08-12,CAD,MXN,0.7179149642,Reuters,Spot,2022-08-12 06:35:30,jason.franklin045@dataops.example.com
,2022-08-10,GBP,CAD,0.8271344161,ECB,Spot,2022-08-10 01:49:31,micheal.chen050@dataops.example.com
,2022-08-19,JPY,AED,1.1996271413,Reuters,Spot,2022-08-19 03:10:31,brandon.yu006@analytics.example.com
,2022-08-24,CAD,BRL,1.6771144757,Reuters,Spot,2022-08-24 10:13:52,eric.horton058@analytics.example.com
,2022-08-15,JPY,SGD,1.5575497229,Bloomberg,Closing,2022-08-15 06:50:05,ashley.marks069@commerce.example.com
,2022-08-30,INR,MXN,0.8570871661,Internal FX,Daily,2022-08-30 22:54:22,katelyn.pitts017@commerce.example.com
,2022-08-22,JPY,EUR,0.9730962967,Bloomberg,Spot,2022-08-22 07:24:21,katelyn.pitts017@commerce.example.com
,2022-08-02,JPY,CAD,0.9265133251,ECB,Spot,2022-08-02 02:26:01,christine.carter078@commerce.example.com
,2022-08-13,JPY,CAD,1.1996373649,Reuters,Closing,2022-08-13 06:05:30,david.cabrera119@dataops.example.com
,2022-08-09,SGD,EUR,1.2942520619,Reuters,Spot,2022-08-09 17:24:20,micheal.hall064@dataops.example.com
,2022-08-03,AUD,CAD,1.6762401553,Reuters,Spot,2022-08-03 11:15:22,susan.rice083@commerce.example.com
,2022-08-16,MXN,USD,0.6506349458,Internal FX,Daily,2022-08-16 02:08:56,victoria.medina044@dataops.example.com
,2022-08-02,SGD,MXN,0.5061736965,ECB,Closing,2022-08-02 05:19:57,jennifer.bauer068@analytics.example.com
,2022-08-14,AED,USD,0.3950623211,Bloomberg,Closing,2022-08-14 00:01:30,ashley.marks069@commerce.example.com
,2022-08-16,AUD,JPY,1.346127829,Reuters,Spot,2022-08-16 13:39:08,john.mullins109@commerce.example.com
,2022-08-22,INR,EUR,0.6941776479,ECB,Spot,2022-08-22 18:30:24,micheal.hall064@dataops.example.com
,2022-08-16,BRL,AED,1.6730401876,Bloomberg,Closing,2022-08-16 00:50:43,amy.holmes103@dataops.example.com
,2022-08-27,CAD,USD,1.3948609026,ECB,Spot,2022-08-27 05:51:53,patrick.gonzalez035@dataops.example.com
,2022-08-20,MXN,AUD,2.4686790399,ECB,Daily,2022-08-20 23:26:14,jason.franklin045@dataops.example.com
,2022-08-27,SGD,BRL,1.2816527873,ECB,Daily,2022-08-27 23:54:56,michael.berger060@platform.example.com
,2022-08-31,JPY,CAD,0.7151059151,ECB,Closing,2022-08-31 07:51:28,joann.clark089@commerce.example.com
,2022-08-01,USD,AUD,0.8102570414,Reuters,Spot,2022-08-01 13:54:30,eric.horton058@analytics.example.com
,2022-08-22,SGD,JPY,1.1476956337,Reuters,Closing,2022-08-22 03:22:18,craig.johnson106@analytics.example.com
,2022-08-12,GBP,JPY,0.9745302474,Internal FX,Daily,2022-08-12 12:10:22,jason.franklin045@dataops.example.com
,2022-08-03,MXN,USD,0.165385464,Bloomberg,Spot,2022-08-03 12:11:53,katelyn.pitts017@commerce.example.com
,2022-08-01,AUD,GBP,0.2408811366,Bloomberg,Daily,2022-08-01 00:28:23,jeffery.miller012@commerce.example.com
,2022-08-11,MXN,USD,1.6737870059,Internal FX,Daily,2022-08-11 08:30:20,patrick.gonzalez035@dataops.example.com
,2022-08-02,EUR,INR,0.8776920796,Internal FX,Daily,2022-08-02 08:16:29,katelyn.pitts017@commerce.example.com
,2022-08-21,AUD,GBP,0.7736550953,Reuters,Closing,2022-08-21 02:00:34,micheal.chen050@dataops.example.com
,2022-08-04,BRL,AED,1.3944504071,ECB,Daily,2022-08-04 15:51:22,brandon.yu006@analytics.example.com
,2022-08-11,GBP,AUD,0.9646320481,Internal FX,Daily,2022-08-11 14:59:58,michael.johnson061@platform.example.com
,2022-08-10,CAD,MXN,0.7614407769,Reuters,Closing,2022-08-10 15:00:02,micheal.chen050@dataops.example.com
,2022-08-28,AED,AUD,0.5519000222,Bloomberg,Daily,2022-08-28 17:07:10,amy.holmes103@dataops.example.com
,2022-08-28,EUR,JPY,2.0335045345,Reuters,Daily,2022-08-28 13:42:16,victor.palmer071@platform.example.com
,2022-08-06,SGD,GBP,2.1188543411,Bloomberg,Spot,2022-08-06 23:49:03,megan.cunningham013@commerce.example.com
,2022-08-28,CAD,SGD,2.7565289787,ECB,Closing,2022-08-28 18:54:48,victor.palmer071@platform.example.com
,2022-08-23,BRL,EUR,0.5155098829,Bloomberg,Spot,2022-08-23 20:50:39,yesenia.arnold040@platform.example.com
,2022-08-10,INR,JPY,1.6724953921,Bloomberg,Spot,2022-08-10 21:25:26,yolanda.vasquez005@platform.example.com
,2022-08-02,USD,BRL,1.9491856445,Reuters,Spot,2022-08-02 23:34:52,micheal.chen050@dataops.example.com
,2022-08-01,EUR,SGD,1.9230250503,Internal FX,Closing,2022-08-01 16:33:21,kevin.mathews014@analytics.example.com
,2022-08-02,JPY,AED,1.2350621377,Reuters,Spot,2022-08-02 23:26:50,brian.taylor114@analytics.example.com
,2022-08-13,GBP,BRL,0.6449176106,Reuters,Daily,2022-08-13 08:14:01,micheal.hall064@dataops.example.com
,2022-08-27,GBP,BRL,1.7524711125,ECB,Spot,2022-08-27 14:01:55,taylor.cunningham023@commerce.example.com
,2022-08-15,USD,CAD,0.219889411,Internal FX,Spot,2022-08-15 03:18:15,amy.holmes103@dataops.example.com
,2022-08-18,USD,MXN,0.5291188078,Internal FX,Closing,2022-08-18 11:20:57,yolanda.vasquez005@platform.example.com
,2022-08-18,INR,JPY,0.6210600586,Internal FX,Closing,2022-08-18 01:20:42,jimmy.washington028@commerce.example.com
,2022-08-31,INR,AED,0.5428915609,ECB,Spot,2022-08-31 09:24:31,lance.williams029@platform.example.com
,2022-08-05,GBP,BRL,0.4422541358,Internal FX,Daily,2022-08-05 03:53:47,megan.cunningham013@commerce.example.com
,2022-08-14,USD,BRL,1.2843761015,Bloomberg,Daily,2022-08-14 00:44:49,yesenia.arnold040@platform.example.com
,2022-08-07,CAD,SGD,0.8658215979,Bloomberg,Spot,2022-08-07 19:59:45,michelle.sims041@analytics.example.com
,2022-08-31,USD,EUR,0.7645530189,ECB,Daily,2022-08-31 01:52:17,kristen.bailey110@analytics.example.com
,2022-08-11,GBP,CAD,1.0190157554,Internal FX,Closing,2022-08-11 10:47:31,yolanda.vasquez005@platform.example.com
,2022-08-21,GBP,BRL,2.6547465741,Bloomberg,Closing,2022-08-21 09:28:15,sandra.hunter036@platform.example.com
,2022-08-29,EUR,CAD,0.3655068968,ECB,Daily,2022-08-29 05:28:17,sylvia.diaz107@dataops.example.com
,2022-08-26,AUD,JPY,0.8951619081,ECB,Spot,2022-08-26 01:19:46,michelle.sims041@analytics.example.com
,2022-08-03,JPY,AED,0.3615773172,Internal FX,Daily,2022-08-03 02:26:14,micheal.chen050@dataops.example.com
,2022-08-25,SGD,AED,0.2083046029,Internal FX,Daily,2022-08-25 20:14:04,stephen.daniels076@commerce.example.com
,2022-08-11,AED,MXN,1.8704559226,Internal FX,Spot,2022-08-11 08:03:30,eric.mullen052@dataops.example.com
,2022-08-28,SGD,BRL,2.0331281023,Internal FX,Closing,2022-08-28 05:49:27,micheal.chen050@dataops.example.com
,2022-08-24,SGD,MXN,1.3755351966,Reuters,Daily,2022-08-24 19:24:50,david.cabrera119@dataops.example.com
,2022-08-11,INR,JPY,1.0142016167,Bloomberg,Daily,2022-08-11 23:46:46,jimmy.washington028@commerce.example.com
,2022-08-12,SGD,AUD,1.8542181949,Reuters,Spot,2022-08-12 11:18:42,michelle.sims041@analytics.example.com
,2022-08-29,CAD,EUR,1.1101413199,Internal FX,Spot,2022-08-29 08:30:08,jason.franklin045@dataops.example.com
,2022-08-19,USD,BRL,1.6949499013,ECB,Closing,2022-08-19 09:52:31,yolanda.vasquez005@platform.example.com
,2022-08-13,INR,SGD,0.7497251002,ECB,Spot,2022-08-13 07:48:20,micheal.hall064@dataops.example.com
,2022-08-09,MXN,SGD,1.3713764419,ECB,Closing,2022-08-09 16:39:51,stephen.clark001@analytics.example.com
,2022-08-24,AED,JPY,2.1733070084,ECB,Daily,2022-08-24 19:58:52,amy.holmes103@dataops.example.com
,2022-08-17,USD,SGD,1.1514319723,Internal FX,Daily,2022-08-17 17:02:22,jason.franklin045@dataops.example.com
,2022-08-29,SGD,INR,0.7413979311,ECB,Closing,2022-08-29 08:44:34,timothy.cameron104@commerce.example.com
,2022-08-02,SGD,BRL,2.1032740563,Reuters,Closing,2022-08-02 18:37:21,john.mullins109@commerce.example.com
,2022-08-02,AUD,JPY,1.8282356204,Bloomberg,Closing,2022-08-02 21:45:26,andrew.ellis102@analytics.example.com
,2022-08-22,SGD,BRL,0.5035448171,Bloomberg,Daily,2022-08-22 09:22:38,maria.ashley046@analytics.example.com
,2022-08-13,INR,JPY,0.3868938287,ECB,Daily,2022-08-13 20:57:32,timothy.cannon081@analytics.example.com
,2022-08-31,GBP,MXN,8.0907617975,Reuters,Daily,2022-08-31 17:28:53,eric.mullen052@dataops.example.com
,2022-08-17,AED,BRL,0.5899056809,Internal FX,Closing,2022-08-17 05:38:41,patrick.gonzalez035@dataops.example.com
,2022-08-03,USD,CAD,2.5252614521,Internal FX,Closing,2022-08-03 02:25:56,christine.johnson056@commerce.example.com
,2022-08-21,USD,AUD,2.9236177622,ECB,Spot,2022-08-21 11:53:19,troy.boone097@platform.example.com
,2022-08-05,AUD,BRL,1.5837967993,Internal FX,Daily,2022-08-05 14:17:11,joseph.johnson049@dataops.example.com
,2022-08-08,MXN,GBP,0.6083779709,Reuters,Spot,2022-08-08 04:23:49,jennifer.bauer068@analytics.example.com
,2022-08-08,EUR,AED,0.5302741658,Bloomberg,Closing,2022-08-08 01:26:45,kelsey.taylor010@platform.example.com
,2022-08-08,MXN,INR,0.7787029117,Internal FX,Spot,2022-08-08 21:10:02,christine.johnson056@commerce.example.com
,2022-08-24,JPY,CAD,1.4869486752,Internal FX,Closing,2022-08-24 00:15:15,joann.clark089@commerce.example.com
,2022-08-06,CAD,USD,1.1330387653,Internal FX,Closing,2022-08-06 22:40:43,patrick.gonzalez035@dataops.example.com
,2022-08-17,CAD,JPY,0.6860925297,Internal FX,Daily,2022-08-17 17:25:26,taylor.cunningham023@commerce.example.com
,2022-08-25,SGD,AED,1.6296071919,Reuters,Daily,2022-08-25 03:00:23,christine.carter078@commerce.example.com
,2022-08-08,USD,CAD,0.4577627138,Bloomberg,Closing,2022-08-08 07:30:57,darren.anderson025@dataops.example.com
,2022-08-12,AED,GBP,0.6641328423,Bloomberg,Spot,2022-08-12 17:00:08,jennifer.bauer068@analytics.example.com
,2022-08-16,MXN,GBP,0.427014242,Reuters,Spot,2022-08-16 19:14:25,stephen.daniels076@commerce.example.com
,2022-08-26,GBP,MXN,1.250033437,Internal FX,Closing,2022-08-26 01:37:33,victor.palmer071@platform.example.com
,2022-08-09,MXN,SGD,0.4932116773,Reuters,Spot,2022-08-09 14:34:06,david.cabrera119@dataops.example.com
,2022-08-26,GBP,CAD,0.4544146462,ECB,Closing,2022-08-26 09:24:56,yolanda.vasquez005@platform.example.com
,2022-08-06,MXN,INR,0.4551863154,ECB,Spot,2022-08-06 01:00:24,grace.gonzales099@dataops.example.com
,2022-08-06,SGD,CAD,1.9072066736,ECB,Closing,2022-08-06 16:09:47,andrew.ellis102@analytics.example.com
,2022-08-12,CAD,AED,2.6599796167,Reuters,Daily,2022-08-12 01:29:36,jason.franklin045@dataops.example.com
,2022-08-17,AUD,JPY,1.0845964441,Bloomberg,Spot,2022-08-17 12:32:26,lisa.kim091@platform.example.com
,2022-08-07,AUD,INR,1.0331721609,Internal FX,Daily,2022-08-07 10:34:08,timothy.cannon081@analytics.example.com
,2022-08-06,INR,AUD,0.637091149,ECB,Daily,2022-08-06 06:58:47,jeffery.miller012@commerce.example.com
,2022-08-19,AUD,AED,0.6168038454,ECB,Closing,2022-08-19 21:32:04,victor.palmer071@platform.example.com
,2022-08-04,GBP,AUD,1.5722776907,ECB,Closing,2022-08-04 08:38:40,brandon.yu006@analytics.example.com
,2022-08-27,AUD,CAD,0.9985571126,ECB,Daily,2022-08-27 13:29:11,stephen.clark001@analytics.example.com
,2022-08-03,SGD,AUD,0.7844585062,Internal FX,Spot,2022-08-03 03:47:12,adam.gordon030@commerce.example.com
,2022-08-21,JPY,EUR,3.3363656438,Internal FX,Spot,2022-08-21 09:53:17,ryan.steele043@commerce.example.com
,2022-08-23,USD,INR,1.5017433401,ECB,Closing,2022-08-23 11:20:39,brian.taylor114@analytics.example.com
,2022-08-05,JPY,INR,1.5094656324,Reuters,Spot,2022-08-05 19:15:39,renee.harvey080@dataops.example.com
,2022-08-09,INR,BRL,0.9914385994,Internal FX,Daily,2022-08-09 01:23:08,amy.holmes103@dataops.example.com
,2022-08-18,BRL,CAD,3.1791899184,Internal FX,Spot,2022-08-18 01:03:18,tiffany.freeman101@analytics.example.com
,2022-08-18,MXN,EUR,0.4830251016,Reuters,Spot,2022-08-18 05:52:46,jeffery.miller012@commerce.example.com
,2022-08-06,AED,INR,0.9414641247,Bloomberg,Spot,2022-08-06 04:06:12,darren.anderson025@dataops.example.com
,2022-08-22,INR,AED,0.4330078051,Bloomberg,Spot,2022-08-22 12:12:33,adam.gordon030@commerce.example.com
,2022-08-25,AUD,INR,0.3184927376,Reuters,Daily,2022-08-25 18:14:42,michelle.bender024@analytics.example.com
,2022-08-04,SGD,EUR,9.8863482523,Internal FX,Spot,2022-08-04 17:15:58,joseph.johnson049@dataops.example.com
,2022-08-16,JPY,BRL,0.53869685,Internal FX,Daily,2022-08-16 05:34:03,sylvia.diaz107@dataops.example.com
,2022-08-26,MXN,EUR,1.2193762525,Internal FX,Closing,2022-08-26 08:18:15,christine.johnson056@commerce.example.com
,2022-08-25,JPY,BRL,1.2236855503,Bloomberg,Closing,2022-08-25 17:54:41,timothy.cannon081@analytics.example.com
,2022-08-30,EUR,AUD,2.3280747257,Internal FX,Spot,2022-08-30 12:57:05,micheal.hall064@dataops.example.com
,2022-08-26,AUD,CAD,0.4913428423,ECB,Daily,2022-08-26 23:41:54,brandi.carter038@dataops.example.com
,2022-08-27,JPY,GBP,0.2065622117,Internal FX,Daily,2022-08-27 09:41:22,michelle.sims041@analytics.example.com
,2022-08-17,EUR,JPY,1.6237395225,ECB,Daily,2022-08-17 08:37:47,adam.gordon030@commerce.example.com
,2022-08-30,BRL,INR,2.2504606649,ECB,Closing,2022-08-30 01:04:20,grace.gonzales099@dataops.example.com
,2022-08-22,INR,AUD,1.7833978513,ECB,Spot,2022-08-22 15:50:28,victoria.medina044@dataops.example.com
,2022-08-17,USD,BRL,1.2114770841,Internal FX,Closing,2022-08-17 21:49:24,timothy.cameron104@commerce.example.com
,2022-08-14,MXN,AED,0.3446302616,Bloomberg,Closing,2022-08-14 05:36:00,john.mullins109@commerce.example.com
,2022-08-01,GBP,INR,0.3075347986,Bloomberg,Spot,2022-08-01 23:05:07,amy.holmes103@dataops.example.com
,2022-08-28,CAD,AUD,1.0330331984,Internal FX,Daily,2022-08-28 14:00:11,james.proctor094@dataops.example.com
,2022-08-16,CAD,JPY,1.5505655475,Internal FX,Daily,2022-08-16 01:13:10,eric.horton058@analytics.example.com
,2022-08-19,SGD,AED,1.7793165337,Internal FX,Closing,2022-08-19 19:06:57,renee.harvey080@dataops.example.com
,2022-08-22,BRL,CAD,1.0390945929,ECB,Closing,2022-08-22 03:29:55,patrick.gonzalez035@dataops.example.com
,2022-08-25,SGD,USD,2.1099250519,Bloomberg,Daily,2022-08-25 09:05:24,stephen.daniels076@commerce.example.com
,2022-08-02,JPY,SGD,0.1914769362,Reuters,Daily,2022-08-02 18:34:51,christine.carter078@commerce.example.com
,2022-08-05,BRL,JPY,0.2104062117,Internal FX,Closing,2022-08-05 02:15:12,peter.martinez098@platform.example.com
,2022-08-04,AUD,USD,0.8729172141,Reuters,Daily,2022-08-04 17:05:23,victoria.medina044@dataops.example.com
,2022-08-03,USD,EUR,1.3320975825,ECB,Closing,2022-08-03 22:40:58,micheal.chen050@dataops.example.com
,2022-08-06,AED,USD,0.6279271228,Internal FX,Closing,2022-08-06 00:39:00,shawn.baxter004@dataops.example.com
,2022-08-22,CAD,AED,1.122374271,ECB,Spot,2022-08-22 22:04:43,katelyn.pitts017@commerce.example.com
,2022-08-10,USD,EUR,0.3643323739,Bloomberg,Closing,2022-08-10 20:53:33,lance.williams029@platform.example.com
,2022-08-25,GBP,MXN,0.6814606239,Bloomberg,Daily,2022-08-25 02:24:36,grace.gonzales099@dataops.example.com
,2022-08-20,SGD,BRL,1.0918931086,Internal FX,Daily,2022-08-20 16:21:37,jennifer.atkins003@platform.example.com
,2022-08-11,SGD,GBP,1.1762108475,ECB,Closing,2022-08-11 00:49:33,yolanda.vasquez005@platform.example.com
,2022-08-21,GBP,EUR,0.5795463576,Bloomberg,Daily,2022-08-21 08:59:05,christine.carter078@commerce.example.com
,2022-08-30,SGD,JPY,0.2512985111,Bloomberg,Daily,2022-08-30 08:04:36,tiffany.freeman101@analytics.example.com
,2022-08-12,MXN,USD,0.4019756,Reuters,Spot,2022-08-12 19:08:21,stephen.clark001@analytics.example.com
,2022-08-05,GBP,AED,0.5685793745,Reuters,Closing,2022-08-05 08:48:29,yesenia.arnold040@platform.example.com
,2022-08-14,JPY,AUD,0.6017034933,ECB,Daily,2022-08-14 09:03:41,stephen.daniels076@commerce.example.com
,2022-08-05,CAD,GBP,0.8743523477,Internal FX,Closing,2022-08-05 07:11:17,michael.johnson061@platform.example.com
,2022-08-20,MXN,SGD,0.710758134,Reuters,Spot,2022-08-20 19:51:33,brandon.yu006@analytics.example.com
,2022-08-21,JPY,MXN,0.868782724,Reuters,Daily,2022-08-21 03:22:45,john.mullins109@commerce.example.com
,2022-08-11,INR,AED,2.7494020857,Internal FX,Closing,2022-08-11 16:20:27,yesenia.arnold040@platform.example.com
,2022-08-08,CAD,SGD,0.6189158834,ECB,Daily,2022-08-08 18:11:03,andrea.cummings039@platform.example.com
,2022-08-16,BRL,GBP,0.3559128733,Internal FX,Daily,2022-08-16 23:16:06,brandon.yu006@analytics.example.com
,2022-08-08,AED,BRL,8.3647082339,Bloomberg,Spot,2022-08-08 21:14:31,shawn.baxter004@dataops.example.com
,2022-08-31,USD,BRL,3.67152773,Internal FX,Spot,2022-08-31 07:13:23,taylor.cunningham023@commerce.example.com
,2022-08-28,AED,INR,2.2586318226,Reuters,Daily,2022-08-28 00:49:00,david.cabrera119@dataops.example.com
,2022-08-13,EUR,USD,0.2674328113,Reuters,Daily,2022-08-13 18:36:34,victoria.medina044@dataops.example.com
,2022-08-23,AUD,SGD,1.5904293791,Bloomberg,Spot,2022-08-23 09:33:45,sylvia.diaz107@dataops.example.com
,2022-08-01,BRL,AUD,1.2828698111,ECB,Spot,2022-08-01 06:03:44,john.mullins109@commerce.example.com
,2022-08-01,AUD,BRL,3.1407888582,ECB,Daily,2022-08-01 08:53:56,ryan.steele043@commerce.example.com
,2022-08-17,EUR,JPY,7.3976216139,Internal FX,Closing,2022-08-17 18:53:27,renee.harvey080@dataops.example.com
,2022-08-19,USD,CAD,2.7337203433,Bloomberg,Daily,2022-08-19 08:17:33,timothy.cameron104@commerce.example.com
,2022-08-23,BRL,SGD,2.1179655807,Reuters,Daily,2022-08-23 15:45:57,adam.gordon030@commerce.example.com
,2022-08-07,USD,GBP,1.3631373876,Reuters,Spot,2022-08-07 11:24:32,adam.gordon030@commerce.example.com
,2022-08-07,EUR,AED,1.9133429112,ECB,Daily,2022-08-07 15:34:49,joann.clark089@commerce.example.com
,2022-08-15,MXN,JPY,2.2327305252,Bloomberg,Closing,2022-08-15 00:35:39,lisa.kim091@platform.example.com
,2022-08-27,AED,JPY,0.2215774791,Bloomberg,Spot,2022-08-27 10:55:14,michael.johnson061@platform.example.com
,2022-08-06,CAD,GBP,1.4528109954,Reuters,Daily,2022-08-06 04:43:20,christine.carter078@commerce.example.com
,2022-08-31,BRL,CAD,0.3691179638,Reuters,Spot,2022-08-31 19:59:52,brian.taylor114@analytics.example.com
,2022-08-04,EUR,GBP,0.3028174581,Reuters,Spot,2022-08-04 15:11:27,jason.franklin045@dataops.example.com
,2022-08-04,GBP,SGD,0.7664127425,ECB,Spot,2022-08-04 15:15:55,brian.taylor114@analytics.example.com
,2022-08-15,AUD,CAD,0.5980699244,Reuters,Spot,2022-08-15 12:59:01,susan.rice083@commerce.example.com
,2022-08-11,BRL,JPY,1.4531002088,Bloomberg,Daily,2022-08-11 03:08:16,patrick.gonzalez035@dataops.example.com
,2022-08-17,AED,GBP,0.5641047632,ECB,Daily,2022-08-17 19:45:44,jennifer.bauer068@analytics.example.com
,2022-08-22,GBP,INR,0.8098722908,Internal FX,Daily,2022-08-22 04:11:25,jeffery.miller012@commerce.example.com
,2022-08-17,SGD,GBP,0.4657593317,ECB,Spot,2022-08-17 13:55:56,eric.mullen052@dataops.example.com
,2022-08-24,EUR,USD,0.5513935898,ECB,Spot,2022-08-24 07:55:02,andrew.ellis102@analytics.example.com
,2022-08-17,INR,JPY,1.2082817129,Internal FX,Spot,2022-08-17 22:04:46,chelsea.patel065@commerce.example.com
,2022-08-11,AED,BRL,0.6362043018,Internal FX,Closing,2022-08-11 18:18:33,jeffery.miller012@commerce.example.com
,2022-08-16,JPY,EUR,0.3686092741,Internal FX,Spot,2022-08-16 13:38:02,chelsea.patel065@commerce.example.com
,2022-08-07,EUR,AUD,0.8895397078,ECB,Spot,2022-08-07 20:02:23,troy.boone097@platform.example.com
,2022-08-01,GBP,AUD,1.0535638193,Internal FX,Daily,2022-08-01 14:16:13,anita.garcia021@dataops.example.com
,2022-08-29,JPY,CAD,5.0195891255,Bloomberg,Spot,2022-08-29 13:38:55,darren.anderson025@dataops.example.com
,2022-08-17,CAD,AED,4.1799602733,ECB,Spot,2022-08-17 17:50:10,lisa.kim091@platform.example.com
,2022-08-08,GBP,CAD,0.7625194823,Reuters,Closing,2022-08-08 01:52:27,jeffery.miller012@commerce.example.com
,2022-08-17,AUD,CAD,1.5013646623,Bloomberg,Closing,2022-08-17 18:22:50,stephen.clark001@analytics.example.com
,2022-08-12,SGD,AUD,0.2743221123,Bloomberg,Spot,2022-08-12 03:10:27,john.mullins109@commerce.example.com
,2022-08-11,GBP,INR,1.8565681964,Reuters,Closing,2022-08-11 07:21:57,megan.cunningham013@commerce.example.com
,2022-08-28,MXN,JPY,3.6427870714,ECB,Spot,2022-08-28 09:51:55,stephen.daniels076@commerce.example.com
,2022-08-11,BRL,AED,0.290544477,Reuters,Spot,2022-08-11 19:53:42,taylor.cunningham023@commerce.example.com
,2022-08-31,EUR,CAD,0.3220293417,Internal FX,Spot,2022-08-31 16:25:45,megan.cunningham013@commerce.example.com
,2022-08-27,AED,INR,1.5691793716,Reuters,Spot,2022-08-27 04:12:41,joseph.johnson049@dataops.example.com
,2022-08-03,SGD,JPY,0.5871663484,Bloomberg,Closing,2022-08-03 20:06:16,jeffery.miller012@commerce.example.com
,2022-08-11,AUD,EUR,0.2353821782,Internal FX,Daily,2022-08-11 08:54:07,michelle.sims041@analytics.example.com
,2022-08-08,EUR,AUD,1.705056469,Reuters,Spot,2022-08-08 06:21:01,jennifer.bauer068@analytics.example.com
,2022-08-11,MXN,CAD,2.3521337244,Bloomberg,Daily,2022-08-11 06:55:22,jimmy.washington028@commerce.example.com
,2022-08-18,GBP,JPY,1.8736372121,ECB,Closing,2022-08-18 04:53:10,timothy.cannon081@analytics.example.com
,2022-08-18,GBP,MXN,2.3485162241,Internal FX,Closing,2022-08-18 17:30:55,andrea.cummings039@platform.example.com
,2022-08-04,MXN,BRL,1.2263652407,Reuters,Daily,2022-08-04 13:08:53,shawn.baxter004@dataops.example.com
,2022-08-25,INR,BRL,0.9910303475,ECB,Spot,2022-08-25 21:51:48,kevin.mathews014@analytics.example.com
,2022-08-01,BRL,JPY,10.5851050435,Bloomberg,Closing,2022-08-01 18:11:46,maria.ashley046@analytics.example.com
,2022-08-11,BRL,INR,2.19178968,Internal FX,Daily,2022-08-11 06:05:19,craig.johnson106@analytics.example.com
,2022-08-19,EUR,AUD,0.7283646118,Reuters,Spot,2022-08-19 23:33:40,joann.clark089@commerce.example.com
,2022-08-27,MXN,GBP,1.3825528855,Bloomberg,Daily,2022-08-27 12:14:36,katelyn.pitts017@commerce.example.com
,2022-08-22,AED,JPY,0.3189568185,ECB,Spot,2022-08-22 09:26:30,christine.johnson056@commerce.example.com
,2022-08-07,INR,SGD,0.5060398853,Internal FX,Daily,2022-08-07 00:19:42,michelle.bender024@analytics.example.com
,2022-08-03,JPY,GBP,2.6238213826,ECB,Spot,2022-08-03 13:06:21,andrea.cummings039@platform.example.com
,2022-08-17,MXN,CAD,5.1618528616,Internal FX,Closing,2022-08-17 18:31:54,shawn.baxter004@dataops.example.com
,2022-08-04,USD,JPY,0.8013844872,Internal FX,Spot,2022-08-04 03:45:40,alyssa.richards002@commerce.example.com
,2022-08-10,CAD,JPY,1.0166406818,Internal FX,Daily,2022-08-10 09:28:08,timothy.cannon081@analytics.example.com
,2022-08-03,SGD,MXN,1.4494779124,Bloomberg,Spot,2022-08-03 00:27:15,anita.garcia021@dataops.example.com
,2022-08-08,INR,SGD,0.1222025424,Reuters,Closing,2022-08-08 22:04:40,eric.horton058@analytics.example.com
,2022-08-04,CAD,EUR,2.8314371767,Internal FX,Spot,2022-08-04 13:56:06,jennifer.bauer068@analytics.example.com
,2022-08-04,INR,JPY,0.3953411259,Bloomberg,Spot,2022-08-04 18:04:58,jeffery.miller012@commerce.example.com
,2022-08-19,MXN,SGD,1.6367782692,ECB,Spot,2022-08-19 11:58:09,craig.johnson106@analytics.example.com
,2022-08-17,INR,CAD,0.6347720581,Reuters,Daily,2022-08-17 12:35:44,lisa.kim091@platform.example.com
,2022-08-06,JPY,GBP,0.9307973103,Bloomberg,Spot,2022-08-06 22:21:51,michael.johnson061@platform.example.com
,2022-08-24,CAD,EUR,1.7100754122,Bloomberg,Daily,2022-08-24 03:31:18,michelle.sims041@analytics.example.com
,2022-08-22,GBP,AED,0.9336929103,ECB,Closing,2022-08-22 14:18:52,eric.horton058@analytics.example.com
,2022-08-31,SGD,CAD,1.1454307415,ECB,Spot,2022-08-31 14:25:17,stephen.daniels076@commerce.example.com
,2022-08-10,USD,BRL,0.3181000194,Reuters,Spot,2022-08-10 02:43:30,christine.carter078@commerce.example.com
,2022-08-05,MXN,INR,1.6500226065,Internal FX,Closing,2022-08-05 12:53:56,kevin.mathews014@analytics.example.com
,2022-08-31,AED,MXN,0.2729403264,Reuters,Daily,2022-08-31 09:19:44,kelsey.taylor010@platform.example.com
,2022-08-31,CAD,MXN,0.3686401983,Internal FX,Daily,2022-08-31 04:17:24,jennifer.atkins003@platform.example.com
,2022-08-27,EUR,USD,0.4594827671,Reuters,Spot,2022-08-27 02:01:10,amy.holmes103@dataops.example.com
,2022-08-26,USD,AED,1.3630243629,ECB,Closing,2022-08-26 19:07:52,kevin.mathews014@analytics.example.com
,2022-08-08,EUR,AUD,0.4319471275,Internal FX,Daily,2022-08-08 04:54:32,anita.garcia021@dataops.example.com
,2022-08-03,CAD,MXN,0.9842967926,Bloomberg,Daily,2022-08-03 22:55:48,katelyn.pitts017@commerce.example.com
,2022-08-17,JPY,INR,0.4846549327,Bloomberg,Daily,2022-08-17 14:01:52,jennifer.hudson020@analytics.example.com
,2022-08-13,AED,JPY,1.4808797763,ECB,Spot,2022-08-13 12:57:24,joseph.johnson049@dataops.example.com
,2022-08-09,BRL,EUR,1.6174767931,Internal FX,Spot,2022-08-09 19:01:43,shawn.baxter004@dataops.example.com
,2022-08-01,CAD,BRL,2.5813029106,Reuters,Closing,2022-08-01 23:21:16,jimmy.washington028@commerce.example.com
,2022-08-30,INR,GBP,1.1176472172,Bloomberg,Closing,2022-08-30 01:27:08,michelle.sims041@analytics.example.com
,2022-08-19,GBP,INR,0.585763547,ECB,Daily,2022-08-19 01:32:19,megan.cunningham013@commerce.example.com
,2022-08-02,MXN,EUR,0.6432088758,ECB,Closing,2022-08-02 14:04:31,david.cabrera119@dataops.example.com
,2022-08-02,AED,JPY,0.2331763316,Bloomberg,Daily,2022-08-02 17:07:34,yolanda.vasquez005@platform.example.com
,2022-08-03,JPY,AED,0.3279312415,Bloomberg,Daily,2022-08-03 13:47:11,eric.horton058@analytics.example.com
,2022-08-09,JPY,AED,1.0430097034,ECB,Daily,2022-08-09 20:12:25,stephen.daniels076@commerce.example.com
,2022-08-18,AED,AUD,0.485492197,Bloomberg,Spot,2022-08-18 20:10:47,joseph.johnson049@dataops.example.com
,2022-08-02,CAD,USD,1.683380677,Internal FX,Closing,2022-08-02 01:48:29,anita.garcia021@dataops.example.com
,2022-08-15,INR,USD,1.185819087,Reuters,Spot,2022-08-15 03:04:41,amy.holmes103@dataops.example.com
,2022-08-03,AED,EUR,1.7737628514,ECB,Spot,2022-08-03 18:52:00,victoria.medina044@dataops.example.com
,2022-08-13,EUR,GBP,1.2510927333,Reuters,Daily,2022-08-13 15:57:01,christine.johnson056@commerce.example.com
,2022-08-21,USD,CAD,1.6079882982,Internal FX,Closing,2022-08-21 21:00:48,michelle.sims041@analytics.example.com
,2022-08-28,CAD,EUR,0.4391015177,Bloomberg,Closing,2022-08-28 01:48:51,jason.franklin045@dataops.example.com
,2022-08-07,JPY,MXN,0.8244792993,Bloomberg,Daily,2022-08-07 18:42:30,ashley.marks069@commerce.example.com
,2022-08-31,SGD,AED,0.7097906824,Reuters,Spot,2022-08-31 07:36:45,timothy.cameron104@commerce.example.com
,2022-08-03,EUR,USD,1.5119527168,Internal FX,Closing,2022-08-03 13:58:47,troy.boone097@platform.example.com
,2022-08-22,AUD,INR,2.1130707727,Internal FX,Daily,2022-08-22 15:52:35,victor.palmer071@platform.example.com
,2022-08-13,EUR,BRL,1.4945076187,ECB,Daily,2022-08-13 10:35:52,michelle.sims041@analytics.example.com
,2022-08-28,SGD,JPY,2.3661781394,Reuters,Closing,2022-08-28 19:20:59,peter.martinez098@platform.example.com
,2022-08-15,CAD,GBP,1.6668974416,Bloomberg,Closing,2022-08-15 15:13:23,victor.palmer071@platform.example.com
,2022-08-18,BRL,AUD,0.9834151393,Internal FX,Closing,2022-08-18 01:20:53,brandon.yu006@analytics.example.com
,2022-08-24,INR,AUD,2.0908943197,Reuters,Closing,2022-08-24 02:58:28,stephen.daniels076@commerce.example.com
,2022-08-29,USD,JPY,1.2541281515,Bloomberg,Spot,2022-08-29 20:02:35,christine.carter078@commerce.example.com
,2022-08-23,USD,JPY,0.4875355095,Bloomberg,Closing,2022-08-23 01:21:08,michael.johnson061@platform.example.com
,2022-08-04,AED,CAD,0.5476646165,Internal FX,Daily,2022-08-04 23:06:27,jimmy.washington028@commerce.example.com
,2022-08-04,EUR,JPY,0.5788820937,Bloomberg,Closing,2022-08-04 08:21:21,david.cabrera119@dataops.example.com
,2022-08-14,BRL,SGD,0.7617883137,Bloomberg,Closing,2022-08-14 04:04:38,victoria.medina044@dataops.example.com
,2022-08-31,GBP,SGD,0.5404993818,Internal FX,Spot,2022-08-31 08:57:06,andrew.ellis102@analytics.example.com
,2022-08-02,USD,SGD,1.6398525147,Reuters,Daily,2022-08-02 16:26:57,craig.johnson106@analytics.example.com
,2022-08-15,JPY,SGD,0.8722315714,Reuters,Spot,2022-08-15 05:00:08,darren.anderson025@dataops.example.com
,2022-08-09,JPY,SGD,2.3120606023,ECB,Closing,2022-08-09 19:14:56,joann.clark089@commerce.example.com
,2022-08-26,BRL,JPY,0.8035234148,Reuters,Spot,2022-08-26 00:50:36,chelsea.patel065@commerce.example.com
,2022-08-08,MXN,CAD,0.6089594402,ECB,Daily,2022-08-08 05:35:10,ryan.steele043@commerce.example.com
,2022-08-11,EUR,AED,1.3615510229,Internal FX,Daily,2022-08-11 08:33:05,micheal.hall064@dataops.example.com
,2022-08-20,AED,INR,1.0153242498,ECB,Daily,2022-08-20 19:18:27,chelsea.patel065@commerce.example.com
,2022-08-06,JPY,SGD,1.9599816735,Bloomberg,Daily,2022-08-06 14:15:04,christine.johnson056@commerce.example.com
,2022-08-06,GBP,INR,1.0694764345,ECB,Closing,2022-08-06 05:50:11,timothy.cameron104@commerce.example.com
,2022-08-13,INR,AUD,2.0074737506,Reuters,Daily,2022-08-13 06:30:51,brandon.yu006@analytics.example.com
,2022-08-15,MXN,GBP,1.5801230765,Internal FX,Daily,2022-08-15 09:13:57,anita.garcia021@dataops.example.com
,2022-08-28,INR,GBP,1.829460942,Reuters,Closing,2022-08-28 12:11:29,jimmy.washington028@commerce.example.com
,2022-08-27,INR,AUD,1.0333930306,Internal FX,Daily,2022-08-27 18:32:11,tiffany.freeman101@analytics.example.com
,2022-08-02,EUR,GBP,2.9604038574,Bloomberg,Spot,2022-08-02 03:22:25,taylor.cunningham023@commerce.example.com
,2022-08-13,USD,BRL,1.0817593544,Bloomberg,Daily,2022-08-13 19:02:35,katelyn.pitts017@commerce.example.com
,2022-08-25,JPY,MXN,1.4151314065,Bloomberg,Daily,2022-08-25 05:07:17,andrew.ellis102@analytics.example.com
,2022-08-22,BRL,USD,0.7709302016,Bloomberg,Daily,2022-08-22 23:40:52,katelyn.pitts017@commerce.example.com
,2022-08-05,CAD,EUR,1.2632913303,Internal FX,Spot,2022-08-05 18:45:01,timothy.cameron104@commerce.example.com
,2022-08-11,MXN,SGD,1.2142389169,Internal FX,Daily,2022-08-11 11:36:16,christine.johnson056@commerce.example.com
,2022-08-29,JPY,AUD,1.6954096845,Bloomberg,Spot,2022-08-29 14:18:03,darren.anderson025@dataops.example.com
,2022-08-20,JPY,SGD,1.4237571444,Internal FX,Spot,2022-08-20 09:27:34,eric.horton058@analytics.example.com
,2022-08-22,USD,CAD,4.5952012596,Reuters,Spot,2022-08-22 07:53:43,andrew.ellis102@analytics.example.com
,2022-08-22,EUR,AED,0.846501673,Internal FX,Spot,2022-08-22 15:13:57,craig.johnson106@analytics.example.com
,2022-08-29,EUR,AED,3.3722083913,Bloomberg,Daily,2022-08-29 12:58:59,susan.rice083@commerce.example.com
,2022-08-24,AUD,GBP,1.8415512145,Internal FX,Daily,2022-08-24 15:51:10,kevin.mathews014@analytics.example.com
,2022-08-25,SGD,GBP,1.7449526379,Bloomberg,Closing,2022-08-25 04:09:25,renee.harvey080@dataops.example.com
,2022-08-24,INR,JPY,2.1120110865,Internal FX,Spot,2022-08-24 09:37:33,eric.mullen052@dataops.example.com
,2022-08-27,USD,INR,0.6704801972,ECB,Closing,2022-08-27 16:33:34,james.proctor094@dataops.example.com
,2022-08-10,GBP,BRL,5.3497180583,Bloomberg,Daily,2022-08-10 10:47:05,jennifer.hudson020@analytics.example.com
,2022-08-26,AUD,GBP,0.8960811099,ECB,Closing,2022-08-26 21:03:53,ryan.steele043@commerce.example.com
,2022-08-23,BRL,EUR,0.8367891391,Bloomberg,Spot,2022-08-23 06:50:43,eric.horton058@analytics.example.com
,2022-08-26,INR,BRL,2.6853603278,Bloomberg,Daily,2022-08-26 04:23:13,eric.mullen052@dataops.example.com
,2022-08-18,INR,GBP,3.1427704906,ECB,Spot,2022-08-18 19:31:05,kevin.mathews014@analytics.example.com
,2022-08-01,AED,CAD,1.3434629722,Reuters,Closing,2022-08-01 07:59:50,megan.cunningham013@commerce.example.com
,2022-08-16,SGD,MXN,1.6886799639,Bloomberg,Daily,2022-08-16 20:33:12,brandon.yu006@analytics.example.com
,2022-08-03,JPY,MXN,1.5287631993,Internal FX,Daily,2022-08-03 21:48:23,brandi.carter038@dataops.example.com
,2022-08-02,USD,AUD,12.1500360792,Internal FX,Closing,2022-08-02 19:57:28,jimmy.washington028@commerce.example.com
,2022-08-13,INR,AUD,0.4241839111,ECB,Spot,2022-08-13 03:25:11,sylvia.diaz107@dataops.example.com
,2022-08-13,AED,EUR,1.3177529388,Bloomberg,Daily,2022-08-13 02:28:42,michelle.bender024@analytics.example.com
,2022-08-28,CAD,USD,0.7742697724,Bloomberg,Daily,2022-08-28 20:25:50,tina.williams074@commerce.example.com
,2022-08-29,GBP,MXN,0.4227379741,ECB,Daily,2022-08-29 14:16:49,micheal.chen050@dataops.example.com
,2022-08-14,CAD,INR,0.662412577,Reuters,Daily,2022-08-14 23:36:01,andrew.ellis102@analytics.example.com
,2022-08-28,BRL,INR,0.8627158203,Reuters,Daily,2022-08-28 05:03:56,victor.palmer071@platform.example.com
,2022-08-05,USD,MXN,0.6947501002,Bloomberg,Daily,2022-08-05 03:58:10,brandon.yu006@analytics.example.com
,2022-08-25,SGD,CAD,1.2846421472,Bloomberg,Spot,2022-08-25 06:59:14,jeffery.miller012@commerce.example.com
,2022-08-16,GBP,USD,0.4256064764,Reuters,Daily,2022-08-16 18:04:09,kevin.mathews014@analytics.example.com
,2022-08-15,USD,AUD,0.9713469093,Reuters,Closing,2022-08-15 23:09:52,megan.cunningham013@commerce.example.com
,2022-08-17,MXN,USD,0.5960499602,Internal FX,Closing,2022-08-17 22:02:54,ashley.marks069@commerce.example.com
,2022-08-27,AUD,USD,2.1884679323,Internal FX,Closing,2022-08-27 12:25:41,katelyn.pitts017@commerce.example.com
,2022-08-26,AUD,MXN,0.4371456578,Reuters,Spot,2022-08-26 22:32:52,christine.carter078@commerce.example.com
,2022-08-30,CAD,JPY,0.3982946391,Bloomberg,Closing,2022-08-30 01:12:54,chelsea.patel065@commerce.example.com
,2022-08-06,AED,BRL,0.2181375127,Reuters,Closing,2022-08-06 14:21:05,chelsea.patel065@commerce.example.com
,2022-08-12,GBP,CAD,2.9868095793,ECB,Spot,2022-08-12 00:16:56,anita.garcia021@dataops.example.com
,2022-08-25,GBP,INR,0.9641039913,Internal FX,Closing,2022-08-25 06:55:08,andrea.cummings039@platform.example.com
,2022-08-15,BRL,AED,0.7565289287,Internal FX,Spot,2022-08-15 14:54:39,eric.mullen052@dataops.example.com
,2022-08-16,GBP,EUR,1.0034419963,Reuters,Spot,2022-08-16 00:52:27,jennifer.hudson020@analytics.example.com
,2022-08-01,INR,EUR,2.2331347715,Bloomberg,Spot,2022-08-01 05:02:13,eric.horton058@analytics.example.com
,2022-08-09,CAD,SGD,6.7833115767,Reuters,Daily,2022-08-09 17:18:07,eric.horton058@analytics.example.com
,2022-08-06,CAD,SGD,0.2749313367,ECB,Spot,2022-08-06 05:03:56,craig.johnson106@analytics.example.com
,2022-08-23,JPY,AUD,0.9342746576,Internal FX,Spot,2022-08-23 17:59:44,tiffany.freeman101@analytics.example.com
,2022-08-11,USD,SGD,1.347763395,ECB,Spot,2022-08-11 12:55:16,patrick.gonzalez035@dataops.example.com
,2022-08-16,AED,MXN,0.8679103539,Internal FX,Closing,2022-08-16 01:59:38,brandi.carter038@dataops.example.com
,2022-08-11,AUD,USD,4.4949679845,Bloomberg,Closing,2022-08-11 22:54:58,micheal.chen050@dataops.example.com
,2022-08-15,GBP,AUD,1.0701401607,ECB,Closing,2022-08-15 05:01:39,lance.williams029@platform.example.com
,2022-08-22,BRL,USD,0.9355624064,Reuters,Daily,2022-08-22 15:22:47,grace.gonzales099@dataops.example.com
,2022-08-11,SGD,INR,0.7408698753,ECB,Daily,2022-08-11 02:03:23,micheal.hall064@dataops.example.com
,2022-08-09,CAD,AUD,2.4443920145,Bloomberg,Closing,2022-08-09 17:43:30,brian.taylor114@analytics.example.com
,2022-08-06,SGD,GBP,0.9147585472,ECB,Spot,2022-08-06 19:14:41,troy.boone097@platform.example.com
,2022-08-01,CAD,MXN,0.9428283948,Bloomberg,Daily,2022-08-01 04:37:48,kevin.mathews014@analytics.example.com
,2022-08-09,AUD,JPY,7.0273771214,Bloomberg,Daily,2022-08-09 01:33:39,jennifer.bauer068@analytics.example.com
,2022-08-12,BRL,CAD,0.6952282057,ECB,Closing,2022-08-12 05:16:26,tina.williams074@commerce.example.com
,2022-08-31,MXN,USD,0.6881143594,Reuters,Spot,2022-08-31 13:35:10,jason.franklin045@dataops.example.com
,2022-08-18,AUD,BRL,0.8544956057,Bloomberg,Daily,2022-08-18 18:54:28,peter.martinez098@platform.example.com
,2022-08-10,JPY,CAD,2.4286576256,Reuters,Daily,2022-08-10 14:19:51,joseph.johnson049@dataops.example.com
,2022-08-13,AUD,USD,0.416079056,Reuters,Daily,2022-08-13 21:12:10,michael.johnson061@platform.example.com
,2022-08-30,AUD,INR,2.0576440283,Bloomberg,Daily,2022-08-30 17:12:31,eric.mullen052@dataops.example.com
,2022-08-20,EUR,INR,0.4691382718,Reuters,Daily,2022-08-20 21:50:05,shawn.baxter004@dataops.example.com
,2022-08-16,MXN,BRL,3.7107117863,Reuters,Spot,2022-08-16 22:19:56,megan.cunningham013@commerce.example.com
,2022-08-27,AED,EUR,1.4795104363,ECB,Daily,2022-08-27 20:42:53,adam.gordon030@commerce.example.com
,2022-08-22,USD,CAD,1.8380435358,Bloomberg,Daily,2022-08-22 12:32:58,victoria.medina044@dataops.example.com
,2022-08-17,USD,CAD,0.626905914,Reuters,Daily,2022-08-17 13:02:02,anita.garcia021@dataops.example.com
,2022-08-19,USD,INR,1.5428144904,Bloomberg,Daily,2022-08-19 06:40:13,christine.carter078@commerce.example.com
,2022-08-12,CAD,MXN,0.503908893,Bloomberg,Spot,2022-08-12 16:13:04,micheal.hall064@dataops.example.com
,2022-08-08,USD,MXN,0.8082797775,Bloomberg,Spot,2022-08-08 09:48:35,megan.cunningham013@commerce.example.com
,2022-08-01,AED,AUD,1.242209177,Internal FX,Closing,2022-08-01 11:17:17,brian.taylor114@analytics.example.com
,2022-08-17,SGD,USD,0.3821237581,Bloomberg,Closing,2022-08-17 17:41:07,jimmy.washington028@commerce.example.com
,2022-08-16,EUR,CAD,1.3389905471,Internal FX,Daily,2022-08-16 17:54:14,maria.ashley046@analytics.example.com
,2022-08-15,JPY,BRL,1.1236528698,ECB,Spot,2022-08-15 04:16:25,shawn.baxter004@dataops.example.com
,2022-08-10,EUR,GBP,1.9987554546,Bloomberg,Daily,2022-08-10 04:34:09,grace.gonzales099@dataops.example.com
,2022-08-31,AED,JPY,1.0551070242,ECB,Spot,2022-08-31 07:19:52,jennifer.hudson020@analytics.example.com
,2022-08-12,USD,BRL,0.4530667998,Bloomberg,Daily,2022-08-12 13:54:14,stephen.daniels076@commerce.example.com
,2022-08-18,BRL,GBP,0.4551582362,ECB,Daily,2022-08-18 06:03:02,renee.harvey080@dataops.example.com
,2022-08-17,AUD,GBP,1.125915245,Bloomberg,Closing,2022-08-17 17:31:31,ashley.marks069@commerce.example.com
,2022-08-13,BRL,EUR,0.6329270418,Bloomberg,Closing,2022-08-13 05:37:31,jimmy.washington028@commerce.example.com
,2022-08-14,SGD,GBP,0.8986251412,Bloomberg,Spot,2022-08-14 05:53:07,michelle.sims041@analytics.example.com
,2022-08-01,AUD,EUR,1.8742048378,Internal FX,Closing,2022-08-01 00:24:37,james.proctor094@dataops.example.com
,2022-08-07,AED,GBP,1.2575393007,Internal FX,Spot,2022-08-07 08:15:32,maria.ashley046@analytics.example.com
,2022-08-13,SGD,MXN,1.594783841,Internal FX,Spot,2022-08-13 06:19:22,lance.williams029@platform.example.com
,2022-08-24,MXN,GBP,1.0225278499,Reuters,Closing,2022-08-24 23:57:12,john.mullins109@commerce.example.com
,2022-08-20,MXN,SGD,0.6502560226,Bloomberg,Daily,2022-08-20 09:01:17,brian.taylor114@analytics.example.com
,2022-08-21,BRL,MXN,0.1918864091,Reuters,Daily,2022-08-21 06:34:57,darren.anderson025@dataops.example.com
,2022-08-14,AUD,CAD,0.6912753756,Bloomberg,Closing,2022-08-14 03:17:25,anita.garcia021@dataops.example.com
,2022-08-22,USD,BRL,1.2605807708,Internal FX,Daily,2022-08-22 21:57:43,james.proctor094@dataops.example.com
,2022-08-12,CAD,USD,0.6401337175,ECB,Daily,2022-08-12 07:10:39,victoria.medina044@dataops.example.com
,2022-08-20,SGD,CAD,1.4178516936,Reuters,Daily,2022-08-20 05:21:11,amy.holmes103@dataops.example.com
,2022-08-16,USD,CAD,0.9800122769,ECB,Spot,2022-08-16 02:30:04,micheal.chen050@dataops.example.com
,2022-08-12,AUD,BRL,1.2573837579,ECB,Closing,2022-08-12 19:57:15,micheal.hall064@dataops.example.com
,2022-08-14,GBP,SGD,1.0519641236,Reuters,Spot,2022-08-14 18:20:58,jennifer.atkins003@platform.example.com
,2022-08-24,INR,MXN,2.0990513694,Internal FX,Closing,2022-08-24 14:00:43,tina.williams074@commerce.example.com
,2022-08-31,INR,MXN,3.1487222852,Internal FX,Daily,2022-08-31 18:03:09,darren.anderson025@dataops.example.com
,2022-08-06,SGD,GBP,3.425844097,Reuters,Daily,2022-08-06 20:34:34,megan.cunningham013@commerce.example.com
,2022-08-29,SGD,JPY,2.1781185243,ECB,Daily,2022-08-29 13:16:15,alyssa.richards002@commerce.example.com
,2022-08-02,AED,MXN,1.7997709261,Internal FX,Daily,2022-08-02 08:33:23,craig.johnson106@analytics.example.com
,2022-08-06,CAD,SGD,1.0232730864,Bloomberg,Spot,2022-08-06 19:59:30,stephen.clark001@analytics.example.com
,2022-08-01,AUD,INR,5.4163818538,Internal FX,Daily,2022-08-01 03:47:53,victoria.medina044@dataops.example.com
,2022-08-18,MXN,BRL,0.6286639785,Internal FX,Spot,2022-08-18 17:12:24,stephen.daniels076@commerce.example.com
,2022-08-31,AUD,INR,2.1917456883,ECB,Closing,2022-08-31 21:14:59,kelsey.taylor010@platform.example.com
,2022-08-13,INR,EUR,2.5491019823,Reuters,Daily,2022-08-13 09:07:21,jeffery.miller012@commerce.example.com
,2022-08-11,SGD,CAD,2.191794227,Reuters,Closing,2022-08-11 17:16:11,david.cabrera119@dataops.example.com
,2022-08-13,USD,INR,0.3981964155,ECB,Spot,2022-08-13 17:56:41,alyssa.richards002@commerce.example.com
,2022-08-30,AUD,GBP,0.730941466,ECB,Daily,2022-08-30 04:46:03,amy.holmes103@dataops.example.com
,2022-08-21,JPY,CAD,0.441163727,Bloomberg,Closing,2022-08-21 06:15:52,timothy.cameron104@commerce.example.com
,2022-08-03,JPY,MXN,1.2848409247,Reuters,Daily,2022-08-03 15:40:20,chelsea.patel065@commerce.example.com
,2022-08-24,SGD,USD,1.2025209578,Internal FX,Daily,2022-08-24 07:59:09,tina.williams074@commerce.example.com
,2022-08-12,AUD,EUR,7.3960950462,ECB,Closing,2022-08-12 05:33:43,timothy.cannon081@analytics.example.com
,2022-08-30,MXN,AED,1.1177973371,Bloomberg,Spot,2022-08-30 02:42:02,ashley.marks069@commerce.example.com
,2022-08-25,SGD,JPY,0.2340431055,Internal FX,Closing,2022-08-25 21:02:43,renee.harvey080@dataops.example.com
,2022-08-07,EUR,MXN,0.48447363,Reuters,Closing,2022-08-07 03:38:06,michelle.sims041@analytics.example.com
,2022-08-19,SGD,EUR,0.7545998739,ECB,Daily,2022-08-19 05:18:51,joseph.johnson049@dataops.example.com
,2022-08-10,USD,GBP,0.505945952,Bloomberg,Daily,2022-08-10 18:57:03,megan.cunningham013@commerce.example.com
,2022-08-16,EUR,AUD,0.7463120143,Internal FX,Closing,2022-08-16 21:04:01,renee.harvey080@dataops.example.com
,2022-08-07,AED,BRL,1.3742281811,Bloomberg,Daily,2022-08-07 05:00:41,anita.garcia021@dataops.example.com
,2022-08-22,AUD,CAD,0.1129296007,Reuters,Spot,2022-08-22 05:51:51,michelle.sims041@analytics.example.com
,2022-08-17,GBP,EUR,2.1204225878,Reuters,Spot,2022-08-17 05:13:57,maria.ashley046@analytics.example.com
,2022-08-29,INR,MXN,1.0458422737,Bloomberg,Closing,2022-08-29 07:12:31,john.mullins109@commerce.example.com
,2022-08-22,INR,EUR,2.5364259322,ECB,Closing,2022-08-22 17:40:16,sylvia.diaz107@dataops.example.com
,2022-08-12,CAD,JPY,1.9881487054,Reuters,Closing,2022-08-12 16:55:35,brian.taylor114@analytics.example.com
,2022-08-01,GBP,AUD,0.3326324335,Internal FX,Daily,2022-08-01 14:04:48,tiffany.freeman101@analytics.example.com
,2022-08-19,EUR,INR,0.4230505886,Bloomberg,Daily,2022-08-19 05:03:09,brian.taylor114@analytics.example.com
,2022-08-15,CAD,EUR,3.318568255,Bloomberg,Spot,2022-08-15 08:40:11,eric.horton058@analytics.example.com
,2022-08-24,INR,CAD,0.695711158,Internal FX,Closing,2022-08-24 04:35:43,jennifer.bauer068@analytics.example.com
,2022-08-10,CAD,INR,4.982780355,ECB,Spot,2022-08-10 14:22:06,jimmy.washington028@commerce.example.com
,2022-08-09,EUR,CAD,2.1753825349,Bloomberg,Closing,2022-08-09 16:36:48,timothy.cannon081@analytics.example.com
,2022-08-23,AED,CAD,1.7677017763,Bloomberg,Spot,2022-08-23 16:06:58,kevin.mathews014@analytics.example.com
,2022-08-07,USD,INR,1.145938252,Bloomberg,Closing,2022-08-07 14:56:56,john.mullins109@commerce.example.com
,2022-08-26,AUD,EUR,0.4806573098,Internal FX,Closing,2022-08-26 01:50:41,timothy.cannon081@analytics.example.com
,2022-08-14,AUD,GBP,1.0122959474,Internal FX,Closing,2022-08-14 16:53:37,susan.rice083@commerce.example.com
,2022-08-04,AUD,JPY,0.7646450465,Internal FX,Daily,2022-08-04 20:28:05,brian.taylor114@analytics.example.com
,2022-08-29,GBP,BRL,0.518683253,Reuters,Spot,2022-08-29 02:56:23,troy.boone097@platform.example.com
,2022-08-18,BRL,EUR,3.9339603165,Reuters,Closing,2022-08-18 19:07:41,grace.gonzales099@dataops.example.com
,2022-08-20,SGD,JPY,3.540668029,ECB,Spot,2022-08-20 03:51:15,katelyn.pitts017@commerce.example.com
,2022-08-06,AED,SGD,1.103976962,ECB,Spot,2022-08-06 09:44:19,troy.boone097@platform.example.com
,2022-08-31,USD,INR,1.7252259479,ECB,Daily,2022-08-31 14:40:31,micheal.chen050@dataops.example.com
,2022-08-04,AUD,CAD,0.9238541854,Internal FX,Spot,2022-08-04 01:00:46,joann.clark089@commerce.example.com
,2022-08-17,GBP,JPY,0.2535267861,Bloomberg,Daily,2022-08-17 17:21:05,ashley.marks069@commerce.example.com
,2022-08-11,GBP,BRL,0.7721231404,ECB,Closing,2022-08-11 15:44:56,christine.carter078@commerce.example.com
,2022-08-28,EUR,AED,2.4085920436,Reuters,Daily,2022-08-28 03:33:27,christine.carter078@commerce.example.com
,2022-08-07,AED,AUD,0.2960759314,Internal FX,Spot,2022-08-07 13:44:09,lisa.kim091@platform.example.com
,2022-08-06,BRL,AED,0.3365193927,ECB,Spot,2022-08-06 06:59:10,maria.ashley046@analytics.example.com
,2022-08-30,BRL,GBP,0.3718215174,ECB,Daily,2022-08-30 13:53:35,lance.williams029@platform.example.com
,2022-08-09,JPY,CAD,0.4411504347,Reuters,Daily,2022-08-09 21:10:42,katelyn.pitts017@commerce.example.com
,2022-08-09,EUR,MXN,1.2877660834,Bloomberg,Spot,2022-08-09 13:34:58,susan.rice083@commerce.example.com
,2022-08-16,JPY,USD,0.6158504197,Reuters,Daily,2022-08-16 02:32:49,yesenia.arnold040@platform.example.com
,2022-08-28,AUD,CAD,3.3630914701,Bloomberg,Daily,2022-08-28 20:50:49,troy.boone097@platform.example.com
,2022-08-30,BRL,USD,0.4022750098,ECB,Daily,2022-08-30 04:25:52,katelyn.pitts017@commerce.example.com
,2022-08-13,EUR,GBP,0.6771207895,ECB,Spot,2022-08-13 16:37:18,david.cabrera119@dataops.example.com
,2022-08-23,JPY,BRL,1.6940242593,Reuters,Daily,2022-08-23 02:22:36,alyssa.richards002@commerce.example.com
,2022-08-10,EUR,GBP,0.5444050162,Reuters,Daily,2022-08-10 07:42:44,kelsey.taylor010@platform.example.com
,2022-08-21,USD,SGD,2.1378297721,ECB,Closing,2022-08-21 00:45:42,renee.harvey080@dataops.example.com
,2022-08-23,SGD,EUR,0.6118032552,ECB,Spot,2022-08-23 15:58:36,jason.franklin045@dataops.example.com
,2022-08-02,MXN,AED,0.4104790863,Internal FX,Closing,2022-08-02 18:25:48,amy.holmes103@dataops.example.com
,2022-08-01,AUD,JPY,1.0970241621,Bloomberg,Spot,2022-08-01 05:35:20,patrick.gonzalez035@dataops.example.com
,2022-08-19,CAD,INR,0.1085081568,Internal FX,Closing,2022-08-19 00:12:17,amy.holmes103@dataops.example.com
,2022-08-07,MXN,AED,0.5496552485,Internal FX,Daily,2022-08-07 16:27:21,ashley.marks069@commerce.example.com
,2022-08-11,GBP,CAD,1.9525903883,Reuters,Daily,2022-08-11 12:21:06,yesenia.arnold040@platform.example.com
,2022-08-12,EUR,JPY,0.6065775127,ECB,Spot,2022-08-12 17:51:47,renee.harvey080@dataops.example.com
,2022-08-11,AED,SGD,0.8719085533,Internal FX,Spot,2022-08-11 09:21:32,taylor.cunningham023@commerce.example.com
,2022-08-03,BRL,CAD,0.5987638815,Reuters,Closing,2022-08-03 01:31:29,jennifer.hudson020@analytics.example.com
,2022-08-19,SGD,BRL,0.6448688404,Internal FX,Daily,2022-08-19 10:57:05,brian.taylor114@analytics.example.com
,2022-08-11,SGD,AED,0.9247485763,Reuters,Spot,2022-08-11 05:46:00,ryan.steele043@commerce.example.com
,2022-08-28,USD,EUR,1.132495038,Bloomberg,Closing,2022-08-28 18:18:34,grace.gonzales099@dataops.example.com
,2022-08-06,SGD,CAD,0.9131398358,Bloomberg,Daily,2022-08-06 15:37:04,eric.horton058@analytics.example.com
,2022-08-02,BRL,EUR,2.6409400217,Internal FX,Closing,2022-08-02 02:24:38,timothy.cannon081@analytics.example.com
,2022-08-10,EUR,AUD,0.8420819173,Reuters,Spot,2022-08-10 22:27:59,michael.johnson061@platform.example.com
,2022-08-18,GBP,USD,0.1661674716,Bloomberg,Closing,2022-08-18 10:05:43,katelyn.pitts017@commerce.example.com
,2022-08-08,AUD,USD,0.3818393837,ECB,Closing,2022-08-08 18:56:59,tiffany.freeman101@analytics.example.com
,2022-08-06,USD,MXN,0.7633794359,Bloomberg,Spot,2022-08-06 14:18:55,maria.ashley046@analytics.example.com
,2022-08-22,EUR,MXN,0.9891110394,Bloomberg,Closing,2022-08-22 19:07:04,james.proctor094@dataops.example.com
,2022-08-26,AUD,AED,2.0261790307,Reuters,Daily,2022-08-26 12:30:14,john.mullins109@commerce.example.com
,2022-08-24,INR,BRL,1.9064849692,Reuters,Daily,2022-08-24 04:02:37,megan.cunningham013@commerce.example.com
,2022-08-11,USD,AED,2.6250294941,Reuters,Spot,2022-08-11 14:38:47,james.proctor094@dataops.example.com
,2022-08-13,AED,EUR,0.3232363151,ECB,Closing,2022-08-13 06:38:55,brandi.carter038@dataops.example.com
,2022-08-07,GBP,JPY,1.1372448585,ECB,Closing,2022-08-07 13:02:14,susan.rice083@commerce.example.com
,2022-08-13,GBP,EUR,1.1166121143,Reuters,Closing,2022-08-13 04:16:47,brandon.yu006@analytics.example.com
,2022-08-15,INR,USD,0.5203667588,Reuters,Closing,2022-08-15 06:23:08,amy.holmes103@dataops.example.com
,2022-08-15,EUR,INR,0.6545205636,ECB,Closing,2022-08-15 06:15:45,adam.gordon030@commerce.example.com
,2022-08-16,MXN,AUD,3.5176969425,Bloomberg,Closing,2022-08-16 07:56:34,maria.ashley046@analytics.example.com
,2022-08-21,CAD,INR,0.9160309007,ECB,Closing,2022-08-21 12:14:49,brandon.yu006@analytics.example.com
,2022-08-18,JPY,AED,4.4232138565,ECB,Daily,2022-08-18 08:28:44,tina.williams074@commerce.example.com
,2022-08-03,JPY,CAD,2.1797349998,Internal FX,Closing,2022-08-03 06:13:05,jimmy.washington028@commerce.example.com
,2022-08-26,USD,AED,0.9219056145,Bloomberg,Daily,2022-08-26 14:41:05,eric.horton058@analytics.example.com
,2022-08-01,USD,CAD,1.7206634673,Internal FX,Spot,2022-08-01 13:59:48,craig.johnson106@analytics.example.com
,2022-08-09,MXN,EUR,0.3869087525,Bloomberg,Spot,2022-08-09 21:00:50,micheal.chen050@dataops.example.com
,2022-08-05,MXN,AUD,0.3695375459,ECB,Spot,2022-08-05 13:13:47,grace.gonzales099@dataops.example.com
,2022-08-17,BRL,CAD,1.6512148294,Internal FX,Closing,2022-08-17 00:28:08,ryan.steele043@commerce.example.com
,2022-08-07,MXN,JPY,0.4420201667,Bloomberg,Closing,2022-08-07 21:59:29,yolanda.vasquez005@platform.example.com
,2022-08-15,GBP,BRL,1.354217348,Bloomberg,Closing,2022-08-15 22:40:01,taylor.cunningham023@commerce.example.com
,2022-08-21,EUR,AUD,3.1205617984,ECB,Daily,2022-08-21 02:57:38,jennifer.bauer068@analytics.example.com
,2022-08-07,EUR,AED,0.6166311631,Internal FX,Spot,2022-08-07 16:10:17,micheal.chen050@dataops.example.com
,2022-08-27,EUR,AED,1.6171845799,ECB,Spot,2022-08-27 18:40:59,susan.rice083@commerce.example.com
,2022-08-01,CAD,USD,1.6999836125,Bloomberg,Closing,2022-08-01 01:10:49,troy.boone097@platform.example.com
,2022-08-07,CAD,USD,1.9395085615,Internal FX,Spot,2022-08-07 08:41:55,lisa.kim091@platform.example.com
,2022-08-19,GBP,INR,1.2943048883,ECB,Closing,2022-08-19 20:44:10,megan.cunningham013@commerce.example.com
,2022-08-20,AUD,INR,3.0873580845,ECB,Spot,2022-08-20 12:43:49,jennifer.hudson020@analytics.example.com
,2022-08-31,MXN,CAD,1.6287326577,ECB,Closing,2022-08-31 02:58:56,micheal.chen050@dataops.example.com
,2022-08-22,GBP,CAD,1.7698416776,Bloomberg,Daily,2022-08-22 14:00:11,kevin.mathews014@analytics.example.com
,2022-08-26,MXN,EUR,0.4596075302,ECB,Daily,2022-08-26 14:29:12,jason.franklin045@dataops.example.com
,2022-08-08,USD,MXN,0.852483025,Internal FX,Closing,2022-08-08 09:46:31,craig.johnson106@analytics.example.com
,2022-08-05,EUR,AED,1.3058277778,Internal FX,Daily,2022-08-05 19:55:10,michael.johnson061@platform.example.com
,2022-08-11,SGD,USD,2.6604295416,ECB,Closing,2022-08-11 05:07:12,renee.harvey080@dataops.example.com
,2022-08-13,INR,EUR,2.9170646502,Internal FX,Closing,2022-08-13 11:40:35,peter.martinez098@platform.example.com
,2022-08-04,MXN,USD,4.0111666973,ECB,Spot,2022-08-04 01:28:54,grace.gonzales099@dataops.example.com
,2022-08-30,JPY,EUR,0.6572467335,Bloomberg,Daily,2022-08-30 12:20:08,michelle.bender024@analytics.example.com
,2022-08-12,AED,JPY,2.0025343522,Reuters,Daily,2022-08-12 13:29:30,eric.horton058@analytics.example.com
,2022-08-14,USD,JPY,0.7103610982,ECB,Daily,2022-08-14 17:43:07,jennifer.atkins003@platform.example.com
,2022-08-14,INR,CAD,1.3919718704,Internal FX,Closing,2022-08-14 11:02:39,christine.carter078@commerce.example.com
,2022-08-09,AED,GBP,0.5941205173,ECB,Spot,2022-08-09 14:06:14,anita.garcia021@dataops.example.com
,2022-08-13,AED,JPY,2.6934437165,Bloomberg,Spot,2022-08-13 21:36:59,jennifer.atkins003@platform.example.com
,2022-08-30,AUD,INR,0.3285563391,Bloomberg,Spot,2022-08-30 05:45:51,eric.horton058@analytics.example.com
,2022-08-07,JPY,AED,0.5430517248,Reuters,Closing,2022-08-07 17:03:32,brandon.yu006@analytics.example.com
,2022-08-17,EUR,AED,1.8670668819,Reuters,Spot,2022-08-17 05:03:55,jennifer.bauer068@analytics.example.com
,2022-08-14,GBP,INR,2.5197404799,ECB,Spot,2022-08-14 01:04:58,joann.clark089@commerce.example.com
,2022-08-29,GBP,BRL,1.5423126185,Reuters,Daily,2022-08-29 15:04:14,susan.rice083@commerce.example.com
,2022-08-13,GBP,AED,0.5907073456,ECB,Spot,2022-08-13 04:04:00,brandon.yu006@analytics.example.com
,2022-08-03,EUR,SGD,0.7797349394,Bloomberg,Closing,2022-08-03 14:06:00,stephen.daniels076@commerce.example.com
,2022-08-22,INR,USD,0.7761796438,Bloomberg,Spot,2022-08-22 05:50:07,craig.johnson106@analytics.example.com
,2022-08-05,EUR,INR,2.7549074442,Internal FX,Spot,2022-08-05 06:16:18,sylvia.diaz107@dataops.example.com
,2022-08-22,AUD,AED,0.2726641275,Reuters,Spot,2022-08-22 16:03:17,joann.clark089@commerce.example.com
,2022-08-14,INR,BRL,0.6665994812,Bloomberg,Closing,2022-08-14 05:22:08,stephen.clark001@analytics.example.com
,2022-08-05,JPY,AED,2.403767076,Reuters,Spot,2022-08-05 05:32:51,lance.williams029@platform.example.com
,2022-08-28,AED,CAD,0.8259471771,Internal FX,Daily,2022-08-28 15:46:46,adam.gordon030@commerce.example.com
,2022-08-14,INR,GBP,2.1654917425,ECB,Spot,2022-08-14 11:15:17,micheal.chen050@dataops.example.com
,2022-08-04,GBP,AED,0.599075818,Internal FX,Closing,2022-08-04 19:11:10,andrew.ellis102@analytics.example.com
,2022-08-18,SGD,EUR,0.5113528044,Internal FX,Spot,2022-08-18 09:15:58,andrea.cummings039@platform.example.com
,2022-08-03,AED,USD,0.6464572328,Bloomberg,Spot,2022-08-03 06:36:07,jimmy.washington028@commerce.example.com
,2022-08-27,INR,EUR,5.3749887722,Bloomberg,Closing,2022-08-27 21:01:01,victoria.medina044@dataops.example.com
,2022-08-11,AED,JPY,0.4981761511,Reuters,Daily,2022-08-11 14:23:01,stephen.daniels076@commerce.example.com
,2022-08-03,JPY,CAD,0.9223981888,ECB,Spot,2022-08-03 18:29:28,patrick.gonzalez035@dataops.example.com
,2022-08-31,GBP,AUD,1.6852412982,Reuters,Spot,2022-08-31 13:50:44,taylor.cunningham023@commerce.example.com
,2022-08-06,CAD,INR,0.2693677095,Reuters,Spot,2022-08-06 14:10:21,alyssa.richards002@commerce.example.com
,2022-08-19,AED,JPY,0.2127967732,Bloomberg,Spot,2022-08-19 17:09:53,darren.anderson025@dataops.example.com
,2022-08-23,USD,BRL,1.5289635993,ECB,Daily,2022-08-23 17:39:54,adam.gordon030@commerce.example.com
,2022-08-24,JPY,SGD,0.4102967109,Bloomberg,Spot,2022-08-24 16:42:32,kevin.mathews014@analytics.example.com
,2022-08-07,EUR,CAD,0.807494136,Reuters,Daily,2022-08-07 10:01:31,jennifer.hudson020@analytics.example.com
,2022-08-26,AED,SGD,2.5506568948,Bloomberg,Closing,2022-08-26 23:22:34,david.cabrera119@dataops.example.com
,2022-08-17,EUR,AED,0.8376514249,Internal FX,Closing,2022-08-17 19:03:26,alyssa.richards002@commerce.example.com
,2022-08-24,BRL,SGD,1.7334534557,ECB,Spot,2022-08-24 00:58:27,john.mullins109@commerce.example.com
,2022-08-25,AED,SGD,1.2185917677,Bloomberg,Spot,2022-08-25 17:14:10,brian.taylor114@analytics.example.com
,2022-08-22,SGD,AUD,1.459034855,Reuters,Daily,2022-08-22 14:11:53,alyssa.richards002@commerce.example.com
,2022-08-09,INR,CAD,4.7229090177,ECB,Closing,2022-08-09 16:24:54,craig.johnson106@analytics.example.com
,2022-08-15,MXN,AED,2.0592601479,Reuters,Daily,2022-08-15 22:14:23,tina.williams074@commerce.example.com
,2022-08-26,INR,GBP,0.9903031614,Internal FX,Daily,2022-08-26 02:40:52,joann.clark089@commerce.example.com
,2022-08-26,USD,AED,0.8914056637,Bloomberg,Daily,2022-08-26 01:52:39,michael.berger060@platform.example.com
,2022-08-18,MXN,EUR,1.7032866438,ECB,Spot,2022-08-18 16:29:58,jennifer.atkins003@platform.example.com
,2022-08-29,JPY,INR,1.0695140803,ECB,Daily,2022-08-29 15:53:31,brandon.yu006@analytics.example.com
,2022-08-06,CAD,AUD,3.7764106261,ECB,Closing,2022-08-06 09:26:02,andrew.ellis102@analytics.example.com
,2022-08-21,CAD,USD,1.7670600723,ECB,Daily,2022-08-21 17:58:49,micheal.hall064@dataops.example.com
,2022-08-30,INR,EUR,0.8076002258,ECB,Daily,2022-08-30 19:20:02,stephen.daniels076@commerce.example.com
,2022-08-20,CAD,GBP,1.3931626423,ECB,Spot,2022-08-20 00:43:47,jimmy.washington028@commerce.example.com
,2022-08-31,INR,USD,0.5337025567,Reuters,Closing,2022-08-31 17:07:41,john.mullins109@commerce.example.com
,2022-08-28,INR,USD,0.634521746,Bloomberg,Closing,2022-08-28 00:33:14,grace.gonzales099@dataops.example.com
,2022-08-29,SGD,BRL,0.7319034045,ECB,Spot,2022-08-29 05:40:18,patrick.gonzalez035@dataops.example.com
,2022-08-19,MXN,CAD,0.4627964897,Bloomberg,Spot,2022-08-19 08:00:05,timothy.cannon081@analytics.example.com
,2022-08-01,SGD,GBP,1.1816637879,Reuters,Closing,2022-08-01 23:30:02,ryan.steele043@commerce.example.com
,2022-08-19,EUR,INR,0.2864020478,Reuters,Spot,2022-08-19 06:31:59,michael.johnson061@platform.example.com
,2022-08-20,SGD,AED,0.5184908292,ECB,Spot,2022-08-20 14:18:05,darren.anderson025@dataops.example.com
,2022-08-07,BRL,INR,0.2017503317,ECB,Spot,2022-08-07 11:27:09,victor.palmer071@platform.example.com
,2022-08-21,SGD,AUD,1.3655495125,ECB,Spot,2022-08-21 03:03:14,eric.mullen052@dataops.example.com
,2022-08-02,GBP,MXN,2.1199913836,Bloomberg,Daily,2022-08-02 18:04:35,sylvia.diaz107@dataops.example.com
,2022-08-27,JPY,SGD,0.7806312874,ECB,Daily,2022-08-27 01:04:51,timothy.cannon081@analytics.example.com
,2022-08-03,BRL,AUD,1.3914450867,Reuters,Spot,2022-08-03 14:25:12,andrew.ellis102@analytics.example.com
,2022-08-09,EUR,JPY,1.1665038787,ECB,Closing,2022-08-09 18:30:33,brian.taylor114@analytics.example.com
,2022-08-11,BRL,AUD,3.2002269542,Bloomberg,Daily,2022-08-11 13:00:00,megan.cunningham013@commerce.example.com
,2022-08-18,JPY,AUD,0.8942761223,ECB,Closing,2022-08-18 03:46:14,jennifer.bauer068@analytics.example.com
,2022-08-23,SGD,MXN,2.0118846913,Internal FX,Spot,2022-08-23 06:02:40,joseph.johnson049@dataops.example.com
,2022-08-27,GBP,EUR,0.7274673438,Bloomberg,Daily,2022-08-27 13:58:45,michelle.sims041@analytics.example.com
,2022-08-23,JPY,BRL,3.9787690091,Internal FX,Closing,2022-08-23 14:00:08,yesenia.arnold040@platform.example.com
,2022-08-01,INR,CAD,0.5303214754,Reuters,Daily,2022-08-01 01:56:44,timothy.cameron104@commerce.example.com
,2022-08-28,MXN,AUD,0.6523183834,ECB,Closing,2022-08-28 11:54:54,grace.gonzales099@dataops.example.com
,2022-08-08,EUR,USD,0.4096959589,Internal FX,Daily,2022-08-08 01:44:48,susan.rice083@commerce.example.com
,2022-08-06,AED,BRL,0.5537745761,Reuters,Spot,2022-08-06 04:57:23,brandon.yu006@analytics.example.com
,2022-08-26,BRL,AUD,0.5518909941,Internal FX,Spot,2022-08-26 17:09:09,troy.boone097@platform.example.com
,2022-08-02,MXN,EUR,1.592319457,Internal FX,Spot,2022-08-02 07:18:54,michelle.sims041@analytics.example.com
,2022-08-30,BRL,AUD,1.7906764527,ECB,Closing,2022-08-30 20:55:19,timothy.cannon081@analytics.example.com
,2022-08-14,INR,AUD,2.2367851206,Internal FX,Daily,2022-08-14 19:19:52,renee.harvey080@dataops.example.com
,2022-08-13,AUD,EUR,0.4752602222,Bloomberg,Daily,2022-08-13 20:29:30,susan.rice083@commerce.example.com
,2022-08-22,INR,CAD,0.5798810458,Reuters,Spot,2022-08-22 04:08:50,stephen.clark001@analytics.example.com
,2022-08-27,USD,SGD,3.9526029222,Internal FX,Daily,2022-08-27 14:09:08,renee.harvey080@dataops.example.com
,2022-08-24,SGD,JPY,1.6744275752,Bloomberg,Daily,2022-08-24 14:06:37,brandi.carter038@dataops.example.com
,2022-08-29,GBP,CAD,1.94393442,Reuters,Daily,2022-08-29 21:48:54,timothy.cannon081@analytics.example.com
,2022-08-28,INR,BRL,0.3590285834,ECB,Daily,2022-08-28 18:57:03,david.cabrera119@dataops.example.com
,2022-08-22,JPY,SGD,1.5828184569,Bloomberg,Closing,2022-08-22 09:07:03,timothy.cameron104@commerce.example.com
,2022-08-30,AUD,CAD,0.4768353926,Reuters,Spot,2022-08-30 09:55:14,yesenia.arnold040@platform.example.com
,2022-08-21,CAD,USD,0.2995161407,Reuters,Daily,2022-08-21 06:06:59,darren.anderson025@dataops.example.com
,2022-08-21,BRL,SGD,0.7237079482,ECB,Spot,2022-08-21 16:42:09,jennifer.bauer068@analytics.example.com
,2022-08-19,AUD,USD,0.3522740207,Internal FX,Daily,2022-08-19 07:01:00,david.cabrera119@dataops.example.com
,2022-08-12,SGD,JPY,2.3243908548,Reuters,Closing,2022-08-12 14:49:20,maria.ashley046@analytics.example.com
,2022-08-08,AUD,BRL,0.3633439708,ECB,Closing,2022-08-08 22:52:50,jason.franklin045@dataops.example.com
,2022-08-02,USD,JPY,1.6125724761,ECB,Spot,2022-08-02 09:19:03,eric.horton058@analytics.example.com
,2022-08-11,AED,MXN,0.2049555286,Bloomberg,Daily,2022-08-11 10:19:31,megan.cunningham013@commerce.example.com
,2022-08-28,EUR,AED,0.7390570504,Reuters,Spot,2022-08-28 14:49:33,patrick.gonzalez035@dataops.example.com
,2022-08-01,CAD,GBP,0.3307676727,ECB,Spot,2022-08-01 01:55:43,eric.horton058@analytics.example.com
,2022-08-09,EUR,GBP,0.4065228701,Internal FX,Spot,2022-08-09 01:46:13,darren.anderson025@dataops.example.com
,2022-08-04,CAD,USD,1.6740828228,Reuters,Closing,2022-08-04 07:21:10,christine.carter078@commerce.example.com
,2022-08-05,MXN,SGD,0.8716445668,ECB,Daily,2022-08-05 16:18:29,tina.williams074@commerce.example.com
,2022-08-15,BRL,MXN,0.2235603269,ECB,Closing,2022-08-15 11:04:14,kevin.mathews014@analytics.example.com
,2022-08-02,INR,CAD,1.0165640111,Reuters,Spot,2022-08-02 14:39:21,tiffany.freeman101@analytics.example.com
,2022-08-05,USD,GBP,1.5134604451,ECB,Daily,2022-08-05 04:49:24,victor.palmer071@platform.example.com
,2022-08-17,EUR,SGD,0.7573489475,ECB,Closing,2022-08-17 04:54:29,john.mullins109@commerce.example.com
,2022-08-31,MXN,AED,2.092388325,Bloomberg,Spot,2022-08-31 13:46:17,michael.berger060@platform.example.com
,2022-08-31,EUR,MXN,5.0664172905,Reuters,Spot,2022-08-31 00:27:36,renee.harvey080@dataops.example.com
,2022-08-08,USD,MXN,0.501246542,Reuters,Spot,2022-08-08 02:33:09,lisa.kim091@platform.example.com
,2022-08-12,CAD,GBP,1.4176867684,Reuters,Daily,2022-08-12 14:12:34,jennifer.hudson020@analytics.example.com
,2022-08-10,SGD,BRL,1.7169508618,Reuters,Spot,2022-08-10 09:53:42,michael.berger060@platform.example.com
,2022-08-29,GBP,CAD,0.778629622,ECB,Closing,2022-08-29 05:42:26,troy.boone097@platform.example.com
,2022-08-06,GBP,MXN,1.553416367,Reuters,Spot,2022-08-06 11:27:18,michelle.sims041@analytics.example.com
,2022-08-08,MXN,AUD,0.8904000092,ECB,Daily,2022-08-08 13:04:39,kevin.mathews014@analytics.example.com
,2022-08-07,JPY,BRL,0.590424232,ECB,Spot,2022-08-07 18:31:46,anita.garcia021@dataops.example.com
,2022-08-20,AED,USD,1.133130391,Bloomberg,Daily,2022-08-20 00:55:50,yesenia.arnold040@platform.example.com
,2022-08-13,AUD,INR,3.5359638232,Internal FX,Daily,2022-08-13 02:14:46,anita.garcia021@dataops.example.com
,2022-08-05,SGD,MXN,1.0935312673,Reuters,Daily,2022-08-05 01:02:46,victor.palmer071@platform.example.com
,2022-08-26,USD,JPY,0.2343772518,ECB,Closing,2022-08-26 14:04:42,jennifer.atkins003@platform.example.com
,2022-08-10,SGD,AED,1.9687339631,Reuters,Daily,2022-08-10 12:07:22,eric.horton058@analytics.example.com
,2022-08-03,CAD,GBP,5.4607413827,Internal FX,Spot,2022-08-03 03:05:13,christine.johnson056@commerce.example.com
,2022-08-09,SGD,BRL,2.554392781,ECB,Spot,2022-08-09 07:50:51,christine.carter078@commerce.example.com
,2022-08-09,CAD,INR,0.3583514161,ECB,Closing,2022-08-09 11:50:33,tina.williams074@commerce.example.com
,2022-08-29,AUD,USD,0.3638985484,Bloomberg,Closing,2022-08-29 01:41:29,jennifer.hudson020@analytics.example.com
,2022-08-26,AUD,INR,0.4805929353,Internal FX,Spot,2022-08-26 00:10:47,stephen.daniels076@commerce.example.com
,2022-08-10,MXN,GBP,5.7213850788,ECB,Closing,2022-08-10 21:14:10,adam.gordon030@commerce.example.com
,2022-08-10,JPY,BRL,1.6163484888,Reuters,Spot,2022-08-10 10:17:37,brandon.yu006@analytics.example.com
,2022-08-03,AUD,AED,2.1157500599,Bloomberg,Spot,2022-08-03 11:25:46,michael.berger060@platform.example.com
,2022-08-26,BRL,GBP,0.118069845,Reuters,Daily,2022-08-26 20:03:21,anita.garcia021@dataops.example.com
,2022-08-21,JPY,MXN,0.5817077045,ECB,Spot,2022-08-21 05:44:07,patrick.gonzalez035@dataops.example.com
,2022-08-23,AED,JPY,0.7250533656,Reuters,Spot,2022-08-23 17:51:09,lance.williams029@platform.example.com
,2022-08-06,AED,CAD,1.034577457,Reuters,Closing,2022-08-06 10:00:06,jennifer.bauer068@analytics.example.com
,2022-08-12,SGD,JPY,1.8464686455,Reuters,Daily,2022-08-12 07:16:23,jeffery.miller012@commerce.example.com
,2022-08-02,BRL,INR,1.6754526058,ECB,Closing,2022-08-02 09:08:20,peter.martinez098@platform.example.com
,2022-08-03,MXN,BRL,1.8319259296,Bloomberg,Closing,2022-08-03 04:22:14,patrick.gonzalez035@dataops.example.com
,2022-08-08,BRL,GBP,2.1523442302,Reuters,Closing,2022-08-08 19:05:09,troy.boone097@platform.example.com
,2022-08-14,CAD,EUR,0.5179438673,ECB,Daily,2022-08-14 17:22:59,micheal.hall064@dataops.example.com
,2022-08-22,BRL,AED,0.4288835534,Internal FX,Spot,2022-08-22 12:21:33,anita.garcia021@dataops.example.com
,2022-08-11,SGD,BRL,0.9142644095,ECB,Closing,2022-08-11 05:54:21,stephen.daniels076@commerce.example.com
,2022-08-05,SGD,AUD,1.5537831804,Reuters,Spot,2022-08-05 00:46:04,katelyn.pitts017@commerce.example.com
,2022-08-17,CAD,AED,1.0015373252,Reuters,Closing,2022-08-17 02:18:28,andrea.cummings039@platform.example.com
,2022-08-01,SGD,MXN,2.2723018817,Reuters,Closing,2022-08-01 20:55:34,patrick.gonzalez035@dataops.example.com
,2022-08-16,MXN,AUD,0.6834642767,Bloomberg,Closing,2022-08-16 22:53:56,micheal.hall064@dataops.example.com
,2022-08-05,INR,CAD,0.6988457734,ECB,Daily,2022-08-05 13:41:14,victoria.medina044@dataops.example.com
,2022-08-09,BRL,USD,0.9576447091,Reuters,Daily,2022-08-09 09:15:21,david.cabrera119@dataops.example.com
,2022-08-06,JPY,INR,0.1450539051,ECB,Closing,2022-08-06 05:11:56,jennifer.atkins003@platform.example.com
,2022-08-27,SGD,AED,2.1956278806,Bloomberg,Daily,2022-08-27 02:21:50,lance.williams029@platform.example.com
,2022-08-03,CAD,MXN,0.7001893702,ECB,Spot,2022-08-03 17:12:26,amy.holmes103@dataops.example.com
,2022-08-08,INR,BRL,1.3865366413,Reuters,Daily,2022-08-08 21:30:25,brandon.yu006@analytics.example.com
,2022-08-14,SGD,INR,1.5067875444,ECB,Spot,2022-08-14 16:11:50,timothy.cannon081@analytics.example.com
,2022-08-24,EUR,JPY,1.9761506487,ECB,Closing,2022-08-24 15:43:14,chelsea.patel065@commerce.example.com
,2022-08-15,AED,EUR,0.5017390436,Bloomberg,Daily,2022-08-15 02:57:00,patrick.gonzalez035@dataops.example.com
,2022-08-26,MXN,CAD,0.8641258294,Reuters,Closing,2022-08-26 23:07:07,amy.holmes103@dataops.example.com
,2022-08-08,AED,USD,0.6987130876,Internal FX,Spot,2022-08-08 00:09:22,shawn.baxter004@dataops.example.com
,2022-08-24,INR,GBP,1.2857071415,ECB,Closing,2022-08-24 01:06:24,jason.franklin045@dataops.example.com
,2022-08-30,MXN,CAD,5.1331403999,Bloomberg,Closing,2022-08-30 15:10:19,amy.holmes103@dataops.example.com
,2022-08-22,EUR,AED,1.1145893655,ECB,Daily,2022-08-22 00:23:55,timothy.cannon081@analytics.example.com
,2022-08-11,SGD,USD,2.2641810523,Reuters,Spot,2022-08-11 13:40:24,yesenia.arnold040@platform.example.com
,2022-08-07,EUR,BRL,0.3661275472,Reuters,Spot,2022-08-07 00:50:11,stephen.daniels076@commerce.example.com
,2022-08-14,BRL,EUR,0.244567444,ECB,Closing,2022-08-14 23:42:26,michelle.bender024@analytics.example.com
,2022-08-14,MXN,USD,0.3294940312,Bloomberg,Closing,2022-08-14 12:27:07,peter.martinez098@platform.example.com
,2022-08-05,MXN,BRL,0.8746043929,Bloomberg,Closing,2022-08-05 03:05:07,john.mullins109@commerce.example.com
,2022-08-19,JPY,EUR,0.9271851962,Reuters,Spot,2022-08-19 19:00:10,shawn.baxter004@dataops.example.com
,2022-08-14,BRL,JPY,0.6829742765,Internal FX,Spot,2022-08-14 22:04:55,yolanda.vasquez005@platform.example.com
,2022-08-27,BRL,AUD,1.8604032919,Internal FX,Closing,2022-08-27 11:04:27,victoria.medina044@dataops.example.com
,2022-08-15,EUR,AUD,1.0908865819,Internal FX,Spot,2022-08-15 01:21:48,taylor.cunningham023@commerce.example.com
,2022-08-21,JPY,INR,1.5522486293,Bloomberg,Spot,2022-08-21 08:20:57,brandon.yu006@analytics.example.com
,2022-08-06,AED,GBP,0.3614452039,Internal FX,Closing,2022-08-06 09:02:20,yesenia.arnold040@platform.example.com
,2022-08-17,JPY,BRL,1.1928040876,Internal FX,Closing,2022-08-17 15:15:55,stephen.clark001@analytics.example.com
,2022-08-01,JPY,EUR,1.1033990761,Bloomberg,Closing,2022-08-01 13:12:39,kelsey.taylor010@platform.example.com
,2022-08-10,AED,BRL,0.4776719094,Bloomberg,Closing,2022-08-10 14:44:19,susan.rice083@commerce.example.com
,2022-08-01,GBP,CAD,1.6473685927,Reuters,Closing,2022-08-01 15:27:58,james.proctor094@dataops.example.com
,2022-08-27,SGD,JPY,0.4067737439,ECB,Spot,2022-08-27 19:04:19,jason.franklin045@dataops.example.com
,2022-08-14,MXN,INR,4.3628373001,Reuters,Spot,2022-08-14 03:48:10,michelle.sims041@analytics.example.com
,2022-08-28,USD,JPY,0.917885513,Internal FX,Closing,2022-08-28 02:12:27,peter.martinez098@platform.example.com
,2022-08-02,MXN,GBP,0.9665070936,Bloomberg,Spot,2022-08-02 11:37:29,susan.rice083@commerce.example.com
,2022-08-16,AED,JPY,0.6931547786,Bloomberg,Spot,2022-08-16 07:38:06,megan.cunningham013@commerce.example.com
,2022-08-23,AUD,USD,1.775046275,Bloomberg,Daily,2022-08-23 06:44:04,maria.ashley046@analytics.example.com
,2022-08-03,USD,MXN,0.5350134925,Bloomberg,Closing,2022-08-03 06:53:07,renee.harvey080@dataops.example.com
,2022-08-02,EUR,BRL,1.4653650333,ECB,Spot,2022-08-02 01:59:40,christine.johnson056@commerce.example.com
,2022-08-30,AUD,SGD,2.5633428721,ECB,Closing,2022-08-30 09:58:09,timothy.cameron104@commerce.example.com
,2022-08-15,AED,GBP,1.6809947669,Internal FX,Daily,2022-08-15 03:30:15,taylor.cunningham023@commerce.example.com
,2022-08-27,JPY,GBP,1.42061102,ECB,Closing,2022-08-27 13:56:44,timothy.cameron104@commerce.example.com
,2022-08-31,INR,JPY,1.4055782228,Reuters,Spot,2022-08-31 13:13:03,kevin.mathews014@analytics.example.com
,2022-08-10,AED,JPY,3.1769327125,Internal FX,Closing,2022-08-10 18:16:51,lisa.kim091@platform.example.com
,2022-08-27,INR,MXN,1.9070185843,Reuters,Closing,2022-08-27 16:04:32,christine.carter078@commerce.example.com
,2022-08-30,GBP,BRL,2.7824916339,Bloomberg,Closing,2022-08-30 21:12:17,jennifer.atkins003@platform.example.com
,2022-08-05,CAD,JPY,0.4410965656,ECB,Closing,2022-08-05 03:40:50,jeffery.miller012@commerce.example.com
,2022-08-17,AUD,SGD,0.9489077702,Reuters,Spot,2022-08-17 04:27:08,yolanda.vasquez005@platform.example.com
,2022-08-26,JPY,CAD,1.7084989006,Internal FX,Spot,2022-08-26 22:39:45,adam.gordon030@commerce.example.com
,2022-08-06,AUD,GBP,1.1667464722,Reuters,Daily,2022-08-06 18:30:08,micheal.chen050@dataops.example.com
,2022-08-01,AUD,JPY,1.9443218124,ECB,Closing,2022-08-01 16:34:05,victoria.medina044@dataops.example.com
,2022-08-25,CAD,BRL,0.8191912654,ECB,Spot,2022-08-25 20:55:18,brandi.carter038@dataops.example.com
,2022-08-29,USD,GBP,1.27773882,Internal FX,Spot,2022-08-29 04:57:57,kelsey.taylor010@platform.example.com
,2022-08-11,AUD,JPY,0.5880909424,Bloomberg,Closing,2022-08-11 20:38:10,yolanda.vasquez005@platform.example.com
,2022-08-31,JPY,AUD,4.0258949661,Reuters,Closing,2022-08-31 14:37:23,maria.ashley046@analytics.example.com
,2022-08-15,INR,CAD,0.3337151522,ECB,Spot,2022-08-15 18:02:47,eric.horton058@analytics.example.com
,2022-08-05,BRL,AUD,0.4335865565,Bloomberg,Spot,2022-08-05 07:27:18,megan.cunningham013@commerce.example.com
,2022-08-08,EUR,JPY,3.6067542387,Bloomberg,Daily,2022-08-08 01:00:25,shawn.baxter004@dataops.example.com
,2022-08-08,EUR,MXN,1.1427583673,ECB,Spot,2022-08-08 14:12:02,david.cabrera119@dataops.example.com
,2022-08-26,MXN,INR,0.8636512502,ECB,Daily,2022-08-26 04:04:41,lance.williams029@platform.example.com
,2022-08-20,JPY,INR,0.4604241272,ECB,Closing,2022-08-20 16:40:59,troy.boone097@platform.example.com
,2022-08-16,AED,INR,0.5430606846,Internal FX,Closing,2022-08-16 15:49:11,darren.anderson025@dataops.example.com
,2022-08-10,EUR,INR,0.6877944041,Reuters,Daily,2022-08-10 04:38:53,joann.clark089@commerce.example.com
,2022-08-30,BRL,EUR,0.1646886342,Bloomberg,Spot,2022-08-30 05:47:34,jeffery.miller012@commerce.example.com
,2022-08-31,GBP,INR,0.4793395651,ECB,Closing,2022-08-31 16:53:31,troy.boone097@platform.example.com
,2022-08-19,SGD,BRL,0.5624380727,Reuters,Daily,2022-08-19 08:29:52,michael.johnson061@platform.example.com
,2022-08-04,INR,USD,1.2372874555,ECB,Daily,2022-08-04 14:05:00,andrew.ellis102@analytics.example.com
,2022-08-14,CAD,BRL,2.6663705886,Bloomberg,Closing,2022-08-14 06:27:22,micheal.hall064@dataops.example.com
,2022-08-31,BRL,AUD,0.6356304266,ECB,Daily,2022-08-31 02:44:19,patrick.gonzalez035@dataops.example.com
,2022-08-19,AUD,BRL,0.5431702174,Internal FX,Daily,2022-08-19 08:37:37,michelle.sims041@analytics.example.com
,2022-08-03,SGD,INR,0.2858919538,ECB,Daily,2022-08-03 22:12:16,craig.johnson106@analytics.example.com
,2022-08-25,BRL,AUD,0.4356892308,Bloomberg,Daily,2022-08-25 03:22:59,amy.holmes103@dataops.example.com
,2022-08-05,GBP,EUR,1.6205209323,Reuters,Closing,2022-08-05 15:07:41,shawn.baxter004@dataops.example.com
,2022-08-04,CAD,MXN,1.754114225,Bloomberg,Spot,2022-08-04 12:56:56,micheal.chen050@dataops.example.com
,2022-08-16,BRL,USD,1.6510537634,ECB,Daily,2022-08-16 13:48:26,darren.anderson025@dataops.example.com
,2022-08-09,EUR,GBP,0.951935196,Internal FX,Closing,2022-08-09 21:28:15,james.proctor094@dataops.example.com
,2022-08-16,INR,AUD,0.8448819735,Bloomberg,Spot,2022-08-16 16:44:13,james.proctor094@dataops.example.com
,2022-08-22,USD,AED,1.2762947687,Internal FX,Spot,2022-08-22 01:08:05,lance.williams029@platform.example.com
,2022-08-28,JPY,USD,0.2881762538,ECB,Daily,2022-08-28 16:31:14,maria.ashley046@analytics.example.com
,2022-08-13,BRL,AED,0.9277114341,Internal FX,Spot,2022-08-13 22:15:58,michelle.bender024@analytics.example.com
,2022-08-15,INR,AUD,0.4086637957,Bloomberg,Closing,2022-08-15 23:25:33,andrew.ellis102@analytics.example.com
,2022-08-08,GBP,CAD,0.8701498046,Bloomberg,Spot,2022-08-08 19:50:11,jennifer.hudson020@analytics.example.com
,2022-08-02,BRL,AUD,1.8746193921,ECB,Spot,2022-08-02 09:53:31,ryan.steele043@commerce.example.com
,2022-08-10,CAD,MXN,2.3673396002,Reuters,Spot,2022-08-10 13:30:24,michael.johnson061@platform.example.com
,2022-08-23,SGD,AUD,1.782589887,ECB,Closing,2022-08-23 01:36:52,amy.holmes103@dataops.example.com
,2022-08-17,JPY,AUD,1.0461548979,Internal FX,Spot,2022-08-17 01:52:59,stephen.clark001@analytics.example.com
,2022-08-21,MXN,GBP,1.2835688769,Bloomberg,Daily,2022-08-21 23:03:49,maria.ashley046@analytics.example.com
,2022-08-27,EUR,USD,0.3218085724,Bloomberg,Daily,2022-08-27 18:58:50,lance.williams029@platform.example.com
,2022-08-31,AED,AUD,0.5891848194,Reuters,Daily,2022-08-31 22:04:36,brandi.carter038@dataops.example.com
,2022-08-29,JPY,USD,0.8231574364,ECB,Closing,2022-08-29 03:20:27,david.cabrera119@dataops.example.com
,2022-08-25,AUD,USD,1.7312591153,Internal FX,Closing,2022-08-25 06:41:04,sylvia.diaz107@dataops.example.com
,2022-08-14,BRL,AED,0.6713025226,Bloomberg,Daily,2022-08-14 16:51:57,patrick.gonzalez035@dataops.example.com
,2022-08-27,MXN,USD,1.7835891394,Reuters,Closing,2022-08-27 09:19:35,andrea.cummings039@platform.example.com
,2022-08-16,MXN,SGD,0.6724267789,Internal FX,Daily,2022-08-16 10:44:01,stephen.daniels076@commerce.example.com
,2022-08-04,AUD,EUR,2.4949772309,Reuters,Daily,2022-08-04 10:02:32,megan.cunningham013@commerce.example.com
,2022-08-03,MXN,BRL,1.749791232,Reuters,Daily,2022-08-03 01:06:42,lance.williams029@platform.example.com
,2022-08-27,BRL,SGD,0.7240105866,Bloomberg,Daily,2022-08-27 08:56:32,andrea.cummings039@platform.example.com
,2022-08-28,BRL,CAD,1.4697340778,ECB,Spot,2022-08-28 17:08:53,tiffany.freeman101@analytics.example.com
,2022-08-25,CAD,USD,1.272811013,Reuters,Spot,2022-08-25 07:57:20,chelsea.patel065@commerce.example.com
,2022-08-17,CAD,BRL,1.4680840961,ECB,Spot,2022-08-17 22:52:18,joann.clark089@commerce.example.com
,2022-08-31,AED,MXN,0.8519924254,Reuters,Closing,2022-08-31 05:51:51,jason.franklin045@dataops.example.com
,2022-08-18,SGD,USD,2.6120161894,Bloomberg,Daily,2022-08-18 18:02:34,brian.taylor114@analytics.example.com
,2022-08-27,MXN,AED,0.4609030273,Internal FX,Closing,2022-08-27 17:01:36,david.cabrera119@dataops.example.com
,2022-08-28,JPY,EUR,0.6343013169,ECB,Spot,2022-08-28 15:27:55,maria.ashley046@analytics.example.com
,2022-08-20,INR,USD,2.2268082703,Reuters,Spot,2022-08-20 22:08:43,tiffany.freeman101@analytics.example.com
,2022-08-29,CAD,AED,2.4109733767,Bloomberg,Closing,2022-08-29 07:39:31,taylor.cunningham023@commerce.example.com
,2022-08-23,BRL,GBP,2.8016283992,Reuters,Closing,2022-08-23 01:37:04,ryan.steele043@commerce.example.com
,2022-08-02,EUR,GBP,1.8753586265,Bloomberg,Closing,2022-08-02 01:53:56,andrew.ellis102@analytics.example.com
,2022-08-21,BRL,JPY,1.293387435,Internal FX,Closing,2022-08-21 15:51:24,brandi.carter038@dataops.example.com
,2022-08-22,SGD,INR,0.3587208396,Reuters,Closing,2022-08-22 06:13:04,renee.harvey080@dataops.example.com
,2022-08-22,AUD,USD,3.8709082845,Reuters,Closing,2022-08-22 12:10:14,stephen.daniels076@commerce.example.com
,2022-08-18,AUD,SGD,0.8163985464,Internal FX,Closing,2022-08-18 10:58:53,david.cabrera119@dataops.example.com
,2022-08-15,USD,INR,0.8283596993,ECB,Closing,2022-08-15 17:06:07,victoria.medina044@dataops.example.com
,2022-08-24,MXN,SGD,1.2458328814,ECB,Spot,2022-08-24 13:10:04,tina.williams074@commerce.example.com
,2022-08-06,EUR,MXN,0.1702674712,Reuters,Closing,2022-08-06 07:50:47,darren.anderson025@dataops.example.com
,2022-08-09,CAD,AUD,0.904737568,Reuters,Daily,2022-08-09 11:27:10,michelle.bender024@analytics.example.com
,2022-08-05,EUR,MXN,2.7830793041,ECB,Daily,2022-08-05 04:49:09,renee.harvey080@dataops.example.com
,2022-08-15,AED,BRL,2.7330764235,Bloomberg,Spot,2022-08-15 13:40:58,tiffany.freeman101@analytics.example.com
,2022-08-23,BRL,EUR,0.5651190758,Bloomberg,Closing,2022-08-23 11:35:20,alyssa.richards002@commerce.example.com
,2022-08-14,INR,GBP,0.6856056543,Internal FX,Daily,2022-08-14 21:31:10,eric.mullen052@dataops.example.com
,2022-08-25,INR,USD,0.8171747565,Reuters,Daily,2022-08-25 18:19:08,craig.johnson106@analytics.example.com
,2022-08-08,AUD,GBP,2.1147621118,ECB,Closing,2022-08-08 15:22:53,micheal.hall064@dataops.example.com
,2022-08-01,USD,SGD,1.8104819761,Reuters,Closing,2022-08-01 12:50:43,christine.carter078@commerce.example.com
,2022-08-20,CAD,BRL,0.5882524114,Internal FX,Closing,2022-08-20 16:56:04,adam.gordon030@commerce.example.com
,2022-08-02,AED,MXN,1.5266168336,Bloomberg,Spot,2022-08-02 07:15:33,michelle.bender024@analytics.example.com
,2022-08-07,GBP,MXN,1.6341877723,Reuters,Closing,2022-08-07 04:39:55,shawn.baxter004@dataops.example.com
,2022-08-06,SGD,JPY,0.7611989312,Bloomberg,Closing,2022-08-06 13:30:12,david.cabrera119@dataops.example.com
,2022-08-01,EUR,BRL,0.1991511132,Reuters,Closing,2022-08-01 08:24:52,brandi.carter038@dataops.example.com
,2022-08-04,SGD,BRL,0.6038636834,Bloomberg,Daily,2022-08-04 19:28:32,kelsey.taylor010@platform.example.com
,2022-08-08,AUD,USD,1.0661047138,ECB,Closing,2022-08-08 15:09:57,timothy.cannon081@analytics.example.com
,2022-08-10,BRL,SGD,2.9316280088,Reuters,Daily,2022-08-10 07:20:32,yesenia.arnold040@platform.example.com
,2022-08-01,AUD,MXN,0.648742806,ECB,Spot,2022-08-01 14:34:21,stephen.clark001@analytics.example.com
,2022-08-17,INR,BRL,4.6079437522,ECB,Closing,2022-08-17 18:01:28,amy.holmes103@dataops.example.com
,2022-08-05,CAD,GBP,1.0805937411,Bloomberg,Daily,2022-08-05 01:47:09,tiffany.freeman101@analytics.example.com
,2022-08-30,MXN,CAD,1.0279522992,ECB,Closing,2022-08-30 22:46:25,brandon.yu006@analytics.example.com
,2022-08-02,SGD,MXN,0.7848769683,Bloomberg,Spot,2022-08-02 17:54:38,tiffany.freeman101@analytics.example.com
,2022-08-11,CAD,JPY,1.0849390566,Bloomberg,Daily,2022-08-11 11:24:54,john.mullins109@commerce.example.com
,2022-08-02,JPY,AED,3.1472684141,Internal FX,Daily,2022-08-02 17:34:32,micheal.chen050@dataops.example.com
,2022-08-09,CAD,AUD,1.1507039523,Bloomberg,Daily,2022-08-09 08:20:08,jennifer.bauer068@analytics.example.com
,2022-08-18,BRL,EUR,0.9698810926,Reuters,Daily,2022-08-18 05:43:48,renee.harvey080@dataops.example.com
,2022-08-13,AED,AUD,1.0460861673,Bloomberg,Spot,2022-08-13 20:44:23,ryan.steele043@commerce.example.com
,2022-08-03,SGD,USD,2.072052322,Bloomberg,Spot,2022-08-03 23:37:50,stephen.clark001@analytics.example.com
,2022-08-26,EUR,CAD,5.8534645684,Internal FX,Closing,2022-08-26 17:18:24,michelle.bender024@analytics.example.com
,2022-08-09,AUD,EUR,1.8246625602,Reuters,Spot,2022-08-09 10:55:10,lance.williams029@platform.example.com
,2022-08-21,EUR,USD,0.9110860082,Bloomberg,Daily,2022-08-21 16:58:04,timothy.cannon081@analytics.example.com
,2022-08-24,GBP,AED,0.2647181962,Reuters,Spot,2022-08-24 20:14:58,michael.johnson061@platform.example.com
,2022-08-31,SGD,AUD,0.4983666481,Internal FX,Spot,2022-08-31 21:01:59,jason.franklin045@dataops.example.com
,2022-08-05,AUD,USD,0.9956344245,ECB,Closing,2022-08-05 18:00:24,michelle.bender024@analytics.example.com
,2022-08-12,BRL,CAD,0.8792829431,Bloomberg,Spot,2022-08-12 09:34:15,jennifer.hudson020@analytics.example.com
,2022-08-19,USD,MXN,1.7113387613,Bloomberg,Spot,2022-08-19 17:51:16,james.proctor094@dataops.example.com
,2022-08-25,JPY,EUR,1.0726320384,ECB,Closing,2022-08-25 19:25:49,maria.ashley046@analytics.example.com
,2022-08-22,MXN,INR,1.7142998055,Reuters,Closing,2022-08-22 09:20:39,stephen.clark001@analytics.example.com
,2022-08-12,GBP,SGD,1.1898735004,Internal FX,Closing,2022-08-12 05:31:33,alyssa.richards002@commerce.example.com
,2022-08-15,SGD,EUR,0.5790768035,ECB,Spot,2022-08-15 23:34:59,darren.anderson025@dataops.example.com
,2022-08-31,INR,USD,1.1935536233,Internal FX,Closing,2022-08-31 12:50:05,stephen.daniels076@commerce.example.com
,2022-08-17,AED,INR,3.1128425531,Reuters,Daily,2022-08-17 04:59:24,joann.clark089@commerce.example.com
,2022-08-21,GBP,JPY,0.7125760907,Internal FX,Spot,2022-08-21 05:52:21,grace.gonzales099@dataops.example.com
,2022-08-17,BRL,CAD,1.660018288,ECB,Daily,2022-08-17 07:26:57,david.cabrera119@dataops.example.com
,2022-08-14,USD,CAD,1.0464226455,Reuters,Closing,2022-08-14 07:02:46,troy.boone097@platform.example.com
,2022-08-15,MXN,SGD,0.7132667497,ECB,Daily,2022-08-15 10:18:02,tina.williams074@commerce.example.com
,2022-08-03,USD,MXN,3.1486975922,Reuters,Spot,2022-08-03 16:58:30,michael.johnson061@platform.example.com
,2022-08-15,AUD,AED,2.1154897303,Internal FX,Daily,2022-08-15 06:43:43,brandon.yu006@analytics.example.com
,2022-08-03,CAD,USD,2.3048291776,ECB,Spot,2022-08-03 20:20:43,tina.williams074@commerce.example.com
,2022-08-26,GBP,JPY,0.3296410149,Reuters,Spot,2022-08-26 17:56:44,kelsey.taylor010@platform.example.com
,2022-08-15,SGD,BRL,0.365261045,Reuters,Daily,2022-08-15 01:36:03,yesenia.arnold040@platform.example.com
,2022-08-26,JPY,INR,0.5201535831,Internal FX,Daily,2022-08-26 23:50:41,micheal.chen050@dataops.example.com
,2022-08-05,MXN,JPY,1.9638294627,Reuters,Spot,2022-08-05 12:54:22,susan.rice083@commerce.example.com
,2022-08-01,EUR,SGD,1.6927662611,ECB,Closing,2022-08-01 07:42:49,eric.horton058@analytics.example.com
,2022-08-07,JPY,SGD,0.6434311099,Internal FX,Spot,2022-08-07 03:08:20,lisa.kim091@platform.example.com
,2022-08-03,BRL,USD,0.6030971361,Bloomberg,Daily,2022-08-03 16:18:33,craig.johnson106@analytics.example.com
,2022-08-19,SGD,MXN,1.6401839372,Reuters,Closing,2022-08-19 12:14:15,anita.garcia021@dataops.example.com
,2022-08-28,BRL,MXN,0.6311943864,Reuters,Closing,2022-08-28 18:33:15,patrick.gonzalez035@dataops.example.com
,2022-08-16,SGD,AED,0.8754306834,ECB,Daily,2022-08-16 01:22:09,john.mullins109@commerce.example.com
,2022-08-23,EUR,AED,4.5809197826,Reuters,Closing,2022-08-23 13:52:12,yesenia.arnold040@platform.example.com
,2022-08-15,USD,SGD,1.1322686316,Internal FX,Daily,2022-08-15 04:51:17,michael.berger060@platform.example.com
,2022-08-22,MXN,EUR,0.5559394686,Reuters,Closing,2022-08-22 09:56:16,yolanda.vasquez005@platform.example.com
,2022-08-27,EUR,AED,1.7649269958,Reuters,Daily,2022-08-27 06:24:45,taylor.cunningham023@commerce.example.com
,2022-08-18,MXN,GBP,0.9490486096,Reuters,Daily,2022-08-18 18:21:10,jason.franklin045@dataops.example.com
,2022-08-13,SGD,JPY,0.8971550645,Internal FX,Daily,2022-08-13 12:55:02,ashley.marks069@commerce.example.com
,2022-08-27,CAD,SGD,1.7411019496,Reuters,Daily,2022-08-27 04:48:07,stephen.daniels076@commerce.example.com
,2022-08-25,INR,AED,1.6869769173,ECB,Spot,2022-08-25 16:03:44,amy.holmes103@dataops.example.com
,2022-08-11,CAD,SGD,0.8707249895,Bloomberg,Spot,2022-08-11 07:57:54,michelle.sims041@analytics.example.com
,2022-08-18,EUR,JPY,2.6119524923,Reuters,Closing,2022-08-18 12:11:04,peter.martinez098@platform.example.com
,2022-08-25,JPY,USD,2.5243752997,Reuters,Spot,2022-08-25 08:23:03,lisa.kim091@platform.example.com
,2022-08-12,AUD,JPY,0.776812069,Bloomberg,Spot,2022-08-12 10:57:15,james.proctor094@dataops.example.com
,2022-08-12,JPY,BRL,2.347708567,Reuters,Closing,2022-08-12 00:41:26,maria.ashley046@analytics.example.com
,2022-08-19,AUD,MXN,5.5729945627,Internal FX,Daily,2022-08-19 21:18:11,craig.johnson106@analytics.example.com
,2022-08-07,AED,BRL,0.5105949504,Reuters,Daily,2022-08-07 08:46:57,andrew.ellis102@analytics.example.com
,2022-08-24,SGD,USD,1.021500426,Internal FX,Spot,2022-08-24 10:38:16,christine.carter078@commerce.example.com
,2022-08-06,USD,JPY,0.231979979,ECB,Daily,2022-08-06 13:08:03,renee.harvey080@dataops.example.com
,2022-08-01,INR,JPY,0.6276350512,Internal FX,Closing,2022-08-01 11:45:12,jimmy.washington028@commerce.example.com
,2022-08-17,AED,MXN,2.8837147221,ECB,Spot,2022-08-17 18:01:19,victor.palmer071@platform.example.com
,2022-08-07,GBP,INR,0.3964571389,ECB,Spot,2022-08-07 15:54:43,kevin.mathews014@analytics.example.com
,2022-08-02,EUR,BRL,3.8107811509,Reuters,Closing,2022-08-02 13:03:57,michael.berger060@platform.example.com
,2022-08-24,GBP,BRL,1.9789526302,Reuters,Closing,2022-08-24 18:05:00,christine.carter078@commerce.example.com
,2022-08-05,SGD,AUD,1.3212307536,ECB,Daily,2022-08-05 08:45:57,victor.palmer071@platform.example.com
,2022-08-02,AUD,BRL,6.3221087747,Reuters,Spot,2022-08-02 04:27:15,grace.gonzales099@dataops.example.com
,2022-08-21,CAD,USD,0.9240174724,Reuters,Daily,2022-08-21 21:37:24,jimmy.washington028@commerce.example.com
,2022-08-27,AED,EUR,2.0427668083,Bloomberg,Closing,2022-08-27 17:14:24,ryan.steele043@commerce.example.com
,2022-08-24,GBP,INR,0.6147590457,Reuters,Spot,2022-08-24 19:08:29,ashley.marks069@commerce.example.com
,2022-08-12,USD,INR,0.9839048405,Internal FX,Spot,2022-08-12 16:49:51,michelle.bender024@analytics.example.com
,2022-08-15,CAD,AUD,0.5223463541,Internal FX,Daily,2022-08-15 02:41:53,micheal.hall064@dataops.example.com
,2022-08-16,MXN,JPY,2.7793806482,Reuters,Closing,2022-08-16 19:13:17,michael.berger060@platform.example.com
,2022-08-10,AUD,AED,0.8889891295,ECB,Spot,2022-08-10 19:13:55,michelle.sims041@analytics.example.com
,2022-08-04,CAD,INR,0.7037441537,ECB,Spot,2022-08-04 12:47:27,lisa.kim091@platform.example.com
,2022-08-31,AUD,BRL,2.3843833306,Bloomberg,Closing,2022-08-31 16:41:25,katelyn.pitts017@commerce.example.com
,2022-08-20,AUD,EUR,0.4718987882,Reuters,Spot,2022-08-20 00:02:45,tina.williams074@commerce.example.com
,2022-08-06,JPY,AUD,1.3516430779,Reuters,Daily,2022-08-06 00:50:42,victoria.medina044@dataops.example.com
,2022-08-29,JPY,GBP,0.2251615122,Reuters,Closing,2022-08-29 21:38:34,sandra.hunter036@platform.example.com
,2022-08-08,CAD,AED,1.1193703321,Bloomberg,Daily,2022-08-08 19:34:56,jennifer.atkins003@platform.example.com
,2022-08-02,USD,INR,0.9409017322,Bloomberg,Daily,2022-08-02 14:17:45,grace.gonzales099@dataops.example.com
,2022-08-27,CAD,BRL,1.2264713164,Internal FX,Daily,2022-08-27 19:38:16,victor.palmer071@platform.example.com
,2022-08-14,AED,INR,1.3273780557,Internal FX,Daily,2022-08-14 07:22:49,christine.johnson056@commerce.example.com
,2022-08-16,BRL,USD,0.8964134114,Internal FX,Closing,2022-08-16 15:21:29,lance.williams029@platform.example.com
,2022-08-25,GBP,JPY,1.7026779957,ECB,Closing,2022-08-25 22:00:11,kelsey.taylor010@platform.example.com
,2022-08-06,INR,AUD,0.6624320888,Reuters,Spot,2022-08-06 14:06:51,tina.williams074@commerce.example.com
,2022-08-14,AED,INR,1.6202387449,Bloomberg,Spot,2022-08-14 03:20:16,troy.boone097@platform.example.com
,2022-08-31,BRL,SGD,1.1051896232,Bloomberg,Closing,2022-08-31 19:08:57,christine.carter078@commerce.example.com
,2022-08-21,BRL,AUD,1.0934236443,Internal FX,Spot,2022-08-21 07:22:24,craig.johnson106@analytics.example.com
,2022-08-08,SGD,GBP,0.7926229864,ECB,Daily,2022-08-08 03:05:24,eric.mullen052@dataops.example.com
,2022-08-24,BRL,JPY,0.5687986088,Bloomberg,Daily,2022-08-24 19:49:31,katelyn.pitts017@commerce.example.com
,2022-08-12,CAD,USD,0.9395203098,Bloomberg,Daily,2022-08-12 16:13:13,lisa.kim091@platform.example.com
,2022-08-25,CAD,AED,0.8761185452,Bloomberg,Closing,2022-08-25 05:56:02,peter.martinez098@platform.example.com
,2022-08-27,GBP,USD,3.6586474251,ECB,Daily,2022-08-27 19:10:05,brandon.yu006@analytics.example.com
,2022-08-14,INR,BRL,0.4779880207,ECB,Closing,2022-08-14 07:21:40,ashley.marks069@commerce.example.com
,2022-08-02,MXN,SGD,1.1299716215,Reuters,Daily,2022-08-02 23:26:18,amy.holmes103@dataops.example.com
,2022-08-03,SGD,INR,1.778481836,Reuters,Daily,2022-08-03 07:24:10,adam.gordon030@commerce.example.com
,2022-08-21,BRL,USD,0.7222143594,ECB,Daily,2022-08-21 06:48:12,anita.garcia021@dataops.example.com
,2022-08-20,MXN,CAD,2.1613584996,Reuters,Spot,2022-08-20 20:33:25,eric.horton058@analytics.example.com
,2022-08-26,AED,CAD,3.4789480152,Reuters,Closing,2022-08-26 14:35:28,victoria.medina044@dataops.example.com
,2022-08-29,EUR,GBP,1.4288514472,Reuters,Daily,2022-08-29 11:35:08,amy.holmes103@dataops.example.com
,2022-08-05,USD,CAD,0.5257578833,ECB,Closing,2022-08-05 05:37:33,katelyn.pitts017@commerce.example.com
,2022-08-31,INR,MXN,0.8593001657,Internal FX,Daily,2022-08-31 07:43:56,brandon.yu006@analytics.example.com
,2022-08-11,MXN,INR,0.9380864695,Reuters,Daily,2022-08-11 04:35:56,yolanda.vasquez005@platform.example.com
,2022-08-08,INR,SGD,1.1169311637,Reuters,Closing,2022-08-08 17:19:34,tina.williams074@commerce.example.com
,2022-08-23,BRL,GBP,0.6058023152,Bloomberg,Daily,2022-08-23 07:34:10,john.mullins109@commerce.example.com
,2022-08-05,JPY,MXN,2.611240196,Internal FX,Closing,2022-08-05 15:57:23,tina.williams074@commerce.example.com
,2022-08-08,AED,SGD,2.4281162267,ECB,Spot,2022-08-08 19:48:18,jennifer.bauer068@analytics.example.com
,2022-08-07,BRL,CAD,0.8791347531,ECB,Daily,2022-08-07 09:44:10,maria.ashley046@analytics.example.com
,2022-08-07,AED,USD,0.6379935073,Internal FX,Daily,2022-08-07 20:09:30,david.cabrera119@dataops.example.com
,2022-08-26,AED,MXN,1.398838745,Bloomberg,Closing,2022-08-26 10:09:40,sandra.hunter036@platform.example.com
,2022-08-14,CAD,AED,0.5971169053,Reuters,Spot,2022-08-14 11:39:47,michelle.sims041@analytics.example.com
,2022-08-11,BRL,USD,0.6982393368,Bloomberg,Closing,2022-08-11 10:38:45,john.mullins109@commerce.example.com
,2022-08-02,CAD,MXN,1.0136952509,Internal FX,Daily,2022-08-02 13:53:49,tiffany.freeman101@analytics.example.com
,2022-08-10,INR,CAD,2.298215208,Bloomberg,Spot,2022-08-10 18:07:00,brian.taylor114@analytics.example.com
,2022-08-05,MXN,AUD,0.4390636165,Reuters,Spot,2022-08-05 13:25:36,alyssa.richards002@commerce.example.com
,2022-08-03,USD,EUR,0.3883506003,Bloomberg,Closing,2022-08-03 03:28:01,brian.taylor114@analytics.example.com
,2022-08-20,INR,EUR,2.0525726754,ECB,Spot,2022-08-20 16:47:36,victoria.medina044@dataops.example.com
,2022-08-07,CAD,JPY,0.1040524534,ECB,Closing,2022-08-07 06:53:25,jeffery.miller012@commerce.example.com
,2022-08-10,AUD,GBP,1.4458294213,Internal FX,Closing,2022-08-10 15:12:24,andrew.ellis102@analytics.example.com
,2022-08-05,MXN,EUR,1.8041143829,Reuters,Closing,2022-08-05 23:02:27,andrew.ellis102@analytics.example.com
,2022-08-02,AUD,AED,0.3696292436,Reuters,Spot,2022-08-02 21:22:39,amy.holmes103@dataops.example.com
,2022-08-07,EUR,AED,0.5984748934,Reuters,Spot,2022-08-07 07:12:18,patrick.gonzalez035@dataops.example.com
,2022-08-20,GBP,MXN,0.7600377462,ECB,Closing,2022-08-20 00:04:55,micheal.chen050@dataops.example.com
,2022-08-12,AED,CAD,1.1831128566,Reuters,Daily,2022-08-12 08:04:11,jennifer.atkins003@platform.example.com
,2022-08-19,SGD,CAD,1.4042355066,Internal FX,Spot,2022-08-19 21:11:54,jeffery.miller012@commerce.example.com
,2022-08-23,EUR,AED,1.3753059988,ECB,Spot,2022-08-23 16:56:49,sylvia.diaz107@dataops.example.com
,2022-08-24,BRL,MXN,0.9494067089,ECB,Spot,2022-08-24 02:47:54,craig.johnson106@analytics.example.com
,2022-08-26,INR,CAD,1.9287989309,Internal FX,Spot,2022-08-26 07:41:48,jennifer.atkins003@platform.example.com
,2022-08-30,BRL,INR,0.5648659551,Internal FX,Closing,2022-08-30 00:13:08,stephen.clark001@analytics.example.com
,2022-08-13,CAD,MXN,1.4710326648,Internal FX,Closing,2022-08-13 16:23:13,christine.johnson056@commerce.example.com
,2022-08-30,AED,GBP,2.2359583803,Internal FX,Closing,2022-08-30 20:19:37,kevin.mathews014@analytics.example.com
,2022-08-16,EUR,AED,0.5251233796,Reuters,Daily,2022-08-16 20:46:54,stephen.clark001@analytics.example.com
,2022-08-14,AED,BRL,2.1350998852,ECB,Spot,2022-08-14 01:35:06,eric.mullen052@dataops.example.com
,2022-08-10,MXN,CAD,0.8955307812,Internal FX,Daily,2022-08-10 21:03:45,john.mullins109@commerce.example.com
,2022-08-21,JPY,EUR,0.4147557545,Bloomberg,Spot,2022-08-21 08:27:37,shawn.baxter004@dataops.example.com
,2022-08-21,MXN,SGD,0.1359045318,Reuters,Daily,2022-08-21 04:45:29,jennifer.bauer068@analytics.example.com
,2022-08-09,AED,GBP,0.5019604741,ECB,Spot,2022-08-09 17:30:48,micheal.hall064@dataops.example.com
,2022-08-17,CAD,USD,5.1686034196,Internal FX,Daily,2022-08-17 13:22:13,timothy.cannon081@analytics.example.com
,2022-08-17,EUR,CAD,0.2513767299,Reuters,Closing,2022-08-17 12:35:54,michelle.bender024@analytics.example.com
,2022-08-02,AED,BRL,0.3674918591,Bloomberg,Spot,2022-08-02 04:23:05,david.cabrera119@dataops.example.com
,2022-08-06,BRL,INR,1.8501860191,Bloomberg,Spot,2022-08-06 06:02:25,taylor.cunningham023@commerce.example.com
,2022-08-12,INR,GBP,2.2224511221,ECB,Closing,2022-08-12 18:10:28,patrick.gonzalez035@dataops.example.com
,2022-08-19,USD,AED,0.4392884346,Internal FX,Spot,2022-08-19 16:36:06,john.mullins109@commerce.example.com
,2022-08-08,USD,SGD,0.8531462513,ECB,Daily,2022-08-08 22:39:20,joseph.johnson049@dataops.example.com
,2022-08-20,USD,JPY,0.6208240577,Reuters,Daily,2022-08-20 04:12:20,sylvia.diaz107@dataops.example.com
,2022-08-31,MXN,SGD,0.5689463021,ECB,Daily,2022-08-31 03:14:40,patrick.gonzalez035@dataops.example.com
,2022-08-25,AED,GBP,3.24529182,ECB,Daily,2022-08-25 12:39:52,jeffery.miller012@commerce.example.com
,2022-08-07,EUR,BRL,4.8312897088,Internal FX,Spot,2022-08-07 19:33:17,tiffany.freeman101@analytics.example.com
,2022-08-23,MXN,USD,1.1194392723,ECB,Daily,2022-08-23 08:50:09,craig.johnson106@analytics.example.com
,2022-08-01,AED,CAD,1.2291583922,Reuters,Spot,2022-08-01 21:51:49,anita.garcia021@dataops.example.com
,2022-08-06,CAD,AED,1.4218729047,Internal FX,Daily,2022-08-06 00:50:20,katelyn.pitts017@commerce.example.com
,2022-08-28,EUR,AED,0.5500621356,ECB,Closing,2022-08-28 19:36:39,lance.williams029@platform.example.com
,2022-08-10,SGD,AUD,0.785894076,ECB,Closing,2022-08-10 15:33:52,yolanda.vasquez005@platform.example.com
,2022-08-30,AUD,USD,0.5512348718,Reuters,Daily,2022-08-30 23:07:37,joseph.johnson049@dataops.example.com
,2022-08-18,MXN,USD,2.2011909045,Internal FX,Spot,2022-08-18 15:21:17,timothy.cannon081@analytics.example.com
,2022-08-10,INR,MXN,0.4013498248,ECB,Spot,2022-08-10 10:26:09,lance.williams029@platform.example.com
,2022-08-18,CAD,SGD,0.8329746695,Bloomberg,Daily,2022-08-18 11:21:20,susan.rice083@commerce.example.com
,2022-08-01,EUR,AED,1.9197757058,Reuters,Spot,2022-08-01 14:24:17,ashley.marks069@commerce.example.com
,2022-08-04,MXN,AUD,0.7708576267,Bloomberg,Daily,2022-08-04 01:20:52,jimmy.washington028@commerce.example.com
,2022-08-31,JPY,AED,1.6448377721,Internal FX,Closing,2022-08-31 01:31:45,katelyn.pitts017@commerce.example.com
,2022-08-07,EUR,AED,1.1165739494,Internal FX,Spot,2022-08-07 08:46:48,patrick.gonzalez035@dataops.example.com
,2022-08-01,EUR,SGD,0.6937878593,Bloomberg,Spot,2022-08-01 04:23:12,craig.johnson106@analytics.example.com
,2022-08-31,EUR,AUD,4.4768932592,Internal FX,Closing,2022-08-31 02:02:27,maria.ashley046@analytics.example.com
,2022-08-24,AED,CAD,4.7469768814,Bloomberg,Spot,2022-08-24 18:54:58,chelsea.patel065@commerce.example.com
,2022-08-24,JPY,EUR,0.5703078816,Reuters,Closing,2022-08-24 01:26:45,anita.garcia021@dataops.example.com
,2022-08-18,BRL,INR,1.1409166317,ECB,Closing,2022-08-18 13:20:40,maria.ashley046@analytics.example.com
,2022-08-30,INR,AUD,1.8714504147,Internal FX,Spot,2022-08-30 07:31:15,james.proctor094@dataops.example.com
,2022-08-18,JPY,USD,1.3258226897,Reuters,Closing,2022-08-18 15:56:54,susan.rice083@commerce.example.com
,2022-08-25,GBP,USD,0.5174422788,Reuters,Closing,2022-08-25 17:24:51,lance.williams029@platform.example.com
,2022-08-06,MXN,AUD,0.8707978915,ECB,Daily,2022-08-06 18:42:17,joseph.johnson049@dataops.example.com
,2022-08-23,JPY,AUD,1.5796587387,ECB,Spot,2022-08-23 20:24:10,james.proctor094@dataops.example.com
,2022-08-29,AED,AUD,0.4725181893,Reuters,Daily,2022-08-29 14:21:15,yolanda.vasquez005@platform.example.com
,2022-08-26,JPY,AED,0.2517265676,ECB,Closing,2022-08-26 05:39:53,kelsey.taylor010@platform.example.com
,2022-08-31,INR,MXN,1.3097733175,Internal FX,Daily,2022-08-31 19:33:19,kelsey.taylor010@platform.example.com
,2022-08-04,SGD,CAD,0.7950338093,ECB,Spot,2022-08-04 07:46:25,craig.johnson106@analytics.example.com
,2022-08-28,SGD,AED,0.682457968,ECB,Daily,2022-08-28 03:31:27,ryan.steele043@commerce.example.com
,2022-08-29,SGD,INR,0.6639568576,Bloomberg,Spot,2022-08-29 13:48:31,troy.boone097@platform.example.com
,2022-08-30,AED,JPY,0.695807323,Reuters,Daily,2022-08-30 19:46:55,brandon.yu006@analytics.example.com
,2022-08-05,AED,EUR,0.9892155317,ECB,Daily,2022-08-05 07:17:07,david.cabrera119@dataops.example.com
,2022-08-25,MXN,CAD,0.8176092261,Internal FX,Spot,2022-08-25 18:01:29,darren.anderson025@dataops.example.com
,2022-08-01,SGD,USD,2.0277387113,Internal FX,Closing,2022-08-01 05:41:39,timothy.cannon081@analytics.example.com
,2022-08-29,JPY,SGD,0.3342926883,Bloomberg,Spot,2022-08-29 11:07:52,jeffery.miller012@commerce.example.com
,2022-08-18,BRL,GBP,1.2724327523,Reuters,Closing,2022-08-18 01:22:14,amy.holmes103@dataops.example.com
,2022-08-14,AUD,MXN,1.6841479671,Reuters,Spot,2022-08-14 18:03:47,megan.cunningham013@commerce.example.com
,2022-08-04,BRL,CAD,0.265147507,ECB,Closing,2022-08-04 07:23:01,victor.palmer071@platform.example.com
,2022-08-01,MXN,INR,0.954040656,Bloomberg,Spot,2022-08-01 07:41:33,michelle.sims041@analytics.example.com
,2022-08-26,AED,INR,0.6369872939,Reuters,Spot,2022-08-26 21:01:38,brandi.carter038@dataops.example.com
,2022-08-15,USD,AUD,3.5064671025,Bloomberg,Spot,2022-08-15 15:42:10,eric.mullen052@dataops.example.com
,2022-08-06,INR,EUR,0.3224857892,Reuters,Spot,2022-08-06 23:51:55,andrew.ellis102@analytics.example.com
,2022-08-07,MXN,JPY,1.7175690741,Bloomberg,Spot,2022-08-07 07:49:19,craig.johnson106@analytics.example.com
,2022-08-07,SGD,JPY,0.7584841643,ECB,Daily,2022-08-07 18:09:29,jennifer.bauer068@analytics.example.com
,2022-08-21,MXN,BRL,2.3201664035,ECB,Closing,2022-08-21 20:47:00,jennifer.atkins003@platform.example.com
,2022-08-31,AED,GBP,1.1016821199,Reuters,Daily,2022-08-31 16:51:58,jeffery.miller012@commerce.example.com
,2022-08-02,SGD,GBP,1.2433541097,Bloomberg,Spot,2022-08-02 22:04:22,jennifer.hudson020@analytics.example.com
,2022-08-21,AED,GBP,5.1740353732,Internal FX,Spot,2022-08-21 08:53:01,victor.palmer071@platform.example.com
,2022-08-16,GBP,JPY,0.369154909,Reuters,Daily,2022-08-16 16:14:13,brandon.yu006@analytics.example.com
,2022-08-02,CAD,USD,0.7581163409,ECB,Spot,2022-08-02 11:38:52,jennifer.hudson020@analytics.example.com
,2022-08-14,JPY,MXN,0.2381452132,Internal FX,Daily,2022-08-14 16:38:23,katelyn.pitts017@commerce.example.com
,2022-08-04,AED,MXN,2.3513737205,Bloomberg,Daily,2022-08-04 11:16:30,jimmy.washington028@commerce.example.com
,2022-08-15,INR,AED,2.3267075985,Reuters,Spot,2022-08-15 02:39:20,lance.williams029@platform.example.com
,2022-08-11,BRL,EUR,0.7516156478,Bloomberg,Spot,2022-08-11 01:05:11,katelyn.pitts017@commerce.example.com
,2022-08-23,AED,USD,1.5466515668,Reuters,Closing,2022-08-23 11:08:58,sandra.hunter036@platform.example.com
,2022-08-02,INR,JPY,1.4442450865,Internal FX,Closing,2022-08-02 11:22:42,micheal.hall064@dataops.example.com
,2022-08-26,GBP,USD,1.4731638348,Reuters,Spot,2022-08-26 14:00:00,jennifer.bauer068@analytics.example.com
,2022-08-26,MXN,JPY,2.6065250169,ECB,Closing,2022-08-26 23:01:32,micheal.hall064@dataops.example.com
,2022-08-13,INR,BRL,0.4272274883,Reuters,Daily,2022-08-13 17:02:55,tiffany.freeman101@analytics.example.com
,2022-08-20,USD,GBP,0.8690533869,Bloomberg,Spot,2022-08-20 22:28:46,jimmy.washington028@commerce.example.com
,2022-08-24,AUD,AED,0.3335263356,Reuters,Spot,2022-08-24 04:20:48,peter.martinez098@platform.example.com
,2022-08-07,MXN,USD,0.7627121839,ECB,Closing,2022-08-07 14:39:45,john.mullins109@commerce.example.com
,2022-08-17,MXN,INR,0.9570033523,Reuters,Closing,2022-08-17 08:36:49,sandra.hunter036@platform.example.com
,2022-08-03,BRL,SGD,0.6944239726,Reuters,Spot,2022-08-03 06:16:15,tina.williams074@commerce.example.com
,2022-08-20,CAD,SGD,1.5961342672,ECB,Spot,2022-08-20 22:31:38,stephen.clark001@analytics.example.com
,2022-08-11,BRL,CAD,0.5619020141,Internal FX,Spot,2022-08-11 12:21:29,taylor.cunningham023@commerce.example.com
,2022-08-01,GBP,JPY,1.198936164,ECB,Daily,2022-08-01 23:17:16,jason.franklin045@dataops.example.com
,2022-08-24,JPY,EUR,0.9396509911,Reuters,Closing,2022-08-24 11:12:53,craig.johnson106@analytics.example.com
,2022-08-28,MXN,USD,0.9612032093,ECB,Spot,2022-08-28 01:49:00,ryan.steele043@commerce.example.com
,2022-08-13,GBP,EUR,1.2481264121,ECB,Spot,2022-08-13 12:16:06,taylor.cunningham023@commerce.example.com
,2022-08-22,BRL,GBP,0.3674111766,Bloomberg,Closing,2022-08-22 07:52:55,brian.taylor114@analytics.example.com
,2022-08-06,EUR,MXN,0.843527124,Internal FX,Closing,2022-08-06 10:04:12,timothy.cannon081@analytics.example.com
,2022-08-09,USD,BRL,0.5359119712,ECB,Closing,2022-08-09 03:00:50,james.proctor094@dataops.example.com
,2022-08-28,AED,GBP,0.1756040948,ECB,Daily,2022-08-28 17:52:48,christine.johnson056@commerce.example.com
,2022-08-07,GBP,CAD,0.7263573997,Internal FX,Daily,2022-08-07 12:38:17,megan.cunningham013@commerce.example.com
,2022-08-31,JPY,MXN,1.2046023312,Internal FX,Spot,2022-08-31 21:54:31,timothy.cameron104@commerce.example.com
,2022-08-28,BRL,MXN,1.3077068318,Internal FX,Spot,2022-08-28 11:50:45,lance.williams029@platform.example.com
,2022-08-25,AED,SGD,2.18136803,ECB,Daily,2022-08-25 16:51:37,renee.harvey080@dataops.example.com
,2022-08-16,EUR,BRL,0.6634252148,ECB,Closing,2022-08-16 04:11:25,troy.boone097@platform.example.com
,2022-08-12,INR,BRL,0.4590938313,Internal FX,Daily,2022-08-12 21:50:06,kevin.mathews014@analytics.example.com
,2022-08-25,AED,BRL,0.6235716764,Bloomberg,Closing,2022-08-25 01:25:50,peter.martinez098@platform.example.com
,2022-08-06,BRL,JPY,0.4405217296,Internal FX,Closing,2022-08-06 04:59:58,adam.gordon030@commerce.example.com
,2022-08-07,USD,INR,1.1405138761,Reuters,Daily,2022-08-07 14:34:30,james.proctor094@dataops.example.com
,2022-08-22,SGD,USD,0.4997500013,Bloomberg,Daily,2022-08-22 05:59:00,timothy.cannon081@analytics.example.com
,2022-08-06,INR,AED,1.8163913676,ECB,Daily,2022-08-06 18:24:39,kevin.mathews014@analytics.example.com
,2022-08-10,MXN,AED,0.5463578768,ECB,Daily,2022-08-10 11:17:45,micheal.chen050@dataops.example.com
,2022-08-18,CAD,EUR,1.9084628267,ECB,Spot,2022-08-18 09:35:07,brandon.yu006@analytics.example.com
,2022-08-18,MXN,EUR,1.0589730802,ECB,Spot,2022-08-18 22:11:16,timothy.cameron104@commerce.example.com
,2022-08-30,GBP,EUR,1.9466299359,Reuters,Closing,2022-08-30 00:55:15,jennifer.bauer068@analytics.example.com
,2022-08-30,BRL,AED,1.9368651345,Bloomberg,Closing,2022-08-30 18:32:20,kelsey.taylor010@platform.example.com
,2022-08-13,USD,GBP,0.3977760446,Bloomberg,Closing,2022-08-13 14:39:04,timothy.cameron104@commerce.example.com
,2022-08-10,USD,AUD,0.58200724,Bloomberg,Spot,2022-08-10 08:40:39,tina.williams074@commerce.example.com
,2022-08-06,EUR,USD,0.7811895128,Bloomberg,Daily,2022-08-06 21:40:35,susan.rice083@commerce.example.com
,2022-08-06,AED,SGD,0.4171822989,ECB,Daily,2022-08-06 12:04:06,christine.carter078@commerce.example.com
,2022-08-02,SGD,AED,1.4477437009,ECB,Daily,2022-08-02 10:29:16,brandi.carter038@dataops.example.com
,2022-08-28,INR,CAD,1.0878958285,ECB,Closing,2022-08-28 18:30:57,tina.williams074@commerce.example.com
,2022-08-14,CAD,INR,0.3100463282,Internal FX,Spot,2022-08-14 02:26:56,darren.anderson025@dataops.example.com
,2022-08-24,SGD,AUD,0.3771091912,ECB,Closing,2022-08-24 15:52:47,jason.franklin045@dataops.example.com
,2022-08-30,EUR,AUD,2.5358107236,Reuters,Spot,2022-08-30 09:40:26,ashley.marks069@commerce.example.com
,2022-08-26,BRL,MXN,0.6021806491,ECB,Closing,2022-08-26 22:42:03,maria.ashley046@analytics.example.com
,2022-08-02,CAD,AUD,0.2405589932,Reuters,Spot,2022-08-02 16:18:38,yesenia.arnold040@platform.example.com
,2022-08-12,GBP,JPY,1.9715657977,Reuters,Daily,2022-08-12 10:39:29,darren.anderson025@dataops.example.com
,2022-08-30,SGD,GBP,1.0274129397,Reuters,Daily,2022-08-30 15:22:59,kristen.bailey110@analytics.example.com
,2022-08-26,CAD,USD,0.8155348755,Internal FX,Closing,2022-08-26 14:40:54,stephen.clark001@analytics.example.com
,2022-08-08,CAD,JPY,2.2991704127,ECB,Daily,2022-08-08 21:57:24,jennifer.bauer068@analytics.example.com
,2022-08-26,GBP,EUR,2.2801391091,Internal FX,Daily,2022-08-26 19:00:54,adam.gordon030@commerce.example.com
,2022-08-08,AUD,JPY,0.5755836251,Bloomberg,Spot,2022-08-08 22:44:08,david.cabrera119@dataops.example.com
,2022-08-02,SGD,GBP,0.8022480455,ECB,Daily,2022-08-02 05:56:02,brandi.carter038@dataops.example.com
,2022-08-08,SGD,INR,1.5897681245,Internal FX,Daily,2022-08-08 21:38:34,tiffany.freeman101@analytics.example.com
,2022-08-06,EUR,INR,0.476238126,Reuters,Spot,2022-08-06 17:24:36,anita.garcia021@dataops.example.com
,2022-08-13,INR,JPY,0.6976926076,Internal FX,Closing,2022-08-13 12:34:14,jennifer.atkins003@platform.example.com
,2022-08-05,CAD,INR,0.7468110677,ECB,Daily,2022-08-05 17:06:02,yesenia.arnold040@platform.example.com
,2022-08-20,USD,AED,1.2825247477,ECB,Daily,2022-08-20 10:21:41,stephen.daniels076@commerce.example.com
,2022-08-10,JPY,EUR,0.8198340946,Bloomberg,Spot,2022-08-10 14:23:24,yesenia.arnold040@platform.example.com
,2022-08-04,CAD,AUD,0.8398868846,Internal FX,Closing,2022-08-04 22:28:17,victoria.medina044@dataops.example.com
,2022-08-28,CAD,INR,0.7638140878,Bloomberg,Closing,2022-08-28 16:49:00,victor.palmer071@platform.example.com
,2022-08-15,JPY,AUD,2.2944100689,Reuters,Daily,2022-08-15 17:03:08,jennifer.hudson020@analytics.example.com
,2022-08-15,JPY,USD,1.3252874994,Internal FX,Closing,2022-08-15 23:13:43,brandi.carter038@dataops.example.com
,2022-08-27,AED,EUR,2.2596882677,Reuters,Daily,2022-08-27 18:42:08,anita.garcia021@dataops.example.com
,2022-08-22,EUR,SGD,0.9921065855,Internal FX,Closing,2022-08-22 21:12:24,timothy.cannon081@analytics.example.com
,2022-08-10,AUD,AED,4.0533952605,Internal FX,Closing,2022-08-10 11:17:31,lance.williams029@platform.example.com
,2022-08-16,GBP,CAD,0.8383207947,Internal FX,Daily,2022-08-16 06:15:09,kelsey.taylor010@platform.example.com
,2022-08-10,CAD,MXN,0.211170524,Internal FX,Closing,2022-08-10 22:02:40,ryan.steele043@commerce.example.com
,2022-08-25,JPY,EUR,0.4052892753,Bloomberg,Closing,2022-08-25 11:54:23,maria.ashley046@analytics.example.com
,2022-08-12,EUR,AUD,0.2368748608,Reuters,Closing,2022-08-12 10:28:23,kevin.mathews014@analytics.example.com
,2022-08-25,AED,JPY,0.323941185,Bloomberg,Daily,2022-08-25 18:31:46,tina.williams074@commerce.example.com
,2022-08-08,SGD,BRL,0.8236863752,Internal FX,Spot,2022-08-08 04:23:15,kevin.mathews014@analytics.example.com
,2022-08-10,GBP,AED,1.1627298661,Reuters,Daily,2022-08-10 13:36:54,amy.holmes103@dataops.example.com
,2022-08-30,INR,JPY,0.8079539784,ECB,Closing,2022-08-30 00:44:52,stephen.clark001@analytics.example.com
,2022-08-20,EUR,GBP,2.1865888477,Reuters,Spot,2022-08-20 06:47:20,lance.williams029@platform.example.com
,2022-08-07,MXN,AED,0.5362883717,Reuters,Daily,2022-08-07 23:39:39,victor.palmer071@platform.example.com
,2022-08-17,SGD,BRL,1.8247576366,Reuters,Closing,2022-08-17 23:01:27,christine.johnson056@commerce.example.com
,2022-08-07,SGD,MXN,0.667983939,ECB,Closing,2022-08-07 10:38:18,victoria.medina044@dataops.example.com
,2022-08-06,AED,CAD,0.5633048548,Internal FX,Closing,2022-08-06 09:57:05,joann.clark089@commerce.example.com
,2022-08-30,JPY,MXN,4.3511884352,Reuters,Closing,2022-08-30 19:07:11,jennifer.hudson020@analytics.example.com
,2022-08-12,SGD,AED,2.7140903265,Bloomberg,Spot,2022-08-12 01:39:04,peter.martinez098@platform.example.com
,2022-08-02,SGD,CAD,1.7340611303,Internal FX,Spot,2022-08-02 09:13:59,joseph.johnson049@dataops.example.com
,2022-08-20,GBP,SGD,1.4270593816,Bloomberg,Closing,2022-08-20 15:48:26,eric.horton058@analytics.example.com
,2022-08-02,MXN,USD,1.9791332197,Bloomberg,Spot,2022-08-02 18:25:26,michael.johnson061@platform.example.com
,2022-08-29,BRL,GBP,1.1340316814,ECB,Closing,2022-08-29 05:58:51,ryan.steele043@commerce.example.com
,2022-08-22,JPY,USD,2.5718732484,ECB,Closing,2022-08-22 18:19:49,eric.horton058@analytics.example.com
,2022-08-13,AED,MXN,1.1499673146,Internal FX,Daily,2022-08-13 06:38:29,joann.clark089@commerce.example.com
,2022-08-04,INR,AUD,0.965236243,Bloomberg,Daily,2022-08-04 12:20:45,tiffany.freeman101@analytics.example.com
,2022-08-20,AED,GBP,0.2352274305,Reuters,Closing,2022-08-20 01:24:50,chelsea.patel065@commerce.example.com
,2022-08-19,CAD,INR,1.0408918477,Reuters,Closing,2022-08-19 21:21:23,alyssa.richards002@commerce.example.com
,2022-08-25,CAD,GBP,1.2063188029,ECB,Spot,2022-08-25 23:53:08,tiffany.freeman101@analytics.example.com
,2022-08-18,EUR,GBP,0.4207370794,ECB,Daily,2022-08-18 08:40:30,andrea.cummings039@platform.example.com
,2022-08-02,INR,CAD,0.6700680863,Reuters,Spot,2022-08-02 23:07:36,david.cabrera119@dataops.example.com
,2022-08-16,INR,MXN,0.6454343436,Internal FX,Spot,2022-08-16 14:16:24,troy.boone097@platform.example.com
,2022-08-20,USD,MXN,3.270082771,Reuters,Closing,2022-08-20 20:17:33,michael.berger060@platform.example.com
,2022-08-29,CAD,SGD,2.4846188804,Internal FX,Spot,2022-08-29 10:36:11,joseph.johnson049@dataops.example.com
,2022-08-30,AUD,BRL,1.7480570545,ECB,Spot,2022-08-30 21:20:12,brian.taylor114@analytics.example.com
,2022-08-20,GBP,INR,0.8928611282,Reuters,Spot,2022-08-20 19:54:48,katelyn.pitts017@commerce.example.com
,2022-08-08,SGD,AED,0.8890299188,Bloomberg,Closing,2022-08-08 01:08:31,timothy.cannon081@analytics.example.com
,2022-08-25,CAD,JPY,0.7825334506,Internal FX,Daily,2022-08-25 04:41:51,victoria.medina044@dataops.example.com
,2022-08-17,USD,AUD,1.4595695805,Reuters,Spot,2022-08-17 22:55:19,victor.palmer071@platform.example.com
,2022-08-25,EUR,JPY,0.3029221942,ECB,Spot,2022-08-25 06:40:14,sandra.hunter036@platform.example.com
,2022-08-14,JPY,AED,2.2205125425,Internal FX,Closing,2022-08-14 07:09:52,kelsey.taylor010@platform.example.com
,2022-08-11,GBP,MXN,0.7726457784,Reuters,Closing,2022-08-11 07:47:42,david.cabrera119@dataops.example.com
,2022-08-14,AUD,SGD,0.5123277661,Bloomberg,Closing,2022-08-14 06:02:14,troy.boone097@platform.example.com
,2022-08-30,AED,INR,0.6048320236,Reuters,Daily,2022-08-30 15:23:33,stephen.clark001@analytics.example.com
,2022-08-25,USD,JPY,2.027695894,Reuters,Daily,2022-08-25 07:44:07,michael.berger060@platform.example.com
,2022-08-06,CAD,AUD,1.3276456756,ECB,Closing,2022-08-06 05:11:41,andrew.ellis102@analytics.example.com
,2022-08-12,CAD,USD,0.3070327126,Internal FX,Daily,2022-08-12 23:33:08,james.proctor094@dataops.example.com
,2022-08-24,JPY,MXN,0.2151562569,ECB,Closing,2022-08-24 22:36:02,tiffany.freeman101@analytics.example.com
,2022-08-07,JPY,AUD,0.7756970757,ECB,Daily,2022-08-07 23:36:11,michelle.bender024@analytics.example.com
,2022-08-24,BRL,EUR,1.6610485544,Reuters,Closing,2022-08-24 04:13:02,jason.franklin045@dataops.example.com
,2022-08-08,AUD,BRL,1.5408433802,Bloomberg,Daily,2022-08-08 07:06:53,renee.harvey080@dataops.example.com
,2022-08-19,CAD,EUR,0.6731714688,ECB,Spot,2022-08-19 00:36:58,michelle.bender024@analytics.example.com
,2022-08-24,CAD,USD,1.9980253964,ECB,Closing,2022-08-24 16:15:36,tina.williams074@commerce.example.com
,2022-08-23,GBP,JPY,1.4844584267,Internal FX,Closing,2022-08-23 23:25:56,jennifer.bauer068@analytics.example.com
,2022-08-10,CAD,EUR,1.7130676929,ECB,Closing,2022-08-10 07:30:45,maria.ashley046@analytics.example.com
,2022-08-02,USD,GBP,0.8074419686,Bloomberg,Spot,2022-08-02 05:36:37,andrew.ellis102@analytics.example.com
,2022-08-18,BRL,SGD,1.2965788426,Reuters,Daily,2022-08-18 06:44:46,james.proctor094@dataops.example.com
,2022-08-31,INR,USD,0.3276663768,ECB,Closing,2022-08-31 02:42:24,eric.mullen052@dataops.example.com
,2022-08-12,AED,EUR,1.2571701567,Internal FX,Daily,2022-08-12 07:49:59,john.mullins109@commerce.example.com
,2022-08-05,USD,EUR,0.2745749097,ECB,Closing,2022-08-05 04:57:01,brandi.carter038@dataops.example.com
,2022-08-14,INR,SGD,0.683614048,Bloomberg,Daily,2022-08-14 04:46:50,lisa.kim091@platform.example.com
,2022-08-11,SGD,MXN,0.87458512,Reuters,Spot,2022-08-11 08:32:27,jimmy.washington028@commerce.example.com
,2022-08-28,USD,AUD,2.0790665077,Internal FX,Closing,2022-08-28 03:41:47,david.cabrera119@dataops.example.com
,2022-08-19,GBP,SGD,1.381164694,ECB,Daily,2022-08-19 05:23:18,brian.taylor114@analytics.example.com
,2022-08-28,CAD,BRL,0.4051412925,Bloomberg,Daily,2022-08-28 22:47:08,yesenia.arnold040@platform.example.com
,2022-08-08,JPY,USD,0.3978841848,Reuters,Spot,2022-08-08 02:34:38,ryan.steele043@commerce.example.com
,2022-08-22,BRL,SGD,2.5768422449,Internal FX,Spot,2022-08-22 15:21:26,katelyn.pitts017@commerce.example.com
,2022-08-26,CAD,SGD,0.3894480591,Internal FX,Spot,2022-08-26 08:03:14,brian.taylor114@analytics.example.com
,2022-08-19,MXN,AED,10.6992911935,ECB,Spot,2022-08-19 15:34:43,maria.ashley046@analytics.example.com
,2022-08-22,JPY,USD,1.4325421175,Internal FX,Closing,2022-08-22 09:11:34,sandra.hunter036@platform.example.com
,2022-08-03,AUD,USD,0.4458472618,Reuters,Closing,2022-08-03 15:43:45,adam.gordon030@commerce.example.com
,2022-08-18,CAD,AED,0.530717472,Reuters,Closing,2022-08-18 04:26:26,lisa.kim091@platform.example.com
,2022-08-25,JPY,USD,2.2280003503,Internal FX,Daily,2022-08-25 14:17:30,brandon.yu006@analytics.example.com
,2022-08-27,INR,AUD,0.5175130305,ECB,Closing,2022-08-27 11:25:49,ashley.marks069@commerce.example.com
,2022-08-28,EUR,GBP,1.4759163217,Reuters,Spot,2022-08-28 03:04:56,micheal.hall064@dataops.example.com
,2022-08-15,MXN,CAD,0.4912350717,Bloomberg,Closing,2022-08-15 11:18:44,victor.palmer071@platform.example.com
,2022-08-05,SGD,CAD,1.4976688681,Internal FX,Spot,2022-08-05 04:23:52,timothy.cameron104@commerce.example.com
,2022-08-21,AUD,INR,1.2290351646,Reuters,Closing,2022-08-21 14:21:53,jeffery.miller012@commerce.example.com
,2022-08-24,JPY,SGD,0.367470663,Bloomberg,Spot,2022-08-24 13:38:30,eric.horton058@analytics.example.com
,2022-08-19,AUD,GBP,1.5061856965,Bloomberg,Spot,2022-08-19 15:44:45,david.cabrera119@dataops.example.com
,2022-08-25,GBP,MXN,1.4051425763,Internal FX,Closing,2022-08-25 21:32:23,michelle.sims041@analytics.example.com
,2022-08-23,JPY,GBP,0.8504460452,Internal FX,Closing,2022-08-23 00:09:34,victoria.medina044@dataops.example.com
,2022-08-16,CAD,EUR,0.5361144596,Internal FX,Daily,2022-08-16 09:01:10,jimmy.washington028@commerce.example.com
,2022-08-26,SGD,GBP,0.7176670987,ECB,Daily,2022-08-26 13:35:12,tina.williams074@commerce.example.com
,2022-08-22,JPY,INR,2.0533535877,ECB,Spot,2022-08-22 00:40:58,brandi.carter038@dataops.example.com
,2022-08-11,GBP,USD,1.3473604601,Bloomberg,Spot,2022-08-11 00:56:44,alyssa.richards002@commerce.example.com
,2022-08-14,USD,EUR,3.4556109051,Internal FX,Spot,2022-08-14 20:36:08,stephen.daniels076@commerce.example.com
,2022-08-15,AUD,CAD,1.010726337,Bloomberg,Closing,2022-08-15 04:33:22,joseph.johnson049@dataops.example.com
,2022-08-02,AED,JPY,4.1826571365,Bloomberg,Spot,2022-08-02 04:36:18,renee.harvey080@dataops.example.com
,2022-08-25,EUR,AED,0.7108515787,ECB,Spot,2022-08-25 08:11:26,michelle.bender024@analytics.example.com
,2022-08-28,AUD,GBP,1.6471377422,ECB,Spot,2022-08-28 14:51:31,tina.williams074@commerce.example.com
,2022-08-14,SGD,AUD,9.0666149302,Bloomberg,Closing,2022-08-14 01:05:34,joseph.johnson049@dataops.example.com
,2022-08-19,BRL,JPY,0.7969954591,Internal FX,Closing,2022-08-19 21:40:26,chelsea.patel065@commerce.example.com
,2022-08-20,AED,CAD,1.1201032497,Reuters,Daily,2022-08-20 14:03:03,eric.mullen052@dataops.example.com
,2022-08-15,INR,AUD,1.5991677776,ECB,Spot,2022-08-15 20:47:17,timothy.cameron104@commerce.example.com
,2022-08-04,JPY,GBP,0.3069833663,Internal FX,Closing,2022-08-04 01:34:22,sylvia.diaz107@dataops.example.com
,2022-08-14,GBP,AUD,1.4780580991,Bloomberg,Spot,2022-08-14 20:00:43,michael.johnson061@platform.example.com
,2022-08-24,INR,JPY,0.9009749095,Bloomberg,Daily,2022-08-24 09:44:24,victor.palmer071@platform.example.com
,2022-08-15,BRL,INR,1.0904723206,Reuters,Daily,2022-08-15 16:34:08,victoria.medina044@dataops.example.com
,2022-08-20,GBP,USD,0.4028070191,Bloomberg,Closing,2022-08-20 04:58:47,shawn.baxter004@dataops.example.com
,2022-08-20,EUR,AUD,1.8626944168,Reuters,Spot,2022-08-20 00:28:57,andrew.ellis102@analytics.example.com
,2022-08-26,CAD,AED,1.2352348736,Bloomberg,Spot,2022-08-26 23:44:35,brandi.carter038@dataops.example.com
,2022-08-02,GBP,AED,1.3976293458,Reuters,Spot,2022-08-02 23:58:09,ashley.marks069@commerce.example.com
,2022-08-08,EUR,USD,1.7794061625,Reuters,Daily,2022-08-08 00:10:24,micheal.hall064@dataops.example.com
,2022-08-10,CAD,MXN,0.914235392,Reuters,Daily,2022-08-10 04:04:08,brian.taylor114@analytics.example.com
,2022-08-28,JPY,BRL,1.5175174414,Internal FX,Daily,2022-08-28 06:24:16,brandon.yu006@analytics.example.com
,2022-08-05,GBP,JPY,0.3382254574,ECB,Closing,2022-08-05 22:02:59,shawn.baxter004@dataops.example.com
,2022-08-10,BRL,SGD,1.7986387002,ECB,Daily,2022-08-10 20:38:57,christine.johnson056@commerce.example.com
,2022-08-30,JPY,AUD,1.0239340596,ECB,Daily,2022-08-30 23:45:40,yesenia.arnold040@platform.example.com
,2022-08-13,INR,USD,0.5550983922,Bloomberg,Spot,2022-08-13 17:35:38,yolanda.vasquez005@platform.example.com
,2022-08-01,EUR,USD,0.5298743792,Internal FX,Spot,2022-08-01 03:44:34,micheal.hall064@dataops.example.com
,2022-08-31,BRL,USD,0.8845120928,ECB,Spot,2022-08-31 17:52:32,timothy.cameron104@commerce.example.com
,2022-08-15,BRL,GBP,0.8637084729,Internal FX,Closing,2022-08-15 09:31:17,joseph.johnson049@dataops.example.com
,2022-08-06,EUR,BRL,0.4494901121,Bloomberg,Daily,2022-08-06 16:31:18,michael.berger060@platform.example.com
,2022-08-29,AED,MXN,2.154496805,Bloomberg,Closing,2022-08-29 18:15:31,lisa.kim091@platform.example.com
,2022-08-25,EUR,AED,0.9130750212,Bloomberg,Spot,2022-08-25 05:17:59,anita.garcia021@dataops.example.com
,2022-08-12,BRL,SGD,0.4596225741,Bloomberg,Daily,2022-08-12 11:25:29,anita.garcia021@dataops.example.com
,2022-08-19,JPY,EUR,2.9639419282,Internal FX,Daily,2022-08-19 05:13:42,craig.johnson106@analytics.example.com
,2022-08-23,GBP,USD,2.9624469375,Internal FX,Closing,2022-08-23 00:20:41,jimmy.washington028@commerce.example.com
,2022-08-03,SGD,AED,0.5086172393,ECB,Closing,2022-08-03 15:07:35,chelsea.patel065@commerce.example.com
,2022-08-12,GBP,INR,1.5048081684,Internal FX,Daily,2022-08-12 08:58:17,yesenia.arnold040@platform.example.com
,2022-08-11,MXN,INR,2.2096865705,Internal FX,Closing,2022-08-11 15:10:13,christine.carter078@commerce.example.com
,2022-08-28,CAD,AED,1.0751939845,Reuters,Closing,2022-08-28 12:39:12,victor.palmer071@platform.example.com
,2022-08-30,AED,CAD,0.7525995015,Internal FX,Daily,2022-08-30 21:06:33,sandra.hunter036@platform.example.com
,2022-08-31,CAD,SGD,1.6776633964,Reuters,Spot,2022-08-31 19:34:05,michael.berger060@platform.example.com
,2022-08-10,AED,EUR,0.7598645117,Internal FX,Daily,2022-08-10 16:20:57,darren.anderson025@dataops.example.com
,2022-08-15,CAD,SGD,1.0801093759,ECB,Spot,2022-08-15 20:39:29,michael.berger060@platform.example.com
,2022-08-28,GBP,AED,3.14423979,ECB,Spot,2022-08-28 15:44:58,alyssa.richards002@commerce.example.com
,2022-08-10,CAD,SGD,0.3404988101,Bloomberg,Spot,2022-08-10 17:40:47,victoria.medina044@dataops.example.com
,2022-08-27,EUR,MXN,0.4493112256,Internal FX,Closing,2022-08-27 08:31:59,brian.taylor114@analytics.example.com
,2022-08-21,BRL,EUR,1.0163660323,Reuters,Daily,2022-08-21 12:20:35,jeffery.miller012@commerce.example.com
,2022-08-17,AUD,GBP,0.3772626931,ECB,Closing,2022-08-17 01:19:49,jennifer.bauer068@analytics.example.com
,2022-08-09,MXN,SGD,0.2903966392,ECB,Daily,2022-08-09 22:05:24,amy.holmes103@dataops.example.com
,2022-08-03,AUD,INR,0.6115883163,Internal FX,Closing,2022-08-03 00:32:23,jeffery.miller012@commerce.example.com
,2022-08-13,AED,AUD,1.0202233468,ECB,Closing,2022-08-13 16:31:45,micheal.hall064@dataops.example.com
,2022-08-21,GBP,AED,0.3107222226,Bloomberg,Spot,2022-08-21 14:09:29,adam.gordon030@commerce.example.com
,2022-08-02,CAD,AED,2.9433499868,Internal FX,Spot,2022-08-02 09:07:49,joann.clark089@commerce.example.com
,2022-08-26,AED,BRL,0.6308150018,Bloomberg,Closing,2022-08-26 19:10:46,timothy.cameron104@commerce.example.com
,2022-08-22,USD,AUD,1.1478892963,Reuters,Daily,2022-08-22 11:30:07,craig.johnson106@analytics.example.com
,2022-08-18,SGD,BRL,1.8598036286,Bloomberg,Closing,2022-08-18 14:58:58,brandi.carter038@dataops.example.com
,2022-08-16,BRL,MXN,1.2366447893,Internal FX,Spot,2022-08-16 17:10:04,troy.boone097@platform.example.com
,2022-08-20,BRL,SGD,1.0931400964,Bloomberg,Spot,2022-08-20 11:25:01,stephen.daniels076@commerce.example.com
,2022-08-26,INR,GBP,2.2957927664,ECB,Daily,2022-08-26 01:43:06,ryan.steele043@commerce.example.com
,2022-08-22,SGD,AUD,0.3604762437,ECB,Closing,2022-08-22 12:18:38,ashley.marks069@commerce.example.com
,2022-08-15,JPY,AUD,1.7134864124,Reuters,Daily,2022-08-15 23:38:33,brandon.yu006@analytics.example.com
,2022-08-28,CAD,INR,0.6514251316,Internal FX,Closing,2022-08-28 16:23:58,stephen.clark001@analytics.example.com
,2022-08-18,JPY,AUD,5.8061805361,Bloomberg,Spot,2022-08-18 21:47:33,lisa.kim091@platform.example.com
,2022-08-09,SGD,AUD,0.2560994871,Reuters,Closing,2022-08-09 09:23:51,peter.martinez098@platform.example.com
,2022-08-09,BRL,USD,1.1980785725,Reuters,Daily,2022-08-09 12:41:38,yolanda.vasquez005@platform.example.com
,2022-08-22,USD,GBP,2.6779193544,ECB,Daily,2022-08-22 10:59:58,joseph.johnson049@dataops.example.com
,2022-08-14,MXN,GBP,3.0153436962,Internal FX,Spot,2022-08-14 10:08:36,david.cabrera119@dataops.example.com
,2022-08-09,SGD,BRL,0.2905308895,Reuters,Daily,2022-08-09 23:23:12,susan.rice083@commerce.example.com
,2022-08-25,USD,JPY,0.263303224,Internal FX,Daily,2022-08-25 16:43:19,timothy.cannon081@analytics.example.com
,2022-08-07,BRL,SGD,0.9919779953,Reuters,Daily,2022-08-07 09:23:19,victor.palmer071@platform.example.com
,2022-08-25,INR,MXN,0.238046713,Reuters,Daily,2022-08-25 09:09:01,renee.harvey080@dataops.example.com
,2022-08-24,GBP,EUR,1.3900645606,Bloomberg,Spot,2022-08-24 10:41:09,sylvia.diaz107@dataops.example.com
,2022-08-21,CAD,INR,1.8378769725,ECB,Spot,2022-08-21 01:43:32,jeffery.miller012@commerce.example.com
,2022-08-17,JPY,CAD,1.0719117832,Reuters,Spot,2022-08-17 11:04:51,adam.gordon030@commerce.example.com
,2022-08-03,AUD,INR,0.2000467596,Bloomberg,Daily,2022-08-03 20:08:35,jennifer.hudson020@analytics.example.com
,2022-08-28,EUR,JPY,1.4821898908,Reuters,Spot,2022-08-28 22:18:58,timothy.cameron104@commerce.example.com
,2022-08-16,USD,AUD,0.6913471147,Reuters,Closing,2022-08-16 18:20:31,kelsey.taylor010@platform.example.com
,2022-08-18,JPY,CAD,0.4628751879,Reuters,Spot,2022-08-18 17:44:24,adam.gordon030@commerce.example.com
,2022-08-06,AUD,AED,1.7152432721,Reuters,Closing,2022-08-06 11:04:47,jimmy.washington028@commerce.example.com
,2022-08-26,GBP,AUD,0.8506894383,Bloomberg,Daily,2022-08-26 03:42:34,timothy.cameron104@commerce.example.com
,2022-08-15,SGD,EUR,0.6052705377,Internal FX,Spot,2022-08-15 03:17:32,eric.horton058@analytics.example.com
,2022-08-20,EUR,USD,0.6402760271,Internal FX,Closing,2022-08-20 21:55:11,chelsea.patel065@commerce.example.com
,2022-08-31,INR,USD,0.8277284393,Reuters,Daily,2022-08-31 03:02:26,amy.holmes103@dataops.example.com
,2022-08-25,GBP,USD,0.8705632439,Reuters,Closing,2022-08-25 03:28:21,yesenia.arnold040@platform.example.com
,2022-08-25,MXN,SGD,0.6089090298,ECB,Spot,2022-08-25 21:04:10,tiffany.freeman101@analytics.example.com
,2022-08-13,GBP,JPY,1.2298158163,Internal FX,Daily,2022-08-13 11:03:44,david.cabrera119@dataops.example.com
,2022-08-27,EUR,CAD,0.2755987094,Reuters,Spot,2022-08-27 03:10:24,andrew.ellis102@analytics.example.com
,2022-08-27,MXN,JPY,0.4800128465,Internal FX,Spot,2022-08-27 23:04:56,andrea.cummings039@platform.example.com
,2022-08-25,AUD,GBP,0.987428989,Reuters,Daily,2022-08-25 19:53:55,joann.clark089@commerce.example.com
,2022-08-24,EUR,JPY,3.8701495712,Reuters,Closing,2022-08-24 18:31:57,jimmy.washington028@commerce.example.com
,2022-08-06,MXN,EUR,1.1903849906,Reuters,Daily,2022-08-06 01:05:39,brian.taylor114@analytics.example.com
,2022-08-10,GBP,USD,0.3522750159,Internal FX,Spot,2022-08-10 11:37:17,sylvia.diaz107@dataops.example.com
,2022-08-20,JPY,EUR,0.8256677713,Bloomberg,Daily,2022-08-20 10:11:03,christine.johnson056@commerce.example.com
,2022-08-09,INR,JPY,1.6532253578,Bloomberg,Daily,2022-08-09 05:32:26,micheal.hall064@dataops.example.com
,2022-08-21,JPY,SGD,0.9274837254,Internal FX,Closing,2022-08-21 10:44:30,john.mullins109@commerce.example.com
,2022-08-11,SGD,AUD,0.4214427866,Reuters,Spot,2022-08-11 01:43:18,ashley.marks069@commerce.example.com
,2022-08-12,GBP,INR,0.0789760324,Reuters,Daily,2022-08-12 06:29:43,michael.johnson061@platform.example.com
,2022-08-28,CAD,SGD,0.8199147381,Reuters,Spot,2022-08-28 23:12:15,darren.anderson025@dataops.example.com
,2022-08-19,JPY,INR,0.6106097313,Bloomberg,Spot,2022-08-19 22:18:25,micheal.hall064@dataops.example.com
,2022-08-15,SGD,USD,1.124491635,Bloomberg,Daily,2022-08-15 17:34:32,stephen.daniels076@commerce.example.com
,2022-08-02,MXN,BRL,0.9124062218,Bloomberg,Closing,2022-08-02 22:11:44,andrea.cummings039@platform.example.com
,2022-08-07,AUD,INR,0.549831907,Internal FX,Spot,2022-08-07 13:31:11,patrick.gonzalez035@dataops.example.com
,2022-08-02,USD,SGD,1.3499132872,Bloomberg,Closing,2022-08-02 07:48:36,grace.gonzales099@dataops.example.com
,2022-08-01,EUR,BRL,0.4543276463,ECB,Daily,2022-08-01 15:10:37,stephen.clark001@analytics.example.com
,2022-08-14,BRL,JPY,0.3366149647,ECB,Spot,2022-08-14 13:54:29,jimmy.washington028@commerce.example.com
,2022-08-11,BRL,AED,1.5581778601,Reuters,Spot,2022-08-11 00:30:59,eric.horton058@analytics.example.com
,2022-08-19,BRL,CAD,1.6089417793,Bloomberg,Spot,2022-08-19 12:31:45,shawn.baxter004@dataops.example.com
,2022-08-01,INR,GBP,1.2700521835,Reuters,Daily,2022-08-01 03:27:33,kevin.mathews014@analytics.example.com
,2022-08-31,GBP,JPY,1.2659051791,Reuters,Closing,2022-08-31 06:47:54,sylvia.diaz107@dataops.example.com
,2022-08-22,AED,EUR,0.765698192,ECB,Daily,2022-08-22 17:07:15,alyssa.richards002@commerce.example.com
,2022-08-08,INR,USD,1.0037488598,ECB,Closing,2022-08-08 00:51:17,jason.franklin045@dataops.example.com
,2022-08-10,SGD,CAD,0.6318361037,Reuters,Closing,2022-08-10 17:41:23,joann.clark089@commerce.example.com
,2022-08-24,AED,CAD,0.3812114418,Internal FX,Spot,2022-08-24 00:34:56,brian.taylor114@analytics.example.com
,2022-08-21,EUR,GBP,1.5174627458,Reuters,Closing,2022-08-21 12:09:44,yesenia.arnold040@platform.example.com
,2022-08-24,EUR,CAD,0.7240650464,ECB,Daily,2022-08-24 11:41:05,stephen.clark001@analytics.example.com
,2022-08-05,USD,CAD,0.3015024354,Bloomberg,Closing,2022-08-05 19:20:16,brandi.carter038@dataops.example.com
,2022-08-24,GBP,AUD,2.0503370358,Internal FX,Spot,2022-08-24 00:48:57,anita.garcia021@dataops.example.com
,2022-08-23,AED,AUD,2.3825140412,Bloomberg,Spot,2022-08-23 02:51:11,jason.franklin045@dataops.example.com
,2022-08-08,AUD,JPY,0.2890810862,ECB,Daily,2022-08-08 07:50:13,brian.taylor114@analytics.example.com
,2022-08-19,USD,CAD,1.7652137167,ECB,Closing,2022-08-19 04:07:39,michelle.sims041@analytics.example.com
,2022-08-03,USD,SGD,1.0355678591,Bloomberg,Daily,2022-08-03 14:11:16,micheal.chen050@dataops.example.com
,2022-08-11,EUR,INR,1.7598276258,Internal FX,Closing,2022-08-11 22:09:48,anita.garcia021@dataops.example.com
,2022-08-29,MXN,USD,1.2144216994,Reuters,Spot,2022-08-29 07:03:03,darren.anderson025@dataops.example.com
,2022-08-24,INR,EUR,1.5754115383,Bloomberg,Closing,2022-08-24 02:44:37,brandon.yu006@analytics.example.com
,2022-08-09,BRL,GBP,1.5657113897,Bloomberg,Spot,2022-08-09 06:12:51,anita.garcia021@dataops.example.com
,2022-08-05,MXN,GBP,0.4422211264,Reuters,Daily,2022-08-05 00:52:48,timothy.cameron104@commerce.example.com
,2022-08-15,CAD,EUR,1.7497590752,Reuters,Spot,2022-08-15 03:47:48,renee.harvey080@dataops.example.com
,2022-08-19,INR,GBP,0.6598151743,Internal FX,Closing,2022-08-19 00:26:44,peter.martinez098@platform.example.com
,2022-08-04,USD,BRL,1.4899542135,Reuters,Spot,2022-08-04 10:41:30,victoria.medina044@dataops.example.com
,2022-08-23,CAD,JPY,2.4991042124,Bloomberg,Closing,2022-08-23 05:14:28,jennifer.hudson020@analytics.example.com
,2022-08-17,SGD,JPY,1.4707434799,Bloomberg,Daily,2022-08-17 00:54:33,christine.carter078@commerce.example.com
,2022-08-24,MXN,INR,4.5160898429,Bloomberg,Daily,2022-08-24 08:04:02,ryan.steele043@commerce.example.com
,2022-08-30,EUR,AUD,0.5407309692,ECB,Spot,2022-08-30 00:59:46,renee.harvey080@dataops.example.com
,2022-08-30,CAD,JPY,0.8921109043,Bloomberg,Closing,2022-08-30 11:54:09,shawn.baxter004@dataops.example.com
,2022-08-28,EUR,JPY,1.5633669019,ECB,Spot,2022-08-28 10:30:11,micheal.hall064@dataops.example.com
,2022-08-03,MXN,SGD,1.2915163516,ECB,Closing,2022-08-03 19:13:02,katelyn.pitts017@commerce.example.com
,2022-08-08,AED,AUD,0.5689137348,Reuters,Spot,2022-08-08 03:15:58,stephen.clark001@analytics.example.com
,2022-08-12,MXN,GBP,0.3972333889,Reuters,Spot,2022-08-12 19:12:35,david.cabrera119@dataops.example.com
,2022-08-11,BRL,AED,0.774782219,Bloomberg,Spot,2022-08-11 06:40:39,lisa.kim091@platform.example.com
,2022-08-19,MXN,EUR,5.0702405083,Bloomberg,Spot,2022-08-19 16:24:26,taylor.cunningham023@commerce.example.com
,2022-08-02,SGD,AED,1.3437110796,ECB,Spot,2022-08-02 02:41:27,adam.gordon030@commerce.example.com
,2022-08-06,USD,AUD,1.0497333266,ECB,Spot,2022-08-06 22:45:37,stephen.clark001@analytics.example.com
,2022-08-05,JPY,BRL,1.2132891544,Bloomberg,Spot,2022-08-05 23:44:55,michelle.sims041@analytics.example.com
,2022-08-22,AUD,AED,2.2596099164,Bloomberg,Daily,2022-08-22 05:01:08,victoria.medina044@dataops.example.com
,2022-08-04,INR,USD,0.371950963,ECB,Daily,2022-08-04 10:18:18,darren.anderson025@dataops.example.com
,2022-08-15,USD,AUD,0.5980925415,Bloomberg,Daily,2022-08-15 17:23:47,jennifer.hudson020@analytics.example.com
,2022-08-29,MXN,AUD,0.3937489001,ECB,Closing,2022-08-29 06:46:51,eric.mullen052@dataops.example.com
,2022-08-10,EUR,SGD,1.5520777795,ECB,Spot,2022-08-10 10:48:46,jason.franklin045@dataops.example.com
,2022-08-25,BRL,AED,2.1111655324,Internal FX,Spot,2022-08-25 12:21:06,james.proctor094@dataops.example.com
,2022-08-15,AED,CAD,0.5285885103,Reuters,Closing,2022-08-15 18:30:06,timothy.cannon081@analytics.example.com
,2022-08-24,BRL,AED,0.8335888517,Bloomberg,Spot,2022-08-24 00:38:21,andrea.cummings039@platform.example.com
,2022-08-05,GBP,SGD,0.3988828979,Reuters,Daily,2022-08-05 22:00:22,jennifer.atkins003@platform.example.com
,2022-08-07,AED,SGD,2.1845393095,Bloomberg,Daily,2022-08-07 23:14:13,stephen.clark001@analytics.example.com
,2022-08-01,AED,CAD,0.5961757054,ECB,Closing,2022-08-01 17:35:50,michelle.bender024@analytics.example.com
,2022-08-24,CAD,AED,1.6983838122,Reuters,Spot,2022-08-24 10:49:59,yolanda.vasquez005@platform.example.com
,2022-08-01,MXN,CAD,1.1295536898,Internal FX,Spot,2022-08-01 17:16:24,jennifer.atkins003@platform.example.com
,2022-08-08,AUD,USD,1.6780871519,Internal FX,Closing,2022-08-08 23:02:27,michael.berger060@platform.example.com
,2022-08-20,BRL,AED,2.4820379752,Bloomberg,Daily,2022-08-20 01:47:44,tiffany.freeman101@analytics.example.com
,2022-08-27,INR,SGD,1.8050864563,Internal FX,Closing,2022-08-27 20:22:10,ryan.steele043@commerce.example.com
,2022-08-08,USD,INR,8.039160955,Bloomberg,Spot,2022-08-08 19:03:20,jennifer.atkins003@platform.example.com
,2022-08-06,JPY,GBP,0.4295714227,Internal FX,Spot,2022-08-06 05:18:25,tiffany.freeman101@analytics.example.com
,2022-08-31,AED,EUR,0.6164781549,Bloomberg,Spot,2022-08-31 05:15:55,jason.franklin045@dataops.example.com
,2022-08-03,MXN,SGD,0.685144214,Bloomberg,Spot,2022-08-03 09:32:48,lisa.kim091@platform.example.com
,2022-08-21,JPY,MXN,0.6280305128,ECB,Daily,2022-08-21 15:34:19,jennifer.hudson020@analytics.example.com
,2022-08-21,INR,AUD,1.1633298549,ECB,Daily,2022-08-21 00:00:57,michelle.bender024@analytics.example.com
,2022-08-03,USD,JPY,1.5429863576,Bloomberg,Closing,2022-08-03 21:54:50,jennifer.hudson020@analytics.example.com
,2022-08-09,AED,JPY,1.560158731,Internal FX,Spot,2022-08-09 21:22:15,brian.taylor114@analytics.example.com
,2022-08-20,JPY,USD,1.1077719744,ECB,Closing,2022-08-20 15:35:00,darren.anderson025@dataops.example.com
,2022-08-20,INR,MXN,0.6548451332,ECB,Closing,2022-08-20 07:29:18,peter.martinez098@platform.example.com
,2022-08-20,INR,BRL,2.0817368052,Reuters,Closing,2022-08-20 02:38:46,michael.berger060@platform.example.com
,2022-08-05,CAD,INR,0.8577591949,Internal FX,Closing,2022-08-05 20:43:10,jeffery.miller012@commerce.example.com
,2022-08-20,EUR,AUD,0.8019357898,Internal FX,Spot,2022-08-20 20:13:39,renee.harvey080@dataops.example.com
,2022-08-03,BRL,USD,0.804777787,ECB,Closing,2022-08-03 01:13:37,tina.williams074@commerce.example.com
,2022-08-19,BRL,SGD,0.5458120919,Reuters,Spot,2022-08-19 02:59:26,micheal.hall064@dataops.example.com
,2022-08-19,AUD,SGD,1.912597369,Internal FX,Spot,2022-08-19 10:13:34,christine.johnson056@commerce.example.com
,2022-08-02,EUR,BRL,1.7124895452,Internal FX,Daily,2022-08-02 00:50:13,maria.ashley046@analytics.example.com
,2022-08-05,CAD,AED,2.0256814227,Bloomberg,Spot,2022-08-05 12:24:00,yesenia.arnold040@platform.example.com
,2022-08-03,AED,CAD,2.7725649863,Bloomberg,Closing,2022-08-03 12:13:53,eric.horton058@analytics.example.com
,2022-08-19,BRL,USD,3.6131167617,Bloomberg,Closing,2022-08-19 08:38:41,jennifer.bauer068@analytics.example.com
,2022-08-05,SGD,BRL,1.0718741267,Reuters,Spot,2022-08-05 00:09:40,kevin.mathews014@analytics.example.com
,2022-08-12,CAD,INR,1.7468056573,ECB,Spot,2022-08-12 09:30:41,john.mullins109@commerce.example.com
,2022-08-26,EUR,BRL,1.1692343895,ECB,Closing,2022-08-26 15:45:31,christine.johnson056@commerce.example.com
,2022-08-30,MXN,AUD,1.4927802493,ECB,Spot,2022-08-30 07:04:23,tiffany.freeman101@analytics.example.com
,2022-08-30,JPY,USD,2.9834092893,Bloomberg,Spot,2022-08-30 11:26:15,andrea.cummings039@platform.example.com
,2022-08-13,SGD,CAD,0.8153201383,Internal FX,Spot,2022-08-13 08:05:57,lisa.kim091@platform.example.com
,2022-08-29,AUD,EUR,0.6794453156,Internal FX,Closing,2022-08-29 21:06:06,ashley.marks069@commerce.example.com
,2022-08-12,JPY,INR,0.505889917,Bloomberg,Daily,2022-08-12 18:44:42,christine.carter078@commerce.example.com
,2022-08-24,JPY,USD,0.2722911863,ECB,Closing,2022-08-24 09:04:20,maria.ashley046@analytics.example.com
,2022-08-05,INR,JPY,1.375096745,ECB,Spot,2022-08-05 19:09:06,yesenia.arnold040@platform.example.com
,2022-08-30,SGD,CAD,1.4690739967,Reuters,Closing,2022-08-30 14:37:51,patrick.gonzalez035@dataops.example.com
,2022-08-02,INR,CAD,3.5884330189,ECB,Spot,2022-08-02 04:36:12,christine.johnson056@commerce.example.com
,2022-08-31,USD,BRL,1.0397010137,ECB,Closing,2022-08-31 02:36:20,kelsey.taylor010@platform.example.com
,2022-08-30,JPY,SGD,2.5703504976,Reuters,Spot,2022-08-30 11:10:05,troy.boone097@platform.example.com
,2022-08-18,JPY,INR,1.4701914443,Reuters,Daily,2022-08-18 22:46:38,timothy.cameron104@commerce.example.com
,2022-08-16,AUD,CAD,1.4714322304,ECB,Closing,2022-08-16 07:19:34,adam.gordon030@commerce.example.com
,2022-08-21,BRL,SGD,0.7568357415,Bloomberg,Spot,2022-08-21 22:42:01,kelsey.taylor010@platform.example.com
,2022-08-11,AED,JPY,0.6919271695,ECB,Daily,2022-08-11 21:28:30,taylor.cunningham023@commerce.example.com
,2022-08-19,GBP,INR,1.0349492314,Bloomberg,Daily,2022-08-19 00:02:56,joseph.johnson049@dataops.example.com
,2022-08-10,AED,USD,0.6455582977,Bloomberg,Spot,2022-08-10 18:22:02,brian.taylor114@analytics.example.com
,2022-08-04,JPY,CAD,0.8862997883,ECB,Daily,2022-08-04 23:05:01,stephen.daniels076@commerce.example.com
,2022-08-18,AED,INR,1.6695689118,Bloomberg,Closing,2022-08-18 21:49:08,joann.clark089@commerce.example.com
,2022-08-26,BRL,INR,2.3807771414,ECB,Closing,2022-08-26 07:34:38,taylor.cunningham023@commerce.example.com
,2022-08-23,USD,CAD,2.2627877177,Internal FX,Closing,2022-08-23 02:40:48,james.proctor094@dataops.example.com
,2022-08-15,EUR,AED,2.2858272213,Bloomberg,Daily,2022-08-15 23:48:41,sylvia.diaz107@dataops.example.com
,2022-08-30,CAD,AED,0.6678620169,Bloomberg,Daily,2022-08-30 04:52:00,lance.williams029@platform.example.com
,2022-08-05,JPY,SGD,0.7879309561,Bloomberg,Daily,2022-08-05 05:17:17,grace.gonzales099@dataops.example.com
,2022-08-29,AUD,CAD,1.4532983569,Bloomberg,Spot,2022-08-29 19:30:59,victor.palmer071@platform.example.com
,2022-08-07,MXN,SGD,1.2523496128,ECB,Spot,2022-08-07 23:23:48,john.mullins109@commerce.example.com
,2022-08-11,AUD,CAD,2.118991075,Internal FX,Closing,2022-08-11 15:47:39,andrew.ellis102@analytics.example.com
,2022-08-08,USD,JPY,1.6947760266,Internal FX,Daily,2022-08-08 09:39:34,joseph.johnson049@dataops.example.com
,2022-08-14,AED,INR,2.024384122,ECB,Closing,2022-08-14 07:40:28,stephen.daniels076@commerce.example.com
,2022-08-11,JPY,MXN,0.8305187055,Internal FX,Spot,2022-08-11 18:17:17,tina.williams074@commerce.example.com
,2022-08-16,EUR,CAD,2.9592190488,Bloomberg,Spot,2022-08-16 23:19:53,joseph.johnson049@dataops.example.com
,2022-08-08,GBP,BRL,1.4259370046,Bloomberg,Daily,2022-08-08 10:48:04,andrew.ellis102@analytics.example.com
,2022-08-14,INR,MXN,2.4571190741,Internal FX,Daily,2022-08-14 13:30:16,michelle.bender024@analytics.example.com
,2022-08-21,MXN,JPY,3.2412728944,Internal FX,Spot,2022-08-21 04:58:01,ashley.marks069@commerce.example.com
,2022-08-05,CAD,MXN,0.9002782694,Bloomberg,Daily,2022-08-05 21:27:54,david.cabrera119@dataops.example.com
,2022-08-05,SGD,JPY,1.4924059996,ECB,Daily,2022-08-05 23:59:48,ashley.marks069@commerce.example.com
,2022-08-10,AED,SGD,0.8803277541,Reuters,Closing,2022-08-10 07:10:20,eric.mullen052@dataops.example.com
,2022-08-04,AED,GBP,1.6950350759,Reuters,Spot,2022-08-04 05:35:57,craig.johnson106@analytics.example.com
,2022-08-03,MXN,GBP,2.1240961058,ECB,Daily,2022-08-03 23:30:11,timothy.cameron104@commerce.example.com
,2022-08-22,AUD,JPY,0.2717877963,Internal FX,Spot,2022-08-22 11:20:03,christine.johnson056@commerce.example.com
,2022-08-07,USD,AUD,4.2498809037,Bloomberg,Spot,2022-08-07 11:59:53,megan.cunningham013@commerce.example.com
,2022-08-25,SGD,INR,1.3107127236,Bloomberg,Closing,2022-08-25 15:37:02,amy.holmes103@dataops.example.com
,2022-08-28,BRL,MXN,2.0106923974,Internal FX,Daily,2022-08-28 05:39:06,timothy.cannon081@analytics.example.com
,2022-08-06,MXN,BRL,1.2428664442,ECB,Spot,2022-08-06 01:34:50,taylor.cunningham023@commerce.example.com
,2022-08-13,INR,AED,0.7586947723,ECB,Closing,2022-08-13 10:23:46,yolanda.vasquez005@platform.example.com
,2022-08-25,INR,GBP,2.5976564414,ECB,Closing,2022-08-25 05:46:57,darren.anderson025@dataops.example.com
,2022-08-18,JPY,INR,0.1480924572,Internal FX,Spot,2022-08-18 12:36:57,kelsey.taylor010@platform.example.com
,2022-08-17,MXN,AUD,1.4791050675,Reuters,Spot,2022-08-17 22:15:01,alyssa.richards002@commerce.example.com
,2022-08-06,JPY,EUR,3.4470540201,Internal FX,Daily,2022-08-06 21:56:43,kelsey.taylor010@platform.example.com
,2022-08-12,JPY,SGD,0.9846449708,Reuters,Spot,2022-08-12 23:47:04,darren.anderson025@dataops.example.com
,2022-08-17,GBP,AUD,0.6132877125,ECB,Closing,2022-08-17 06:55:32,brian.taylor114@analytics.example.com
,2022-08-11,INR,MXN,0.9962053588,Reuters,Daily,2022-08-11 18:06:43,tiffany.freeman101@analytics.example.com
,2022-08-10,MXN,AED,1.5049655526,Internal FX,Daily,2022-08-10 20:35:30,craig.johnson106@analytics.example.com
,2022-08-06,BRL,INR,1.8690691921,Reuters,Spot,2022-08-06 10:04:08,patrick.gonzalez035@dataops.example.com
,2022-08-01,MXN,SGD,0.770362728,Bloomberg,Spot,2022-08-01 06:23:43,eric.mullen052@dataops.example.com
,2022-08-10,USD,INR,1.7508239427,Internal FX,Closing,2022-08-10 13:23:53,chelsea.patel065@commerce.example.com
,2022-08-19,AED,AUD,1.2753563351,ECB,Closing,2022-08-19 04:29:52,kelsey.taylor010@platform.example.com
,2022-08-16,BRL,MXN,1.1375394825,Internal FX,Daily,2022-08-16 19:32:46,taylor.cunningham023@commerce.example.com
,2022-08-19,AUD,INR,0.932549778,ECB,Spot,2022-08-19 03:39:38,eric.mullen052@dataops.example.com
,2022-08-18,AUD,INR,0.4184929814,ECB,Spot,2022-08-18 16:05:27,christine.carter078@commerce.example.com
,2022-08-03,CAD,AED,0.2820415115,Bloomberg,Closing,2022-08-03 04:32:11,troy.boone097@platform.example.com
,2022-08-31,SGD,JPY,0.6081581414,Bloomberg,Spot,2022-08-31 02:24:46,troy.boone097@platform.example.com
,2022-08-13,MXN,SGD,4.5018378663,Reuters,Daily,2022-08-13 11:30:02,patrick.gonzalez035@dataops.example.com
,2022-08-29,GBP,BRL,0.7740689838,Reuters,Daily,2022-08-29 07:01:17,shawn.baxter004@dataops.example.com
,2022-08-14,USD,JPY,0.6895467482,Bloomberg,Closing,2022-08-14 08:30:22,peter.martinez098@platform.example.com
,2022-08-04,SGD,EUR,2.281473808,ECB,Closing,2022-08-04 12:56:59,katelyn.pitts017@commerce.example.com
,2022-08-04,EUR,JPY,1.883848226,ECB,Spot,2022-08-04 08:29:32,stephen.clark001@analytics.example.com
,2022-08-23,USD,AED,2.0588886524,Bloomberg,Daily,2022-08-23 22:06:14,maria.ashley046@analytics.example.com
,2022-08-08,JPY,USD,4.4315777909,Bloomberg,Daily,2022-08-08 09:05:02,lance.williams029@platform.example.com
,2022-08-27,INR,CAD,0.2536171931,ECB,Daily,2022-08-27 16:52:31,sandra.hunter036@platform.example.com
,2022-08-12,GBP,AED,0.6591609378,Bloomberg,Closing,2022-08-12 01:43:22,lisa.kim091@platform.example.com
,2022-08-17,AUD,USD,4.6492668807,Bloomberg,Daily,2022-08-17 22:02:13,jeffery.miller012@commerce.example.com
,2022-08-11,SGD,MXN,1.2725917684,Reuters,Closing,2022-08-11 22:52:51,jason.franklin045@dataops.example.com
,2022-08-23,CAD,USD,1.2117985604,Bloomberg,Closing,2022-08-23 07:59:47,kevin.mathews014@analytics.example.com
,2022-08-27,USD,SGD,0.8101669497,ECB,Daily,2022-08-27 05:14:04,kelsey.taylor010@platform.example.com
,2022-08-20,GBP,AED,1.1840333814,Bloomberg,Closing,2022-08-20 14:14:18,john.mullins109@commerce.example.com
,2022-08-22,BRL,USD,0.7180478463,Internal FX,Closing,2022-08-22 03:13:33,susan.rice083@commerce.example.com
,2022-08-12,EUR,GBP,0.8564606866,Reuters,Spot,2022-08-12 10:34:00,andrea.cummings039@platform.example.com
,2022-08-19,SGD,INR,2.2607285261,Bloomberg,Spot,2022-08-19 14:03:44,michael.berger060@platform.example.com
,2022-08-11,CAD,AED,1.0614082466,Bloomberg,Spot,2022-08-11 06:05:05,maria.ashley046@analytics.example.com
,2022-08-20,EUR,MXN,0.5521705424,Reuters,Daily,2022-08-20 00:10:23,john.mullins109@commerce.example.com
,2022-08-24,GBP,SGD,1.4394182329,Bloomberg,Spot,2022-08-24 22:50:30,susan.rice083@commerce.example.com
,2022-08-31,JPY,USD,0.4872639782,Reuters,Spot,2022-08-31 20:30:47,amy.holmes103@dataops.example.com
,2022-08-15,AED,MXN,2.272059775,Reuters,Daily,2022-08-15 07:49:53,kelsey.taylor010@platform.example.com
,2022-08-01,USD,BRL,0.3533207085,Bloomberg,Spot,2022-08-01 06:29:34,patrick.gonzalez035@dataops.example.com
,2022-08-26,CAD,BRL,1.3725181744,ECB,Daily,2022-08-26 06:26:08,jeffery.miller012@commerce.example.com
,2022-08-31,JPY,AED,1.0751010377,ECB,Daily,2022-08-31 01:11:44,kelsey.taylor010@platform.example.com
,2022-08-23,USD,EUR,0.5309926581,ECB,Spot,2022-08-23 01:09:41,eric.horton058@analytics.example.com
,2022-08-06,AUD,JPY,0.6800639252,Bloomberg,Closing,2022-08-06 09:52:14,timothy.cannon081@analytics.example.com
,2022-08-26,USD,EUR,1.4935855814,Internal FX,Spot,2022-08-26 15:54:46,stephen.clark001@analytics.example.com
,2022-08-27,CAD,BRL,4.3922301082,ECB,Spot,2022-08-27 16:43:34,shawn.baxter004@dataops.example.com
,2022-08-15,AED,CAD,0.4007936026,Internal FX,Closing,2022-08-15 04:45:03,andrea.cummings039@platform.example.com
,2022-08-12,USD,BRL,0.3257694297,Reuters,Closing,2022-08-12 05:32:36,david.cabrera119@dataops.example.com
,2022-08-17,JPY,AED,0.3702205869,ECB,Daily,2022-08-17 04:28:05,victoria.medina044@dataops.example.com
,2022-08-13,JPY,MXN,0.6053706501,Bloomberg,Spot,2022-08-13 08:32:45,shawn.baxter004@dataops.example.com
,2022-08-09,GBP,JPY,0.6247638468,Internal FX,Spot,2022-08-09 11:17:22,james.proctor094@dataops.example.com
,2022-08-27,BRL,EUR,0.7415461893,Bloomberg,Daily,2022-08-27 13:25:30,shawn.baxter004@dataops.example.com
,2022-08-07,CAD,MXN,1.9672571509,Reuters,Daily,2022-08-07 03:16:56,renee.harvey080@dataops.example.com
,2022-08-08,INR,BRL,0.5611805468,Bloomberg,Spot,2022-08-08 11:59:08,maria.ashley046@analytics.example.com
,2022-08-22,AED,GBP,0.979938011,Internal FX,Daily,2022-08-22 02:44:40,stephen.daniels076@commerce.example.com
,2022-08-23,BRL,CAD,3.4649081384,Internal FX,Closing,2022-08-23 02:22:55,joann.clark089@commerce.example.com
,2022-08-30,USD,AUD,1.1698496191,Internal FX,Spot,2022-08-30 08:42:50,maria.ashley046@analytics.example.com
,2022-08-08,AED,SGD,0.6063046051,Bloomberg,Closing,2022-08-08 05:01:57,sylvia.diaz107@dataops.example.com
,2022-08-28,EUR,CAD,0.9805763097,Internal FX,Daily,2022-08-28 13:35:21,victoria.medina044@dataops.example.com
,2022-08-06,EUR,AUD,2.9671361867,Bloomberg,Daily,2022-08-06 05:14:49,adam.gordon030@commerce.example.com
,2022-08-17,AUD,BRL,0.9156921006,ECB,Spot,2022-08-17 12:01:49,maria.ashley046@analytics.example.com
,2022-08-21,JPY,INR,1.8132022566,Internal FX,Closing,2022-08-21 15:40:06,jennifer.hudson020@analytics.example.com
,2022-08-26,AED,INR,0.3159006067,Bloomberg,Spot,2022-08-26 21:24:02,brandi.carter038@dataops.example.com
,2022-08-05,AUD,CAD,0.787551313,Internal FX,Daily,2022-08-05 08:46:21,stephen.daniels076@commerce.example.com
,2022-08-27,JPY,MXN,1.4344433527,Reuters,Spot,2022-08-27 01:55:26,tiffany.freeman101@analytics.example.com
,2022-08-29,USD,MXN,1.6495583813,ECB,Closing,2022-08-29 16:08:18,ashley.marks069@commerce.example.com
,2022-08-12,JPY,INR,0.701491116,Reuters,Daily,2022-08-12 07:24:41,susan.rice083@commerce.example.com
,2022-08-20,MXN,SGD,0.7133965189,Internal FX,Closing,2022-08-20 13:05:53,sylvia.diaz107@dataops.example.com
,2022-08-23,SGD,BRL,1.011419589,Internal FX,Daily,2022-08-23 02:21:01,stephen.daniels076@commerce.example.com
,2022-08-29,AUD,EUR,0.6252531586,ECB,Closing,2022-08-29 15:09:22,joann.clark089@commerce.example.com
,2022-08-21,INR,JPY,2.1778257076,ECB,Daily,2022-08-21 22:15:54,kevin.mathews014@analytics.example.com
,2022-08-10,JPY,EUR,0.5101769972,Reuters,Closing,2022-08-10 04:42:04,michelle.sims041@analytics.example.com
,2022-08-08,CAD,EUR,1.6047717774,Bloomberg,Closing,2022-08-08 07:39:30,michelle.sims041@analytics.example.com
,2022-08-05,USD,AUD,1.9977415825,Bloomberg,Daily,2022-08-05 23:02:14,tina.williams074@commerce.example.com
,2022-08-07,CAD,MXN,0.1251572367,ECB,Daily,2022-08-07 13:11:20,victoria.medina044@dataops.example.com
,2022-08-19,EUR,MXN,1.8678100845,Bloomberg,Spot,2022-08-19 03:47:58,eric.horton058@analytics.example.com
,2022-08-27,AUD,USD,0.8178397158,Bloomberg,Daily,2022-08-27 09:31:30,kelsey.taylor010@platform.example.com
,2022-08-20,INR,EUR,2.7371862805,ECB,Spot,2022-08-20 21:46:13,lance.williams029@platform.example.com
,2022-08-11,BRL,AUD,2.5816353417,Reuters,Closing,2022-08-11 05:52:19,megan.cunningham013@commerce.example.com
,2022-08-22,INR,CAD,0.8260883879,Reuters,Closing,2022-08-22 10:36:55,lance.williams029@platform.example.com
,2022-08-23,INR,CAD,4.5302835554,Bloomberg,Spot,2022-08-23 07:12:47,megan.cunningham013@commerce.example.com
,2022-08-15,CAD,INR,1.1392425649,Bloomberg,Daily,2022-08-15 13:56:54,joann.clark089@commerce.example.com
,2022-08-21,SGD,MXN,0.5686522043,Internal FX,Closing,2022-08-21 08:16:00,ryan.steele043@commerce.example.com
,2022-08-20,AED,SGD,2.998849928,Internal FX,Closing,2022-08-20 22:20:32,joann.clark089@commerce.example.com
,2022-08-16,USD,JPY,1.1144826008,Internal FX,Daily,2022-08-16 01:40:31,andrew.ellis102@analytics.example.com
,2022-08-14,USD,AED,0.5300796259,Reuters,Closing,2022-08-14 12:34:43,joann.clark089@commerce.example.com
,2022-08-28,BRL,AUD,0.5415834336,Reuters,Daily,2022-08-28 06:00:12,christine.johnson056@commerce.example.com
,2022-08-11,AED,SGD,0.4876159093,Reuters,Daily,2022-08-11 11:16:54,andrew.ellis102@analytics.example.com
,2022-08-08,BRL,GBP,1.8447415264,Internal FX,Closing,2022-08-08 11:27:46,lance.williams029@platform.example.com
,2022-08-12,AUD,MXN,1.2730180779,Bloomberg,Daily,2022-08-12 08:33:08,ashley.marks069@commerce.example.com
,2022-08-18,BRL,AED,0.3795652742,ECB,Daily,2022-08-18 23:28:18,brandi.carter038@dataops.example.com
,2022-08-16,AED,AUD,0.8799403359,Internal FX,Daily,2022-08-16 10:42:55,grace.gonzales099@dataops.example.com
,2022-08-29,GBP,USD,1.9951449151,Internal FX,Closing,2022-08-29 11:53:30,james.proctor094@dataops.example.com
,2022-08-29,INR,JPY,0.9988897198,ECB,Closing,2022-08-29 03:22:04,lisa.kim091@platform.example.com
,2022-08-09,JPY,CAD,0.6189054449,Bloomberg,Closing,2022-08-09 08:34:20,jennifer.atkins003@platform.example.com
,2022-08-07,AED,EUR,0.578002677,ECB,Closing,2022-08-07 13:22:49,jennifer.bauer068@analytics.example.com
,2022-08-26,AUD,INR,1.1048919624,ECB,Spot,2022-08-26 05:36:56,patrick.gonzalez035@dataops.example.com
,2022-08-06,SGD,GBP,0.9148279271,Internal FX,Daily,2022-08-06 18:00:20,micheal.chen050@dataops.example.com
,2022-08-04,AED,USD,2.6233583633,Reuters,Closing,2022-08-04 07:56:32,chelsea.patel065@commerce.example.com
,2022-08-19,EUR,GBP,1.0367540134,Internal FX,Daily,2022-08-19 22:30:39,jennifer.atkins003@platform.example.com
,2022-08-22,AUD,INR,1.8345185665,Reuters,Daily,2022-08-22 07:21:04,micheal.hall064@dataops.example.com
,2022-08-12,GBP,INR,0.4711534706,ECB,Spot,2022-08-12 20:01:56,brandi.carter038@dataops.example.com
,2022-08-14,GBP,MXN,0.5832748821,Internal FX,Closing,2022-08-14 17:50:26,tiffany.freeman101@analytics.example.com
,2022-08-20,AED,SGD,1.0962526594,Bloomberg,Spot,2022-08-20 02:11:24,lisa.kim091@platform.example.com
,2022-08-31,GBP,MXN,1.995071478,Reuters,Daily,2022-08-31 13:15:36,sylvia.diaz107@dataops.example.com
,2022-08-11,AUD,SGD,0.2643832247,Bloomberg,Closing,2022-08-11 22:26:00,yesenia.arnold040@platform.example.com
,2022-08-10,AUD,MXN,4.4607833679,Bloomberg,Closing,2022-08-10 09:50:03,sylvia.diaz107@dataops.example.com
,2022-08-24,MXN,INR,0.3840419941,Internal FX,Closing,2022-08-24 11:57:14,eric.horton058@analytics.example.com
,2022-08-20,GBP,BRL,0.9064544447,Bloomberg,Daily,2022-08-20 04:02:16,anita.garcia021@dataops.example.com
,2022-08-31,AED,JPY,2.3837240226,ECB,Daily,2022-08-31 10:49:31,lisa.kim091@platform.example.com
,2022-08-10,MXN,GBP,0.5383704202,Internal FX,Closing,2022-08-10 19:52:28,victoria.medina044@dataops.example.com
,2022-08-19,GBP,USD,3.0134217074,Reuters,Closing,2022-08-19 05:14:14,micheal.chen050@dataops.example.com
,2022-08-15,JPY,USD,1.1652610172,Reuters,Spot,2022-08-15 22:04:42,patrick.gonzalez035@dataops.example.com
,2022-08-15,SGD,USD,2.4171561813,Bloomberg,Daily,2022-08-15 14:21:58,christine.carter078@commerce.example.com
,2022-08-29,AUD,GBP,0.9011963358,Bloomberg,Spot,2022-08-29 10:34:23,katelyn.pitts017@commerce.example.com
,2022-08-18,MXN,EUR,0.8822456212,Reuters,Daily,2022-08-18 02:16:32,yolanda.vasquez005@platform.example.com
,2022-08-30,JPY,INR,0.994195742,Bloomberg,Daily,2022-08-30 03:35:05,timothy.cannon081@analytics.example.com
,2022-08-08,CAD,AUD,0.3306912633,ECB,Daily,2022-08-08 19:26:42,jennifer.hudson020@analytics.example.com
,2022-08-12,CAD,MXN,0.5394361092,Reuters,Closing,2022-08-12 17:59:17,alyssa.richards002@commerce.example.com
,2022-08-22,CAD,EUR,1.1838341617,Bloomberg,Spot,2022-08-22 23:41:27,jimmy.washington028@commerce.example.com
,2022-08-27,JPY,SGD,1.5677881053,Bloomberg,Spot,2022-08-27 16:12:32,amy.holmes103@dataops.example.com
,2022-08-20,AED,INR,1.966674687,Reuters,Closing,2022-08-20 23:12:16,sandra.hunter036@platform.example.com
,2022-08-16,AUD,BRL,0.3652859242,ECB,Closing,2022-08-16 17:55:59,patrick.gonzalez035@dataops.example.com
,2022-08-09,SGD,GBP,1.2115692967,Reuters,Daily,2022-08-09 05:30:33,victoria.medina044@dataops.example.com
,2022-08-25,AED,GBP,0.3794145982,Bloomberg,Closing,2022-08-25 06:23:18,jennifer.hudson020@analytics.example.com
,2022-08-03,AUD,CAD,3.6430523306,Internal FX,Daily,2022-08-03 19:19:27,sylvia.diaz107@dataops.example.com
,2022-08-08,AUD,INR,0.3012382729,Internal FX,Spot,2022-08-08 19:21:35,yolanda.vasquez005@platform.example.com
,2022-08-24,BRL,MXN,1.0499144495,Reuters,Spot,2022-08-24 07:09:47,jimmy.washington028@commerce.example.com
,2022-08-30,JPY,USD,1.6730395067,Reuters,Spot,2022-08-30 17:53:24,ryan.steele043@commerce.example.com
,2022-08-23,EUR,AED,3.7556918179,Bloomberg,Closing,2022-08-23 16:43:37,shawn.baxter004@dataops.example.com
,2022-08-13,CAD,AUD,1.3037108899,Reuters,Daily,2022-08-13 12:13:01,amy.holmes103@dataops.example.com
,2022-08-03,JPY,BRL,0.4949364233,Reuters,Closing,2022-08-03 02:13:21,jeffery.miller012@commerce.example.com
,2022-08-31,CAD,MXN,3.9212406064,Internal FX,Daily,2022-08-31 19:17:40,micheal.hall064@dataops.example.com
,2022-08-09,SGD,AUD,1.7456880343,Reuters,Daily,2022-08-09 22:49:38,timothy.cameron104@commerce.example.com
,2022-08-28,MXN,JPY,1.5949987972,Reuters,Daily,2022-08-28 15:07:38,joann.clark089@commerce.example.com
,2022-08-14,BRL,MXN,0.9713533551,ECB,Spot,2022-08-14 03:09:25,stephen.clark001@analytics.example.com
,2022-08-08,USD,SGD,0.4901670248,Bloomberg,Daily,2022-08-08 09:09:52,joann.clark089@commerce.example.com
,2022-08-02,INR,USD,1.9079600906,ECB,Daily,2022-08-02 03:41:45,timothy.cameron104@commerce.example.com
,2022-08-20,BRL,EUR,0.9894678439,Internal FX,Daily,2022-08-20 10:42:28,michelle.sims041@analytics.example.com
,2022-08-11,MXN,USD,0.6727139572,Bloomberg,Closing,2022-08-11 13:03:52,grace.gonzales099@dataops.example.com
,2022-08-24,CAD,SGD,0.5432631704,Internal FX,Closing,2022-08-24 09:37:21,john.mullins109@commerce.example.com
,2022-08-18,MXN,SGD,1.8936375839,ECB,Daily,2022-08-18 00:35:01,brandon.yu006@analytics.example.com
,2022-08-14,JPY,AED,0.8638658161,Bloomberg,Daily,2022-08-14 11:47:32,renee.harvey080@dataops.example.com
,2022-08-15,SGD,JPY,0.3535731601,Bloomberg,Daily,2022-08-15 19:02:00,timothy.cameron104@commerce.example.com
,2022-08-27,BRL,GBP,1.0605679734,Bloomberg,Daily,2022-08-27 16:24:25,brian.taylor114@analytics.example.com
,2022-08-20,BRL,USD,3.841496081,ECB,Closing,2022-08-20 08:19:49,christine.johnson056@commerce.example.com
,2022-08-18,BRL,SGD,0.1873558427,Reuters,Spot,2022-08-18 07:00:14,katelyn.pitts017@commerce.example.com
,2022-08-09,EUR,BRL,0.6084500565,Bloomberg,Spot,2022-08-09 10:56:11,joann.clark089@commerce.example.com
,2022-08-22,JPY,GBP,0.7754883855,ECB,Spot,2022-08-22 05:22:30,yesenia.arnold040@platform.example.com
,2022-08-12,AED,INR,1.1956160747,ECB,Daily,2022-08-12 02:21:19,darren.anderson025@dataops.example.com
,2022-08-02,SGD,INR,0.7726800759,Reuters,Spot,2022-08-02 22:31:27,andrew.ellis102@analytics.example.com
,2022-08-18,JPY,EUR,0.3636230716,Reuters,Daily,2022-08-18 20:38:40,christine.johnson056@commerce.example.com
,2022-08-17,SGD,MXN,1.9143821328,Bloomberg,Closing,2022-08-17 00:29:45,ryan.steele043@commerce.example.com
,2022-08-30,BRL,USD,1.8424608968,ECB,Daily,2022-08-30 19:50:04,maria.ashley046@analytics.example.com
,2022-08-16,SGD,USD,3.3345778112,ECB,Closing,2022-08-16 22:37:44,susan.rice083@commerce.example.com
,2022-08-28,AUD,USD,1.1988704524,Reuters,Daily,2022-08-28 04:38:31,alyssa.richards002@commerce.example.com
,2022-08-16,SGD,JPY,1.6414592417,ECB,Daily,2022-08-16 10:15:42,katelyn.pitts017@commerce.example.com
,2022-08-02,JPY,AUD,0.6557977655,ECB,Closing,2022-08-02 00:47:29,michael.berger060@platform.example.com
,2022-08-12,USD,SGD,2.1211338844,ECB,Daily,2022-08-12 18:04:13,brandi.carter038@dataops.example.com
,2022-08-18,JPY,AUD,2.0457289763,Bloomberg,Spot,2022-08-18 16:10:40,timothy.cameron104@commerce.example.com
,2022-08-22,BRL,JPY,2.1989521087,Bloomberg,Daily,2022-08-22 17:44:57,lance.williams029@platform.example.com
,2022-08-10,INR,CAD,2.3571677775,Reuters,Spot,2022-08-10 18:55:17,andrea.cummings039@platform.example.com
,2022-08-31,USD,AUD,0.2807335927,Internal FX,Spot,2022-08-31 02:13:19,michelle.sims041@analytics.example.com
,2022-08-08,CAD,EUR,2.1898277998,Internal FX,Daily,2022-08-08 16:09:44,grace.gonzales099@dataops.example.com
,2022-08-31,BRL,JPY,3.4286079859,Reuters,Closing,2022-08-31 14:47:15,kelsey.taylor010@platform.example.com
,2022-08-08,MXN,BRL,2.6377353672,Internal FX,Daily,2022-08-08 21:35:05,andrew.ellis102@analytics.example.com
,2022-08-28,EUR,INR,0.8046563183,Internal FX,Spot,2022-08-28 20:38:24,amy.holmes103@dataops.example.com
,2022-08-08,MXN,INR,0.2086352239,Bloomberg,Daily,2022-08-08 15:17:49,shawn.baxter004@dataops.example.com
,2022-08-17,INR,EUR,0.6483664305,Bloomberg,Daily,2022-08-17 14:19:52,adam.gordon030@commerce.example.com
,2022-08-26,MXN,USD,1.3742531608,Bloomberg,Closing,2022-08-26 09:18:01,tiffany.freeman101@analytics.example.com
,2022-08-10,JPY,EUR,1.5639014964,Reuters,Closing,2022-08-10 11:50:12,brian.taylor114@analytics.example.com
,2022-08-15,AUD,JPY,0.8046490529,ECB,Closing,2022-08-15 19:49:13,tina.williams074@commerce.example.com
,2022-08-26,JPY,AED,0.8503870158,ECB,Closing,2022-08-26 08:37:37,victor.palmer071@platform.example.com
,2022-08-28,BRL,USD,1.1083443042,Bloomberg,Spot,2022-08-28 02:31:08,joann.clark089@commerce.example.com
,2022-08-20,AED,INR,2.0456503223,ECB,Closing,2022-08-20 21:59:46,david.cabrera119@dataops.example.com
,2022-08-17,SGD,BRL,0.7505910808,Internal FX,Spot,2022-08-17 21:51:59,katelyn.pitts017@commerce.example.com
,2022-08-22,EUR,GBP,4.0895517822,ECB,Closing,2022-08-22 17:24:00,micheal.chen050@dataops.example.com
,2022-08-10,EUR,BRL,1.2475186454,Internal FX,Daily,2022-08-10 20:13:35,timothy.cameron104@commerce.example.com
,2022-08-20,GBP,INR,0.5821028071,Internal FX,Closing,2022-08-20 22:07:59,anita.garcia021@dataops.example.com
,2022-08-12,CAD,AUD,0.4469121456,Reuters,Spot,2022-08-12 00:23:58,craig.johnson106@analytics.example.com
,2022-08-08,JPY,USD,1.1587974849,Internal FX,Daily,2022-08-08 14:18:14,andrea.cummings039@platform.example.com
,2022-08-04,USD,SGD,0.3767449463,Internal FX,Spot,2022-08-04 10:43:37,brandon.yu006@analytics.example.com
,2022-08-21,INR,AED,0.9667718724,Reuters,Closing,2022-08-21 11:16:56,megan.cunningham013@commerce.example.com
,2022-08-23,MXN,BRL,0.5889988239,Reuters,Daily,2022-08-23 15:50:29,craig.johnson106@analytics.example.com
,2022-08-21,USD,AED,2.1546513602,Internal FX,Daily,2022-08-21 20:15:14,brandi.carter038@dataops.example.com
,2022-08-23,CAD,GBP,0.6058449898,Internal FX,Closing,2022-08-23 01:03:45,tina.williams074@commerce.example.com
,2022-08-10,USD,CAD,1.5061267479,Reuters,Closing,2022-08-10 02:52:39,jennifer.bauer068@analytics.example.com
,2022-08-09,USD,MXN,2.756259591,Internal FX,Daily,2022-08-09 09:06:14,michelle.bender024@analytics.example.com
,2022-08-01,GBP,MXN,2.8023187546,Reuters,Spot,2022-08-01 02:34:42,grace.gonzales099@dataops.example.com
,2022-08-06,MXN,SGD,1.5708881118,Bloomberg,Closing,2022-08-06 10:21:56,brandi.carter038@dataops.example.com
,2022-08-31,GBP,MXN,0.7500391816,Reuters,Spot,2022-08-31 14:15:44,david.cabrera119@dataops.example.com
,2022-08-30,INR,CAD,3.3491331736,Bloomberg,Closing,2022-08-30 10:19:38,kelsey.taylor010@platform.example.com
,2022-08-04,GBP,AUD,0.6938792531,Bloomberg,Spot,2022-08-04 08:06:15,eric.horton058@analytics.example.com
,2022-08-03,AED,EUR,1.0609461608,Reuters,Daily,2022-08-03 21:13:13,tina.williams074@commerce.example.com
,2022-08-01,AED,BRL,1.7591275531,ECB,Spot,2022-08-01 01:16:00,ryan.steele043@commerce.example.com
,2022-08-28,MXN,SGD,2.1022456808,Reuters,Closing,2022-08-28 10:54:53,darren.anderson025@dataops.example.com
,2022-08-11,INR,JPY,1.4742385095,ECB,Spot,2022-08-11 22:01:13,sylvia.diaz107@dataops.example.com
,2022-08-30,MXN,CAD,0.8100147657,Internal FX,Closing,2022-08-30 12:41:57,jeffery.miller012@commerce.example.com
,2022-08-29,JPY,MXN,0.888087126,Reuters,Closing,2022-08-29 04:16:54,amy.holmes103@dataops.example.com
,2022-08-15,CAD,BRL,0.6904896357,ECB,Spot,2022-08-15 02:10:31,joann.clark089@commerce.example.com
,2022-08-03,SGD,EUR,0.7294459005,ECB,Closing,2022-08-03 23:25:49,yesenia.arnold040@platform.example.com
,2022-08-05,AUD,BRL,1.6214741509,Reuters,Spot,2022-08-05 02:16:43,victoria.medina044@dataops.example.com
,2022-08-24,SGD,AED,1.0394400526,ECB,Spot,2022-08-24 23:42:24,kevin.mathews014@analytics.example.com
,2022-08-09,BRL,USD,0.6496260983,Internal FX,Spot,2022-08-09 10:02:28,renee.harvey080@dataops.example.com
,2022-08-08,GBP,AUD,1.9771207049,Internal FX,Daily,2022-08-08 17:06:51,christine.carter078@commerce.example.com
,2022-08-17,JPY,AED,0.5042025274,Internal FX,Spot,2022-08-17 00:58:39,christine.carter078@commerce.example.com
,2022-08-20,GBP,SGD,1.4245359957,Bloomberg,Daily,2022-08-20 08:42:18,yesenia.arnold040@platform.example.com
,2022-08-25,EUR,JPY,4.2632723641,Internal FX,Spot,2022-08-25 00:28:17,adam.gordon030@commerce.example.com
,2022-08-21,SGD,JPY,0.9327715699,ECB,Daily,2022-08-21 01:15:24,kelsey.taylor010@platform.example.com
,2022-08-09,AED,EUR,1.45457193,Internal FX,Closing,2022-08-09 16:07:51,christine.carter078@commerce.example.com
,2022-08-26,GBP,EUR,2.8450017213,Reuters,Closing,2022-08-26 18:39:49,kelsey.taylor010@platform.example.com
,2022-08-15,CAD,INR,2.2270722873,ECB,Closing,2022-08-15 05:05:51,jennifer.atkins003@platform.example.com
,2022-08-08,SGD,MXN,3.8710303712,ECB,Spot,2022-08-08 03:40:25,yolanda.vasquez005@platform.example.com
,2022-08-24,CAD,JPY,0.5112978623,Bloomberg,Spot,2022-08-24 06:36:00,michelle.bender024@analytics.example.com
,2022-08-17,CAD,USD,1.1447018352,Internal FX,Closing,2022-08-17 03:16:42,timothy.cameron104@commerce.example.com
,2022-08-25,USD,EUR,2.9436348477,Bloomberg,Daily,2022-08-25 04:11:21,brandon.yu006@analytics.example.com
,2022-08-10,AED,JPY,1.201081917,ECB,Spot,2022-08-10 10:48:09,james.proctor094@dataops.example.com
,2022-08-12,EUR,AED,3.1444473112,Reuters,Closing,2022-08-12 10:29:56,john.mullins109@commerce.example.com
,2022-08-16,JPY,AED,0.779860771,Bloomberg,Spot,2022-08-16 05:08:34,sylvia.diaz107@dataops.example.com
,2022-08-09,AUD,MXN,1.2615670006,Bloomberg,Daily,2022-08-09 10:05:01,jimmy.washington028@commerce.example.com
,2022-08-24,JPY,EUR,0.473505793,Internal FX,Closing,2022-08-24 21:23:18,micheal.chen050@dataops.example.com
,2022-08-02,EUR,AUD,1.8589560391,Bloomberg,Closing,2022-08-02 20:00:26,john.mullins109@commerce.example.com
,2022-08-31,INR,BRL,0.8375420369,Bloomberg,Spot,2022-08-31 10:46:37,shawn.baxter004@dataops.example.com
,2022-08-06,EUR,BRL,0.5636346367,Reuters,Daily,2022-08-06 08:20:34,troy.boone097@platform.example.com
,2022-08-14,AUD,CAD,0.6423434645,Reuters,Spot,2022-08-14 02:36:06,eric.mullen052@dataops.example.com
,2022-08-24,JPY,BRL,1.7506637359,Bloomberg,Daily,2022-08-24 09:48:02,stephen.daniels076@commerce.example.com
,2022-08-05,BRL,EUR,0.6873021015,Internal FX,Daily,2022-08-05 20:04:26,andrea.cummings039@platform.example.com
,2022-08-15,MXN,BRL,1.0434079179,Internal FX,Daily,2022-08-15 08:27:34,shawn.baxter004@dataops.example.com
,2022-08-26,USD,MXN,1.1862681004,Bloomberg,Spot,2022-08-26 12:28:05,ashley.marks069@commerce.example.com
,2022-08-02,GBP,MXN,2.7114742309,ECB,Closing,2022-08-02 23:11:16,katelyn.pitts017@commerce.example.com
,2022-08-10,AED,JPY,1.0226655183,Bloomberg,Daily,2022-08-10 03:19:12,ryan.steele043@commerce.example.com
,2022-08-15,BRL,INR,0.7356309553,Internal FX,Closing,2022-08-15 01:11:12,alyssa.richards002@commerce.example.com
,2022-08-28,SGD,GBP,0.5788692202,ECB,Closing,2022-08-28 09:29:36,patrick.gonzalez035@dataops.example.com
,2022-08-01,MXN,AUD,1.3267897011,Bloomberg,Spot,2022-08-01 16:26:01,jennifer.atkins003@platform.example.com
,2022-08-31,INR,MXN,0.5234626091,Internal FX,Closing,2022-08-31 18:44:49,sandra.hunter036@platform.example.com
,2022-08-06,INR,USD,0.9741560889,Bloomberg,Daily,2022-08-06 18:48:55,victor.palmer071@platform.example.com
,2022-08-18,JPY,EUR,2.0483919935,Reuters,Daily,2022-08-18 13:40:59,timothy.cannon081@analytics.example.com
,2022-08-05,AUD,USD,2.4592150545,Internal FX,Spot,2022-08-05 15:53:36,micheal.hall064@dataops.example.com
,2022-08-17,AUD,USD,0.2172438445,Bloomberg,Spot,2022-08-17 17:01:15,micheal.chen050@dataops.example.com
,2022-08-23,SGD,MXN,1.089612973,Reuters,Closing,2022-08-23 19:23:14,darren.anderson025@dataops.example.com
,2022-08-29,JPY,USD,0.8396689545,Internal FX,Spot,2022-08-29 19:04:55,tina.williams074@commerce.example.com
,2022-08-09,EUR,AUD,0.3576503239,Reuters,Daily,2022-08-09 03:25:47,shawn.baxter004@dataops.example.com
,2022-08-10,JPY,BRL,1.132179423,Internal FX,Closing,2022-08-10 08:29:06,victor.palmer071@platform.example.com
,2022-08-03,GBP,EUR,1.1404609616,Internal FX,Closing,2022-08-03 07:49:16,troy.boone097@platform.example.com
,2022-08-10,CAD,GBP,10.8311494448,Bloomberg,Closing,2022-08-10 07:50:44,jimmy.washington028@commerce.example.com
,2022-08-13,JPY,AED,4.2026468093,ECB,Daily,2022-08-13 19:35:26,chelsea.patel065@commerce.example.com
,2022-08-21,CAD,INR,2.7502074784,Internal FX,Daily,2022-08-21 00:09:01,anita.garcia021@dataops.example.com
,2022-08-14,SGD,USD,1.1481650633,ECB,Spot,2022-08-14 23:31:45,anita.garcia021@dataops.example.com
,2022-08-11,MXN,AUD,0.7874057224,Reuters,Spot,2022-08-11 22:25:43,jennifer.bauer068@analytics.example.com
,2022-08-16,EUR,SGD,1.1277885696,ECB,Daily,2022-08-16 19:19:10,yesenia.arnold040@platform.example.com
,2022-08-19,INR,JPY,3.488535517,Bloomberg,Daily,2022-08-19 12:39:41,susan.rice083@commerce.example.com
,2022-08-03,USD,GBP,1.4747312142,Bloomberg,Closing,2022-08-03 21:03:37,jeffery.miller012@commerce.example.com
,2022-08-17,AED,JPY,1.7323039355,Internal FX,Closing,2022-08-17 22:40:01,andrew.ellis102@analytics.example.com
,2022-08-12,JPY,CAD,0.875718396,Reuters,Spot,2022-08-12 13:36:44,chelsea.patel065@commerce.example.com
,2022-08-31,EUR,INR,1.8967123949,Internal FX,Closing,2022-08-31 05:26:38,david.cabrera119@dataops.example.com
,2022-08-12,JPY,AUD,1.1337355242,Internal FX,Closing,2022-08-12 23:37:30,victoria.medina044@dataops.example.com
,2022-08-25,JPY,SGD,0.387765824,Reuters,Closing,2022-08-25 12:44:22,michael.berger060@platform.example.com
,2022-08-04,GBP,MXN,1.0091923778,ECB,Daily,2022-08-04 02:31:45,stephen.clark001@analytics.example.com
,2022-08-17,EUR,INR,1.4144446252,Reuters,Spot,2022-08-17 07:49:54,lance.williams029@platform.example.com
,2022-08-15,INR,USD,2.5119459632,ECB,Spot,2022-08-15 01:10:15,michael.berger060@platform.example.com
,2022-08-09,AUD,SGD,0.982692828,Reuters,Spot,2022-08-09 22:14:06,tina.williams074@commerce.example.com
,2022-08-04,INR,AED,0.4677908896,Reuters,Closing,2022-08-04 06:49:37,christine.johnson056@commerce.example.com
,2022-08-11,SGD,BRL,0.2240342529,ECB,Closing,2022-08-11 00:30:28,peter.martinez098@platform.example.com
,2022-08-18,JPY,AUD,0.5989247227,ECB,Closing,2022-08-18 15:42:50,james.proctor094@dataops.example.com
,2022-08-19,MXN,GBP,2.4778174784,Bloomberg,Daily,2022-08-19 19:56:32,john.mullins109@commerce.example.com
,2022-08-22,GBP,INR,1.6954245591,Bloomberg,Closing,2022-08-22 04:46:46,stephen.daniels076@commerce.example.com
,2022-08-07,INR,AED,1.0719724796,Internal FX,Daily,2022-08-07 03:02:43,jennifer.bauer068@analytics.example.com
,2022-08-16,INR,MXN,0.6412936838,ECB,Closing,2022-08-16 17:12:13,jennifer.atkins003@platform.example.com
,2022-08-23,AED,SGD,3.7553703201,Reuters,Daily,2022-08-23 22:56:31,michelle.sims041@analytics.example.com
,2022-08-03,MXN,SGD,1.4295718076,Internal FX,Daily,2022-08-03 14:48:37,ashley.marks069@commerce.example.com
,2022-08-07,BRL,MXN,0.8997032742,Bloomberg,Closing,2022-08-07 09:44:29,yesenia.arnold040@platform.example.com
,2022-08-09,MXN,AUD,1.7707572483,Bloomberg,Closing,2022-08-09 09:18:03,kevin.mathews014@analytics.example.com
,2022-08-15,AED,EUR,3.4953599683,ECB,Spot,2022-08-15 17:00:57,taylor.cunningham023@commerce.example.com
,2022-08-06,MXN,AED,2.7971930595,Internal FX,Spot,2022-08-06 03:51:32,anita.garcia021@dataops.example.com
,2022-08-12,BRL,CAD,0.3182360948,Bloomberg,Closing,2022-08-12 05:41:58,brandi.carter038@dataops.example.com
,2022-08-24,JPY,CAD,0.5951653263,Internal FX,Daily,2022-08-24 11:09:41,jason.franklin045@dataops.example.com
,2022-08-30,BRL,INR,0.2937695605,Internal FX,Closing,2022-08-30 18:10:13,jason.franklin045@dataops.example.com
,2022-08-09,SGD,AED,0.4487280364,ECB,Spot,2022-08-09 03:29:48,shawn.baxter004@dataops.example.com
,2022-08-17,AUD,BRL,1.0532612004,Internal FX,Daily,2022-08-17 20:38:45,andrew.ellis102@analytics.example.com
,2022-08-16,EUR,SGD,1.3891416423,Internal FX,Spot,2022-08-16 05:00:20,joseph.johnson049@dataops.example.com
,2022-08-24,AUD,INR,1.1658212164,Bloomberg,Closing,2022-08-24 17:07:12,christine.carter078@commerce.example.com
,2022-08-18,SGD,BRL,0.5517275509,ECB,Spot,2022-08-18 21:55:11,kevin.mathews014@analytics.example.com
,2022-08-08,EUR,JPY,0.619692542,ECB,Daily,2022-08-08 18:07:26,ashley.marks069@commerce.example.com
,2022-08-27,BRL,GBP,0.6149433874,ECB,Spot,2022-08-27 12:21:55,grace.gonzales099@dataops.example.com
,2022-08-01,CAD,JPY,1.2256258083,ECB,Closing,2022-08-01 23:03:43,michael.berger060@platform.example.com
,2022-08-16,USD,EUR,1.9421947737,ECB,Closing,2022-08-16 19:09:24,adam.gordon030@commerce.example.com
,2022-08-20,GBP,SGD,0.3813273799,Reuters,Daily,2022-08-20 09:18:05,sylvia.diaz107@dataops.example.com
,2022-08-16,MXN,SGD,1.7010879704,ECB,Spot,2022-08-16 15:57:01,andrea.cummings039@platform.example.com
,2022-08-02,BRL,JPY,0.535036925,ECB,Spot,2022-08-02 11:58:45,katelyn.pitts017@commerce.example.com
,2022-08-31,INR,JPY,1.5502098723,Bloomberg,Daily,2022-08-31 07:52:14,brandon.yu006@analytics.example.com
,2022-08-09,AUD,SGD,1.2327563844,Reuters,Closing,2022-08-09 08:04:43,kelsey.taylor010@platform.example.com
,2022-08-31,BRL,INR,0.5986105632,ECB,Daily,2022-08-31 14:56:02,jason.franklin045@dataops.example.com
,2022-08-22,CAD,INR,1.2452717225,Reuters,Closing,2022-08-22 09:56:15,jennifer.hudson020@analytics.example.com
,2022-08-05,CAD,AUD,2.8677809155,Reuters,Daily,2022-08-05 06:41:30,victor.palmer071@platform.example.com
,2022-08-14,GBP,CAD,1.2093966933,Reuters,Spot,2022-08-14 07:11:23,lance.williams029@platform.example.com
,2022-08-05,AUD,USD,0.8798170921,ECB,Daily,2022-08-05 21:46:43,andrea.cummings039@platform.example.com
,2022-08-07,EUR,BRL,0.7746968609,ECB,Closing,2022-08-07 19:27:26,ashley.marks069@commerce.example.com
,2022-08-19,MXN,AED,1.1422762598,ECB,Closing,2022-08-19 22:13:07,victoria.medina044@dataops.example.com
,2022-08-25,USD,INR,1.2460275351,Internal FX,Daily,2022-08-25 04:51:17,jennifer.atkins003@platform.example.com
,2022-08-18,GBP,BRL,0.3085418251,Internal FX,Spot,2022-08-18 12:31:04,susan.rice083@commerce.example.com
,2022-08-31,MXN,EUR,0.8843425032,Bloomberg,Daily,2022-08-31 04:22:56,katelyn.pitts017@commerce.example.com
,2022-08-31,BRL,GBP,1.5695862355,Internal FX,Closing,2022-08-31 09:16:12,kristen.bailey110@analytics.example.com
,2022-08-02,CAD,AED,0.2802572577,ECB,Daily,2022-08-02 21:24:25,jennifer.hudson020@analytics.example.com
,2022-08-23,AUD,GBP,0.9332640608,ECB,Daily,2022-08-23 21:01:24,jennifer.hudson020@analytics.example.com
,2022-08-05,BRL,SGD,0.4389870927,Internal FX,Spot,2022-08-05 13:03:33,craig.johnson106@analytics.example.com
,2022-08-17,SGD,CAD,1.16147795,Internal FX,Closing,2022-08-17 12:08:10,ryan.steele043@commerce.example.com
,2022-08-13,SGD,EUR,3.5537711657,ECB,Closing,2022-08-13 23:11:50,michelle.sims041@analytics.example.com
,2022-08-26,GBP,EUR,0.7637706198,ECB,Closing,2022-08-26 14:45:31,brandi.carter038@dataops.example.com
,2022-08-12,JPY,GBP,1.5704045227,ECB,Daily,2022-08-12 04:13:01,kevin.mathews014@analytics.example.com
,2022-08-18,BRL,INR,1.1598738394,Internal FX,Daily,2022-08-18 08:16:50,ashley.marks069@commerce.example.com
,2022-08-17,BRL,JPY,0.4341915499,ECB,Daily,2022-08-17 08:35:40,shawn.baxter004@dataops.example.com
,2022-08-26,GBP,INR,0.5860391455,Bloomberg,Daily,2022-08-26 19:54:43,jennifer.bauer068@analytics.example.com
,2022-08-13,AED,INR,0.6447618386,ECB,Closing,2022-08-13 14:02:00,jennifer.hudson020@analytics.example.com
,2022-08-15,JPY,AED,4.6140327895,Internal FX,Spot,2022-08-15 03:07:19,susan.rice083@commerce.example.com
,2022-08-25,GBP,JPY,0.7523287658,Bloomberg,Daily,2022-08-25 09:23:03,brandi.carter038@dataops.example.com
,2022-08-23,AED,AUD,0.5688409251,ECB,Spot,2022-08-23 19:18:06,tiffany.freeman101@analytics.example.com
,2022-08-01,BRL,SGD,4.412248964,Internal FX,Closing,2022-08-01 16:02:56,alyssa.richards002@commerce.example.com
,2022-08-24,MXN,EUR,4.1378917887,Internal FX,Spot,2022-08-24 08:36:13,lance.williams029@platform.example.com
,2022-08-24,AUD,BRL,2.1563979368,Reuters,Closing,2022-08-24 08:34:11,victoria.medina044@dataops.example.com
,2022-08-25,INR,EUR,2.2610291821,Bloomberg,Spot,2022-08-25 13:28:21,taylor.cunningham023@commerce.example.com
,2022-08-13,JPY,AUD,0.9549901837,Bloomberg,Daily,2022-08-13 18:34:39,alyssa.richards002@commerce.example.com
,2022-08-01,JPY,INR,0.7770435684,Bloomberg,Spot,2022-08-01 10:50:22,michelle.bender024@analytics.example.com
,2022-08-21,GBP,JPY,1.0410796919,Reuters,Closing,2022-08-21 16:24:02,sandra.hunter036@platform.example.com
,2022-08-10,AED,SGD,0.6440757336,Reuters,Spot,2022-08-10 13:02:27,stephen.clark001@analytics.example.com
,2022-08-06,JPY,SGD,1.0247912502,Bloomberg,Daily,2022-08-06 23:36:51,michael.johnson061@platform.example.com
,2022-08-31,BRL,EUR,0.7749220199,ECB,Spot,2022-08-31 15:13:50,eric.mullen052@dataops.example.com
,2022-08-17,AUD,CAD,0.5970339647,Internal FX,Spot,2022-08-17 12:19:35,yesenia.arnold040@platform.example.com
,2022-08-03,BRL,CAD,2.0052634764,Reuters,Daily,2022-08-03 23:44:12,anita.garcia021@dataops.example.com
,2022-08-25,JPY,MXN,2.3233674685,Reuters,Closing,2022-08-25 00:46:07,victoria.medina044@dataops.example.com
,2022-08-30,EUR,JPY,1.2845845938,ECB,Closing,2022-08-30 23:58:11,timothy.cannon081@analytics.example.com
,2022-08-26,INR,SGD,2.2426910956,ECB,Spot,2022-08-26 00:17:57,michael.johnson061@platform.example.com
,2022-08-30,BRL,JPY,0.7284322195,ECB,Spot,2022-08-30 05:32:58,shawn.baxter004@dataops.example.com
,2022-08-12,SGD,CAD,1.0011290312,Internal FX,Spot,2022-08-12 02:59:42,stephen.daniels076@commerce.example.com
,2022-08-06,USD,AUD,4.6064865606,ECB,Daily,2022-08-06 03:22:59,megan.cunningham013@commerce.example.com
,2022-08-09,GBP,INR,2.5666243212,Reuters,Spot,2022-08-09 22:53:39,grace.gonzales099@dataops.example.com
,2022-08-19,AUD,CAD,0.1821879759,Bloomberg,Spot,2022-08-19 20:11:06,anita.garcia021@dataops.example.com
,2022-08-24,USD,AED,0.9998471932,Reuters,Daily,2022-08-24 06:39:34,micheal.hall064@dataops.example.com
,2022-08-16,GBP,SGD,0.6108859959,Internal FX,Closing,2022-08-16 21:54:51,stephen.clark001@analytics.example.com
,2022-08-02,SGD,MXN,0.7411292426,Bloomberg,Daily,2022-08-02 08:37:30,david.cabrera119@dataops.example.com
,2022-08-12,SGD,AED,0.7462382009,Internal FX,Daily,2022-08-12 20:12:01,troy.boone097@platform.example.com
,2022-08-14,MXN,GBP,1.8392320366,Bloomberg,Spot,2022-08-14 21:24:23,jennifer.hudson020@analytics.example.com
,2022-08-12,MXN,CAD,0.835944441,Internal FX,Spot,2022-08-12 10:54:09,eric.mullen052@dataops.example.com
,2022-08-04,MXN,INR,0.3406555377,Bloomberg,Daily,2022-08-04 04:37:53,brandi.carter038@dataops.example.com
,2022-08-31,JPY,INR,1.4665641537,Internal FX,Closing,2022-08-31 12:01:34,jeffery.miller012@commerce.example.com
,2022-08-26,BRL,MXN,1.8811307146,ECB,Spot,2022-08-26 01:25:02,patrick.gonzalez035@dataops.example.com
,2022-08-29,SGD,CAD,1.111960776,ECB,Spot,2022-08-29 05:54:57,lisa.kim091@platform.example.com
,2022-08-01,USD,AED,2.0235686868,Bloomberg,Closing,2022-08-01 01:30:01,michael.berger060@platform.example.com
,2022-08-03,INR,CAD,1.7413036442,ECB,Closing,2022-08-03 08:46:29,troy.boone097@platform.example.com
,2022-08-16,AED,INR,1.4775141759,ECB,Spot,2022-08-16 01:50:18,megan.cunningham013@commerce.example.com
,2022-08-07,EUR,INR,3.1424422797,ECB,Daily,2022-08-07 13:23:36,michelle.sims041@analytics.example.com
,2022-08-24,MXN,INR,2.3565624046,ECB,Closing,2022-08-24 09:04:25,michelle.sims041@analytics.example.com
,2022-08-15,AUD,AED,5.1864889201,Reuters,Daily,2022-08-15 11:32:04,taylor.cunningham023@commerce.example.com
,2022-08-26,GBP,EUR,0.8441288252,ECB,Spot,2022-08-26 21:24:39,joann.clark089@commerce.example.com
,2022-08-16,MXN,AED,1.0484408246,ECB,Daily,2022-08-16 13:41:45,micheal.hall064@dataops.example.com
,2022-08-01,JPY,GBP,0.2847014192,Internal FX,Spot,2022-08-01 03:21:48,ryan.steele043@commerce.example.com
,2022-08-06,MXN,AED,0.2355851951,Reuters,Closing,2022-08-06 02:53:16,andrew.ellis102@analytics.example.com
,2022-08-22,AUD,AED,0.6895399515,ECB,Closing,2022-08-22 20:03:59,troy.boone097@platform.example.com
,2022-08-31,INR,GBP,1.3276249536,Reuters,Daily,2022-08-31 23:12:40,tiffany.freeman101@analytics.example.com
,2022-08-22,SGD,CAD,1.1260982546,Internal FX,Spot,2022-08-22 14:42:33,anita.garcia021@dataops.example.com
,2022-08-09,INR,MXN,3.0874263687,Bloomberg,Daily,2022-08-09 14:04:02,grace.gonzales099@dataops.example.com
,2022-08-10,AED,INR,0.347145776,Internal FX,Spot,2022-08-10 16:27:12,john.mullins109@commerce.example.com
,2022-08-25,MXN,AUD,1.5627563439,Reuters,Spot,2022-08-25 21:46:25,anita.garcia021@dataops.example.com
,2022-08-16,AUD,INR,1.9410163359,Internal FX,Closing,2022-08-16 11:15:58,victoria.medina044@dataops.example.com
,2022-08-11,AUD,EUR,2.1409416322,Reuters,Closing,2022-08-11 03:06:21,eric.horton058@analytics.example.com
,2022-08-22,INR,EUR,1.7811804444,Bloomberg,Spot,2022-08-22 09:27:17,lisa.kim091@platform.example.com
,2022-08-10,SGD,MXN,0.7656598997,Reuters,Daily,2022-08-10 18:28:25,ryan.steele043@commerce.example.com
,2022-08-26,MXN,AUD,0.5846073014,Bloomberg,Daily,2022-08-26 13:47:53,maria.ashley046@analytics.example.com
,2022-08-17,MXN,SGD,3.3615548143,ECB,Closing,2022-08-17 01:38:52,micheal.hall064@dataops.example.com
,2022-08-21,AED,JPY,1.9763496336,Bloomberg,Closing,2022-08-21 04:37:35,taylor.cunningham023@commerce.example.com
,2022-08-09,AED,AUD,1.9693936765,ECB,Closing,2022-08-09 00:25:36,jennifer.atkins003@platform.example.com
,2022-08-18,GBP,MXN,0.5798645544,Internal FX,Spot,2022-08-18 21:51:44,sylvia.diaz107@dataops.example.com
,2022-08-04,JPY,USD,1.3095480113,ECB,Closing,2022-08-04 07:12:13,jennifer.hudson020@analytics.example.com
,2022-08-07,INR,SGD,1.4407006204,Bloomberg,Closing,2022-08-07 13:30:29,anita.garcia021@dataops.example.com
,2022-08-05,BRL,AUD,0.4341354995,ECB,Daily,2022-08-05 04:39:17,jason.franklin045@dataops.example.com
,2022-08-12,BRL,JPY,0.292653894,Reuters,Daily,2022-08-12 20:17:00,victoria.medina044@dataops.example.com
,2022-08-06,EUR,BRL,1.1928726909,Reuters,Daily,2022-08-06 03:07:25,tina.williams074@commerce.example.com
,2022-08-14,USD,MXN,3.1353569288,Reuters,Spot,2022-08-14 11:58:01,grace.gonzales099@dataops.example.com
,2022-08-07,BRL,SGD,2.3798360025,ECB,Spot,2022-08-07 13:49:04,taylor.cunningham023@commerce.example.com
,2022-08-01,USD,AED,1.2379634984,ECB,Closing,2022-08-01 22:20:12,christine.johnson056@commerce.example.com
,2022-08-23,SGD,JPY,0.8655828625,ECB,Spot,2022-08-23 14:12:15,craig.johnson106@analytics.example.com
,2022-08-13,CAD,AED,0.431392269,Reuters,Daily,2022-08-13 19:17:42,stephen.clark001@analytics.example.com
,2022-08-28,AUD,CAD,0.2929014731,Bloomberg,Closing,2022-08-28 10:14:23,jimmy.washington028@commerce.example.com
,2022-08-12,SGD,CAD,0.3867455751,Internal FX,Closing,2022-08-12 15:01:32,kelsey.taylor010@platform.example.com
,2022-08-10,CAD,INR,0.2797134355,Reuters,Closing,2022-08-10 22:40:46,megan.cunningham013@commerce.example.com
,2022-08-31,BRL,JPY,0.5463967763,ECB,Closing,2022-08-31 03:08:12,tina.williams074@commerce.example.com
,2022-08-27,MXN,AUD,0.3900736913,ECB,Closing,2022-08-27 19:00:10,yolanda.vasquez005@platform.example.com
,2022-08-02,AUD,INR,2.4289364139,Internal FX,Closing,2022-08-02 14:54:31,megan.cunningham013@commerce.example.com
,2022-08-20,BRL,SGD,1.9754545263,ECB,Spot,2022-08-20 14:22:52,stephen.clark001@analytics.example.com
,2022-08-06,AUD,INR,0.7216682323,Internal FX,Spot,2022-08-06 12:57:09,adam.gordon030@commerce.example.com
,2022-08-08,SGD,USD,1.5530499681,Internal FX,Daily,2022-08-08 14:13:42,shawn.baxter004@dataops.example.com
,2022-08-13,BRL,AED,0.3930485589,Internal FX,Closing,2022-08-13 23:10:05,alyssa.richards002@commerce.example.com
,2022-08-28,CAD,EUR,0.8494734871,Internal FX,Closing,2022-08-28 22:57:32,yesenia.arnold040@platform.example.com
,2022-08-05,MXN,AED,1.3458378948,ECB,Closing,2022-08-05 18:16:26,timothy.cannon081@analytics.example.com
,2022-08-16,AED,SGD,1.7136106088,Reuters,Daily,2022-08-16 15:55:01,patrick.gonzalez035@dataops.example.com
,2022-08-30,SGD,AED,1.8146566284,ECB,Spot,2022-08-30 18:29:00,brandon.yu006@analytics.example.com
,2022-08-04,CAD,GBP,0.4010265869,Bloomberg,Closing,2022-08-04 22:37:28,michael.berger060@platform.example.com
,2022-08-02,INR,JPY,1.5127159406,Internal FX,Daily,2022-08-02 19:45:56,sylvia.diaz107@dataops.example.com
,2022-08-08,INR,MXN,0.9558334371,Internal FX,Daily,2022-08-08 17:32:27,jimmy.washington028@commerce.example.com
,2022-08-13,CAD,MXN,0.6999359307,ECB,Daily,2022-08-13 10:41:12,tina.williams074@commerce.example.com
,2022-08-02,GBP,EUR,2.9891870811,Bloomberg,Spot,2022-08-02 07:21:21,yolanda.vasquez005@platform.example.com
,2022-08-07,SGD,EUR,0.3298517921,Bloomberg,Daily,2022-08-07 04:15:24,brandon.yu006@analytics.example.com
,2022-08-28,EUR,MXN,0.6471082633,Internal FX,Daily,2022-08-28 10:57:32,timothy.cameron104@commerce.example.com
,2022-08-01,AED,SGD,1.4138246688,ECB,Closing,2022-08-01 17:29:07,jimmy.washington028@commerce.example.com
,2022-08-10,BRL,AUD,2.073544489,Internal FX,Closing,2022-08-10 13:05:50,ashley.marks069@commerce.example.com
,2022-08-02,USD,BRL,1.1700887543,Bloomberg,Closing,2022-08-02 05:20:48,david.cabrera119@dataops.example.com
,2022-08-07,GBP,JPY,3.8196360497,Bloomberg,Spot,2022-08-07 08:43:34,tina.williams074@commerce.example.com
,2022-08-12,INR,EUR,1.4258529681,Reuters,Spot,2022-08-12 23:56:07,stephen.clark001@analytics.example.com
,2022-08-02,GBP,AUD,1.6708182015,ECB,Spot,2022-08-02 18:25:52,katelyn.pitts017@commerce.example.com
,2022-08-09,AED,AUD,1.9927737604,Bloomberg,Closing,2022-08-09 05:58:09,timothy.cameron104@commerce.example.com
,2022-08-11,CAD,EUR,0.5892702918,Bloomberg,Spot,2022-08-11 10:48:21,brian.taylor114@analytics.example.com
,2022-08-11,USD,SGD,1.1166765377,Internal FX,Spot,2022-08-11 16:46:36,sylvia.diaz107@dataops.example.com
,2022-08-06,CAD,EUR,0.5561622512,Reuters,Spot,2022-08-06 18:54:28,lisa.kim091@platform.example.com
,2022-08-07,GBP,SGD,0.4466532079,Reuters,Spot,2022-08-07 13:20:56,timothy.cameron104@commerce.example.com
,2022-08-29,JPY,GBP,0.8858346651,Bloomberg,Closing,2022-08-29 17:32:48,shawn.baxter004@dataops.example.com
,2022-08-14,BRL,EUR,0.6385308958,Internal FX,Closing,2022-08-14 04:33:28,victoria.medina044@dataops.example.com
,2022-08-23,SGD,GBP,2.3939930003,Internal FX,Spot,2022-08-23 10:41:23,andrea.cummings039@platform.example.com
,2022-08-20,INR,USD,0.8091875918,ECB,Spot,2022-08-20 22:16:33,katelyn.pitts017@commerce.example.com
,2022-08-11,USD,AED,0.2149413255,ECB,Daily,2022-08-11 14:12:23,brandon.yu006@analytics.example.com
,2022-08-12,BRL,USD,4.1767890619,Bloomberg,Closing,2022-08-12 21:12:32,christine.carter078@commerce.example.com
,2022-08-20,AED,AUD,3.0242649217,Bloomberg,Spot,2022-08-20 00:01:24,jeffery.miller012@commerce.example.com
,2022-08-17,SGD,MXN,0.796583335,Bloomberg,Closing,2022-08-17 03:30:34,michelle.sims041@analytics.example.com
,2022-08-15,INR,AUD,1.1477172806,Reuters,Spot,2022-08-15 22:54:49,sandra.hunter036@platform.example.com
,2022-08-13,AED,USD,0.7247992805,Internal FX,Daily,2022-08-13 06:29:05,jennifer.hudson020@analytics.example.com
,2022-08-21,GBP,SGD,0.8366989459,ECB,Daily,2022-08-21 09:36:29,john.mullins109@commerce.example.com
,2022-08-22,AUD,MXN,0.9421643537,Reuters,Daily,2022-08-22 19:49:43,megan.cunningham013@commerce.example.com
,2022-08-30,CAD,INR,0.9310661233,Bloomberg,Spot,2022-08-30 12:36:26,troy.boone097@platform.example.com
,2022-08-16,SGD,JPY,3.3988058511,ECB,Closing,2022-08-16 00:33:43,timothy.cameron104@commerce.example.com
,2022-08-14,MXN,CAD,1.6263811695,Internal FX,Spot,2022-08-14 14:44:14,patrick.gonzalez035@dataops.example.com
,2022-08-31,JPY,GBP,2.7703319826,Internal FX,Spot,2022-08-31 23:37:34,stephen.daniels076@commerce.example.com
,2022-08-08,USD,MXN,3.1722237994,Internal FX,Closing,2022-08-08 17:30:28,andrea.cummings039@platform.example.com
,2022-08-27,BRL,JPY,3.3289683281,ECB,Daily,2022-08-27 04:08:11,katelyn.pitts017@commerce.example.com
,2022-08-06,AUD,USD,1.6440214561,Reuters,Closing,2022-08-06 10:44:16,tiffany.freeman101@analytics.example.com
,2022-08-08,EUR,MXN,0.7876120518,Reuters,Closing,2022-08-08 23:34:46,jason.franklin045@dataops.example.com
,2022-08-14,MXN,BRL,0.3188850213,Internal FX,Daily,2022-08-14 01:02:03,sylvia.diaz107@dataops.example.com
,2022-08-17,MXN,SGD,1.666897905,ECB,Spot,2022-08-17 15:53:12,michael.johnson061@platform.example.com
,2022-08-06,SGD,GBP,0.574269187,Bloomberg,Closing,2022-08-06 21:52:41,jennifer.hudson020@analytics.example.com
,2022-08-20,JPY,AUD,3.623201515,Reuters,Daily,2022-08-20 21:38:19,patrick.gonzalez035@dataops.example.com
,2022-08-06,AED,CAD,0.7845420332,Internal FX,Daily,2022-08-06 21:09:37,micheal.chen050@dataops.example.com
,2022-08-10,AED,BRL,0.8013512674,Internal FX,Daily,2022-08-10 00:07:52,yolanda.vasquez005@platform.example.com
,2022-08-08,EUR,USD,0.7414706057,Bloomberg,Spot,2022-08-08 14:02:17,joseph.johnson049@dataops.example.com
,2022-08-22,MXN,GBP,0.4111523522,ECB,Daily,2022-08-22 15:38:39,kelsey.taylor010@platform.example.com
,2022-08-13,USD,AUD,0.9516235466,Bloomberg,Daily,2022-08-13 00:23:31,lance.williams029@platform.example.com
,2022-08-31,BRL,GBP,1.2981518965,Bloomberg,Daily,2022-08-31 03:47:46,christine.carter078@commerce.example.com
,2022-08-08,USD,AED,1.6998404848,Reuters,Daily,2022-08-08 13:38:01,brandi.carter038@dataops.example.com
,2022-08-22,AED,USD,0.7417995356,ECB,Spot,2022-08-22 10:07:27,john.mullins109@commerce.example.com
,2022-08-27,GBP,CAD,2.9506680223,Internal FX,Spot,2022-08-27 16:44:41,victor.palmer071@platform.example.com
,2022-08-08,CAD,AED,1.1178885866,Reuters,Daily,2022-08-08 15:17:25,james.proctor094@dataops.example.com
,2022-08-31,SGD,CAD,1.1509609477,Bloomberg,Closing,2022-08-31 13:06:49,adam.gordon030@commerce.example.com
,2022-08-09,SGD,EUR,2.5629127027,Reuters,Daily,2022-08-09 16:30:18,jeffery.miller012@commerce.example.com
,2022-08-28,CAD,INR,1.5988759902,Bloomberg,Daily,2022-08-28 22:25:33,jeffery.miller012@commerce.example.com
,2022-08-19,BRL,EUR,0.2241287816,ECB,Daily,2022-08-19 10:39:44,stephen.clark001@analytics.example.com
,2022-08-16,INR,MXN,0.8133083938,ECB,Daily,2022-08-16 21:24:05,david.cabrera119@dataops.example.com
,2022-08-17,EUR,AED,1.218294767,ECB,Spot,2022-08-17 06:14:30,jason.franklin045@dataops.example.com
,2022-08-02,BRL,GBP,0.7532143684,Reuters,Closing,2022-08-02 16:00:03,jimmy.washington028@commerce.example.com
,2022-08-30,USD,EUR,3.0653980219,Bloomberg,Spot,2022-08-30 02:51:15,katelyn.pitts017@commerce.example.com
,2022-08-27,USD,GBP,1.8582996976,Reuters,Spot,2022-08-27 00:54:36,eric.horton058@analytics.example.com
,2022-08-23,CAD,AUD,0.7572542399,ECB,Closing,2022-08-23 10:18:49,shawn.baxter004@dataops.example.com
,2022-08-10,AUD,INR,0.3571667726,Bloomberg,Spot,2022-08-10 04:00:54,stephen.clark001@analytics.example.com
,2022-08-02,USD,INR,1.515571607,ECB,Closing,2022-08-02 12:13:32,john.mullins109@commerce.example.com
,2022-08-20,GBP,MXN,6.3241707485,Internal FX,Spot,2022-08-20 10:04:18,michael.berger060@platform.example.com
,2022-08-22,AUD,AED,1.6145236975,Internal FX,Spot,2022-08-22 01:28:59,jennifer.atkins003@platform.example.com
,2022-08-06,INR,EUR,1.5638538009,Bloomberg,Closing,2022-08-06 13:05:03,christine.carter078@commerce.example.com
,2022-08-03,EUR,SGD,1.3779578458,Bloomberg,Daily,2022-08-03 14:54:46,megan.cunningham013@commerce.example.com
,2022-08-21,USD,AUD,2.5089349329,Bloomberg,Daily,2022-08-21 16:16:24,jimmy.washington028@commerce.example.com
,2022-08-14,MXN,SGD,1.2647942608,Bloomberg,Spot,2022-08-14 11:09:09,taylor.cunningham023@commerce.example.com
,2022-08-29,GBP,BRL,0.2938829205,Internal FX,Closing,2022-08-29 15:17:49,kristen.bailey110@analytics.example.com
,2022-08-09,SGD,MXN,2.1977209212,Reuters,Spot,2022-08-09 03:41:55,stephen.daniels076@commerce.example.com
,2022-08-13,AUD,MXN,0.2785852165,ECB,Closing,2022-08-13 02:32:32,craig.johnson106@analytics.example.com
,2022-08-29,MXN,BRL,1.052984438,Bloomberg,Spot,2022-08-29 06:49:43,lance.williams029@platform.example.com
,2022-08-21,MXN,SGD,0.2405485604,ECB,Closing,2022-08-21 04:59:50,victor.palmer071@platform.example.com
,2022-08-26,EUR,GBP,1.0031314442,ECB,Spot,2022-08-26 06:31:22,stephen.clark001@analytics.example.com
,2022-08-19,SGD,GBP,0.91468972,Internal FX,Closing,2022-08-19 20:43:31,shawn.baxter004@dataops.example.com
,2022-08-14,AUD,EUR,0.3446256646,Bloomberg,Spot,2022-08-14 15:45:16,micheal.chen050@dataops.example.com
,2022-08-21,JPY,USD,1.1048348169,ECB,Daily,2022-08-21 13:19:02,chelsea.patel065@commerce.example.com
,2022-08-29,AED,JPY,1.0076968033,ECB,Daily,2022-08-29 04:40:23,michael.berger060@platform.example.com
,2022-08-28,CAD,AUD,2.7166140647,ECB,Spot,2022-08-28 06:20:10,brandon.yu006@analytics.example.com
,2022-08-30,AED,BRL,0.7385994622,ECB,Spot,2022-08-30 04:26:41,ashley.marks069@commerce.example.com
,2022-08-23,GBP,USD,1.8093846141,Internal FX,Spot,2022-08-23 11:33:31,tina.williams074@commerce.example.com
,2022-08-22,EUR,JPY,0.1887445382,Bloomberg,Spot,2022-08-22 02:38:25,sylvia.diaz107@dataops.example.com
,2022-08-15,GBP,MXN,3.7569904272,Internal FX,Closing,2022-08-15 19:53:41,darren.anderson025@dataops.example.com
,2022-08-05,AUD,BRL,0.965196657,Reuters,Daily,2022-08-05 18:33:16,michelle.sims041@analytics.example.com
,2022-08-11,AUD,MXN,1.2353083361,Bloomberg,Daily,2022-08-11 05:04:08,shawn.baxter004@dataops.example.com
,2022-08-08,GBP,JPY,1.2804764118,Bloomberg,Closing,2022-08-08 07:16:01,stephen.clark001@analytics.example.com
,2022-08-24,EUR,USD,0.8389485193,Internal FX,Daily,2022-08-24 13:23:40,lisa.kim091@platform.example.com
,2022-08-06,SGD,INR,0.5418673153,Internal FX,Daily,2022-08-06 14:47:05,alyssa.richards002@commerce.example.com
,2022-08-07,INR,EUR,2.0296753766,Bloomberg,Spot,2022-08-07 02:53:56,christine.johnson056@commerce.example.com
,2022-08-09,INR,AED,0.2290010291,Reuters,Daily,2022-08-09 21:48:48,tiffany.freeman101@analytics.example.com
,2022-08-19,INR,MXN,0.9740769188,Internal FX,Closing,2022-08-19 08:40:44,taylor.cunningham023@commerce.example.com
,2022-08-14,GBP,INR,0.5150323485,Bloomberg,Spot,2022-08-14 01:49:09,grace.gonzales099@dataops.example.com
,2022-08-01,BRL,SGD,1.0128524883,Bloomberg,Closing,2022-08-01 00:38:36,john.mullins109@commerce.example.com
,2022-08-06,SGD,JPY,1.1039234322,Bloomberg,Closing,2022-08-06 13:27:54,renee.harvey080@dataops.example.com
,2022-08-29,JPY,USD,0.5086444944,Reuters,Daily,2022-08-29 23:02:19,susan.rice083@commerce.example.com
,2022-08-22,MXN,JPY,0.5910361528,Bloomberg,Spot,2022-08-22 13:38:39,michelle.bender024@analytics.example.com
,2022-08-10,GBP,JPY,0.5583899901,ECB,Closing,2022-08-10 15:23:44,lance.williams029@platform.example.com
,2022-08-07,SGD,CAD,1.7891099689,ECB,Closing,2022-08-07 05:45:07,eric.mullen052@dataops.example.com
,2022-08-13,JPY,MXN,0.7573405639,Bloomberg,Closing,2022-08-13 14:05:24,micheal.chen050@dataops.example.com
,2022-08-15,JPY,SGD,1.7725603024,Bloomberg,Spot,2022-08-15 21:00:45,lance.williams029@platform.example.com
,2022-08-01,CAD,SGD,1.6130941287,Bloomberg,Spot,2022-08-01 13:10:50,peter.martinez098@platform.example.com
,2022-08-06,SGD,BRL,0.4965574049,Internal FX,Daily,2022-08-06 04:00:01,eric.horton058@analytics.example.com
,2022-08-21,BRL,AED,1.0844224267,Internal FX,Closing,2022-08-21 07:05:38,jeffery.miller012@commerce.example.com
,2022-08-11,SGD,EUR,1.9002730091,ECB,Closing,2022-08-11 20:59:26,lisa.kim091@platform.example.com
,2022-08-25,INR,CAD,1.2753471422,Bloomberg,Daily,2022-08-25 07:30:48,victoria.medina044@dataops.example.com
,2022-08-15,JPY,AED,0.5799732271,Internal FX,Spot,2022-08-15 02:14:34,troy.boone097@platform.example.com
,2022-08-10,EUR,AUD,0.2856799358,ECB,Daily,2022-08-10 13:54:42,stephen.clark001@analytics.example.com
,2022-08-09,EUR,INR,0.939850109,Reuters,Closing,2022-08-09 09:18:31,david.cabrera119@dataops.example.com
,2022-08-31,CAD,MXN,0.6312628488,ECB,Spot,2022-08-31 04:08:33,andrea.cummings039@platform.example.com
,2022-08-27,CAD,EUR,0.739771551,Internal FX,Closing,2022-08-27 10:17:48,brandon.yu006@analytics.example.com
,2022-08-09,INR,CAD,1.7702232376,ECB,Daily,2022-08-09 05:52:59,christine.carter078@commerce.example.com
,2022-08-02,GBP,CAD,0.5132108441,Bloomberg,Spot,2022-08-02 07:40:45,jennifer.hudson020@analytics.example.com
,2022-08-10,INR,JPY,0.7439484186,Internal FX,Closing,2022-08-10 13:05:49,jeffery.miller012@commerce.example.com
,2022-08-07,USD,CAD,0.5931266827,Reuters,Closing,2022-08-07 20:17:37,yesenia.arnold040@platform.example.com
,2022-08-21,GBP,JPY,2.3445198049,Reuters,Closing,2022-08-21 05:18:41,james.proctor094@dataops.example.com
,2022-08-22,USD,AUD,0.8088551501,ECB,Spot,2022-08-22 19:17:45,timothy.cameron104@commerce.example.com
,2022-08-20,AED,GBP,1.2455750689,ECB,Daily,2022-08-20 12:57:04,joann.clark089@commerce.example.com
,2022-08-13,EUR,AED,1.5236902015,Internal FX,Daily,2022-08-13 17:32:17,eric.mullen052@dataops.example.com
,2022-08-05,EUR,BRL,1.5013307811,Reuters,Closing,2022-08-05 07:15:51,peter.martinez098@platform.example.com
,2022-08-02,JPY,EUR,3.8322228572,Internal FX,Spot,2022-08-02 03:58:43,peter.martinez098@platform.example.com
,2022-08-27,MXN,EUR,1.0470075984,ECB,Spot,2022-08-27 22:04:44,shawn.baxter004@dataops.example.com
,2022-08-08,GBP,AED,1.3963125919,Bloomberg,Daily,2022-08-08 09:31:12,jennifer.atkins003@platform.example.com
,2022-08-21,JPY,USD,0.9619411324,Internal FX,Spot,2022-08-21 13:25:41,grace.gonzales099@dataops.example.com
,2022-08-26,JPY,USD,1.5837265955,Bloomberg,Spot,2022-08-26 09:18:44,michael.johnson061@platform.example.com
,2022-08-21,AED,EUR,0.7258259514,Bloomberg,Daily,2022-08-21 07:12:02,patrick.gonzalez035@dataops.example.com
,2022-08-28,JPY,GBP,0.7010704746,Bloomberg,Daily,2022-08-28 15:58:52,micheal.chen050@dataops.example.com
,2022-08-11,INR,SGD,0.9971108932,Bloomberg,Daily,2022-08-11 04:13:46,patrick.gonzalez035@dataops.example.com
,2022-08-08,JPY,EUR,3.1770139819,Internal FX,Daily,2022-08-08 00:51:56,yolanda.vasquez005@platform.example.com
,2022-08-26,AUD,BRL,1.6221502139,Reuters,Closing,2022-08-26 07:44:58,michelle.sims041@analytics.example.com
,2022-08-09,GBP,BRL,1.3392814133,ECB,Daily,2022-08-09 20:31:19,andrea.cummings039@platform.example.com
,2022-08-30,AED,USD,0.4794945834,Reuters,Daily,2022-08-30 09:07:54,craig.johnson106@analytics.example.com
,2022-08-20,AED,GBP,2.2931956755,Internal FX,Closing,2022-08-20 05:40:53,christine.johnson056@commerce.example.com
,2022-08-22,GBP,CAD,1.7441259678,ECB,Closing,2022-08-22 07:59:53,ashley.marks069@commerce.example.com
,2022-08-31,MXN,AED,0.5035512096,Internal FX,Closing,2022-08-31 21:01:49,anita.garcia021@dataops.example.com
,2022-08-10,SGD,AUD,2.5459135179,Internal FX,Daily,2022-08-10 03:54:59,troy.boone097@platform.example.com
,2022-08-04,BRL,CAD,0.9828017501,Reuters,Closing,2022-08-04 06:30:52,ashley.marks069@commerce.example.com
,2022-08-26,GBP,SGD,0.6196933234,Reuters,Closing,2022-08-26 19:52:28,lance.williams029@platform.example.com
,2022-08-25,SGD,USD,1.1581584103,Internal FX,Closing,2022-08-25 00:30:01,grace.gonzales099@dataops.example.com
,2022-08-02,INR,EUR,0.8911090734,ECB,Spot,2022-08-02 09:17:36,amy.holmes103@dataops.example.com
,2022-08-26,AUD,EUR,1.1241601674,ECB,Closing,2022-08-26 21:49:50,susan.rice083@commerce.example.com
,2022-08-21,AUD,USD,0.7516312088,Bloomberg,Spot,2022-08-21 09:02:53,katelyn.pitts017@commerce.example.com
,2022-08-24,JPY,MXN,2.3451589349,Reuters,Spot,2022-08-24 00:40:48,ashley.marks069@commerce.example.com
,2022-08-18,EUR,AUD,0.6760281835,ECB,Daily,2022-08-18 12:38:06,maria.ashley046@analytics.example.com
,2022-08-16,CAD,GBP,1.1683883924,Bloomberg,Spot,2022-08-16 03:50:27,sylvia.diaz107@dataops.example.com
,2022-08-21,MXN,JPY,0.436257817,Bloomberg,Daily,2022-08-21 10:26:10,jennifer.bauer068@analytics.example.com
,2022-08-07,USD,MXN,2.5144705998,Reuters,Spot,2022-08-07 04:28:59,maria.ashley046@analytics.example.com
,2022-08-20,BRL,SGD,0.7318391957,Internal FX,Spot,2022-08-20 05:26:59,jennifer.hudson020@analytics.example.com
,2022-08-21,AUD,MXN,1.1481372843,ECB,Daily,2022-08-21 18:40:41,michelle.bender024@analytics.example.com
,2022-08-23,AUD,MXN,0.6672255958,ECB,Closing,2022-08-23 22:59:12,john.mullins109@commerce.example.com
,2022-08-11,USD,MXN,0.6693933748,ECB,Closing,2022-08-11 12:04:48,micheal.chen050@dataops.example.com
,2022-08-22,MXN,EUR,1.9260977081,Bloomberg,Closing,2022-08-22 21:02:49,christine.carter078@commerce.example.com
,2022-08-10,GBP,BRL,1.5116867559,Bloomberg,Spot,2022-08-10 11:15:09,taylor.cunningham023@commerce.example.com
,2022-08-23,MXN,JPY,0.765760614,Reuters,Closing,2022-08-23 23:31:42,craig.johnson106@analytics.example.com
,2022-08-24,GBP,INR,4.3941448473,ECB,Spot,2022-08-24 03:48:10,lisa.kim091@platform.example.com
,2022-08-01,AED,MXN,1.1753588197,Bloomberg,Closing,2022-08-01 09:22:19,susan.rice083@commerce.example.com
,2022-08-11,USD,AED,1.0636584039,ECB,Daily,2022-08-11 12:59:54,ryan.steele043@commerce.example.com
,2022-08-31,JPY,MXN,6.6561646916,Reuters,Closing,2022-08-31 16:48:37,ryan.steele043@commerce.example.com
,2022-08-17,CAD,EUR,0.2798070924,Internal FX,Closing,2022-08-17 22:11:24,jason.franklin045@dataops.example.com
,2022-08-15,CAD,EUR,0.9815158246,ECB,Daily,2022-08-15 05:28:02,grace.gonzales099@dataops.example.com
,2022-08-20,AED,MXN,1.0790649123,Reuters,Spot,2022-08-20 05:02:10,jeffery.miller012@commerce.example.com
,2022-08-23,AUD,INR,0.3135379629,Bloomberg,Spot,2022-08-23 07:07:59,anita.garcia021@dataops.example.com
,2022-08-05,GBP,AUD,0.8585653932,Internal FX,Spot,2022-08-05 02:34:30,brian.taylor114@analytics.example.com
,2022-08-05,AUD,JPY,1.8852258681,Bloomberg,Spot,2022-08-05 17:13:51,stephen.daniels076@commerce.example.com
,2022-08-12,SGD,GBP,0.672307105,Reuters,Spot,2022-08-12 00:30:05,eric.mullen052@dataops.example.com
,2022-08-28,CAD,EUR,0.8829646355,Reuters,Spot,2022-08-28 11:07:23,susan.rice083@commerce.example.com
,2022-08-14,AED,EUR,2.8294586851,ECB,Spot,2022-08-14 23:09:25,patrick.gonzalez035@dataops.example.com
,2022-08-02,AUD,USD,0.8512379243,ECB,Spot,2022-08-02 06:21:04,victor.palmer071@platform.example.com
,2022-08-19,MXN,GBP,1.7245861603,Internal FX,Closing,2022-08-19 00:57:43,kevin.mathews014@analytics.example.com
,2022-08-11,USD,JPY,1.0512488883,Internal FX,Spot,2022-08-11 21:22:58,craig.johnson106@analytics.example.com
,2022-08-05,INR,USD,0.3113547825,Bloomberg,Closing,2022-08-05 07:38:24,joseph.johnson049@dataops.example.com
,2022-08-15,BRL,MXN,3.3828575683,Internal FX,Spot,2022-08-15 10:00:42,victor.palmer071@platform.example.com
,2022-08-08,JPY,BRL,0.5390608977,Reuters,Closing,2022-08-08 18:19:21,renee.harvey080@dataops.example.com
,2022-08-28,AUD,CAD,1.4601627401,Internal FX,Daily,2022-08-28 16:06:31,grace.gonzales099@dataops.example.com
,2022-08-07,USD,AUD,0.4254237694,Bloomberg,Daily,2022-08-07 23:27:15,stephen.clark001@analytics.example.com
,2022-08-05,USD,GBP,1.0728336774,Internal FX,Closing,2022-08-05 00:53:26,jason.franklin045@dataops.example.com
,2022-08-13,BRL,MXN,0.2096590678,ECB,Spot,2022-08-13 02:05:58,taylor.cunningham023@commerce.example.com
,2022-08-28,MXN,GBP,0.7510684404,ECB,Closing,2022-08-28 12:55:41,michael.berger060@platform.example.com
,2022-08-26,AED,AUD,0.9337751903,Reuters,Daily,2022-08-26 23:07:55,tina.williams074@commerce.example.com
,2022-08-13,JPY,BRL,0.341766923,Bloomberg,Closing,2022-08-13 18:58:48,lisa.kim091@platform.example.com
,2022-08-02,MXN,JPY,0.6264510694,Reuters,Daily,2022-08-02 08:37:53,stephen.daniels076@commerce.example.com
,2022-08-29,AED,BRL,0.5326717093,Reuters,Closing,2022-08-29 11:15:07,james.proctor094@dataops.example.com
,2022-08-15,BRL,USD,1.7491203703,Bloomberg,Spot,2022-08-15 07:26:39,andrew.ellis102@analytics.example.com
,2022-08-05,CAD,EUR,0.6794156997,ECB,Spot,2022-08-05 01:30:16,shawn.baxter004@dataops.example.com
,2022-08-27,CAD,USD,0.3047165064,Bloomberg,Spot,2022-08-27 19:21:52,jason.franklin045@dataops.example.com
,2022-08-04,GBP,SGD,1.2304639089,Reuters,Closing,2022-08-04 19:39:38,katelyn.pitts017@commerce.example.com
,2022-08-01,AUD,JPY,0.833451874,ECB,Closing,2022-08-01 10:14:02,shawn.baxter004@dataops.example.com
,2022-08-05,BRL,SGD,1.0253615025,ECB,Daily,2022-08-05 18:08:56,darren.anderson025@dataops.example.com
,2022-08-15,USD,SGD,1.1354507733,Internal FX,Daily,2022-08-15 06:53:47,timothy.cameron104@commerce.example.com
,2022-08-13,INR,CAD,0.8456904633,Reuters,Closing,2022-08-13 20:30:48,maria.ashley046@analytics.example.com
,2022-08-17,USD,MXN,0.3834074742,Reuters,Closing,2022-08-17 20:25:55,lisa.kim091@platform.example.com
,2022-08-16,BRL,EUR,0.8113668339,Internal FX,Daily,2022-08-16 19:20:59,micheal.hall064@dataops.example.com
,2022-08-30,AED,INR,1.0482142404,Reuters,Spot,2022-08-30 16:30:23,christine.carter078@commerce.example.com
,2022-08-20,GBP,MXN,4.4714604575,Bloomberg,Spot,2022-08-20 12:21:46,kelsey.taylor010@platform.example.com
,2022-08-13,SGD,BRL,2.9031574766,Reuters,Daily,2022-08-13 08:00:13,troy.boone097@platform.example.com
,2022-08-14,MXN,JPY,1.4499686916,Internal FX,Daily,2022-08-14 20:37:39,jason.franklin045@dataops.example.com
,2022-08-23,JPY,GBP,0.6379750018,ECB,Closing,2022-08-23 08:42:42,eric.mullen052@dataops.example.com
,2022-08-28,AUD,BRL,0.5438071214,Internal FX,Daily,2022-08-28 17:39:03,alyssa.richards002@commerce.example.com
,2022-08-23,MXN,JPY,3.2776136114,Bloomberg,Spot,2022-08-23 19:59:33,james.proctor094@dataops.example.com
,2022-08-19,EUR,AED,0.5147078496,Bloomberg,Spot,2022-08-19 14:28:52,adam.gordon030@commerce.example.com
,2022-08-13,AUD,AED,1.474650798,Bloomberg,Spot,2022-08-13 14:59:43,shawn.baxter004@dataops.example.com
,2022-08-18,SGD,EUR,1.7266143915,Bloomberg,Daily,2022-08-18 17:45:39,amy.holmes103@dataops.example.com
,2022-08-07,USD,JPY,0.6244900135,ECB,Closing,2022-08-07 00:31:30,timothy.cannon081@analytics.example.com
,2022-08-06,BRL,CAD,0.7493474062,Internal FX,Daily,2022-08-06 01:19:25,peter.martinez098@platform.example.com
,2022-08-26,JPY,MXN,1.4434524383,ECB,Daily,2022-08-26 13:28:55,lisa.kim091@platform.example.com
,2022-08-23,SGD,JPY,0.8209436217,Reuters,Daily,2022-08-23 01:48:40,micheal.chen050@dataops.example.com
,2022-08-19,SGD,JPY,0.9846380349,ECB,Spot,2022-08-19 11:47:07,lisa.kim091@platform.example.com
,2022-08-16,SGD,CAD,0.7126271,Bloomberg,Daily,2022-08-16 03:46:25,timothy.cameron104@commerce.example.com
,2022-08-12,CAD,AUD,0.1248756975,ECB,Closing,2022-08-12 07:33:33,craig.johnson106@analytics.example.com
,2022-08-03,CAD,MXN,0.6805638794,ECB,Spot,2022-08-03 16:31:54,patrick.gonzalez035@dataops.example.com
,2022-08-25,MXN,AED,2.1905776383,Internal FX,Closing,2022-08-25 07:58:34,yolanda.vasquez005@platform.example.com
,2022-08-16,MXN,EUR,5.1750315207,Reuters,Spot,2022-08-16 11:08:17,sylvia.diaz107@dataops.example.com
,2022-08-23,SGD,AUD,2.6172533671,Reuters,Spot,2022-08-23 00:58:19,alyssa.richards002@commerce.example.com
,2022-08-24,SGD,EUR,3.2884178566,Reuters,Spot,2022-08-24 17:26:47,michelle.sims041@analytics.example.com
,2022-08-08,USD,AED,3.1010352664,Reuters,Daily,2022-08-08 07:58:39,troy.boone097@platform.example.com
,2022-08-17,CAD,BRL,0.5825273093,Reuters,Closing,2022-08-17 01:47:33,victor.palmer071@platform.example.com
,2022-08-08,INR,USD,2.9740622986,Reuters,Closing,2022-08-08 14:51:19,yesenia.arnold040@platform.example.com
,2022-08-10,GBP,AUD,1.8954495487,Bloomberg,Daily,2022-08-10 10:37:44,tiffany.freeman101@analytics.example.com
,2022-08-04,USD,BRL,1.7454828916,ECB,Spot,2022-08-04 21:35:36,susan.rice083@commerce.example.com
,2022-08-06,INR,JPY,3.29580637,ECB,Closing,2022-08-06 10:28:03,stephen.clark001@analytics.example.com
,2022-08-14,BRL,MXN,0.139936053,Internal FX,Daily,2022-08-14 22:52:05,sylvia.diaz107@dataops.example.com
,2022-08-01,GBP,JPY,0.8127068999,Bloomberg,Spot,2022-08-01 10:26:11,micheal.chen050@dataops.example.com
,2022-08-29,SGD,CAD,2.071076058,Reuters,Spot,2022-08-29 10:53:02,darren.anderson025@dataops.example.com
,2022-08-06,BRL,GBP,0.6207644967,Internal FX,Daily,2022-08-06 00:58:37,micheal.hall064@dataops.example.com
,2022-08-14,INR,AUD,1.2546293802,Reuters,Spot,2022-08-14 00:09:44,kelsey.taylor010@platform.example.com
,2022-08-07,MXN,BRL,1.0630360004,ECB,Spot,2022-08-07 04:01:33,eric.mullen052@dataops.example.com
,2022-08-30,JPY,SGD,0.5998136978,Bloomberg,Daily,2022-08-30 08:34:39,jennifer.bauer068@analytics.example.com
,2022-08-10,SGD,GBP,0.5935498189,Bloomberg,Daily,2022-08-10 19:17:31,yesenia.arnold040@platform.example.com
,2022-08-16,MXN,AED,0.5319249113,Internal FX,Daily,2022-08-16 08:43:36,katelyn.pitts017@commerce.example.com
,2022-08-18,SGD,BRL,2.946295835,ECB,Spot,2022-08-18 11:06:25,andrea.cummings039@platform.example.com
,2022-08-21,MXN,USD,0.5785385561,Bloomberg,Spot,2022-08-21 14:07:46,sandra.hunter036@platform.example.com
,2022-08-28,AUD,SGD,1.1560700619,Internal FX,Closing,2022-08-28 01:52:07,anita.garcia021@dataops.example.com
,2022-08-18,BRL,USD,3.4183614532,Bloomberg,Closing,2022-08-18 11:28:31,jeffery.miller012@commerce.example.com
,2022-08-04,MXN,EUR,2.3190148726,Internal FX,Closing,2022-08-04 23:16:41,micheal.hall064@dataops.example.com
,2022-08-31,JPY,AUD,0.4217115778,Bloomberg,Spot,2022-08-31 02:22:17,brian.taylor114@analytics.example.com
,2022-08-26,INR,BRL,1.9097202106,Bloomberg,Closing,2022-08-26 11:57:07,grace.gonzales099@dataops.example.com
,2022-08-10,MXN,AUD,3.1477332302,ECB,Spot,2022-08-10 21:05:42,troy.boone097@platform.example.com
,2022-08-11,AUD,AED,1.7569026105,Bloomberg,Closing,2022-08-11 06:59:15,victor.palmer071@platform.example.com
,2022-08-10,BRL,USD,3.1763626316,Bloomberg,Spot,2022-08-10 16:04:35,brandon.yu006@analytics.example.com
,2022-08-05,USD,AUD,0.7028001976,Reuters,Spot,2022-08-05 10:08:55,david.cabrera119@dataops.example.com
,2022-08-13,BRL,USD,1.9700060856,ECB,Spot,2022-08-13 05:18:21,victor.palmer071@platform.example.com
,2022-08-30,BRL,JPY,0.4148733405,Bloomberg,Daily,2022-08-30 16:48:29,tiffany.freeman101@analytics.example.com
,2022-08-25,INR,CAD,1.5678381487,Internal FX,Spot,2022-08-25 17:02:49,tiffany.freeman101@analytics.example.com
,2022-08-27,EUR,BRL,1.5762518408,ECB,Spot,2022-08-27 21:25:05,eric.horton058@analytics.example.com
,2022-08-21,AED,INR,0.8346448261,ECB,Closing,2022-08-21 10:11:58,brandi.carter038@dataops.example.com
,2022-08-07,MXN,JPY,0.3541927339,Reuters,Daily,2022-08-07 10:20:38,grace.gonzales099@dataops.example.com
,2022-08-10,JPY,EUR,0.4665805901,Reuters,Closing,2022-08-10 07:37:26,katelyn.pitts017@commerce.example.com
,2022-08-28,INR,JPY,3.491544954,Bloomberg,Spot,2022-08-28 23:36:57,christine.johnson056@commerce.example.com
,2022-08-22,SGD,GBP,0.9583058429,Internal FX,Spot,2022-08-22 22:59:33,ryan.steele043@commerce.example.com
,2022-08-27,EUR,JPY,1.0796496436,Internal FX,Daily,2022-08-27 09:53:42,stephen.clark001@analytics.example.com
,2022-08-01,AED,INR,0.4062695601,ECB,Spot,2022-08-01 23:19:50,jennifer.hudson020@analytics.example.com
,2022-08-03,SGD,AED,2.8545119494,Reuters,Closing,2022-08-03 09:46:42,yolanda.vasquez005@platform.example.com
,2022-08-06,SGD,USD,1.1050791854,Bloomberg,Spot,2022-08-06 01:22:08,michelle.bender024@analytics.example.com
,2022-08-23,BRL,JPY,1.8744805616,Bloomberg,Daily,2022-08-23 15:58:58,grace.gonzales099@dataops.example.com
,2022-08-02,GBP,BRL,4.5044791888,Internal FX,Spot,2022-08-02 22:33:56,john.mullins109@commerce.example.com
,2022-08-02,CAD,INR,0.748441607,Reuters,Closing,2022-08-02 17:59:04,craig.johnson106@analytics.example.com
,2022-08-24,AUD,SGD,1.8110579611,ECB,Daily,2022-08-24 08:39:07,victor.palmer071@platform.example.com
,2022-08-12,GBP,BRL,4.3892525156,Internal FX,Closing,2022-08-12 06:45:48,andrew.ellis102@analytics.example.com
,2022-08-25,GBP,SGD,2.0055395156,Reuters,Spot,2022-08-25 03:01:34,brandi.carter038@dataops.example.com
,2022-08-26,JPY,BRL,1.4470958139,Bloomberg,Daily,2022-08-26 18:00:33,ryan.steele043@commerce.example.com
,2022-08-02,GBP,MXN,0.4972467149,Internal FX,Closing,2022-08-02 06:53:06,andrea.cummings039@platform.example.com
,2022-08-15,SGD,MXN,2.0563926783,Internal FX,Daily,2022-08-15 05:23:13,stephen.clark001@analytics.example.com
,2022-08-13,CAD,MXN,0.7293712049,Bloomberg,Spot,2022-08-13 15:42:00,peter.martinez098@platform.example.com
,2022-08-02,JPY,BRL,0.6070808151,Internal FX,Daily,2022-08-02 15:35:42,craig.johnson106@analytics.example.com
,2022-08-23,EUR,JPY,0.4624046758,Reuters,Closing,2022-08-23 21:23:46,kelsey.taylor010@platform.example.com
,2022-08-22,INR,MXN,0.6099068684,Reuters,Daily,2022-08-22 13:36:16,micheal.hall064@dataops.example.com
,2022-08-11,AUD,EUR,0.9361901443,ECB,Spot,2022-08-11 08:25:38,maria.ashley046@analytics.example.com
,2022-08-08,JPY,MXN,2.654311433,Bloomberg,Spot,2022-08-08 02:34:15,peter.martinez098@platform.example.com
,2022-08-16,EUR,SGD,1.3047782782,Internal FX,Daily,2022-08-16 02:14:16,lance.williams029@platform.example.com
,2022-08-12,AED,CAD,0.2800702147,ECB,Spot,2022-08-12 13:07:01,maria.ashley046@analytics.example.com
,2022-08-02,AUD,MXN,1.3524730858,Internal FX,Daily,2022-08-02 07:54:15,andrew.ellis102@analytics.example.com
,2022-08-08,JPY,EUR,0.5652668108,Reuters,Closing,2022-08-08 13:53:37,peter.martinez098@platform.example.com
,2022-08-22,AED,USD,0.8688204787,Reuters,Closing,2022-08-22 15:47:11,taylor.cunningham023@commerce.example.com
,2022-08-12,GBP,SGD,2.8724237442,ECB,Spot,2022-08-12 12:42:19,michael.berger060@platform.example.com
,2022-08-20,SGD,GBP,1.0289485445,ECB,Closing,2022-08-20 06:44:18,chelsea.patel065@commerce.example.com
,2022-08-22,SGD,BRL,1.5878944207,Reuters,Daily,2022-08-22 22:52:33,alyssa.richards002@commerce.example.com
,2022-08-20,EUR,SGD,0.7227954165,Internal FX,Daily,2022-08-20 02:09:19,troy.boone097@platform.example.com
,2022-08-22,GBP,CAD,1.0286892836,Bloomberg,Spot,2022-08-22 16:12:48,timothy.cameron104@commerce.example.com
,2022-08-19,GBP,USD,1.4195005455,Internal FX,Daily,2022-08-19 13:38:24,jennifer.hudson020@analytics.example.com
,2022-08-17,BRL,GBP,0.3984723039,Internal FX,Spot,2022-08-17 18:57:15,yolanda.vasquez005@platform.example.com
,2022-08-02,AUD,USD,0.5996235507,ECB,Daily,2022-08-02 06:45:25,adam.gordon030@commerce.example.com
,2022-08-17,EUR,BRL,0.8203272894,ECB,Spot,2022-08-17 01:15:19,grace.gonzales099@dataops.example.com
,2022-08-31,MXN,AED,2.0109416148,Internal FX,Daily,2022-08-31 19:36:24,joann.clark089@commerce.example.com
,2022-08-05,MXN,JPY,2.1836555367,Bloomberg,Daily,2022-08-05 20:18:17,james.proctor094@dataops.example.com
,2022-08-21,GBP,AED,0.8865393067,Bloomberg,Daily,2022-08-21 09:30:25,micheal.chen050@dataops.example.com
,2022-08-19,JPY,AED,1.0724721101,Bloomberg,Closing,2022-08-19 01:53:09,katelyn.pitts017@commerce.example.com
,2022-08-03,INR,USD,2.5113239493,Reuters,Closing,2022-08-03 02:15:04,david.cabrera119@dataops.example.com
,2022-08-06,MXN,INR,1.1899331008,Reuters,Daily,2022-08-06 07:54:15,megan.cunningham013@commerce.example.com
,2022-08-08,USD,EUR,0.8643748074,ECB,Closing,2022-08-08 13:22:52,joann.clark089@commerce.example.com
,2022-08-11,EUR,CAD,0.2219849438,Bloomberg,Closing,2022-08-11 01:59:21,christine.carter078@commerce.example.com
,2022-08-29,AED,AUD,0.635019855,Reuters,Daily,2022-08-29 08:38:14,jeffery.miller012@commerce.example.com
,2022-08-07,AED,SGD,0.8077949873,Reuters,Spot,2022-08-07 07:50:36,michelle.sims041@analytics.example.com
,2022-08-10,GBP,AED,0.4750049872,Reuters,Closing,2022-08-10 22:42:43,anita.garcia021@dataops.example.com
,2022-08-20,JPY,EUR,0.7826291621,ECB,Daily,2022-08-20 21:30:13,brandon.yu006@analytics.example.com
,2022-08-10,MXN,CAD,3.0784284221,Bloomberg,Closing,2022-08-10 18:18:00,eric.mullen052@dataops.example.com
,2022-08-07,GBP,CAD,0.4034733464,Internal FX,Spot,2022-08-07 14:56:47,jennifer.bauer068@analytics.example.com
,2022-08-16,CAD,JPY,1.8555944934,Reuters,Daily,2022-08-16 16:35:59,michelle.bender024@analytics.example.com
,2022-08-10,GBP,CAD,0.4540817153,Internal FX,Closing,2022-08-10 14:42:17,troy.boone097@platform.example.com
,2022-08-21,MXN,EUR,1.2057438841,Bloomberg,Closing,2022-08-21 11:52:24,michelle.bender024@analytics.example.com
,2022-08-15,BRL,AUD,1.1677063691,ECB,Closing,2022-08-15 20:32:18,timothy.cannon081@analytics.example.com
,2022-08-21,EUR,SGD,1.1760098978,Bloomberg,Closing,2022-08-21 17:06:45,jeffery.miller012@commerce.example.com
,2022-08-12,INR,AED,1.5467220257,Internal FX,Daily,2022-08-12 06:26:51,taylor.cunningham023@commerce.example.com
,2022-08-01,GBP,MXN,1.3758742145,Reuters,Daily,2022-08-01 19:24:48,victoria.medina044@dataops.example.com
,2022-08-17,AED,SGD,0.6986289201,Reuters,Spot,2022-08-17 19:50:19,christine.carter078@commerce.example.com
,2022-08-03,GBP,AED,0.8855985217,Internal FX,Spot,2022-08-03 08:48:06,amy.holmes103@dataops.example.com
,2022-08-05,USD,EUR,0.8845712681,ECB,Closing,2022-08-05 02:02:51,jennifer.hudson020@analytics.example.com
,2022-08-21,SGD,USD,0.93557663,ECB,Closing,2022-08-21 16:25:57,jason.franklin045@dataops.example.com
,2022-08-12,BRL,INR,0.5349022164,Bloomberg,Daily,2022-08-12 12:08:42,yesenia.arnold040@platform.example.com
,2022-08-16,AED,JPY,0.7074105279,Bloomberg,Closing,2022-08-16 05:30:19,jimmy.washington028@commerce.example.com
,2022-08-22,USD,CAD,1.7141887167,Bloomberg,Closing,2022-08-22 12:23:58,lisa.kim091@platform.example.com
,2022-08-23,SGD,JPY,1.2034393857,ECB,Daily,2022-08-23 16:01:38,michael.berger060@platform.example.com
,2022-08-05,JPY,MXN,0.7781209781,Reuters,Daily,2022-08-05 02:36:56,tina.williams074@commerce.example.com
,2022-08-12,GBP,JPY,0.9188765302,Reuters,Closing,2022-08-12 18:02:08,michael.berger060@platform.example.com
,2022-08-19,SGD,CAD,1.1818665369,Internal FX,Spot,2022-08-19 18:58:09,kelsey.taylor010@platform.example.com
,2022-08-31,SGD,MXN,1.7693871729,Reuters,Daily,2022-08-31 12:39:33,jennifer.atkins003@platform.example.com
,2022-08-01,EUR,BRL,2.2114625709,Reuters,Spot,2022-08-01 11:04:19,andrea.cummings039@platform.example.com
,2022-08-25,EUR,INR,0.4384953932,Reuters,Daily,2022-08-25 11:02:17,michelle.sims041@analytics.example.com
,2022-08-01,INR,JPY,1.5750807587,ECB,Spot,2022-08-01 05:14:15,tina.williams074@commerce.example.com
,2022-08-02,USD,INR,0.6222046882,Bloomberg,Spot,2022-08-02 07:34:27,timothy.cameron104@commerce.example.com
,2022-08-01,AUD,JPY,0.2323104194,Reuters,Closing,2022-08-01 22:57:25,christine.carter078@commerce.example.com
,2022-08-28,CAD,MXN,1.5819705613,Bloomberg,Spot,2022-08-28 04:30:52,sandra.hunter036@platform.example.com
,2022-08-17,AED,JPY,0.6920682564,Reuters,Spot,2022-08-17 10:45:35,taylor.cunningham023@commerce.example.com
,2022-08-09,GBP,USD,3.1264172981,Bloomberg,Daily,2022-08-09 03:35:04,renee.harvey080@dataops.example.com
,2022-08-07,BRL,MXN,0.5486023904,Reuters,Closing,2022-08-07 22:51:21,micheal.hall064@dataops.example.com
,2022-08-12,USD,INR,0.6680470373,ECB,Spot,2022-08-12 17:29:29,kelsey.taylor010@platform.example.com
,2022-08-27,AUD,INR,0.1544079386,Bloomberg,Spot,2022-08-27 16:28:12,michael.berger060@platform.example.com
,2022-08-19,SGD,AUD,2.039120462,Bloomberg,Daily,2022-08-19 19:59:15,sylvia.diaz107@dataops.example.com
,2022-08-28,USD,GBP,0.8753817605,ECB,Spot,2022-08-28 18:38:51,joann.clark089@commerce.example.com
,2022-08-04,EUR,INR,2.6592279929,Reuters,Daily,2022-08-04 03:16:45,lance.williams029@platform.example.com
,2022-08-24,SGD,CAD,2.3343663357,Reuters,Spot,2022-08-24 03:35:13,lisa.kim091@platform.example.com
,2022-08-19,BRL,EUR,2.6001676687,Reuters,Closing,2022-08-19 10:56:23,brian.taylor114@analytics.example.com
,2022-08-03,CAD,AED,1.0073073438,Internal FX,Daily,2022-08-03 01:24:23,lance.williams029@platform.example.com
,2022-08-08,INR,BRL,1.2551029243,Bloomberg,Daily,2022-08-08 18:56:33,jimmy.washington028@commerce.example.com
,2022-08-24,AUD,CAD,1.6219895245,Reuters,Spot,2022-08-24 09:52:51,adam.gordon030@commerce.example.com
,2022-08-12,INR,AUD,1.1496881879,ECB,Spot,2022-08-12 13:46:50,craig.johnson106@analytics.example.com
,2022-08-03,EUR,AUD,1.5389357658,Internal FX,Closing,2022-08-03 02:27:50,susan.rice083@commerce.example.com
,2022-08-31,AED,GBP,1.2098442635,Bloomberg,Closing,2022-08-31 19:36:58,kristen.bailey110@analytics.example.com
,2022-08-13,EUR,AED,0.5539528765,Internal FX,Spot,2022-08-13 02:07:06,maria.ashley046@analytics.example.com
,2022-08-11,EUR,MXN,1.9833460238,Bloomberg,Spot,2022-08-11 16:42:31,tina.williams074@commerce.example.com
,2022-08-09,INR,BRL,2.1390063696,Internal FX,Spot,2022-08-09 11:56:31,michael.berger060@platform.example.com
,2022-08-11,USD,INR,0.7072448959,Reuters,Closing,2022-08-11 05:53:54,andrew.ellis102@analytics.example.com
,2022-08-28,SGD,AED,0.3311539052,Internal FX,Spot,2022-08-28 23:03:50,shawn.baxter004@dataops.example.com
,2022-08-11,EUR,GBP,0.8633348452,ECB,Spot,2022-08-11 23:21:05,john.mullins109@commerce.example.com
,2022-08-12,CAD,GBP,0.4510191814,Bloomberg,Spot,2022-08-12 05:38:19,kelsey.taylor010@platform.example.com
,2022-08-13,SGD,USD,0.4903816983,ECB,Daily,2022-08-13 12:02:50,brandi.carter038@dataops.example.com
,2022-08-17,USD,EUR,0.3577790555,Bloomberg,Closing,2022-08-17 17:28:48,andrew.ellis102@analytics.example.com
,2022-08-05,EUR,USD,1.8234877069,Reuters,Daily,2022-08-05 21:44:25,sylvia.diaz107@dataops.example.com
,2022-08-06,GBP,EUR,1.7671164665,Bloomberg,Closing,2022-08-06 03:11:43,jennifer.atkins003@platform.example.com
,2022-08-14,SGD,GBP,1.278074298,Bloomberg,Spot,2022-08-14 09:40:53,micheal.hall064@dataops.example.com
,2022-08-02,GBP,EUR,2.3141429934,ECB,Closing,2022-08-02 14:07:59,micheal.hall064@dataops.example.com
,2022-08-19,BRL,JPY,0.9110942613,ECB,Spot,2022-08-19 22:36:14,stephen.clark001@analytics.example.com
,2022-08-05,JPY,BRL,2.9799756792,Reuters,Closing,2022-08-05 11:03:32,michelle.bender024@analytics.example.com
,2022-08-29,SGD,USD,2.7487207965,ECB,Daily,2022-08-29 19:59:15,victoria.medina044@dataops.example.com
,2022-08-02,AED,AUD,1.948501536,Bloomberg,Daily,2022-08-02 15:11:29,eric.horton058@analytics.example.com
,2022-08-13,BRL,CAD,4.3122643793,ECB,Spot,2022-08-13 00:08:04,kevin.mathews014@analytics.example.com
,2022-08-30,USD,AED,0.5036483651,Internal FX,Spot,2022-08-30 00:01:52,shawn.baxter004@dataops.example.com
,2022-08-31,AUD,BRL,1.5648497024,Reuters,Closing,2022-08-31 22:25:57,jennifer.bauer068@analytics.example.com
,2022-08-31,AED,SGD,0.4576295311,Reuters,Daily,2022-08-31 10:28:22,michael.johnson061@platform.example.com
,2022-08-12,CAD,BRL,1.0653287833,Reuters,Closing,2022-08-12 23:48:27,christine.carter078@commerce.example.com
,2022-08-03,CAD,AUD,0.7804549529,ECB,Spot,2022-08-03 16:21:00,lance.williams029@platform.example.com
,2022-08-01,SGD,GBP,0.8070872313,Bloomberg,Closing,2022-08-01 08:00:49,eric.horton058@analytics.example.com
,2022-08-02,AED,CAD,1.5238771012,ECB,Spot,2022-08-02 17:54:48,peter.martinez098@platform.example.com
,2022-08-21,USD,GBP,1.0604405865,Internal FX,Spot,2022-08-21 00:03:12,andrew.ellis102@analytics.example.com
,2022-08-05,MXN,GBP,0.2671796597,Bloomberg,Daily,2022-08-05 09:10:56,brandon.yu006@analytics.example.com
,2022-08-06,EUR,INR,1.1427459146,Reuters,Closing,2022-08-06 07:58:05,christine.johnson056@commerce.example.com
,2022-08-30,INR,CAD,0.7213317909,Reuters,Closing,2022-08-30 11:52:22,taylor.cunningham023@commerce.example.com
,2022-08-20,INR,AUD,1.8619984479,Internal FX,Closing,2022-08-20 15:07:33,eric.horton058@analytics.example.com
,2022-08-02,SGD,AUD,1.0543337661,Internal FX,Closing,2022-08-02 23:42:27,timothy.cameron104@commerce.example.com
,2022-08-15,GBP,AUD,0.0790672044,ECB,Spot,2022-08-15 05:36:12,andrea.cummings039@platform.example.com
,2022-08-12,AED,USD,0.3546544034,Internal FX,Closing,2022-08-12 01:43:06,ryan.steele043@commerce.example.com
,2022-08-18,GBP,AUD,0.688687612,Reuters,Daily,2022-08-18 18:53:48,lance.williams029@platform.example.com
,2022-08-17,INR,BRL,1.2930155972,Internal FX,Daily,2022-08-17 00:54:13,patrick.gonzalez035@dataops.example.com
,2022-08-17,GBP,AED,3.4741805309,Bloomberg,Daily,2022-08-17 10:32:36,taylor.cunningham023@commerce.example.com
,2022-08-30,EUR,MXN,0.4228482797,Reuters,Spot,2022-08-30 06:03:06,jennifer.bauer068@analytics.example.com
,2022-08-22,SGD,JPY,0.6921328526,Bloomberg,Daily,2022-08-22 06:28:07,timothy.cannon081@analytics.example.com
,2022-08-24,AUD,CAD,1.706906041,Reuters,Daily,2022-08-24 09:55:16,taylor.cunningham023@commerce.example.com
,2022-08-19,EUR,AED,0.4767714065,Internal FX,Daily,2022-08-19 06:03:36,jason.franklin045@dataops.example.com
,2022-08-03,SGD,MXN,1.1538706682,ECB,Spot,2022-08-03 12:10:42,jimmy.washington028@commerce.example.com
,2022-08-25,GBP,MXN,1.312341178,ECB,Closing,2022-08-25 23:30:54,kevin.mathews014@analytics.example.com
,2022-08-10,JPY,USD,0.4098592654,ECB,Spot,2022-08-10 12:33:47,james.proctor094@dataops.example.com
,2022-08-06,GBP,SGD,3.8731965521,ECB,Daily,2022-08-06 15:03:12,troy.boone097@platform.example.com
,2022-08-22,JPY,AED,1.5762882843,Reuters,Spot,2022-08-22 03:22:19,ashley.marks069@commerce.example.com
,2022-08-04,SGD,AUD,0.2110396648,Bloomberg,Closing,2022-08-04 01:26:54,kevin.mathews014@analytics.example.com
,2022-08-26,MXN,CAD,1.0582264328,Reuters,Daily,2022-08-26 07:17:42,renee.harvey080@dataops.example.com
,2022-08-13,AED,INR,0.7240090301,Bloomberg,Daily,2022-08-13 02:51:18,amy.holmes103@dataops.example.com
,2022-08-16,AED,JPY,0.4092147428,Bloomberg,Spot,2022-08-16 00:11:46,timothy.cannon081@analytics.example.com
,2022-08-15,JPY,SGD,3.1125112796,Bloomberg,Daily,2022-08-15 04:45:08,sandra.hunter036@platform.example.com
,2022-08-24,JPY,MXN,2.8362530372,Internal FX,Closing,2022-08-24 04:26:18,peter.martinez098@platform.example.com
,2022-08-03,BRL,MXN,3.0629950095,Internal FX,Spot,2022-08-03 01:22:55,jennifer.bauer068@analytics.example.com
,2022-08-20,SGD,JPY,5.3933677755,Internal FX,Spot,2022-08-20 15:37:48,timothy.cannon081@analytics.example.com
,2022-08-04,INR,CAD,2.0827577684,ECB,Closing,2022-08-04 02:16:36,jennifer.atkins003@platform.example.com
,2022-08-19,AED,USD,2.5158173933,Internal FX,Closing,2022-08-19 02:20:26,michelle.bender024@analytics.example.com
,2022-08-14,EUR,GBP,1.4833228721,ECB,Spot,2022-08-14 17:09:11,lisa.kim091@platform.example.com
,2022-08-12,USD,GBP,4.2404878977,Bloomberg,Daily,2022-08-12 12:20:28,chelsea.patel065@commerce.example.com
,2022-08-08,EUR,JPY,0.5274093221,Reuters,Spot,2022-08-08 08:27:25,michael.berger060@platform.example.com
,2022-08-16,AUD,INR,0.8052056207,Reuters,Closing,2022-08-16 09:32:33,renee.harvey080@dataops.example.com
,2022-08-27,EUR,CAD,1.9251626858,Reuters,Spot,2022-08-27 01:05:24,sandra.hunter036@platform.example.com
,2022-08-25,EUR,JPY,0.9031344949,Bloomberg,Daily,2022-08-25 21:04:49,joann.clark089@commerce.example.com
,2022-08-22,JPY,INR,1.3663423987,Reuters,Closing,2022-08-22 12:42:02,patrick.gonzalez035@dataops.example.com
,2022-08-28,BRL,GBP,1.7308701844,ECB,Daily,2022-08-28 19:10:22,timothy.cannon081@analytics.example.com
,2022-08-27,USD,AED,1.380558639,Internal FX,Closing,2022-08-27 22:54:56,jennifer.hudson020@analytics.example.com
,2022-08-30,INR,JPY,4.3191263651,Reuters,Daily,2022-08-30 21:58:53,jeffery.miller012@commerce.example.com
,2022-08-10,EUR,AED,11.1919568352,Internal FX,Spot,2022-08-10 01:39:29,victoria.medina044@dataops.example.com
,2022-08-20,SGD,USD,2.1301787147,Reuters,Closing,2022-08-20 19:35:16,jimmy.washington028@commerce.example.com
,2022-08-08,INR,SGD,0.9769393847,Internal FX,Spot,2022-08-08 17:14:49,stephen.clark001@analytics.example.com
,2022-08-20,SGD,AUD,2.1344617446,Reuters,Daily,2022-08-20 13:11:16,michael.johnson061@platform.example.com
,2022-08-13,MXN,JPY,0.3630182219,ECB,Spot,2022-08-13 06:55:44,jimmy.washington028@commerce.example.com
,2022-08-18,EUR,BRL,0.9868163381,Bloomberg,Spot,2022-08-18 11:47:41,kelsey.taylor010@platform.example.com
,2022-08-19,INR,AED,0.2895903972,Internal FX,Daily,2022-08-19 07:34:22,joann.clark089@commerce.example.com
,2022-08-18,CAD,EUR,0.3145969493,ECB,Closing,2022-08-18 11:24:33,michael.berger060@platform.example.com
,2022-08-29,CAD,BRL,3.0286336742,ECB,Spot,2022-08-29 04:32:06,andrea.cummings039@platform.example.com
,2022-08-13,SGD,GBP,1.2188997247,ECB,Closing,2022-08-13 18:32:42,victor.palmer071@platform.example.com
,2022-08-14,AUD,USD,1.6420324004,ECB,Spot,2022-08-14 13:36:12,stephen.clark001@analytics.example.com
,2022-08-10,JPY,BRL,1.065771206,Internal FX,Daily,2022-08-10 12:20:16,yesenia.arnold040@platform.example.com
,2022-08-12,SGD,AED,1.6626013488,Reuters,Closing,2022-08-12 05:42:57,jennifer.atkins003@platform.example.com
,2022-08-15,BRL,GBP,4.7859228334,ECB,Daily,2022-08-15 22:56:43,john.mullins109@commerce.example.com
,2022-08-04,INR,AED,0.2394115287,Reuters,Daily,2022-08-04 01:17:29,amy.holmes103@dataops.example.com
,2022-08-27,EUR,INR,2.6260896325,Internal FX,Closing,2022-08-27 02:13:47,jimmy.washington028@commerce.example.com
,2022-08-02,MXN,CAD,0.3423197099,ECB,Closing,2022-08-02 10:17:45,chelsea.patel065@commerce.example.com
,2022-08-04,AED,GBP,3.056329941,ECB,Closing,2022-08-04 15:42:37,christine.johnson056@commerce.example.com
,2022-08-23,SGD,CAD,0.8956323223,Internal FX,Spot,2022-08-23 19:49:57,shawn.baxter004@dataops.example.com
,2022-08-02,BRL,INR,1.80960091,ECB,Daily,2022-08-02 13:28:50,craig.johnson106@analytics.example.com
,2022-08-04,MXN,GBP,1.6171398679,Bloomberg,Daily,2022-08-04 02:06:33,eric.mullen052@dataops.example.com
,2022-08-23,SGD,GBP,0.3336215757,Internal FX,Spot,2022-08-23 00:23:47,jason.franklin045@dataops.example.com
,2022-08-02,AUD,GBP,0.3465050129,ECB,Spot,2022-08-02 07:26:12,christine.johnson056@commerce.example.com
,2022-08-14,USD,EUR,0.2435298206,Bloomberg,Daily,2022-08-14 09:58:18,alyssa.richards002@commerce.example.com
,2022-08-04,MXN,BRL,1.2313075358,Bloomberg,Closing,2022-08-04 00:17:22,jennifer.bauer068@analytics.example.com
,2022-08-31,EUR,BRL,1.436795611,ECB,Daily,2022-08-31 19:19:51,anita.garcia021@dataops.example.com
,2022-08-03,INR,AED,1.1799919187,Reuters,Spot,2022-08-03 06:01:06,christine.johnson056@commerce.example.com
,2022-08-09,AED,USD,0.6172343877,Reuters,Daily,2022-08-09 05:54:59,shawn.baxter004@dataops.example.com
,2022-08-03,MXN,INR,1.8693095776,Internal FX,Spot,2022-08-03 04:34:15,katelyn.pitts017@commerce.example.com
,2022-08-09,EUR,AED,2.508393708,Reuters,Closing,2022-08-09 15:35:18,andrew.ellis102@analytics.example.com
,2022-08-29,USD,BRL,0.7111312513,Reuters,Closing,2022-08-29 07:36:04,michael.johnson061@platform.example.com
,2022-08-01,MXN,CAD,1.0454355188,ECB,Daily,2022-08-01 23:20:29,adam.gordon030@commerce.example.com
,2022-08-27,CAD,USD,1.0673262094,Internal FX,Daily,2022-08-27 17:00:40,jeffery.miller012@commerce.example.com
,2022-08-13,JPY,INR,2.1999200255,Bloomberg,Spot,2022-08-13 13:08:37,jimmy.washington028@commerce.example.com
,2022-08-11,AUD,EUR,0.7512157239,ECB,Spot,2022-08-11 01:01:00,michelle.sims041@analytics.example.com
,2022-08-01,SGD,MXN,0.8824335386,Internal FX,Closing,2022-08-01 11:13:43,grace.gonzales099@dataops.example.com
,2022-08-13,AED,GBP,1.2789636855,Bloomberg,Spot,2022-08-13 17:13:29,stephen.daniels076@commerce.example.com
,2022-08-21,SGD,INR,0.5869744027,Reuters,Closing,2022-08-21 18:07:36,jennifer.hudson020@analytics.example.com
,2022-08-04,BRL,CAD,2.5232711156,Reuters,Daily,2022-08-04 15:39:33,jennifer.atkins003@platform.example.com
,2022-08-30,MXN,CAD,1.642157882,Bloomberg,Closing,2022-08-30 12:26:19,katelyn.pitts017@commerce.example.com
,2022-08-09,GBP,JPY,0.7730293484,Reuters,Closing,2022-08-09 16:07:58,kelsey.taylor010@platform.example.com
,2022-08-18,EUR,GBP,0.4038297585,Bloomberg,Daily,2022-08-18 17:23:41,brandi.carter038@dataops.example.com
,2022-08-11,JPY,USD,3.2553560073,ECB,Spot,2022-08-11 12:27:03,brandon.yu006@analytics.example.com
,2022-08-26,JPY,GBP,0.4593718663,Internal FX,Spot,2022-08-26 09:07:55,micheal.hall064@dataops.example.com
,2022-08-04,CAD,AED,0.8459652425,Internal FX,Daily,2022-08-04 02:08:38,taylor.cunningham023@commerce.example.com
,2022-08-09,INR,USD,0.5732307241,Internal FX,Spot,2022-08-09 00:09:58,ryan.steele043@commerce.example.com
,2022-08-20,AED,MXN,1.2755466799,Reuters,Spot,2022-08-20 18:44:57,michelle.bender024@analytics.example.com
,2022-08-11,EUR,AUD,0.7337828371,Reuters,Daily,2022-08-11 11:06:11,tina.williams074@commerce.example.com
,2022-08-18,AUD,BRL,1.0006591553,ECB,Daily,2022-08-18 05:51:04,andrew.ellis102@analytics.example.com
,2022-08-18,JPY,CAD,3.4935222017,Reuters,Spot,2022-08-18 07:08:18,victor.palmer071@platform.example.com
,2022-08-11,AUD,GBP,2.5981598042,Bloomberg,Spot,2022-08-11 07:54:46,kevin.mathews014@analytics.example.com
,2022-08-29,BRL,AUD,0.6584357744,Bloomberg,Spot,2022-08-29 07:53:22,kelsey.taylor010@platform.example.com
,2022-08-15,MXN,USD,1.4598592563,Internal FX,Closing,2022-08-15 02:37:56,micheal.hall064@dataops.example.com
,2022-08-29,CAD,AED,1.4733063539,Reuters,Closing,2022-08-29 04:17:22,james.proctor094@dataops.example.com
,2022-08-22,SGD,INR,1.6176182626,Bloomberg,Daily,2022-08-22 16:38:08,joann.clark089@commerce.example.com
,2022-08-20,JPY,AED,1.269663243,Bloomberg,Daily,2022-08-20 08:32:46,craig.johnson106@analytics.example.com
,2022-08-16,GBP,AUD,1.3151175497,ECB,Daily,2022-08-16 20:51:42,anita.garcia021@dataops.example.com
,2022-08-05,AED,USD,0.9084048685,Reuters,Spot,2022-08-05 03:03:56,timothy.cameron104@commerce.example.com
,2022-08-22,GBP,AED,1.1374001275,Internal FX,Closing,2022-08-22 15:47:52,sandra.hunter036@platform.example.com
,2022-08-31,EUR,INR,2.5668749663,ECB,Closing,2022-08-31 12:02:09,yolanda.vasquez005@platform.example.com
,2022-08-10,AUD,BRL,0.9273960004,Reuters,Closing,2022-08-10 17:15:10,eric.mullen052@dataops.example.com
,2022-08-23,GBP,USD,0.7187657895,Internal FX,Closing,2022-08-23 23:46:36,grace.gonzales099@dataops.example.com
,2022-08-28,JPY,GBP,0.8918201509,ECB,Daily,2022-08-28 00:19:21,andrea.cummings039@platform.example.com
,2022-08-03,JPY,USD,3.1851249285,Internal FX,Spot,2022-08-03 05:10:13,timothy.cannon081@analytics.example.com
,2022-08-21,INR,MXN,1.044986884,Reuters,Daily,2022-08-21 12:44:49,jennifer.hudson020@analytics.example.com
,2022-08-03,AED,BRL,0.6059503753,Reuters,Spot,2022-08-03 09:43:28,micheal.chen050@dataops.example.com
,2022-08-27,CAD,JPY,1.4697819541,ECB,Daily,2022-08-27 19:31:28,patrick.gonzalez035@dataops.example.com
,2022-08-30,MXN,INR,3.2163812546,ECB,Spot,2022-08-30 12:35:03,shawn.baxter004@dataops.example.com
,2022-08-18,SGD,JPY,0.5730722637,Bloomberg,Closing,2022-08-18 17:20:12,joann.clark089@commerce.example.com
,2022-08-25,MXN,CAD,0.4178744985,Internal FX,Spot,2022-08-25 08:52:00,yesenia.arnold040@platform.example.com
,2022-08-03,AED,MXN,3.5682914038,Reuters,Closing,2022-08-03 19:41:08,joseph.johnson049@dataops.example.com
,2022-08-05,AUD,CAD,0.4043713535,Bloomberg,Daily,2022-08-05 00:18:25,peter.martinez098@platform.example.com
,2022-08-02,USD,INR,0.095171687,Internal FX,Closing,2022-08-02 06:04:44,stephen.daniels076@commerce.example.com
,2022-08-02,CAD,EUR,1.3265121884,ECB,Daily,2022-08-02 05:16:43,michelle.bender024@analytics.example.com
,2022-08-02,GBP,INR,0.8762503946,Internal FX,Spot,2022-08-02 16:10:33,joseph.johnson049@dataops.example.com
,2022-08-05,MXN,SGD,1.9094797651,Reuters,Spot,2022-08-05 07:46:02,christine.carter078@commerce.example.com
,2022-08-06,AUD,EUR,0.4104599961,Bloomberg,Spot,2022-08-06 18:43:42,ryan.steele043@commerce.example.com
,2022-08-29,SGD,USD,1.0652564069,Internal FX,Spot,2022-08-29 00:54:05,chelsea.patel065@commerce.example.com
,2022-08-24,EUR,USD,1.6253964451,ECB,Closing,2022-08-24 09:53:13,jason.franklin045@dataops.example.com
,2022-08-29,GBP,EUR,0.8226036185,ECB,Daily,2022-08-29 05:21:42,katelyn.pitts017@commerce.example.com
,2022-08-22,SGD,MXN,1.6341975949,Internal FX,Spot,2022-08-22 02:21:27,victor.palmer071@platform.example.com
,2022-08-07,AUD,EUR,0.3957708483,Internal FX,Daily,2022-08-07 02:01:31,grace.gonzales099@dataops.example.com
,2022-08-17,CAD,INR,2.3431598956,Internal FX,Closing,2022-08-17 02:57:51,jimmy.washington028@commerce.example.com
,2022-08-25,AUD,AED,1.6176502768,Internal FX,Closing,2022-08-25 15:09:59,jennifer.atkins003@platform.example.com
,2022-08-31,GBP,EUR,0.8429176583,Reuters,Daily,2022-08-31 20:14:25,jeffery.miller012@commerce.example.com
,2022-08-18,BRL,INR,2.051305791,Reuters,Spot,2022-08-18 17:02:56,timothy.cannon081@analytics.example.com
,2022-08-23,USD,SGD,4.0459817407,Internal FX,Spot,2022-08-23 06:01:39,patrick.gonzalez035@dataops.example.com
,2022-08-06,MXN,BRL,1.7893951766,Bloomberg,Spot,2022-08-06 10:32:50,brian.taylor114@analytics.example.com
,2022-08-08,AED,EUR,0.7580667755,Reuters,Closing,2022-08-08 12:03:52,yolanda.vasquez005@platform.example.com
,2022-08-12,EUR,JPY,2.2570683746,ECB,Daily,2022-08-12 09:52:36,micheal.hall064@dataops.example.com
,2022-08-01,EUR,AED,0.5128396068,ECB,Closing,2022-08-01 20:41:22,shawn.baxter004@dataops.example.com
,2022-08-14,EUR,SGD,1.1834166947,Reuters,Closing,2022-08-14 13:37:05,michael.johnson061@platform.example.com
,2022-08-12,AUD,EUR,0.718681648,Bloomberg,Daily,2022-08-12 19:06:08,brian.taylor114@analytics.example.com
,2022-08-25,SGD,AUD,0.5999062709,ECB,Spot,2022-08-25 08:55:55,jennifer.atkins003@platform.example.com
,2022-08-30,INR,CAD,1.8350788243,Reuters,Closing,2022-08-30 21:43:07,kevin.mathews014@analytics.example.com
,2022-08-14,BRL,CAD,0.4420654642,ECB,Closing,2022-08-14 02:26:33,jimmy.washington028@commerce.example.com
,2022-08-04,AUD,SGD,3.7659526937,Bloomberg,Daily,2022-08-04 04:12:22,adam.gordon030@commerce.example.com
,2022-08-05,JPY,BRL,0.86707629,Internal FX,Spot,2022-08-05 11:31:29,david.cabrera119@dataops.example.com
,2022-08-23,GBP,CAD,1.2793765286,Bloomberg,Daily,2022-08-23 04:47:53,tina.williams074@commerce.example.com
,2022-08-09,INR,GBP,1.4355628994,Internal FX,Spot,2022-08-09 07:00:31,maria.ashley046@analytics.example.com
,2022-08-26,USD,CAD,0.7601968554,Reuters,Closing,2022-08-26 15:34:14,ryan.steele043@commerce.example.com
,2022-08-01,USD,SGD,2.1566451909,Internal FX,Spot,2022-08-01 00:20:31,lisa.kim091@platform.example.com
,2022-08-07,SGD,AUD,0.8335344491,Internal FX,Spot,2022-08-07 08:21:32,brandi.carter038@dataops.example.com
,2022-08-18,USD,SGD,0.5600719115,Internal FX,Spot,2022-08-18 13:44:59,john.mullins109@commerce.example.com
,2022-08-01,AED,MXN,0.1802556757,ECB,Daily,2022-08-01 18:34:56,brandi.carter038@dataops.example.com
,2022-08-19,GBP,AUD,0.2953403247,Internal FX,Daily,2022-08-19 07:10:24,adam.gordon030@commerce.example.com
,2022-08-03,CAD,SGD,0.8238007738,ECB,Daily,2022-08-03 03:48:47,christine.johnson056@commerce.example.com
,2022-08-08,SGD,INR,0.2980595675,Bloomberg,Daily,2022-08-08 22:36:13,victoria.medina044@dataops.example.com
,2022-08-13,JPY,SGD,0.4491851762,Bloomberg,Spot,2022-08-13 03:46:46,tiffany.freeman101@analytics.example.com
,2022-08-04,AUD,CAD,1.533562069,Internal FX,Closing,2022-08-04 02:55:00,jennifer.atkins003@platform.example.com
,2022-08-28,GBP,AED,1.1140410397,Bloomberg,Daily,2022-08-28 13:13:38,timothy.cameron104@commerce.example.com
,2022-08-07,GBP,JPY,8.7142587439,ECB,Daily,2022-08-07 11:08:43,craig.johnson106@analytics.example.com
,2022-08-09,USD,EUR,0.9041601932,Reuters,Closing,2022-08-09 01:42:49,lance.williams029@platform.example.com
,2022-08-19,AUD,AED,4.6041050232,ECB,Spot,2022-08-19 13:37:52,brandon.yu006@analytics.example.com
,2022-08-03,AUD,MXN,1.2171994089,Bloomberg,Daily,2022-08-03 18:48:54,troy.boone097@platform.example.com
,2022-08-06,CAD,SGD,3.3530785074,Reuters,Closing,2022-08-06 05:02:54,john.mullins109@commerce.example.com
,2022-08-07,JPY,INR,0.5265105368,ECB,Spot,2022-08-07 10:39:57,taylor.cunningham023@commerce.example.com
,2022-08-05,BRL,GBP,0.3944038436,ECB,Spot,2022-08-05 14:47:47,jennifer.bauer068@analytics.example.com
,2022-08-14,AED,SGD,3.2693075531,Internal FX,Spot,2022-08-14 20:25:23,alyssa.richards002@commerce.example.com
,2022-08-31,CAD,SGD,2.3054258764,Internal FX,Daily,2022-08-31 21:58:42,anita.garcia021@dataops.example.com
,2022-08-29,SGD,JPY,1.7043385372,Internal FX,Daily,2022-08-29 16:57:55,stephen.clark001@analytics.example.com
,2022-08-15,BRL,AED,0.4471630842,Bloomberg,Closing,2022-08-15 09:05:29,joseph.johnson049@dataops.example.com
,2022-08-05,CAD,EUR,0.7866170192,Bloomberg,Daily,2022-08-05 04:25:30,darren.anderson025@dataops.example.com
,2022-08-09,BRL,AED,5.6765796768,Bloomberg,Closing,2022-08-09 18:39:05,alyssa.richards002@commerce.example.com
,2022-08-17,MXN,USD,0.5169387665,ECB,Closing,2022-08-17 12:47:57,lance.williams029@platform.example.com
,2022-08-28,CAD,MXN,1.7481113408,Internal FX,Spot,2022-08-28 13:22:47,jennifer.hudson020@analytics.example.com
,2022-08-21,SGD,GBP,0.5466674342,ECB,Daily,2022-08-21 10:06:58,maria.ashley046@analytics.example.com
,2022-08-22,JPY,AUD,0.7636625683,Reuters,Daily,2022-08-22 23:42:04,katelyn.pitts017@commerce.example.com
,2022-08-24,EUR,CAD,1.3514477879,Reuters,Daily,2022-08-24 17:11:09,jeffery.miller012@commerce.example.com
,2022-08-16,JPY,SGD,0.4298829527,Bloomberg,Spot,2022-08-16 01:13:02,micheal.hall064@dataops.example.com
,2022-08-12,USD,GBP,0.8059935374,ECB,Spot,2022-08-12 03:40:26,joann.clark089@commerce.example.com
,2022-08-08,AUD,JPY,1.499204449,Internal FX,Spot,2022-08-08 06:15:30,michelle.sims041@analytics.example.com
,2022-08-08,SGD,EUR,0.7457856204,Bloomberg,Daily,2022-08-08 15:09:58,kelsey.taylor010@platform.example.com
,2022-08-27,EUR,AUD,1.1149109618,Internal FX,Closing,2022-08-27 23:12:07,ryan.steele043@commerce.example.com
,2022-08-29,JPY,BRL,1.5920888311,Reuters,Spot,2022-08-29 02:13:39,eric.mullen052@dataops.example.com
,2022-08-20,CAD,SGD,1.1881978671,Reuters,Closing,2022-08-20 13:38:52,troy.boone097@platform.example.com
,2022-08-16,USD,SGD,5.1474031181,Bloomberg,Spot,2022-08-16 02:16:29,susan.rice083@commerce.example.com
,2022-08-14,GBP,SGD,0.9471571662,Reuters,Daily,2022-08-14 21:04:11,susan.rice083@commerce.example.com
,2022-08-09,SGD,BRL,0.5464249922,Bloomberg,Spot,2022-08-09 02:26:54,ashley.marks069@commerce.example.com
,2022-08-22,JPY,BRL,0.9084511459,ECB,Daily,2022-08-22 06:44:02,craig.johnson106@analytics.example.com
,2022-08-21,CAD,BRL,1.3137614733,Reuters,Closing,2022-08-21 13:10:54,andrea.cummings039@platform.example.com
,2022-08-01,AED,JPY,2.7382974651,Internal FX,Spot,2022-08-01 13:17:07,renee.harvey080@dataops.example.com
,2022-08-05,MXN,GBP,0.9684982926,Internal FX,Daily,2022-08-05 13:33:12,christine.carter078@commerce.example.com
,2022-08-13,AED,USD,2.8511768879,ECB,Closing,2022-08-13 18:19:47,susan.rice083@commerce.example.com
,2022-08-03,MXN,GBP,1.1076592684,Reuters,Spot,2022-08-03 07:01:49,sylvia.diaz107@dataops.example.com
,2022-08-08,EUR,BRL,0.6323253092,Internal FX,Daily,2022-08-08 20:33:13,christine.johnson056@commerce.example.com
,2022-08-15,GBP,JPY,0.5402377169,Internal FX,Closing,2022-08-15 23:02:40,timothy.cannon081@analytics.example.com
,2022-08-03,EUR,CAD,1.0409831375,ECB,Daily,2022-08-03 07:49:58,kelsey.taylor010@platform.example.com
,2022-08-17,BRL,JPY,2.4940811348,Bloomberg,Spot,2022-08-17 00:44:48,joann.clark089@commerce.example.com
,2022-08-09,INR,USD,3.9437031448,Reuters,Closing,2022-08-09 23:36:44,katelyn.pitts017@commerce.example.com
,2022-08-06,BRL,EUR,2.2856110158,Reuters,Closing,2022-08-06 08:19:48,christine.carter078@commerce.example.com
,2022-08-07,BRL,CAD,2.2976317508,ECB,Closing,2022-08-07 07:07:59,lisa.kim091@platform.example.com
,2022-08-23,MXN,BRL,0.5104192875,ECB,Spot,2022-08-23 20:42:29,yesenia.arnold040@platform.example.com
,2022-08-01,CAD,SGD,1.0260388902,Bloomberg,Closing,2022-08-01 21:22:58,taylor.cunningham023@commerce.example.com
,2022-08-07,AUD,JPY,4.2127883979,Bloomberg,Closing,2022-08-07 00:21:35,peter.martinez098@platform.example.com
,2022-08-04,AUD,BRL,0.6572336947,ECB,Spot,2022-08-04 15:35:43,stephen.clark001@analytics.example.com
,2022-08-14,EUR,MXN,1.3398700407,Internal FX,Daily,2022-08-14 04:52:04,tiffany.freeman101@analytics.example.com
,2022-08-14,AED,EUR,1.1224212234,Internal FX,Closing,2022-08-14 22:46:45,troy.boone097@platform.example.com
,2022-08-17,JPY,SGD,1.8293150074,ECB,Spot,2022-08-17 13:08:58,sylvia.diaz107@dataops.example.com
,2022-08-15,MXN,GBP,1.6373127897,Reuters,Daily,2022-08-15 11:46:01,taylor.cunningham023@commerce.example.com
,2022-08-03,INR,SGD,0.8126502696,Reuters,Daily,2022-08-03 08:50:51,michael.johnson061@platform.example.com
,2022-08-31,AED,CAD,0.7449724094,Reuters,Spot,2022-08-31 02:56:40,katelyn.pitts017@commerce.example.com
,2022-08-13,AUD,CAD,0.9991567339,Bloomberg,Closing,2022-08-13 02:55:09,renee.harvey080@dataops.example.com
,2022-08-03,EUR,CAD,1.1145502935,Reuters,Closing,2022-08-03 22:17:32,eric.mullen052@dataops.example.com
,2022-08-16,SGD,BRL,2.7477075594,Bloomberg,Daily,2022-08-16 21:16:28,chelsea.patel065@commerce.example.com
,2022-08-31,AUD,AED,0.6269545093,Reuters,Daily,2022-08-31 23:30:35,james.proctor094@dataops.example.com
,2022-08-12,EUR,CAD,0.7127833423,Reuters,Closing,2022-08-12 12:27:37,jennifer.atkins003@platform.example.com
,2022-08-20,JPY,INR,0.2860432199,ECB,Daily,2022-08-20 19:49:27,victor.palmer071@platform.example.com
,2022-08-06,INR,JPY,0.8940872463,ECB,Closing,2022-08-06 04:19:27,alyssa.richards002@commerce.example.com
,2022-08-13,INR,AUD,1.8205430063,Reuters,Closing,2022-08-13 15:13:15,kelsey.taylor010@platform.example.com
,2022-08-20,JPY,EUR,0.9639640605,Internal FX,Daily,2022-08-20 07:35:51,micheal.hall064@dataops.example.com
,2022-08-24,JPY,GBP,0.9416954347,ECB,Spot,2022-08-24 00:29:02,jennifer.bauer068@analytics.example.com
,2022-08-11,USD,BRL,0.6170111921,ECB,Spot,2022-08-11 14:51:00,chelsea.patel065@commerce.example.com
,2022-08-15,GBP,SGD,0.7315371639,Internal FX,Spot,2022-08-15 13:08:48,micheal.chen050@dataops.example.com
,2022-08-10,BRL,USD,1.9890238272,Internal FX,Closing,2022-08-10 09:54:33,john.mullins109@commerce.example.com
,2022-08-31,JPY,AUD,2.0175116243,Bloomberg,Daily,2022-08-31 21:43:56,yesenia.arnold040@platform.example.com
,2022-08-24,SGD,CAD,1.368434018,Bloomberg,Daily,2022-08-24 01:42:50,craig.johnson106@analytics.example.com
,2022-08-27,MXN,AUD,0.4655807756,ECB,Spot,2022-08-27 12:25:08,eric.mullen052@dataops.example.com
,2022-08-29,SGD,JPY,0.5539337401,Internal FX,Closing,2022-08-29 18:58:40,jeffery.miller012@commerce.example.com
,2022-08-12,AUD,BRL,1.1811065942,Internal FX,Spot,2022-08-12 04:26:21,tiffany.freeman101@analytics.example.com
,2022-08-30,USD,AED,1.935160252,Reuters,Closing,2022-08-30 14:50:03,andrew.ellis102@analytics.example.com
,2022-08-29,USD,CAD,1.2266642709,Bloomberg,Daily,2022-08-29 01:32:28,jennifer.atkins003@platform.example.com
,2022-08-05,BRL,AED,0.399990696,Bloomberg,Spot,2022-08-05 05:35:47,darren.anderson025@dataops.example.com
,2022-08-13,SGD,JPY,1.1303347293,ECB,Daily,2022-08-13 08:12:07,james.proctor094@dataops.example.com
,2022-08-15,USD,CAD,0.2632736643,Reuters,Closing,2022-08-15 09:23:16,amy.holmes103@dataops.example.com
,2022-08-11,SGD,EUR,3.2423592075,Internal FX,Closing,2022-08-11 01:52:00,ryan.steele043@commerce.example.com
,2022-08-31,INR,JPY,0.5587852295,ECB,Spot,2022-08-31 00:05:10,andrew.ellis102@analytics.example.com
,2022-08-26,BRL,EUR,1.7727417338,Reuters,Closing,2022-08-26 15:03:29,micheal.chen050@dataops.example.com
,2022-08-10,AUD,INR,1.2043240235,Reuters,Spot,2022-08-10 03:13:33,brandi.carter038@dataops.example.com
,2022-08-20,AED,AUD,0.2785232155,Bloomberg,Closing,2022-08-20 01:02:08,eric.mullen052@dataops.example.com
,2022-08-21,AUD,SGD,1.9996780057,Reuters,Closing,2022-08-21 09:28:22,yolanda.vasquez005@platform.example.com
,2022-08-16,SGD,CAD,0.4217641483,Internal FX,Spot,2022-08-16 17:48:58,adam.gordon030@commerce.example.com
,2022-08-26,GBP,AED,0.4250820633,Internal FX,Closing,2022-08-26 08:06:21,tiffany.freeman101@analytics.example.com
,2022-08-24,MXN,EUR,0.4517703619,Bloomberg,Closing,2022-08-24 17:13:11,darren.anderson025@dataops.example.com
,2022-08-21,INR,MXN,0.6332534553,Internal FX,Closing,2022-08-21 13:29:17,sylvia.diaz107@dataops.example.com
,2022-08-08,GBP,MXN,0.4390488108,Bloomberg,Closing,2022-08-08 16:46:52,jennifer.hudson020@analytics.example.com
,2022-08-02,MXN,EUR,4.1592343995,Reuters,Spot,2022-08-02 15:31:54,craig.johnson106@analytics.example.com
,2022-08-22,AED,EUR,0.5507073529,Bloomberg,Closing,2022-08-22 05:34:05,joseph.johnson049@dataops.example.com
,2022-08-17,MXN,JPY,1.9989886927,ECB,Closing,2022-08-17 05:48:21,brian.taylor114@analytics.example.com
,2022-08-02,MXN,USD,0.1472797942,Internal FX,Daily,2022-08-02 12:29:00,craig.johnson106@analytics.example.com
,2022-08-04,SGD,JPY,0.4539571496,Bloomberg,Spot,2022-08-04 20:25:39,victoria.medina044@dataops.example.com
,2022-08-26,INR,AUD,0.3927757472,Reuters,Closing,2022-08-26 13:41:10,troy.boone097@platform.example.com
,2022-08-07,INR,CAD,1.3277224982,Bloomberg,Spot,2022-08-07 22:54:07,shawn.baxter004@dataops.example.com
,2022-08-10,EUR,INR,0.8140038195,Internal FX,Spot,2022-08-10 19:51:11,victor.palmer071@platform.example.com
,2022-08-10,CAD,AED,0.8149117219,Internal FX,Daily,2022-08-10 13:49:03,grace.gonzales099@dataops.example.com
,2022-08-29,MXN,EUR,1.8166156846,ECB,Daily,2022-08-29 00:07:48,jason.franklin045@dataops.example.com
,2022-08-30,USD,MXN,1.3390150276,Bloomberg,Closing,2022-08-30 18:25:05,peter.martinez098@platform.example.com
,2022-08-02,JPY,INR,0.5531312029,Internal FX,Closing,2022-08-02 13:47:11,kelsey.taylor010@platform.example.com
,2022-08-26,SGD,GBP,0.6916356607,Bloomberg,Closing,2022-08-26 20:28:04,ryan.steele043@commerce.example.com
,2022-08-15,AUD,INR,1.0053062454,ECB,Daily,2022-08-15 01:25:14,joann.clark089@commerce.example.com
,2022-08-21,MXN,SGD,0.7122753622,ECB,Spot,2022-08-21 01:52:29,tiffany.freeman101@analytics.example.com
,2022-08-12,MXN,AED,1.1909226053,Internal FX,Closing,2022-08-12 16:35:33,troy.boone097@platform.example.com
,2022-08-15,SGD,GBP,1.5812159103,ECB,Spot,2022-08-15 03:42:37,brandon.yu006@analytics.example.com
,2022-08-23,USD,AUD,1.0773761633,ECB,Closing,2022-08-23 04:53:38,jeffery.miller012@commerce.example.com
,2022-08-10,BRL,AED,0.6427773476,Internal FX,Daily,2022-08-10 06:36:32,jennifer.hudson020@analytics.example.com
,2022-08-30,USD,AUD,0.6589091321,Bloomberg,Closing,2022-08-30 21:08:25,yesenia.arnold040@platform.example.com
,2022-08-16,GBP,BRL,0.6303413827,Reuters,Spot,2022-08-16 18:17:40,james.proctor094@dataops.example.com
,2022-08-12,INR,USD,0.9549738507,ECB,Spot,2022-08-12 00:33:14,david.cabrera119@dataops.example.com
,2022-08-16,CAD,INR,0.4517412215,Reuters,Closing,2022-08-16 10:10:32,ryan.steele043@commerce.example.com
,2022-08-05,AED,INR,1.5831611011,Bloomberg,Spot,2022-08-05 22:53:04,jason.franklin045@dataops.example.com
,2022-08-21,SGD,INR,2.2892852424,ECB,Daily,2022-08-21 12:56:35,grace.gonzales099@dataops.example.com
,2022-08-18,JPY,BRL,0.7150920958,Internal FX,Spot,2022-08-18 20:03:08,kevin.mathews014@analytics.example.com
,2022-08-20,SGD,EUR,0.3431566781,Reuters,Daily,2022-08-20 01:56:20,jennifer.bauer068@analytics.example.com
,2022-08-10,USD,EUR,0.5254178291,Bloomberg,Daily,2022-08-10 05:13:43,alyssa.richards002@commerce.example.com
,2022-08-22,GBP,BRL,3.0705122601,Bloomberg,Daily,2022-08-22 03:06:58,maria.ashley046@analytics.example.com
,2022-08-13,AUD,CAD,0.4354418998,Bloomberg,Spot,2022-08-13 13:01:30,troy.boone097@platform.example.com
,2022-08-08,BRL,SGD,0.9506364973,ECB,Closing,2022-08-08 04:14:39,shawn.baxter004@dataops.example.com
,2022-08-03,CAD,AED,0.6735637819,ECB,Daily,2022-08-03 12:35:49,tina.williams074@commerce.example.com
,2022-08-20,USD,GBP,0.8062657204,Internal FX,Daily,2022-08-20 06:00:47,megan.cunningham013@commerce.example.com
,2022-08-06,GBP,AUD,1.1408711607,Internal FX,Spot,2022-08-06 22:01:36,grace.gonzales099@dataops.example.com
,2022-08-15,AED,SGD,1.1248813734,Bloomberg,Spot,2022-08-15 12:53:01,michelle.bender024@analytics.example.com
,2022-08-25,USD,BRL,0.3230801505,Internal FX,Closing,2022-08-25 19:11:10,andrea.cummings039@platform.example.com
,2022-08-25,MXN,AED,0.6694243093,Bloomberg,Spot,2022-08-25 11:07:30,david.cabrera119@dataops.example.com
,2022-08-14,AUD,SGD,0.6441330947,Bloomberg,Spot,2022-08-14 10:02:26,christine.johnson056@commerce.example.com
,2022-08-19,EUR,USD,0.8187137697,Bloomberg,Closing,2022-08-19 15:18:10,lisa.kim091@platform.example.com
,2022-08-17,CAD,JPY,0.4858419046,Reuters,Spot,2022-08-17 20:55:21,micheal.hall064@dataops.example.com
,2022-08-19,CAD,BRL,0.4843967404,Internal FX,Closing,2022-08-19 22:48:05,stephen.clark001@analytics.example.com
,2022-08-27,INR,GBP,0.513860527,Reuters,Closing,2022-08-27 13:42:35,grace.gonzales099@dataops.example.com
,2022-08-20,INR,BRL,0.704270814,Internal FX,Spot,2022-08-20 14:56:55,craig.johnson106@analytics.example.com
,2022-08-30,SGD,JPY,0.3629407165,Bloomberg,Spot,2022-08-30 22:30:08,andrew.ellis102@analytics.example.com
,2022-08-30,AUD,EUR,0.5670676961,Bloomberg,Closing,2022-08-30 09:45:08,victoria.medina044@dataops.example.com
,2022-08-04,CAD,AUD,1.4347729797,Internal FX,Daily,2022-08-04 02:59:48,joseph.johnson049@dataops.example.com
,2022-08-26,MXN,BRL,0.3929208049,Bloomberg,Daily,2022-08-26 20:47:11,sylvia.diaz107@dataops.example.com
,2022-08-15,SGD,AED,0.2002289273,Reuters,Spot,2022-08-15 20:18:20,lance.williams029@platform.example.com
,2022-08-10,CAD,USD,0.532056249,Internal FX,Daily,2022-08-10 22:20:22,stephen.clark001@analytics.example.com
,2022-08-27,CAD,BRL,2.914965284,Bloomberg,Daily,2022-08-27 04:17:20,peter.martinez098@platform.example.com
,2022-08-14,BRL,SGD,0.3309954886,Internal FX,Closing,2022-08-14 22:07:07,yesenia.arnold040@platform.example.com
,2022-08-07,CAD,USD,0.3108611012,Internal FX,Daily,2022-08-07 11:57:56,kevin.mathews014@analytics.example.com
,2022-08-23,AED,GBP,1.0622550357,Internal FX,Spot,2022-08-23 16:24:17,alyssa.richards002@commerce.example.com
,2022-08-13,JPY,GBP,3.2590325519,Reuters,Spot,2022-08-13 11:01:55,renee.harvey080@dataops.example.com
,2022-08-06,AUD,BRL,0.6655634708,Reuters,Closing,2022-08-06 20:05:31,megan.cunningham013@commerce.example.com
,2022-08-07,JPY,MXN,0.56937205,Internal FX,Spot,2022-08-07 14:05:23,katelyn.pitts017@commerce.example.com
,2022-08-02,MXN,GBP,1.3556402342,Reuters,Spot,2022-08-02 12:11:44,sylvia.diaz107@dataops.example.com
,2022-08-23,BRL,AED,1.8918846725,Internal FX,Daily,2022-08-23 18:47:08,michael.berger060@platform.example.com
,2022-08-18,INR,CAD,2.9299881142,Reuters,Closing,2022-08-18 03:55:36,lance.williams029@platform.example.com
,2022-08-14,AUD,MXN,1.1372902312,ECB,Spot,2022-08-14 14:14:07,victor.palmer071@platform.example.com
,2022-08-10,AED,CAD,0.7250059224,ECB,Daily,2022-08-10 18:22:09,kevin.mathews014@analytics.example.com
,2022-08-03,JPY,USD,2.3041456006,Reuters,Spot,2022-08-03 15:46:17,brandi.carter038@dataops.example.com
,2022-08-04,JPY,AED,0.8712584306,Bloomberg,Closing,2022-08-04 04:13:35,jennifer.atkins003@platform.example.com
,2022-08-22,AED,AUD,5.0272033868,Bloomberg,Spot,2022-08-22 16:20:55,stephen.daniels076@commerce.example.com
,2022-08-23,SGD,MXN,0.6144831242,Reuters,Daily,2022-08-23 09:48:45,jeffery.miller012@commerce.example.com
,2022-08-20,CAD,BRL,0.9828804783,ECB,Daily,2022-08-20 22:14:34,micheal.chen050@dataops.example.com
,2022-08-18,CAD,MXN,2.0926667004,Internal FX,Closing,2022-08-18 13:50:18,kevin.mathews014@analytics.example.com
,2022-08-08,INR,GBP,2.0390998656,ECB,Spot,2022-08-08 05:36:52,david.cabrera119@dataops.example.com
,2022-08-07,INR,JPY,3.3716918961,Internal FX,Daily,2022-08-07 17:20:27,andrew.ellis102@analytics.example.com
,2022-08-12,INR,GBP,2.1870329184,Bloomberg,Spot,2022-08-12 18:08:00,tina.williams074@commerce.example.com
,2022-08-08,MXN,BRL,0.5193086525,ECB,Daily,2022-08-08 11:30:01,brandi.carter038@dataops.example.com
,2022-08-04,AED,GBP,1.0661941873,Internal FX,Daily,2022-08-04 09:55:30,timothy.cannon081@analytics.example.com
,2022-08-09,SGD,JPY,0.5099985795,ECB,Closing,2022-08-09 18:22:13,david.cabrera119@dataops.example.com
,2022-08-09,MXN,AED,1.4594073849,Internal FX,Spot,2022-08-09 01:12:30,sylvia.diaz107@dataops.example.com
,2022-08-01,BRL,AUD,0.1897998656,Internal FX,Closing,2022-08-01 01:07:16,john.mullins109@commerce.example.com
,2022-08-13,BRL,INR,0.4180486116,Bloomberg,Spot,2022-08-13 01:38:02,andrew.ellis102@analytics.example.com
,2022-08-24,EUR,AUD,1.1219155674,Internal FX,Daily,2022-08-24 21:40:12,jennifer.atkins003@platform.example.com
,2022-08-26,EUR,MXN,2.2075347163,Bloomberg,Spot,2022-08-26 06:37:24,shawn.baxter004@dataops.example.com
,2022-08-09,INR,MXN,1.1236425448,ECB,Spot,2022-08-09 08:42:03,brian.taylor114@analytics.example.com
,2022-08-18,AED,MXN,1.5657028267,Reuters,Daily,2022-08-18 02:18:51,jennifer.bauer068@analytics.example.com
,2022-08-09,EUR,AED,0.2698242409,Reuters,Daily,2022-08-09 14:50:50,michael.johnson061@platform.example.com
,2022-08-05,JPY,AED,3.4231439379,Internal FX,Spot,2022-08-05 16:48:23,taylor.cunningham023@commerce.example.com
,2022-08-23,AED,INR,0.8069998618,ECB,Spot,2022-08-23 04:10:23,stephen.daniels076@commerce.example.com
,2022-08-31,JPY,USD,0.7573572182,Internal FX,Closing,2022-08-31 11:45:57,victor.palmer071@platform.example.com
,2022-08-07,AED,AUD,3.0728117825,ECB,Daily,2022-08-07 12:36:24,victor.palmer071@platform.example.com
,2022-08-26,SGD,INR,1.6146598907,Bloomberg,Spot,2022-08-26 05:56:37,grace.gonzales099@dataops.example.com
,2022-08-10,BRL,INR,2.497225568,Reuters,Daily,2022-08-10 09:41:52,victor.palmer071@platform.example.com
,2022-08-14,INR,SGD,2.1267360777,Internal FX,Closing,2022-08-14 01:55:42,micheal.hall064@dataops.example.com
,2022-08-31,INR,GBP,0.3645447958,Internal FX,Spot,2022-08-31 22:07:36,alyssa.richards002@commerce.example.com
,2022-08-16,USD,AED,0.8732702744,Bloomberg,Closing,2022-08-16 20:16:16,michael.berger060@platform.example.com
,2022-08-25,AUD,INR,2.390715584,Internal FX,Daily,2022-08-25 11:11:14,tiffany.freeman101@analytics.example.com
,2022-08-14,AUD,CAD,1.4977987814,Reuters,Closing,2022-08-14 01:11:22,renee.harvey080@dataops.example.com
,2022-08-14,CAD,MXN,1.6464008272,ECB,Spot,2022-08-14 02:19:49,timothy.cannon081@analytics.example.com
,2022-08-06,BRL,AUD,1.3814480236,Reuters,Spot,2022-08-06 08:23:40,victoria.medina044@dataops.example.com
,2022-08-04,GBP,SGD,1.2482299442,Internal FX,Daily,2022-08-04 08:42:31,micheal.chen050@dataops.example.com
,2022-08-15,AUD,EUR,2.9401872035,ECB,Closing,2022-08-15 18:15:07,tiffany.freeman101@analytics.example.com
,2022-08-27,INR,USD,0.8028533398,ECB,Closing,2022-08-27 09:38:10,troy.boone097@platform.example.com
,2022-08-14,BRL,GBP,3.9641623431,Reuters,Spot,2022-08-14 17:04:43,megan.cunningham013@commerce.example.com
,2022-08-09,GBP,JPY,0.672758833,ECB,Daily,2022-08-09 21:38:10,jennifer.hudson020@analytics.example.com
,2022-08-26,CAD,BRL,0.6755060132,Internal FX,Closing,2022-08-26 23:20:39,craig.johnson106@analytics.example.com
,2022-08-19,AUD,CAD,0.397461979,Reuters,Spot,2022-08-19 08:53:21,timothy.cameron104@commerce.example.com
,2022-08-30,AUD,SGD,2.1829859165,Internal FX,Spot,2022-08-30 23:54:19,craig.johnson106@analytics.example.com
,2022-08-06,MXN,CAD,2.0446477964,Internal FX,Closing,2022-08-06 10:57:30,john.mullins109@commerce.example.com
,2022-08-13,USD,CAD,1.0771513705,ECB,Daily,2022-08-13 19:54:48,adam.gordon030@commerce.example.com
,2022-08-10,USD,GBP,0.3097684585,ECB,Closing,2022-08-10 11:52:56,adam.gordon030@commerce.example.com
,2022-08-29,AED,USD,4.7658889652,Reuters,Closing,2022-08-29 11:52:17,timothy.cannon081@analytics.example.com
,2022-08-19,SGD,GBP,0.829159417,Internal FX,Closing,2022-08-19 23:16:45,brian.taylor114@analytics.example.com
,2022-08-15,USD,BRL,0.6639717745,Reuters,Daily,2022-08-15 13:02:24,micheal.chen050@dataops.example.com
,2022-08-06,USD,AED,0.67507124,Internal FX,Spot,2022-08-06 15:07:41,brandi.carter038@dataops.example.com
,2022-08-27,EUR,SGD,1.1075563108,ECB,Closing,2022-08-27 08:04:16,jennifer.hudson020@analytics.example.com
,2022-08-16,SGD,EUR,1.090186741,Bloomberg,Daily,2022-08-16 06:19:50,troy.boone097@platform.example.com
,2022-08-12,BRL,USD,0.6446238623,Internal FX,Daily,2022-08-12 22:58:05,shawn.baxter004@dataops.example.com
,2022-08-17,GBP,MXN,4.5366687761,Internal FX,Closing,2022-08-17 06:22:48,amy.holmes103@dataops.example.com
,2022-08-23,USD,JPY,2.2704970473,Internal FX,Daily,2022-08-23 09:39:16,michelle.sims041@analytics.example.com
,2022-08-09,AED,JPY,1.4596698318,Reuters,Daily,2022-08-09 03:18:34,victoria.medina044@dataops.example.com
,2022-08-19,EUR,MXN,1.0541952668,ECB,Closing,2022-08-19 16:27:10,eric.mullen052@dataops.example.com
,2022-08-02,AUD,BRL,1.3514917117,Bloomberg,Closing,2022-08-02 02:49:38,christine.carter078@commerce.example.com
,2022-08-23,INR,JPY,2.3758566683,Internal FX,Closing,2022-08-23 04:09:33,anita.garcia021@dataops.example.com
,2022-08-09,USD,AED,1.6052491086,Reuters,Daily,2022-08-09 02:12:48,megan.cunningham013@commerce.example.com
,2022-08-16,CAD,MXN,0.2105430741,Bloomberg,Spot,2022-08-16 19:20:36,alyssa.richards002@commerce.example.com
,2022-08-15,AUD,USD,0.1206129371,ECB,Spot,2022-08-15 22:06:34,peter.martinez098@platform.example.com
,2022-08-04,EUR,MXN,1.2087922353,Bloomberg,Closing,2022-08-04 05:43:27,michelle.bender024@analytics.example.com
,2022-08-04,MXN,AUD,0.9644440965,Internal FX,Spot,2022-08-04 20:06:02,kelsey.taylor010@platform.example.com
,2022-08-20,MXN,BRL,0.6779829964,Reuters,Daily,2022-08-20 02:04:15,patrick.gonzalez035@dataops.example.com
,2022-08-28,AED,JPY,0.4133366261,Bloomberg,Daily,2022-08-28 02:45:48,eric.horton058@analytics.example.com
,2022-08-24,SGD,INR,3.1808404275,Reuters,Daily,2022-08-24 16:50:11,troy.boone097@platform.example.com
,2022-08-28,AED,CAD,0.4390327665,Reuters,Spot,2022-08-28 14:48:40,victor.palmer071@platform.example.com
,2022-08-11,AUD,CAD,2.1596172193,Bloomberg,Spot,2022-08-11 05:10:27,timothy.cameron104@commerce.example.com
,2022-08-16,INR,AUD,0.7349895431,ECB,Spot,2022-08-16 22:48:12,darren.anderson025@dataops.example.com
,2022-08-18,SGD,MXN,0.5964353441,Bloomberg,Closing,2022-08-18 19:01:20,jason.franklin045@dataops.example.com
,2022-08-29,JPY,INR,0.6382911137,ECB,Closing,2022-08-29 01:07:11,peter.martinez098@platform.example.com
,2022-08-06,AED,USD,0.5148613059,Internal FX,Spot,2022-08-06 10:39:05,jennifer.hudson020@analytics.example.com
,2022-08-25,CAD,BRL,0.4012658036,Internal FX,Spot,2022-08-25 22:25:42,jeffery.miller012@commerce.example.com
,2022-08-01,BRL,GBP,0.368193839,Internal FX,Spot,2022-08-01 22:46:47,stephen.clark001@analytics.example.com
,2022-08-29,AUD,GBP,0.9783425711,Reuters,Closing,2022-08-29 04:48:46,andrea.cummings039@platform.example.com
,2022-08-31,USD,EUR,2.0958161233,Bloomberg,Spot,2022-08-31 23:37:36,megan.cunningham013@commerce.example.com
,2022-08-21,USD,INR,1.1078955153,ECB,Spot,2022-08-21 04:55:36,christine.carter078@commerce.example.com
,2022-08-23,MXN,EUR,0.821806957,Bloomberg,Closing,2022-08-23 21:07:08,jennifer.hudson020@analytics.example.com
,2022-08-06,GBP,AED,2.6188497639,Internal FX,Daily,2022-08-06 06:24:32,ryan.steele043@commerce.example.com
,2022-08-15,EUR,GBP,1.7865785694,ECB,Daily,2022-08-15 23:32:48,ryan.steele043@commerce.example.com
,2022-08-26,USD,AED,0.8657240562,Internal FX,Daily,2022-08-26 23:40:15,eric.horton058@analytics.example.com
,2022-08-07,AUD,GBP,0.9413339208,Internal FX,Daily,2022-08-07 07:23:06,maria.ashley046@analytics.example.com
,2022-08-26,AED,INR,2.4539361097,Bloomberg,Closing,2022-08-26 21:15:37,jennifer.hudson020@analytics.example.com
,2022-08-08,EUR,CAD,2.6419840241,Reuters,Spot,2022-08-08 19:41:15,michelle.bender024@analytics.example.com
,2022-08-11,BRL,SGD,0.5024003094,Internal FX,Closing,2022-08-11 06:07:00,tina.williams074@commerce.example.com
,2022-08-26,SGD,BRL,0.8437774845,Reuters,Closing,2022-08-26 23:26:21,michelle.sims041@analytics.example.com
,2022-08-26,BRL,AUD,1.2696953647,ECB,Spot,2022-08-26 07:23:31,jennifer.atkins003@platform.example.com
,2022-08-07,JPY,BRL,1.0113980547,Reuters,Closing,2022-08-07 21:27:25,jimmy.washington028@commerce.example.com
,2022-08-11,SGD,AED,0.6666128003,Reuters,Daily,2022-08-11 01:38:11,michael.berger060@platform.example.com
,2022-08-22,GBP,EUR,0.7224534751,Bloomberg,Daily,2022-08-22 20:10:05,peter.martinez098@platform.example.com
,2022-08-07,AUD,CAD,0.2535215983,ECB,Daily,2022-08-07 17:02:23,jason.franklin045@dataops.example.com
,2022-08-13,MXN,AED,1.674910603,Bloomberg,Spot,2022-08-13 14:35:50,ashley.marks069@commerce.example.com
,2022-08-13,INR,SGD,1.4876782405,Reuters,Daily,2022-08-13 17:02:42,stephen.clark001@analytics.example.com
,2022-08-12,AUD,AED,0.7948357599,ECB,Spot,2022-08-12 07:16:56,jennifer.hudson020@analytics.example.com
,2022-08-26,USD,JPY,1.3145813874,Internal FX,Closing,2022-08-26 14:31:55,maria.ashley046@analytics.example.com
,2022-08-08,SGD,INR,2.110021883,Internal FX,Closing,2022-08-08 05:47:55,michael.johnson061@platform.example.com
,2022-08-16,SGD,EUR,2.0409088799,ECB,Closing,2022-08-16 11:00:21,brandon.yu006@analytics.example.com
,2022-08-14,BRL,AUD,1.1246621776,Bloomberg,Spot,2022-08-14 02:19:17,jeffery.miller012@commerce.example.com
,2022-08-31,BRL,AED,2.511237277,ECB,Spot,2022-08-31 04:20:46,timothy.cannon081@analytics.example.com
,2022-08-02,JPY,GBP,0.7677656815,Internal FX,Closing,2022-08-02 13:33:06,michael.berger060@platform.example.com
,2022-08-15,BRL,EUR,1.007335722,Bloomberg,Spot,2022-08-15 23:07:07,patrick.gonzalez035@dataops.example.com
,2022-08-25,MXN,CAD,2.7907647598,ECB,Spot,2022-08-25 03:45:45,lisa.kim091@platform.example.com
,2022-08-29,JPY,GBP,3.490336612,Bloomberg,Closing,2022-08-29 04:21:50,jennifer.hudson020@analytics.example.com
,2022-08-29,SGD,CAD,0.7279927733,Bloomberg,Spot,2022-08-29 15:09:59,joseph.johnson049@dataops.example.com
,2022-08-03,EUR,AED,0.2798691671,Bloomberg,Daily,2022-08-03 10:56:03,kelsey.taylor010@platform.example.com
,2022-08-28,AUD,USD,0.8693127938,ECB,Spot,2022-08-28 22:23:36,craig.johnson106@analytics.example.com
,2022-08-07,BRL,GBP,6.0480389025,Reuters,Closing,2022-08-07 18:56:33,ashley.marks069@commerce.example.com
,2022-08-21,CAD,JPY,0.8102824214,Bloomberg,Closing,2022-08-21 14:22:19,jeffery.miller012@commerce.example.com
,2022-08-24,EUR,CAD,1.0260982601,Reuters,Daily,2022-08-24 02:47:05,shawn.baxter004@dataops.example.com
,2022-08-20,AUD,CAD,0.4352652782,Internal FX,Daily,2022-08-20 13:47:48,timothy.cannon081@analytics.example.com
,2022-08-21,SGD,AED,1.2887576578,Reuters,Spot,2022-08-21 11:44:11,john.mullins109@commerce.example.com
,2022-08-14,CAD,AUD,0.6223654618,ECB,Spot,2022-08-14 02:53:02,kelsey.taylor010@platform.example.com
,2022-08-13,JPY,USD,0.8525123896,Internal FX,Spot,2022-08-13 03:25:30,craig.johnson106@analytics.example.com
,2022-08-27,JPY,MXN,3.1806125987,Internal FX,Daily,2022-08-27 14:35:12,troy.boone097@platform.example.com
,2022-08-05,EUR,AED,1.4117705939,ECB,Spot,2022-08-05 06:58:38,jason.franklin045@dataops.example.com
,2022-08-08,CAD,AUD,0.8369741081,Reuters,Spot,2022-08-08 22:21:55,michelle.bender024@analytics.example.com
,2022-08-13,GBP,CAD,1.088007854,Internal FX,Closing,2022-08-13 22:57:19,maria.ashley046@analytics.example.com
,2022-08-11,GBP,EUR,2.6267595591,Bloomberg,Daily,2022-08-11 16:37:45,andrew.ellis102@analytics.example.com
,2022-08-08,BRL,SGD,0.8060864743,Internal FX,Spot,2022-08-08 09:51:38,victor.palmer071@platform.example.com
,2022-08-31,USD,JPY,2.979313967,Reuters,Daily,2022-08-31 20:08:39,shawn.baxter004@dataops.example.com
,2022-08-12,JPY,SGD,1.6112428259,Internal FX,Spot,2022-08-12 09:36:37,troy.boone097@platform.example.com
,2022-08-16,INR,USD,2.7044909987,Internal FX,Daily,2022-08-16 21:19:28,jennifer.atkins003@platform.example.com
,2022-08-22,CAD,SGD,0.5537371042,ECB,Closing,2022-08-22 10:45:18,darren.anderson025@dataops.example.com
,2022-08-29,MXN,SGD,1.2715862245,Reuters,Spot,2022-08-29 20:56:50,michael.berger060@platform.example.com
,2022-08-19,BRL,AUD,2.8463783198,ECB,Daily,2022-08-19 15:11:22,anita.garcia021@dataops.example.com
,2022-08-17,GBP,CAD,1.8763513516,Reuters,Closing,2022-08-17 02:33:30,joseph.johnson049@dataops.example.com
,2022-08-18,MXN,CAD,0.1886343531,ECB,Spot,2022-08-18 12:53:14,john.mullins109@commerce.example.com
,2022-08-09,SGD,BRL,3.3865051127,ECB,Daily,2022-08-09 11:31:40,shawn.baxter004@dataops.example.com
,2022-08-23,EUR,BRL,3.2832614623,Bloomberg,Closing,2022-08-23 19:34:58,andrew.ellis102@analytics.example.com
,2022-08-17,GBP,SGD,1.9675427345,ECB,Spot,2022-08-17 00:16:11,jeffery.miller012@commerce.example.com
,2022-08-26,BRL,SGD,1.5533707222,Reuters,Spot,2022-08-26 00:13:50,stephen.clark001@analytics.example.com
,2022-08-11,INR,GBP,1.9644323361,Internal FX,Daily,2022-08-11 22:58:12,jimmy.washington028@commerce.example.com
,2022-08-22,AUD,JPY,2.2978944921,Reuters,Spot,2022-08-22 23:52:21,lance.williams029@platform.example.com
,2022-08-15,AED,EUR,2.283673326,ECB,Closing,2022-08-15 03:55:04,jennifer.atkins003@platform.example.com
,2022-08-14,INR,JPY,1.0297533145,Internal FX,Daily,2022-08-14 05:07:33,adam.gordon030@commerce.example.com
,2022-08-06,CAD,BRL,0.6379810358,Bloomberg,Spot,2022-08-06 03:02:58,craig.johnson106@analytics.example.com
,2022-08-16,GBP,JPY,1.5957606922,Bloomberg,Daily,2022-08-16 02:57:30,kelsey.taylor010@platform.example.com
,2022-08-04,SGD,INR,2.337650679,Internal FX,Spot,2022-08-04 15:09:02,brandon.yu006@analytics.example.com
,2022-08-04,AUD,EUR,1.5391466191,Bloomberg,Closing,2022-08-04 22:26:13,alyssa.richards002@commerce.example.com
,2022-08-08,EUR,JPY,0.2326039826,Bloomberg,Closing,2022-08-08 22:28:29,stephen.daniels076@commerce.example.com
,2022-08-02,MXN,GBP,1.3480583241,Bloomberg,Spot,2022-08-02 02:08:33,james.proctor094@dataops.example.com
,2022-08-29,JPY,AUD,0.5130467935,Bloomberg,Daily,2022-08-29 23:50:00,micheal.hall064@dataops.example.com
,2022-08-08,SGD,AUD,0.9671317632,Reuters,Closing,2022-08-08 17:28:12,victoria.medina044@dataops.example.com
,2022-08-18,CAD,USD,1.5371151616,Bloomberg,Closing,2022-08-18 19:47:23,john.mullins109@commerce.example.com
,2022-08-01,BRL,EUR,1.8643443313,Bloomberg,Spot,2022-08-01 18:17:51,renee.harvey080@dataops.example.com
,2022-08-13,JPY,EUR,0.3574469138,ECB,Daily,2022-08-13 02:48:42,anita.garcia021@dataops.example.com
,2022-08-19,CAD,EUR,1.8021629572,Reuters,Closing,2022-08-19 21:58:53,grace.gonzales099@dataops.example.com
,2022-08-26,AUD,JPY,0.2800500334,ECB,Daily,2022-08-26 13:59:02,amy.holmes103@dataops.example.com
,2022-08-24,INR,CAD,1.3312785329,Reuters,Spot,2022-08-24 01:29:38,jennifer.bauer068@analytics.example.com
,2022-08-03,BRL,AUD,0.7861614569,Reuters,Closing,2022-08-03 02:42:25,david.cabrera119@dataops.example.com
,2022-08-10,INR,EUR,0.5075393928,Bloomberg,Closing,2022-08-10 01:12:05,andrew.ellis102@analytics.example.com
,2022-08-10,GBP,JPY,0.113238773,ECB,Spot,2022-08-10 23:47:46,patrick.gonzalez035@dataops.example.com
,2022-08-10,USD,AED,5.4164690128,Internal FX,Closing,2022-08-10 09:24:41,yesenia.arnold040@platform.example.com
,2022-08-02,CAD,GBP,1.2946224718,Reuters,Closing,2022-08-02 12:06:32,joseph.johnson049@dataops.example.com
,2022-08-26,GBP,JPY,2.7893499032,Internal FX,Closing,2022-08-26 06:19:05,jason.franklin045@dataops.example.com
,2022-08-25,GBP,AUD,1.0355576984,Reuters,Daily,2022-08-25 11:56:44,michelle.bender024@analytics.example.com
,2022-08-06,EUR,INR,1.369027033,ECB,Daily,2022-08-06 19:28:57,andrew.ellis102@analytics.example.com
,2022-08-23,GBP,INR,0.5304201277,Internal FX,Spot,2022-08-23 14:30:05,christine.johnson056@commerce.example.com
,2022-08-25,BRL,USD,0.7120329512,Internal FX,Closing,2022-08-25 08:38:31,patrick.gonzalez035@dataops.example.com
,2022-08-01,AUD,AED,1.365919955,Reuters,Daily,2022-08-01 00:37:01,joann.clark089@commerce.example.com
,2022-08-28,INR,AUD,0.4008179476,ECB,Closing,2022-08-28 04:57:52,timothy.cameron104@commerce.example.com
,2022-08-13,MXN,CAD,0.6683073352,Internal FX,Closing,2022-08-13 07:25:54,brandi.carter038@dataops.example.com
,2022-08-24,GBP,AUD,0.3507208003,Reuters,Spot,2022-08-24 22:29:46,joseph.johnson049@dataops.example.com
,2022-08-10,USD,INR,1.7754671484,Bloomberg,Closing,2022-08-10 23:56:56,taylor.cunningham023@commerce.example.com
,2022-08-28,INR,AED,1.3986562351,Internal FX,Spot,2022-08-28 06:03:42,michelle.sims041@analytics.example.com
,2022-08-21,AUD,CAD,2.2400805765,Internal FX,Spot,2022-08-21 23:21:42,timothy.cannon081@analytics.example.com
,2022-08-10,EUR,JPY,0.2539222507,ECB,Closing,2022-08-10 17:01:42,shawn.baxter004@dataops.example.com
,2022-08-07,EUR,SGD,3.1444346116,Internal FX,Spot,2022-08-07 16:11:01,jason.franklin045@dataops.example.com
,2022-08-31,USD,CAD,1.3449586181,ECB,Closing,2022-08-31 17:22:26,tina.williams074@commerce.example.com
,2022-08-16,SGD,USD,0.6650368094,ECB,Daily,2022-08-16 19:17:07,victor.palmer071@platform.example.com
,2022-08-08,BRL,MXN,0.3860666389,Bloomberg,Closing,2022-08-08 18:53:48,troy.boone097@platform.example.com
,2022-08-02,GBP,USD,1.6117185986,Reuters,Daily,2022-08-02 20:07:37,eric.mullen052@dataops.example.com
,2022-08-28,BRL,CAD,4.6679559164,ECB,Closing,2022-08-28 04:30:15,micheal.chen050@dataops.example.com
,2022-08-11,INR,BRL,0.7438492916,Reuters,Daily,2022-08-11 00:03:02,michael.johnson061@platform.example.com
,2022-08-26,MXN,INR,0.7300080093,Internal FX,Daily,2022-08-26 03:00:15,micheal.hall064@dataops.example.com
,2022-08-27,AED,AUD,1.2882404936,Reuters,Spot,2022-08-27 08:53:40,timothy.cannon081@analytics.example.com
,2022-08-15,USD,CAD,2.1993511648,ECB,Closing,2022-08-15 10:46:06,brandi.carter038@dataops.example.com
,2022-08-19,BRL,USD,1.6214663561,Reuters,Spot,2022-08-19 09:28:55,yolanda.vasquez005@platform.example.com
,2022-08-06,AUD,GBP,1.6908207202,ECB,Spot,2022-08-06 20:19:24,anita.garcia021@dataops.example.com
,2022-08-15,MXN,GBP,0.9722434149,Internal FX,Spot,2022-08-15 10:12:20,sandra.hunter036@platform.example.com
,2022-08-30,EUR,JPY,1.054782242,Reuters,Closing,2022-08-30 18:59:53,eric.horton058@analytics.example.com
,2022-08-11,MXN,INR,0.4758505359,Internal FX,Daily,2022-08-11 21:43:27,jimmy.washington028@commerce.example.com
,2022-08-02,GBP,MXN,0.256919478,Internal FX,Closing,2022-08-02 18:44:39,michael.johnson061@platform.example.com
,2022-08-21,EUR,CAD,1.2491325091,Reuters,Closing,2022-08-21 01:04:23,ryan.steele043@commerce.example.com
,2022-08-08,CAD,MXN,0.8119639744,ECB,Closing,2022-08-08 10:49:05,maria.ashley046@analytics.example.com
,2022-08-17,AUD,GBP,0.2850680293,Internal FX,Spot,2022-08-17 10:37:25,sylvia.diaz107@dataops.example.com
,2022-08-16,SGD,CAD,1.0294638589,Bloomberg,Spot,2022-08-16 17:57:58,michael.berger060@platform.example.com
,2022-08-11,EUR,AED,5.2772741467,Internal FX,Closing,2022-08-11 05:36:03,brandon.yu006@analytics.example.com
,2022-08-26,INR,EUR,0.3915604994,Internal FX,Spot,2022-08-26 01:30:19,stephen.daniels076@commerce.example.com
,2022-08-11,EUR,SGD,2.053523153,Reuters,Daily,2022-08-11 00:41:51,ryan.steele043@commerce.example.com
,2022-08-18,GBP,JPY,0.2883433334,Internal FX,Spot,2022-08-18 16:28:25,anita.garcia021@dataops.example.com
,2022-08-03,JPY,AUD,4.4142573426,Reuters,Spot,2022-08-03 14:06:49,victoria.medina044@dataops.example.com
,2022-08-29,AUD,INR,0.7357620584,Bloomberg,Spot,2022-08-29 18:28:33,jennifer.hudson020@analytics.example.com
,2022-08-16,MXN,BRL,2.6179096442,Internal FX,Daily,2022-08-16 16:09:00,michael.johnson061@platform.example.com
,2022-08-01,INR,GBP,1.4068760211,Internal FX,Daily,2022-08-01 21:22:43,sylvia.diaz107@dataops.example.com
,2022-08-13,INR,EUR,1.2927234304,Reuters,Spot,2022-08-13 10:07:08,jason.franklin045@dataops.example.com
,2022-08-12,JPY,SGD,0.8029748527,Bloomberg,Closing,2022-08-12 05:19:36,joseph.johnson049@dataops.example.com
,2022-08-10,USD,EUR,1.7137570214,ECB,Closing,2022-08-10 06:49:05,amy.holmes103@dataops.example.com
,2022-08-23,AUD,AED,0.877752966,ECB,Spot,2022-08-23 10:05:27,michelle.sims041@analytics.example.com
,2022-08-20,BRL,EUR,0.6759517888,Internal FX,Spot,2022-08-20 22:08:28,joseph.johnson049@dataops.example.com
,2022-08-04,MXN,JPY,1.2262150188,Bloomberg,Daily,2022-08-04 13:37:52,kelsey.taylor010@platform.example.com
,2022-08-07,USD,INR,7.6987164987,Internal FX,Closing,2022-08-07 08:28:13,michael.johnson061@platform.example.com
,2022-08-31,INR,MXN,0.4957762325,Reuters,Spot,2022-08-31 04:40:04,grace.gonzales099@dataops.example.com
,2022-08-26,EUR,MXN,0.604497608,Bloomberg,Closing,2022-08-26 02:39:56,lisa.kim091@platform.example.com
,2022-08-03,SGD,CAD,3.3843692576,ECB,Closing,2022-08-03 11:39:03,joann.clark089@commerce.example.com
,2022-08-10,GBP,AUD,0.5527089488,Reuters,Daily,2022-08-10 21:32:04,kevin.mathews014@analytics.example.com
,2022-08-27,MXN,INR,1.0741222202,ECB,Daily,2022-08-27 01:51:44,james.proctor094@dataops.example.com
,2022-08-11,AUD,USD,0.9263723947,Reuters,Daily,2022-08-11 13:28:30,jason.franklin045@dataops.example.com
,2022-08-05,INR,AED,0.212406455,Reuters,Spot,2022-08-05 02:14:55,eric.mullen052@dataops.example.com
,2022-08-18,SGD,CAD,0.2639087987,ECB,Daily,2022-08-18 21:06:55,james.proctor094@dataops.example.com
,2022-08-05,BRL,GBP,1.2727531761,Internal FX,Daily,2022-08-05 21:18:12,stephen.clark001@analytics.example.com
,2022-08-30,USD,EUR,1.520678349,ECB,Daily,2022-08-30 18:45:42,susan.rice083@commerce.example.com
,2022-08-22,AED,CAD,1.6003977696,Bloomberg,Closing,2022-08-22 18:32:02,brandi.carter038@dataops.example.com
,2022-08-13,AED,MXN,0.9628650662,Bloomberg,Spot,2022-08-13 10:25:48,troy.boone097@platform.example.com
,2022-08-11,CAD,INR,1.0854286435,Bloomberg,Spot,2022-08-11 17:40:39,stephen.clark001@analytics.example.com
,2022-08-21,USD,JPY,1.2085711923,Bloomberg,Daily,2022-08-21 01:25:24,chelsea.patel065@commerce.example.com
,2022-08-05,GBP,JPY,1.6071425676,ECB,Closing,2022-08-05 19:11:24,susan.rice083@commerce.example.com
,2022-08-06,CAD,AED,0.4584020868,Internal FX,Closing,2022-08-06 03:28:50,yesenia.arnold040@platform.example.com
,2022-08-04,MXN,SGD,2.766912165,Bloomberg,Daily,2022-08-04 14:15:00,chelsea.patel065@commerce.example.com
,2022-08-13,BRL,CAD,1.391204314,Reuters,Closing,2022-08-13 17:13:58,renee.harvey080@dataops.example.com
,2022-08-26,USD,AED,0.8585592411,Internal FX,Closing,2022-08-26 12:41:58,kelsey.taylor010@platform.example.com
,2022-08-18,CAD,EUR,2.7639435853,Bloomberg,Daily,2022-08-18 13:24:48,michelle.sims041@analytics.example.com
,2022-08-30,EUR,JPY,0.372660766,Internal FX,Closing,2022-08-30 02:49:35,stephen.daniels076@commerce.example.com
,2022-08-29,INR,USD,1.6593505748,Internal FX,Daily,2022-08-29 09:57:09,craig.johnson106@analytics.example.com
,2022-08-22,CAD,SGD,0.2944247499,Bloomberg,Spot,2022-08-22 06:56:19,jennifer.hudson020@analytics.example.com
,2022-08-02,CAD,SGD,1.3923418025,ECB,Daily,2022-08-02 15:49:03,sylvia.diaz107@dataops.example.com
,2022-08-05,GBP,AED,0.7642838429,Reuters,Closing,2022-08-05 13:27:22,timothy.cameron104@commerce.example.com
,2022-08-04,AED,SGD,1.5988226173,Bloomberg,Closing,2022-08-04 07:55:46,stephen.daniels076@commerce.example.com
,2022-08-10,GBP,MXN,0.3493723346,Internal FX,Spot,2022-08-10 04:16:55,james.proctor094@dataops.example.com
,2022-08-30,INR,JPY,0.6040781595,Bloomberg,Closing,2022-08-30 08:18:18,darren.anderson025@dataops.example.com
,2022-08-16,USD,SGD,1.5114106222,ECB,Spot,2022-08-16 22:50:05,jennifer.bauer068@analytics.example.com
,2022-08-02,CAD,MXN,1.1815984161,Reuters,Spot,2022-08-02 09:51:30,stephen.clark001@analytics.example.com
,2022-08-27,AUD,GBP,2.161696162,Internal FX,Daily,2022-08-27 16:41:32,grace.gonzales099@dataops.example.com
,2022-08-20,INR,AUD,0.6963278566,Bloomberg,Daily,2022-08-20 03:12:38,timothy.cannon081@analytics.example.com
,2022-08-27,MXN,EUR,0.757339898,ECB,Spot,2022-08-27 13:32:09,jennifer.atkins003@platform.example.com
,2022-08-30,AUD,BRL,3.0585868825,Reuters,Spot,2022-08-30 12:22:11,susan.rice083@commerce.example.com
,2022-08-26,INR,BRL,3.6394725533,Internal FX,Spot,2022-08-26 13:59:47,peter.martinez098@platform.example.com
,2022-08-07,AED,SGD,2.2035108952,ECB,Spot,2022-08-07 13:10:02,christine.johnson056@commerce.example.com
,2022-08-31,JPY,AED,1.2648264214,Reuters,Closing,2022-08-31 09:18:20,grace.gonzales099@dataops.example.com
,2022-08-26,CAD,EUR,0.8096899178,Reuters,Closing,2022-08-26 04:56:26,micheal.chen050@dataops.example.com
,2022-08-27,AUD,GBP,0.44385462,ECB,Spot,2022-08-27 05:10:23,micheal.hall064@dataops.example.com
,2022-08-23,AUD,JPY,0.9141121391,Reuters,Daily,2022-08-23 23:24:04,timothy.cannon081@analytics.example.com
,2022-08-20,AED,AUD,0.920966112,Bloomberg,Daily,2022-08-20 05:40:57,michelle.bender024@analytics.example.com
,2022-08-30,AED,GBP,1.5156749594,Bloomberg,Closing,2022-08-30 08:36:10,lance.williams029@platform.example.com
,2022-08-29,BRL,MXN,0.2020717392,ECB,Spot,2022-08-29 03:46:48,timothy.cameron104@commerce.example.com
,2022-08-29,SGD,GBP,1.6922619694,Internal FX,Daily,2022-08-29 12:48:41,timothy.cameron104@commerce.example.com
,2022-08-30,BRL,AED,0.4716148534,Reuters,Spot,2022-08-30 19:45:03,brandi.carter038@dataops.example.com
,2022-08-22,AED,BRL,0.9136064167,Reuters,Spot,2022-08-22 06:20:43,brandi.carter038@dataops.example.com
,2022-08-02,MXN,SGD,3.2128524361,ECB,Spot,2022-08-02 11:36:39,jason.franklin045@dataops.example.com
,2022-08-23,GBP,SGD,2.5242921733,Reuters,Closing,2022-08-23 02:33:23,chelsea.patel065@commerce.example.com
,2022-08-15,INR,AUD,0.3675068783,ECB,Daily,2022-08-15 09:39:26,andrea.cummings039@platform.example.com
,2022-08-27,INR,JPY,0.6655678723,Reuters,Spot,2022-08-27 11:44:37,david.cabrera119@dataops.example.com
,2022-08-20,AUD,AED,0.1916054666,Bloomberg,Spot,2022-08-20 07:02:00,timothy.cameron104@commerce.example.com
,2022-08-02,AED,CAD,2.4155787489,Internal FX,Closing,2022-08-02 07:01:58,craig.johnson106@analytics.example.com
,2022-08-02,MXN,BRL,1.4710286579,Reuters,Closing,2022-08-02 15:13:30,andrew.ellis102@analytics.example.com
,2022-08-15,EUR,INR,2.1360645733,Reuters,Spot,2022-08-15 07:07:24,eric.mullen052@dataops.example.com
,2022-08-26,SGD,AUD,1.1001497586,Bloomberg,Spot,2022-08-26 20:22:49,lisa.kim091@platform.example.com
,2022-08-12,CAD,AED,0.757622776,Reuters,Closing,2022-08-12 18:42:37,brian.taylor114@analytics.example.com
,2022-08-16,AED,JPY,1.6454390241,Internal FX,Daily,2022-08-16 06:37:29,susan.rice083@commerce.example.com
,2022-08-09,INR,BRL,1.9084892087,ECB,Spot,2022-08-09 23:19:37,grace.gonzales099@dataops.example.com
,2022-08-23,JPY,MXN,0.4667704186,Bloomberg,Closing,2022-08-23 11:39:22,grace.gonzales099@dataops.example.com
,2022-08-30,EUR,GBP,0.4907573757,ECB,Closing,2022-08-30 12:51:11,brian.taylor114@analytics.example.com
,2022-08-22,AED,EUR,0.3951349978,Reuters,Closing,2022-08-22 11:50:34,michael.johnson061@platform.example.com
,2022-08-27,USD,BRL,0.1495636868,Bloomberg,Spot,2022-08-27 09:22:06,michelle.sims041@analytics.example.com
,2022-08-08,BRL,AUD,0.4666117549,Reuters,Daily,2022-08-08 22:18:47,michelle.bender024@analytics.example.com
,2022-08-25,EUR,SGD,1.9957028522,Internal FX,Daily,2022-08-25 13:07:40,adam.gordon030@commerce.example.com
,2022-08-18,USD,MXN,1.1746341268,ECB,Closing,2022-08-18 08:48:50,jimmy.washington028@commerce.example.com
,2022-08-04,AUD,JPY,1.5658699334,Reuters,Closing,2022-08-04 05:22:54,brian.taylor114@analytics.example.com
,2022-08-08,JPY,AED,0.629171808,Internal FX,Daily,2022-08-08 12:52:40,john.mullins109@commerce.example.com
,2022-08-31,GBP,INR,2.0071110726,ECB,Closing,2022-08-31 03:22:29,susan.rice083@commerce.example.com
,2022-08-15,INR,CAD,2.3180068381,Internal FX,Daily,2022-08-15 00:40:39,brian.taylor114@analytics.example.com
,2022-08-20,INR,EUR,10.0833783039,Bloomberg,Closing,2022-08-20 05:50:53,john.mullins109@commerce.example.com
,2022-08-26,USD,BRL,0.5474146231,ECB,Closing,2022-08-26 22:37:51,anita.garcia021@dataops.example.com
,2022-08-12,CAD,INR,0.439029325,Reuters,Closing,2022-08-12 20:53:27,james.proctor094@dataops.example.com
,2022-08-28,AUD,AED,2.9682228303,Internal FX,Daily,2022-08-28 06:16:53,christine.johnson056@commerce.example.com
,2022-08-17,EUR,JPY,0.4251404256,Reuters,Spot,2022-08-17 05:39:37,michelle.sims041@analytics.example.com
,2022-08-06,AED,SGD,1.7638458419,ECB,Spot,2022-08-06 15:59:57,jason.franklin045@dataops.example.com
,2022-08-22,AED,BRL,2.5666491987,ECB,Closing,2022-08-22 02:56:57,michelle.sims041@analytics.example.com
,2022-08-02,INR,SGD,0.495291641,Bloomberg,Spot,2022-08-02 04:07:43,darren.anderson025@dataops.example.com
,2022-08-30,CAD,MXN,1.0330128363,Internal FX,Spot,2022-08-30 08:41:48,brian.taylor114@analytics.example.com
,2022-08-20,INR,JPY,2.064581046,Reuters,Closing,2022-08-20 20:26:46,sylvia.diaz107@dataops.example.com
,2022-08-18,MXN,AUD,0.6039025716,Reuters,Closing,2022-08-18 04:30:19,christine.carter078@commerce.example.com
,2022-08-27,MXN,BRL,0.9693754365,Reuters,Spot,2022-08-27 23:35:26,victor.palmer071@platform.example.com
,2022-08-26,BRL,EUR,1.1117480927,Internal FX,Daily,2022-08-26 09:38:48,john.mullins109@commerce.example.com
,2022-08-03,AED,EUR,1.5836616595,Bloomberg,Spot,2022-08-03 22:58:23,lisa.kim091@platform.example.com
,2022-08-16,AUD,GBP,1.3236351309,Reuters,Spot,2022-08-16 02:18:31,eric.horton058@analytics.example.com
,2022-08-17,INR,AUD,0.5171167122,ECB,Closing,2022-08-17 10:31:25,yolanda.vasquez005@platform.example.com
,2022-08-07,MXN,GBP,2.0039500693,Internal FX,Daily,2022-08-07 15:26:29,james.proctor094@dataops.example.com
,2022-08-01,MXN,AUD,2.3647689838,Internal FX,Daily,2022-08-01 14:16:37,lance.williams029@platform.example.com
,2022-08-22,AUD,MXN,1.2672018358,ECB,Closing,2022-08-22 04:50:01,timothy.cannon081@analytics.example.com
,2022-08-08,CAD,MXN,0.6591023365,Internal FX,Closing,2022-08-08 15:09:28,jennifer.hudson020@analytics.example.com
,2022-08-12,MXN,USD,0.8391876774,Reuters,Spot,2022-08-12 10:12:06,andrew.ellis102@analytics.example.com
,2022-08-21,CAD,INR,0.6997707108,Bloomberg,Daily,2022-08-21 06:52:41,peter.martinez098@platform.example.com
,2022-08-26,SGD,AED,0.5202451695,Reuters,Spot,2022-08-26 14:15:55,victor.palmer071@platform.example.com
,2022-08-04,AED,INR,1.0939611386,Bloomberg,Closing,2022-08-04 03:15:40,brian.taylor114@analytics.example.com
,2022-08-12,EUR,AED,0.7366050449,ECB,Spot,2022-08-12 06:52:07,jennifer.hudson020@analytics.example.com
,2022-08-14,GBP,AUD,0.7101989801,Internal FX,Daily,2022-08-14 19:25:11,victoria.medina044@dataops.example.com
,2022-08-12,AED,EUR,0.539765851,Bloomberg,Daily,2022-08-12 16:17:54,james.proctor094@dataops.example.com
,2022-08-13,AED,BRL,0.7018132667,Reuters,Spot,2022-08-13 18:26:09,yesenia.arnold040@platform.example.com
,2022-08-08,MXN,USD,0.6269650629,Bloomberg,Closing,2022-08-08 05:10:54,timothy.cameron104@commerce.example.com
,2022-08-29,CAD,USD,0.8301933721,Internal FX,Closing,2022-08-29 14:28:54,victoria.medina044@dataops.example.com
,2022-08-01,CAD,USD,0.9035287422,Bloomberg,Closing,2022-08-01 15:41:29,patrick.gonzalez035@dataops.example.com
,2022-08-03,MXN,EUR,0.656688484,Reuters,Closing,2022-08-03 05:16:57,christine.carter078@commerce.example.com
,2022-08-01,GBP,EUR,1.2094875242,Internal FX,Closing,2022-08-01 09:04:54,taylor.cunningham023@commerce.example.com
,2022-08-23,GBP,CAD,0.1209050964,Bloomberg,Closing,2022-08-23 12:28:03,megan.cunningham013@commerce.example.com
,2022-08-06,EUR,INR,1.3441255863,ECB,Spot,2022-08-06 20:21:58,michelle.bender024@analytics.example.com
,2022-08-10,EUR,BRL,0.5958093044,Reuters,Daily,2022-08-10 23:03:08,yolanda.vasquez005@platform.example.com
,2022-08-24,AUD,SGD,2.968853464,Reuters,Closing,2022-08-24 20:33:48,jennifer.atkins003@platform.example.com
,2022-08-30,GBP,AUD,1.1559488476,ECB,Spot,2022-08-30 08:07:42,tiffany.freeman101@analytics.example.com
,2022-08-14,AUD,CAD,1.100780008,Reuters,Daily,2022-08-14 18:43:26,john.mullins109@commerce.example.com
,2022-08-26,USD,INR,2.1102789009,ECB,Daily,2022-08-26 17:47:26,brandi.carter038@dataops.example.com
,2022-08-13,USD,CAD,1.9548602402,Reuters,Spot,2022-08-13 01:36:03,jennifer.hudson020@analytics.example.com
,2022-08-12,AED,EUR,2.6255213299,Bloomberg,Daily,2022-08-12 15:25:23,brandi.carter038@dataops.example.com
,2022-08-14,MXN,CAD,0.340849125,Internal FX,Spot,2022-08-14 09:33:17,jimmy.washington028@commerce.example.com
,2022-08-14,CAD,USD,1.3438827803,Bloomberg,Closing,2022-08-14 15:57:26,joseph.johnson049@dataops.example.com
,2022-08-30,JPY,SGD,1.4230511186,Bloomberg,Daily,2022-08-30 20:35:55,grace.gonzales099@dataops.example.com
,2022-08-31,MXN,AUD,0.4556990598,Bloomberg,Daily,2022-08-31 17:29:09,victor.palmer071@platform.example.com
,2022-08-06,MXN,BRL,0.9807587424,ECB,Spot,2022-08-06 23:41:19,michelle.sims041@analytics.example.com
,2022-08-11,GBP,AED,0.749825611,Internal FX,Closing,2022-08-11 04:15:41,megan.cunningham013@commerce.example.com
,2022-08-06,GBP,CAD,1.8007422884,ECB,Daily,2022-08-06 17:26:28,jason.franklin045@dataops.example.com
,2022-08-10,AUD,AED,1.2827488107,Bloomberg,Spot,2022-08-10 05:08:57,anita.garcia021@dataops.example.com
,2022-08-23,CAD,GBP,1.2287001071,ECB,Daily,2022-08-23 14:41:23,andrea.cummings039@platform.example.com
,2022-08-23,USD,MXN,1.3373361947,Reuters,Closing,2022-08-23 02:13:15,grace.gonzales099@dataops.example.com
,2022-08-09,AUD,USD,0.4195069865,Reuters,Spot,2022-08-09 03:17:30,eric.horton058@analytics.example.com
,2022-08-11,EUR,AUD,0.9788731956,Reuters,Spot,2022-08-11 14:01:29,michael.johnson061@platform.example.com
,2022-08-23,AUD,CAD,2.3746465635,Bloomberg,Spot,2022-08-23 17:42:55,ryan.steele043@commerce.example.com
,2022-08-30,BRL,MXN,6.2476289568,ECB,Daily,2022-08-30 10:04:38,sandra.hunter036@platform.example.com
,2022-08-28,EUR,MXN,1.2313435259,ECB,Daily,2022-08-28 03:19:03,brandon.yu006@analytics.example.com
,2022-08-07,CAD,AED,2.1634176519,Internal FX,Spot,2022-08-07 02:39:04,chelsea.patel065@commerce.example.com
,2022-08-15,BRL,EUR,4.3433565177,Reuters,Spot,2022-08-15 17:57:57,chelsea.patel065@commerce.example.com
,2022-08-17,BRL,CAD,0.9365655689,Reuters,Closing,2022-08-17 22:21:30,james.proctor094@dataops.example.com
,2022-08-20,MXN,INR,1.5685606736,Bloomberg,Daily,2022-08-20 05:30:19,taylor.cunningham023@commerce.example.com
,2022-08-27,CAD,GBP,2.2169532411,Bloomberg,Closing,2022-08-27 09:36:11,joseph.johnson049@dataops.example.com
,2022-08-20,GBP,AED,1.0291843423,Internal FX,Daily,2022-08-20 11:18:00,brian.taylor114@analytics.example.com
,2022-08-02,EUR,MXN,1.2749006291,Reuters,Daily,2022-08-02 21:37:50,michelle.bender024@analytics.example.com
,2022-08-24,BRL,CAD,1.2805433349,Internal FX,Spot,2022-08-24 20:20:07,renee.harvey080@dataops.example.com
,2022-08-24,JPY,INR,2.0128013614,Bloomberg,Spot,2022-08-24 08:33:51,susan.rice083@commerce.example.com
,2022-08-06,BRL,SGD,0.8487922502,ECB,Spot,2022-08-06 06:32:58,taylor.cunningham023@commerce.example.com
,2022-08-29,BRL,AED,0.8503996943,ECB,Spot,2022-08-29 16:34:53,yolanda.vasquez005@platform.example.com
,2022-08-18,GBP,MXN,0.8281024105,Bloomberg,Daily,2022-08-18 08:29:43,michelle.sims041@analytics.example.com
,2022-08-24,AED,BRL,2.5054523758,Bloomberg,Closing,2022-08-24 01:29:01,peter.martinez098@platform.example.com
,2022-08-20,AUD,BRL,1.2401347391,Bloomberg,Daily,2022-08-20 01:24:16,eric.mullen052@dataops.example.com
,2022-08-13,JPY,EUR,3.2702644881,Reuters,Closing,2022-08-13 12:42:53,micheal.hall064@dataops.example.com
,2022-08-28,GBP,CAD,0.7064347416,ECB,Daily,2022-08-28 07:41:09,michelle.bender024@analytics.example.com
,2022-08-24,EUR,JPY,0.8773679597,Reuters,Daily,2022-08-24 23:14:02,patrick.gonzalez035@dataops.example.com
,2022-08-17,CAD,EUR,2.0543290597,Bloomberg,Daily,2022-08-17 09:36:31,andrea.cummings039@platform.example.com
,2022-08-13,INR,AED,0.3461112068,ECB,Daily,2022-08-13 03:44:58,alyssa.richards002@commerce.example.com
,2022-08-15,EUR,USD,1.9394132759,ECB,Spot,2022-08-15 11:54:06,andrew.ellis102@analytics.example.com
,2022-08-17,GBP,INR,0.9821800234,Reuters,Closing,2022-08-17 10:21:34,timothy.cannon081@analytics.example.com
,2022-08-01,JPY,AUD,1.5977498955,Internal FX,Closing,2022-08-01 07:00:23,joseph.johnson049@dataops.example.com
,2022-08-03,USD,GBP,0.4411850886,Reuters,Spot,2022-08-03 07:25:11,victor.palmer071@platform.example.com
,2022-08-06,JPY,USD,0.5797282361,Bloomberg,Spot,2022-08-06 18:42:56,lisa.kim091@platform.example.com
,2022-08-18,JPY,AED,0.5502204928,Internal FX,Daily,2022-08-18 00:37:06,yesenia.arnold040@platform.example.com
,2022-08-18,INR,USD,2.7834888034,Reuters,Closing,2022-08-18 17:46:36,adam.gordon030@commerce.example.com
,2022-08-02,EUR,SGD,1.4159950966,ECB,Daily,2022-08-02 01:24:45,darren.anderson025@dataops.example.com
,2022-08-01,CAD,GBP,1.2138392312,ECB,Spot,2022-08-01 14:18:05,john.mullins109@commerce.example.com
,2022-08-11,USD,CAD,1.6307644405,Reuters,Closing,2022-08-11 07:47:16,yesenia.arnold040@platform.example.com
,2022-08-21,USD,EUR,1.7878528504,Bloomberg,Closing,2022-08-21 08:21:25,michael.johnson061@platform.example.com
,2022-08-21,EUR,AED,1.2795144487,Bloomberg,Closing,2022-08-21 23:08:49,susan.rice083@commerce.example.com
,2022-08-16,JPY,EUR,0.4565224369,Reuters,Daily,2022-08-16 04:36:51,ashley.marks069@commerce.example.com
,2022-08-09,AUD,AED,0.7126589937,Bloomberg,Daily,2022-08-09 17:21:41,brian.taylor114@analytics.example.com
,2022-08-08,BRL,GBP,1.7660957284,ECB,Spot,2022-08-08 20:58:04,brian.taylor114@analytics.example.com
,2022-08-18,USD,CAD,1.0739354414,Internal FX,Closing,2022-08-18 10:52:31,michelle.sims041@analytics.example.com
,2022-08-03,AED,BRL,2.3263908783,Reuters,Daily,2022-08-03 17:32:49,joann.clark089@commerce.example.com
,2022-08-11,SGD,USD,0.7207101885,Bloomberg,Spot,2022-08-11 00:09:03,jennifer.atkins003@platform.example.com
,2022-08-09,BRL,MXN,2.5847612724,Reuters,Closing,2022-08-09 12:26:45,jimmy.washington028@commerce.example.com
,2022-08-02,BRL,SGD,0.8043622315,Internal FX,Daily,2022-08-02 20:24:29,amy.holmes103@dataops.example.com
,2022-08-17,EUR,JPY,0.988684708,Reuters,Daily,2022-08-17 05:47:43,kelsey.taylor010@platform.example.com
,2022-08-21,BRL,EUR,0.8616075546,Reuters,Closing,2022-08-21 14:21:20,andrea.cummings039@platform.example.com
,2022-08-31,GBP,MXN,1.0688427874,Bloomberg,Spot,2022-08-31 23:28:38,timothy.cannon081@analytics.example.com
,2022-08-16,INR,GBP,0.6528934661,ECB,Closing,2022-08-16 12:49:07,megan.cunningham013@commerce.example.com
,2022-08-22,AUD,INR,3.5700357758,Reuters,Daily,2022-08-22 17:42:09,adam.gordon030@commerce.example.com
,2022-08-04,AUD,MXN,0.6315812812,Bloomberg,Closing,2022-08-04 01:37:55,peter.martinez098@platform.example.com
,2022-08-28,BRL,MXN,1.4190335971,ECB,Daily,2022-08-28 07:38:03,katelyn.pitts017@commerce.example.com
,2022-08-02,AED,CAD,0.7114127524,Bloomberg,Daily,2022-08-02 08:22:54,james.proctor094@dataops.example.com
,2022-08-27,AUD,CAD,0.7725272996,ECB,Spot,2022-08-27 16:58:39,shawn.baxter004@dataops.example.com
,2022-08-03,AUD,BRL,2.1883029947,Reuters,Closing,2022-08-03 16:23:50,amy.holmes103@dataops.example.com
,2022-08-24,AED,CAD,0.5350621291,Internal FX,Closing,2022-08-24 18:39:31,timothy.cameron104@commerce.example.com
,2022-08-26,JPY,SGD,1.2967857004,Reuters,Closing,2022-08-26 17:26:57,amy.holmes103@dataops.example.com
,2022-08-08,MXN,USD,1.0436470492,Reuters,Daily,2022-08-08 19:15:05,chelsea.patel065@commerce.example.com
,2022-08-10,EUR,INR,2.039348944,ECB,Daily,2022-08-10 07:01:03,ryan.steele043@commerce.example.com
,2022-08-09,AUD,GBP,0.8551845001,Reuters,Spot,2022-08-09 18:37:04,jennifer.bauer068@analytics.example.com
,2022-08-28,EUR,AED,0.5686506319,Internal FX,Spot,2022-08-28 14:23:31,ashley.marks069@commerce.example.com
,2022-08-30,JPY,CAD,2.3914162511,Internal FX,Spot,2022-08-30 20:14:28,amy.holmes103@dataops.example.com
,2022-08-09,AUD,BRL,0.3023918879,Internal FX,Daily,2022-08-09 11:44:11,jennifer.hudson020@analytics.example.com
,2022-08-04,INR,JPY,1.2688603998,Bloomberg,Closing,2022-08-04 13:46:16,christine.johnson056@commerce.example.com
,2022-08-21,INR,USD,1.2718313571,ECB,Spot,2022-08-21 13:55:29,tiffany.freeman101@analytics.example.com
,2022-08-06,AUD,EUR,5.1242965535,Reuters,Daily,2022-08-06 14:40:59,tiffany.freeman101@analytics.example.com
,2022-08-09,USD,SGD,1.5913089701,Reuters,Closing,2022-08-09 19:28:03,michael.berger060@platform.example.com
,2022-08-23,MXN,AED,1.2093930776,Reuters,Spot,2022-08-23 04:35:44,jennifer.atkins003@platform.example.com
,2022-08-12,USD,EUR,1.4088332478,Internal FX,Daily,2022-08-12 22:31:35,victor.palmer071@platform.example.com
,2022-08-13,INR,AED,1.2556274952,Reuters,Daily,2022-08-13 23:05:52,christine.carter078@commerce.example.com
,2022-08-20,SGD,MXN,0.948259875,ECB,Spot,2022-08-20 22:55:31,michael.johnson061@platform.example.com
,2022-08-21,USD,INR,1.0774320912,Internal FX,Spot,2022-08-21 20:41:56,kevin.mathews014@analytics.example.com
,2022-08-09,SGD,INR,0.693707095,Bloomberg,Closing,2022-08-09 17:03:53,yolanda.vasquez005@platform.example.com
,2022-08-15,JPY,SGD,0.8574249984,Internal FX,Closing,2022-08-15 22:18:48,eric.horton058@analytics.example.com
,2022-08-17,AUD,JPY,1.6503760159,Bloomberg,Spot,2022-08-17 02:05:09,christine.carter078@commerce.example.com
,2022-08-22,BRL,AED,0.6752747564,Bloomberg,Closing,2022-08-22 00:52:55,jennifer.atkins003@platform.example.com
,2022-08-08,JPY,BRL,0.5983130086,Reuters,Closing,2022-08-08 17:05:37,sylvia.diaz107@dataops.example.com
,2022-08-20,JPY,MXN,1.4446389597,Reuters,Spot,2022-08-20 04:21:13,david.cabrera119@dataops.example.com
,2022-08-01,AED,JPY,0.7444825245,Internal FX,Spot,2022-08-01 18:48:12,timothy.cameron104@commerce.example.com
,2022-08-25,AUD,AED,1.2650150392,ECB,Daily,2022-08-25 20:35:28,michael.berger060@platform.example.com
,2022-08-15,USD,MXN,1.4411012192,Reuters,Closing,2022-08-15 17:48:25,micheal.chen050@dataops.example.com
,2022-08-04,EUR,JPY,2.1165372455,Internal FX,Spot,2022-08-04 04:06:30,michelle.sims041@analytics.example.com
,2022-08-30,EUR,AED,0.5222180943,Bloomberg,Daily,2022-08-30 08:00:49,christine.johnson056@commerce.example.com
,2022-08-03,AED,SGD,0.7174998343,ECB,Closing,2022-08-03 14:43:19,brian.taylor114@analytics.example.com
,2022-08-16,EUR,INR,1.1781885049,Bloomberg,Spot,2022-08-16 02:20:50,sylvia.diaz107@dataops.example.com
,2022-08-26,AED,USD,0.267411704,ECB,Spot,2022-08-26 12:47:29,joann.clark089@commerce.example.com
,2022-08-06,CAD,GBP,1.3959525792,Reuters,Closing,2022-08-06 11:33:19,anita.garcia021@dataops.example.com
,2022-08-29,JPY,INR,0.3573118441,Reuters,Spot,2022-08-29 02:41:21,yolanda.vasquez005@platform.example.com
,2022-08-16,CAD,GBP,1.3319080874,Internal FX,Daily,2022-08-16 06:19:31,amy.holmes103@dataops.example.com
,2022-08-09,INR,MXN,0.9850799915,Reuters,Daily,2022-08-09 19:19:14,david.cabrera119@dataops.example.com
,2022-08-02,INR,BRL,0.3897264603,Internal FX,Closing,2022-08-02 23:53:10,kelsey.taylor010@platform.example.com
,2022-08-03,BRL,GBP,4.7785014482,ECB,Spot,2022-08-03 11:38:57,jennifer.atkins003@platform.example.com
,2022-08-07,USD,INR,0.7571209934,Reuters,Closing,2022-08-07 18:11:34,peter.martinez098@platform.example.com
,2022-08-21,USD,AUD,1.804836498,ECB,Spot,2022-08-21 01:34:01,susan.rice083@commerce.example.com
,2022-08-04,MXN,CAD,0.2925864989,Internal FX,Closing,2022-08-04 01:55:21,ryan.steele043@commerce.example.com
,2022-08-10,INR,MXN,1.1273956826,ECB,Daily,2022-08-10 16:17:57,lisa.kim091@platform.example.com
,2022-08-29,CAD,GBP,1.3152874689,Internal FX,Daily,2022-08-29 17:39:31,micheal.chen050@dataops.example.com
,2022-08-02,BRL,GBP,4.7441840174,Internal FX,Spot,2022-08-02 03:40:33,stephen.daniels076@commerce.example.com
,2022-08-19,JPY,AUD,1.1175264391,Internal FX,Closing,2022-08-19 12:36:38,jennifer.bauer068@analytics.example.com
,2022-08-11,SGD,AED,1.0871958565,ECB,Daily,2022-08-11 18:27:10,micheal.hall064@dataops.example.com
,2022-08-16,INR,CAD,1.9579152665,Internal FX,Spot,2022-08-16 01:24:17,james.proctor094@dataops.example.com
,2022-08-27,CAD,SGD,0.5240043395,Bloomberg,Daily,2022-08-27 22:29:03,andrea.cummings039@platform.example.com
,2022-08-03,INR,AUD,0.3531291976,Reuters,Spot,2022-08-03 20:48:25,andrea.cummings039@platform.example.com
,2022-08-10,JPY,GBP,1.0086215185,ECB,Closing,2022-08-10 03:46:58,stephen.daniels076@commerce.example.com
,2022-08-17,EUR,USD,2.1626524623,Reuters,Closing,2022-08-17 07:00:08,sylvia.diaz107@dataops.example.com
,2022-08-18,JPY,CAD,0.9249386344,ECB,Daily,2022-08-18 20:58:24,lance.williams029@platform.example.com
,2022-08-19,SGD,INR,5.1966597053,Bloomberg,Daily,2022-08-19 04:35:01,sandra.hunter036@platform.example.com
,2022-08-30,AED,BRL,0.4908281425,Reuters,Spot,2022-08-30 09:53:56,alyssa.richards002@commerce.example.com
,2022-08-12,GBP,AUD,1.1858157015,Internal FX,Spot,2022-08-12 16:37:06,brian.taylor114@analytics.example.com
,2022-08-30,EUR,USD,2.4932690813,Internal FX,Spot,2022-08-30 07:01:07,michelle.bender024@analytics.example.com
,2022-08-04,SGD,BRL,0.8178195319,Reuters,Daily,2022-08-04 05:46:52,michael.berger060@platform.example.com
,2022-08-25,GBP,EUR,0.9898957392,ECB,Daily,2022-08-25 03:24:31,brandi.carter038@dataops.example.com
,2022-08-28,INR,JPY,0.8452889808,Bloomberg,Daily,2022-08-28 01:04:57,christine.johnson056@commerce.example.com
,2022-08-18,BRL,AED,1.2859019085,Bloomberg,Closing,2022-08-18 04:12:34,david.cabrera119@dataops.example.com
,2022-08-07,CAD,AUD,1.8698926711,Reuters,Daily,2022-08-07 04:40:52,micheal.chen050@dataops.example.com
,2022-08-01,CAD,AUD,1.0008123617,Reuters,Closing,2022-08-01 18:09:29,renee.harvey080@dataops.example.com
,2022-08-06,MXN,EUR,1.6461938418,Reuters,Closing,2022-08-06 16:43:21,tiffany.freeman101@analytics.example.com
,2022-08-04,USD,MXN,0.9911582269,ECB,Spot,2022-08-04 16:41:55,anita.garcia021@dataops.example.com
,2022-08-14,JPY,MXN,2.2279649349,ECB,Daily,2022-08-14 15:48:04,craig.johnson106@analytics.example.com
,2022-08-08,SGD,BRL,0.5124789244,Reuters,Spot,2022-08-08 20:28:21,sylvia.diaz107@dataops.example.com
,2022-08-24,JPY,CAD,1.3430781725,Internal FX,Closing,2022-08-24 23:41:10,stephen.clark001@analytics.example.com
,2022-08-18,BRL,AUD,0.4165306952,ECB,Spot,2022-08-18 00:31:46,michelle.sims041@analytics.example.com
,2022-08-02,JPY,INR,0.4677356185,ECB,Daily,2022-08-02 14:57:12,timothy.cannon081@analytics.example.com
,2022-08-30,AED,MXN,3.0872157332,ECB,Daily,2022-08-30 05:11:14,joseph.johnson049@dataops.example.com
,2022-08-04,CAD,AED,1.5002845328,Internal FX,Spot,2022-08-04 09:35:04,timothy.cannon081@analytics.example.com
,2022-08-19,USD,MXN,2.5286551875,Bloomberg,Daily,2022-08-19 08:32:52,patrick.gonzalez035@dataops.example.com
,2022-08-15,AED,JPY,2.077755162,Reuters,Daily,2022-08-15 14:15:10,christine.carter078@commerce.example.com
,2022-08-06,INR,MXN,0.9055661999,ECB,Closing,2022-08-06 13:46:24,james.proctor094@dataops.example.com
,2022-08-14,SGD,JPY,4.8026516334,Reuters,Spot,2022-08-14 20:34:50,lisa.kim091@platform.example.com
,2022-08-05,MXN,AED,2.1786893403,Reuters,Spot,2022-08-05 15:39:37,stephen.clark001@analytics.example.com
,2022-08-09,INR,AED,0.3992322952,Reuters,Daily,2022-08-09 17:23:44,anita.garcia021@dataops.example.com
,2022-08-21,JPY,CAD,0.6587207525,Bloomberg,Spot,2022-08-21 18:13:33,eric.mullen052@dataops.example.com
,2022-08-01,BRL,INR,0.752087413,Bloomberg,Daily,2022-08-01 06:23:26,darren.anderson025@dataops.example.com
,2022-08-10,SGD,AED,1.2513961037,Bloomberg,Spot,2022-08-10 05:07:53,lance.williams029@platform.example.com
,2022-08-20,AED,USD,2.5492497107,Bloomberg,Spot,2022-08-20 23:12:32,jennifer.hudson020@analytics.example.com
,2022-08-20,EUR,USD,1.0426512288,ECB,Spot,2022-08-20 12:29:59,jennifer.bauer068@analytics.example.com
,2022-08-07,BRL,MXN,0.6310674063,Bloomberg,Spot,2022-08-07 15:48:27,christine.johnson056@commerce.example.com
,2022-08-09,SGD,JPY,1.3501047735,ECB,Spot,2022-08-09 09:44:39,michelle.bender024@analytics.example.com
,2022-08-10,MXN,BRL,1.7849550254,Bloomberg,Daily,2022-08-10 05:58:35,peter.martinez098@platform.example.com
,2022-08-13,MXN,CAD,0.420670743,Internal FX,Daily,2022-08-13 13:00:43,renee.harvey080@dataops.example.com
,2022-08-29,AUD,BRL,0.6086034818,ECB,Spot,2022-08-29 20:12:09,adam.gordon030@commerce.example.com
,2022-08-12,BRL,AED,1.7963818871,ECB,Closing,2022-08-12 23:18:35,michelle.bender024@analytics.example.com
,2022-08-10,INR,JPY,0.6899912489,Bloomberg,Daily,2022-08-10 12:58:36,joseph.johnson049@dataops.example.com
,2022-08-23,GBP,INR,0.3757544196,Internal FX,Daily,2022-08-23 07:29:28,timothy.cannon081@analytics.example.com
,2022-08-17,INR,GBP,0.8235846036,Bloomberg,Closing,2022-08-17 01:57:27,michelle.bender024@analytics.example.com
,2022-08-10,MXN,JPY,0.7405431874,Reuters,Daily,2022-08-10 07:12:38,michelle.sims041@analytics.example.com
,2022-08-13,CAD,SGD,0.0984514579,Bloomberg,Spot,2022-08-13 00:18:54,patrick.gonzalez035@dataops.example.com
,2022-08-29,AED,INR,1.355076187,Internal FX,Daily,2022-08-29 02:05:08,megan.cunningham013@commerce.example.com
,2022-08-30,GBP,USD,0.2466568023,Internal FX,Spot,2022-08-30 09:04:17,timothy.cameron104@commerce.example.com
,2022-08-05,JPY,EUR,0.8485580476,Reuters,Spot,2022-08-05 04:34:08,jennifer.bauer068@analytics.example.com
,2022-08-03,EUR,AED,0.6944094639,Bloomberg,Daily,2022-08-03 17:12:03,troy.boone097@platform.example.com
,2022-08-25,INR,SGD,0.2846951328,Internal FX,Spot,2022-08-25 09:58:32,darren.anderson025@dataops.example.com
,2022-08-19,CAD,USD,0.8357998206,Bloomberg,Closing,2022-08-19 14:46:47,kevin.mathews014@analytics.example.com
,2022-08-22,INR,AUD,1.4477519827,ECB,Daily,2022-08-22 04:24:01,tiffany.freeman101@analytics.example.com
,2022-08-20,EUR,USD,0.6704368894,Bloomberg,Spot,2022-08-20 22:03:24,victoria.medina044@dataops.example.com
,2022-08-16,GBP,BRL,0.8512215896,Reuters,Closing,2022-08-16 04:01:53,jennifer.hudson020@analytics.example.com
,2022-08-08,EUR,AED,4.5447676397,ECB,Spot,2022-08-08 20:34:56,jennifer.atkins003@platform.example.com
,2022-08-03,GBP,BRL,0.4430119119,Reuters,Closing,2022-08-03 13:27:17,joseph.johnson049@dataops.example.com
,2022-08-25,USD,BRL,0.8058528242,Bloomberg,Spot,2022-08-25 15:29:38,jennifer.bauer068@analytics.example.com
,2022-08-18,INR,BRL,0.7277394863,Internal FX,Spot,2022-08-18 20:53:21,lisa.kim091@platform.example.com
,2022-08-07,GBP,SGD,1.1013850446,Bloomberg,Spot,2022-08-07 12:35:19,michelle.bender024@analytics.example.com
,2022-08-28,EUR,USD,0.3123740738,Internal FX,Spot,2022-08-28 03:42:29,peter.martinez098@platform.example.com
,2022-08-28,BRL,INR,0.3056247033,Reuters,Closing,2022-08-28 03:22:39,katelyn.pitts017@commerce.example.com
,2022-08-25,SGD,CAD,0.7368524553,Internal FX,Spot,2022-08-25 05:59:06,tiffany.freeman101@analytics.example.com
,2022-08-20,MXN,JPY,0.8923695193,Internal FX,Closing,2022-08-20 13:04:14,shawn.baxter004@dataops.example.com
,2022-08-22,USD,AUD,3.0027715,ECB,Closing,2022-08-22 03:41:41,andrea.cummings039@platform.example.com
,2022-08-30,BRL,SGD,0.4576364047,ECB,Closing,2022-08-30 01:07:10,craig.johnson106@analytics.example.com
,2022-08-29,MXN,EUR,0.5920550698,Reuters,Daily,2022-08-29 04:40:18,amy.holmes103@dataops.example.com
,2022-08-09,CAD,AED,0.8132341792,ECB,Closing,2022-08-09 01:57:34,john.mullins109@commerce.example.com
,2022-08-03,USD,INR,0.8612339509,ECB,Daily,2022-08-03 16:09:35,kelsey.taylor010@platform.example.com
,2022-08-10,MXN,SGD,0.8175645244,Bloomberg,Daily,2022-08-10 11:55:32,victoria.medina044@dataops.example.com
,2022-08-26,AUD,BRL,2.1427426804,Reuters,Closing,2022-08-26 23:01:08,megan.cunningham013@commerce.example.com
,2022-08-23,GBP,INR,1.1198188497,Reuters,Closing,2022-08-23 12:13:19,john.mullins109@commerce.example.com
,2022-08-19,GBP,BRL,1.4775311167,Bloomberg,Spot,2022-08-19 06:51:08,eric.horton058@analytics.example.com
,2022-08-17,SGD,MXN,1.1893100518,Bloomberg,Closing,2022-08-17 07:41:58,timothy.cameron104@commerce.example.com
,2022-08-09,AED,AUD,0.8573972676,Bloomberg,Spot,2022-08-09 11:31:00,stephen.clark001@analytics.example.com
,2022-08-06,USD,JPY,1.2335772573,Reuters,Spot,2022-08-06 03:29:40,chelsea.patel065@commerce.example.com
,2022-08-13,BRL,CAD,2.4944243827,Bloomberg,Daily,2022-08-13 11:06:41,stephen.clark001@analytics.example.com
,2022-08-06,USD,AED,1.2545392623,Bloomberg,Daily,2022-08-06 05:05:39,michael.berger060@platform.example.com
,2022-08-04,BRL,MXN,1.3282620962,Bloomberg,Closing,2022-08-04 04:05:16,michelle.bender024@analytics.example.com
,2022-08-10,AED,BRL,0.7562225636,ECB,Daily,2022-08-10 02:49:21,victoria.medina044@dataops.example.com
,2022-08-26,AED,INR,1.2508682118,ECB,Spot,2022-08-26 17:10:06,craig.johnson106@analytics.example.com
,2022-08-02,MXN,JPY,0.6893903294,Bloomberg,Spot,2022-08-02 10:22:14,michelle.bender024@analytics.example.com
,2022-08-19,SGD,EUR,1.5879691371,Bloomberg,Closing,2022-08-19 15:01:00,jennifer.bauer068@analytics.example.com
,2022-08-03,INR,EUR,1.2051586562,Reuters,Daily,2022-08-03 04:28:49,chelsea.patel065@commerce.example.com
,2022-08-09,GBP,JPY,0.5748394343,ECB,Daily,2022-08-09 14:32:28,jennifer.bauer068@analytics.example.com
,2022-08-24,USD,JPY,1.1928930708,Internal FX,Spot,2022-08-24 02:48:53,jason.franklin045@dataops.example.com
,2022-08-14,JPY,AUD,1.4965935063,ECB,Spot,2022-08-14 01:45:49,eric.horton058@analytics.example.com
,2022-08-20,USD,JPY,0.3922316305,ECB,Daily,2022-08-20 06:49:22,yolanda.vasquez005@platform.example.com
,2022-08-31,CAD,USD,1.2845651906,Internal FX,Closing,2022-08-31 12:29:22,jason.franklin045@dataops.example.com
,2022-08-06,SGD,INR,2.090482182,Internal FX,Spot,2022-08-06 02:08:42,brandon.yu006@analytics.example.com
,2022-08-14,USD,MXN,3.7219869221,Internal FX,Daily,2022-08-14 17:03:12,michael.berger060@platform.example.com
,2022-08-23,SGD,INR,1.7781186755,ECB,Daily,2022-08-23 10:18:01,jeffery.miller012@commerce.example.com
,2022-08-20,JPY,MXN,0.2442246679,Bloomberg,Daily,2022-08-20 12:31:48,kevin.mathews014@analytics.example.com
,2022-08-11,AUD,MXN,0.5748593826,Bloomberg,Spot,2022-08-11 05:06:39,david.cabrera119@dataops.example.com
,2022-08-31,USD,AED,0.6142560054,Reuters,Daily,2022-08-31 17:40:57,joann.clark089@commerce.example.com
,2022-08-21,AED,AUD,3.2806386075,Reuters,Closing,2022-08-21 13:18:23,jason.franklin045@dataops.example.com
,2022-08-09,EUR,BRL,0.5614893048,Reuters,Closing,2022-08-09 17:21:36,katelyn.pitts017@commerce.example.com
,2022-08-01,JPY,MXN,3.9857633454,ECB,Daily,2022-08-01 12:48:48,patrick.gonzalez035@dataops.example.com
,2022-08-12,USD,INR,1.9431599703,Bloomberg,Daily,2022-08-12 05:24:24,troy.boone097@platform.example.com
,2022-08-20,JPY,MXN,1.8765586686,Bloomberg,Closing,2022-08-20 03:12:54,lance.williams029@platform.example.com
,2022-08-24,GBP,JPY,1.0442960064,Internal FX,Daily,2022-08-24 19:17:05,christine.johnson056@commerce.example.com
,2022-08-27,BRL,INR,0.7610114538,Internal FX,Daily,2022-08-27 21:09:12,andrew.ellis102@analytics.example.com
,2022-08-15,AED,MXN,2.0270439858,Internal FX,Spot,2022-08-15 20:33:25,ryan.steele043@commerce.example.com
,2022-08-01,INR,AUD,0.6762890691,ECB,Daily,2022-08-01 19:40:00,micheal.chen050@dataops.example.com
,2022-08-04,EUR,AED,1.8896756537,Internal FX,Spot,2022-08-04 10:52:22,michelle.sims041@analytics.example.com
,2022-08-28,EUR,USD,1.6000589723,Internal FX,Spot,2022-08-28 03:08:15,maria.ashley046@analytics.example.com
,2022-08-28,JPY,AED,2.1660640598,Reuters,Closing,2022-08-28 07:35:44,alyssa.richards002@commerce.example.com
,2022-08-18,AUD,JPY,1.0133921865,Reuters,Closing,2022-08-18 19:00:22,victor.palmer071@platform.example.com
,2022-08-09,INR,BRL,0.8785220685,Bloomberg,Closing,2022-08-09 02:14:09,maria.ashley046@analytics.example.com
,2022-08-18,EUR,CAD,0.3767171973,Bloomberg,Daily,2022-08-18 14:06:56,christine.johnson056@commerce.example.com
,2022-08-03,EUR,AUD,2.3247507615,Internal FX,Closing,2022-08-03 22:00:53,eric.mullen052@dataops.example.com
,2022-08-30,USD,MXN,1.6567274152,ECB,Closing,2022-08-30 10:56:51,renee.harvey080@dataops.example.com
,2022-08-17,INR,AED,0.3282700522,Internal FX,Closing,2022-08-17 22:11:20,kelsey.taylor010@platform.example.com
,2022-08-28,AUD,JPY,1.0693427034,Reuters,Daily,2022-08-28 17:31:35,troy.boone097@platform.example.com
,2022-08-14,GBP,MXN,2.5018099087,Bloomberg,Daily,2022-08-14 07:04:09,michael.berger060@platform.example.com
,2022-08-29,GBP,JPY,0.1565434968,Reuters,Daily,2022-08-29 19:39:06,kristen.bailey110@analytics.example.com
,2022-08-30,AUD,MXN,1.7458898583,Internal FX,Spot,2022-08-30 12:25:33,andrew.ellis102@analytics.example.com
,2022-08-06,CAD,AED,1.7395771962,Internal FX,Closing,2022-08-06 04:32:37,eric.mullen052@dataops.example.com
,2022-08-14,EUR,SGD,0.57106016,ECB,Closing,2022-08-14 01:37:34,chelsea.patel065@commerce.example.com
,2022-08-16,EUR,CAD,0.7952537586,Internal FX,Closing,2022-08-16 23:09:16,peter.martinez098@platform.example.com
,2022-08-30,EUR,CAD,1.2736416254,Internal FX,Closing,2022-08-30 11:39:17,jennifer.hudson020@analytics.example.com
,2022-08-06,AUD,SGD,0.4725347788,Internal FX,Daily,2022-08-06 23:09:47,victoria.medina044@dataops.example.com
,2022-08-16,JPY,AUD,0.3612568923,ECB,Closing,2022-08-16 05:27:09,john.mullins109@commerce.example.com
,2022-08-19,INR,MXN,2.500161829,Bloomberg,Closing,2022-08-19 18:12:59,joseph.johnson049@dataops.example.com
,2022-08-10,AED,BRL,2.5594920057,Reuters,Closing,2022-08-10 06:45:24,shawn.baxter004@dataops.example.com
,2022-08-26,JPY,AED,0.5070143551,Reuters,Spot,2022-08-26 11:10:18,maria.ashley046@analytics.example.com
,2022-08-07,JPY,SGD,0.9297332595,Internal FX,Closing,2022-08-07 21:52:27,maria.ashley046@analytics.example.com
,2022-08-26,SGD,USD,2.4221574564,Bloomberg,Closing,2022-08-26 12:06:19,craig.johnson106@analytics.example.com
,2022-08-28,MXN,JPY,0.3401113344,Internal FX,Spot,2022-08-28 01:23:41,renee.harvey080@dataops.example.com
,2022-08-20,USD,JPY,0.9222026431,ECB,Closing,2022-08-20 17:46:56,amy.holmes103@dataops.example.com
,2022-08-27,GBP,BRL,1.1136712855,Bloomberg,Spot,2022-08-27 15:44:45,eric.horton058@analytics.example.com
,2022-08-08,USD,JPY,0.5947551528,Internal FX,Daily,2022-08-08 11:16:16,tina.williams074@commerce.example.com
,2022-08-21,JPY,GBP,1.1024059532,Reuters,Daily,2022-08-21 09:37:39,troy.boone097@platform.example.com
,2022-08-09,USD,GBP,1.8339508621,Internal FX,Closing,2022-08-09 21:09:29,brandon.yu006@analytics.example.com
,2022-08-25,EUR,AUD,0.7965450899,Bloomberg,Spot,2022-08-25 12:26:08,victoria.medina044@dataops.example.com
,2022-08-18,INR,SGD,0.8532641028,ECB,Daily,2022-08-18 17:21:02,jimmy.washington028@commerce.example.com
,2022-08-06,MXN,EUR,2.2035809656,Reuters,Daily,2022-08-06 07:34:24,andrew.ellis102@analytics.example.com
,2022-08-27,USD,BRL,1.8331233498,Internal FX,Closing,2022-08-27 04:07:49,lance.williams029@platform.example.com
,2022-08-10,MXN,SGD,0.7012781208,ECB,Spot,2022-08-10 00:43:43,amy.holmes103@dataops.example.com
,2022-08-13,JPY,MXN,1.0003659603,ECB,Spot,2022-08-13 05:20:26,yesenia.arnold040@platform.example.com
,2022-08-05,GBP,USD,1.0223796781,Internal FX,Daily,2022-08-05 17:51:43,joseph.johnson049@dataops.example.com
,2022-08-08,AED,MXN,1.7298533619,Reuters,Spot,2022-08-08 07:16:28,joann.clark089@commerce.example.com
,2022-08-22,USD,GBP,0.9906519715,Internal FX,Daily,2022-08-22 14:05:31,james.proctor094@dataops.example.com
,2022-08-16,MXN,CAD,1.2578733785,Reuters,Daily,2022-08-16 07:56:06,christine.carter078@commerce.example.com
,2022-08-16,USD,BRL,0.7524628999,Reuters,Closing,2022-08-16 03:34:51,victor.palmer071@platform.example.com
,2022-08-29,USD,INR,0.6769591413,Bloomberg,Closing,2022-08-29 20:18:58,brandon.yu006@analytics.example.com
,2022-08-19,CAD,AED,2.2279757784,Reuters,Spot,2022-08-19 12:51:30,david.cabrera119@dataops.example.com
,2022-08-30,SGD,JPY,0.4584753185,ECB,Closing,2022-08-30 05:35:31,yesenia.arnold040@platform.example.com
,2022-08-28,JPY,INR,1.8675207467,Reuters,Spot,2022-08-28 17:38:28,taylor.cunningham023@commerce.example.com
,2022-08-24,GBP,AED,1.6702658383,Bloomberg,Spot,2022-08-24 06:24:14,troy.boone097@platform.example.com
,2022-08-17,CAD,INR,1.8298159486,Reuters,Spot,2022-08-17 04:59:37,maria.ashley046@analytics.example.com
,2022-08-06,JPY,SGD,0.9000623429,ECB,Daily,2022-08-06 01:41:24,lance.williams029@platform.example.com
,2022-08-05,MXN,EUR,0.3457754728,Reuters,Spot,2022-08-05 13:01:40,david.cabrera119@dataops.example.com
,2022-08-10,BRL,JPY,1.6296383571,Internal FX,Closing,2022-08-10 15:46:25,micheal.hall064@dataops.example.com
,2022-08-06,INR,EUR,1.7682237316,Bloomberg,Spot,2022-08-06 17:34:24,maria.ashley046@analytics.example.com
,2022-08-13,GBP,EUR,1.6011195637,Internal FX,Daily,2022-08-13 08:14:16,taylor.cunningham023@commerce.example.com
,2022-08-23,AED,BRL,0.9184382615,Internal FX,Closing,2022-08-23 11:38:01,jennifer.hudson020@analytics.example.com
,2022-08-31,AED,SGD,1.942493709,ECB,Spot,2022-08-31 13:18:01,sandra.hunter036@platform.example.com
,2022-08-30,GBP,INR,0.9834104314,Internal FX,Closing,2022-08-30 23:28:34,michael.johnson061@platform.example.com
,2022-08-01,USD,SGD,1.2571018794,Internal FX,Closing,2022-08-01 05:50:27,maria.ashley046@analytics.example.com
,2022-08-29,MXN,JPY,0.464185297,Bloomberg,Spot,2022-08-29 13:17:51,micheal.chen050@dataops.example.com
,2022-08-29,JPY,INR,0.3480132533,Reuters,Closing,2022-08-29 11:53:23,patrick.gonzalez035@dataops.example.com
,2022-08-15,BRL,JPY,0.8643587364,Internal FX,Daily,2022-08-15 00:34:44,victoria.medina044@dataops.example.com
,2022-08-23,SGD,GBP,0.5145974371,Bloomberg,Daily,2022-08-23 20:45:16,david.cabrera119@dataops.example.com
,2022-08-25,SGD,AED,1.6084349474,ECB,Spot,2022-08-25 01:35:44,david.cabrera119@dataops.example.com
,2022-08-12,AED,BRL,1.4592663681,Reuters,Daily,2022-08-12 11:17:51,brandon.yu006@analytics.example.com
,2022-08-22,JPY,EUR,0.8483859154,ECB,Closing,2022-08-22 18:42:53,jimmy.washington028@commerce.example.com
,2022-08-24,EUR,AUD,1.2847389352,ECB,Daily,2022-08-24 23:44:12,micheal.hall064@dataops.example.com
,2022-08-15,CAD,JPY,1.1551471919,Internal FX,Spot,2022-08-15 18:10:21,lance.williams029@platform.example.com
,2022-08-10,MXN,INR,0.2869378778,Internal FX,Spot,2022-08-10 21:36:43,joann.clark089@commerce.example.com
,2022-08-24,BRL,JPY,0.4454573625,Bloomberg,Closing,2022-08-24 07:17:49,renee.harvey080@dataops.example.com
,2022-08-01,SGD,CAD,0.8084187092,Internal FX,Closing,2022-08-01 12:29:59,darren.anderson025@dataops.example.com
,2022-08-21,USD,GBP,0.5960204554,ECB,Daily,2022-08-21 03:13:24,tiffany.freeman101@analytics.example.com
,2022-08-18,AED,MXN,3.4065070316,Reuters,Daily,2022-08-18 00:58:38,brian.taylor114@analytics.example.com
,2022-08-07,BRL,MXN,5.5298767215,ECB,Daily,2022-08-07 03:32:23,tiffany.freeman101@analytics.example.com
,2022-08-06,BRL,EUR,1.1719573185,ECB,Spot,2022-08-06 16:31:54,andrea.cummings039@platform.example.com
,2022-08-19,CAD,GBP,0.3831529313,Internal FX,Closing,2022-08-19 00:16:43,yesenia.arnold040@platform.example.com
,2022-08-22,BRL,GBP,0.5485925383,ECB,Closing,2022-08-22 14:40:16,amy.holmes103@dataops.example.com
,2022-08-12,CAD,EUR,0.4391279231,Bloomberg,Spot,2022-08-12 16:49:07,kelsey.taylor010@platform.example.com
,2022-08-30,USD,JPY,1.852639183,Internal FX,Spot,2022-08-30 01:32:57,tiffany.freeman101@analytics.example.com
,2022-08-16,GBP,SGD,0.7420809689,Internal FX,Spot,2022-08-16 20:00:23,brian.taylor114@analytics.example.com
,2022-08-22,USD,AED,0.7415471065,Internal FX,Closing,2022-08-22 00:56:00,jennifer.hudson020@analytics.example.com
,2022-08-26,EUR,BRL,0.9051732256,Internal FX,Daily,2022-08-26 14:20:44,amy.holmes103@dataops.example.com
,2022-08-19,GBP,AUD,1.3318189555,Bloomberg,Spot,2022-08-19 03:36:36,eric.mullen052@dataops.example.com
,2022-08-06,AED,JPY,0.7615470345,Bloomberg,Daily,2022-08-06 04:16:22,yolanda.vasquez005@platform.example.com
,2022-08-07,CAD,SGD,0.7137040136,Reuters,Spot,2022-08-07 05:16:24,yesenia.arnold040@platform.example.com
,2022-08-02,EUR,AED,1.5071123055,Reuters,Daily,2022-08-02 07:06:56,jeffery.miller012@commerce.example.com
,2022-08-31,CAD,INR,0.7060441077,Reuters,Daily,2022-08-31 17:24:46,john.mullins109@commerce.example.com
,2022-08-15,BRL,JPY,0.2507278597,Bloomberg,Spot,2022-08-15 17:44:56,david.cabrera119@dataops.example.com
,2022-08-11,BRL,USD,0.3930468054,Internal FX,Spot,2022-08-11 22:18:31,michael.berger060@platform.example.com
,2022-08-27,SGD,BRL,4.0293884431,Bloomberg,Spot,2022-08-27 15:16:57,jeffery.miller012@commerce.example.com
,2022-08-29,BRL,INR,0.9828749926,Reuters,Daily,2022-08-29 22:46:14,ashley.marks069@commerce.example.com
,2022-08-02,GBP,USD,1.0174701458,ECB,Spot,2022-08-02 01:49:54,brian.taylor114@analytics.example.com
,2022-08-19,JPY,CAD,1.3444001688,Reuters,Spot,2022-08-19 10:16:44,victor.palmer071@platform.example.com
,2022-08-29,INR,EUR,0.6886385691,Internal FX,Spot,2022-08-29 09:53:27,david.cabrera119@dataops.example.com
,2022-08-21,CAD,AED,2.0688037017,ECB,Closing,2022-08-21 10:23:10,victor.palmer071@platform.example.com
,2022-08-11,GBP,JPY,1.6227347301,Reuters,Spot,2022-08-11 12:39:47,brandon.yu006@analytics.example.com
,2022-08-25,AUD,JPY,1.7954878931,Reuters,Closing,2022-08-25 08:57:31,jimmy.washington028@commerce.example.com
,2022-08-11,EUR,SGD,0.6956556349,Reuters,Closing,2022-08-11 23:25:22,lisa.kim091@platform.example.com
,2022-08-13,AED,BRL,1.1208877295,Internal FX,Spot,2022-08-13 16:17:16,yesenia.arnold040@platform.example.com
,2022-08-05,EUR,INR,0.5020877269,ECB,Daily,2022-08-05 21:50:39,troy.boone097@platform.example.com
,2022-08-31,JPY,CAD,0.3107351597,Internal FX,Spot,2022-08-31 09:01:29,brandon.yu006@analytics.example.com
,2022-08-23,SGD,INR,2.1405413153,Bloomberg,Closing,2022-08-23 12:17:06,christine.carter078@commerce.example.com
,2022-08-29,SGD,USD,0.7203321024,Bloomberg,Spot,2022-08-29 18:39:01,patrick.gonzalez035@dataops.example.com
,2022-08-08,CAD,AUD,1.1226033038,ECB,Daily,2022-08-08 03:35:16,victor.palmer071@platform.example.com
,2022-08-18,AED,CAD,2.4776507137,Bloomberg,Daily,2022-08-18 15:40:26,timothy.cameron104@commerce.example.com
,2022-08-23,SGD,EUR,0.5173809287,Internal FX,Spot,2022-08-23 13:34:04,yesenia.arnold040@platform.example.com
,2022-08-01,AED,GBP,0.2192817241,ECB,Closing,2022-08-01 14:30:08,sylvia.diaz107@dataops.example.com
,2022-08-12,USD,AUD,1.3339576878,Internal FX,Daily,2022-08-12 10:12:24,shawn.baxter004@dataops.example.com
,2022-08-17,AUD,INR,1.3277133555,Internal FX,Closing,2022-08-17 12:39:10,yesenia.arnold040@platform.example.com
,2022-08-16,AED,INR,0.4762692505,ECB,Closing,2022-08-16 19:14:58,sylvia.diaz107@dataops.example.com
,2022-08-14,EUR,AUD,1.3434488605,Bloomberg,Spot,2022-08-14 12:05:42,micheal.chen050@dataops.example.com
,2022-08-21,AED,JPY,0.4710858513,ECB,Spot,2022-08-21 22:16:24,jimmy.washington028@commerce.example.com
,2022-08-28,MXN,GBP,0.6312097584,Bloomberg,Spot,2022-08-28 17:05:09,andrea.cummings039@platform.example.com
,2022-08-14,EUR,BRL,0.7046131466,Bloomberg,Daily,2022-08-14 16:38:28,jimmy.washington028@commerce.example.com
,2022-08-02,BRL,EUR,1.0100826649,Bloomberg,Daily,2022-08-02 07:23:48,micheal.chen050@dataops.example.com
,2022-08-16,BRL,AUD,0.5873006865,Internal FX,Spot,2022-08-16 18:47:03,john.mullins109@commerce.example.com
,2022-08-24,JPY,CAD,1.1255310985,Reuters,Spot,2022-08-24 03:55:19,alyssa.richards002@commerce.example.com
,2022-08-17,USD,BRL,0.550907815,ECB,Closing,2022-08-17 04:02:08,kevin.mathews014@analytics.example.com
,2022-08-05,USD,MXN,4.1387138598,Reuters,Closing,2022-08-05 13:13:16,taylor.cunningham023@commerce.example.com
,2022-08-03,USD,CAD,3.1300041176,Internal FX,Daily,2022-08-03 15:36:52,katelyn.pitts017@commerce.example.com
,2022-08-29,SGD,CAD,0.9128452661,Bloomberg,Daily,2022-08-29 06:34:26,michelle.sims041@analytics.example.com
,2022-08-16,AUD,USD,1.4742959042,ECB,Daily,2022-08-16 20:45:50,shawn.baxter004@dataops.example.com
,2022-08-01,USD,AED,0.7659320668,Bloomberg,Daily,2022-08-01 12:49:28,grace.gonzales099@dataops.example.com
,2022-08-27,JPY,CAD,1.5858394325,ECB,Closing,2022-08-27 06:31:46,adam.gordon030@commerce.example.com
,2022-08-04,SGD,BRL,1.1925472863,Internal FX,Spot,2022-08-04 09:19:42,alyssa.richards002@commerce.example.com
,2022-08-03,INR,JPY,0.8766356246,Internal FX,Closing,2022-08-03 18:11:55,christine.johnson056@commerce.example.com
,2022-08-14,JPY,INR,1.8755715603,Internal FX,Daily,2022-08-14 06:03:14,megan.cunningham013@commerce.example.com
,2022-08-10,EUR,JPY,2.0061089456,Internal FX,Daily,2022-08-10 09:23:11,micheal.chen050@dataops.example.com
,2022-08-30,GBP,INR,0.7884052905,Bloomberg,Closing,2022-08-30 10:24:28,brandon.yu006@analytics.example.com
,2022-08-26,INR,SGD,1.1731405377,Bloomberg,Daily,2022-08-26 03:28:11,yolanda.vasquez005@platform.example.com
,2022-08-01,SGD,MXN,1.7191132259,Reuters,Daily,2022-08-01 11:28:41,micheal.chen050@dataops.example.com
,2022-08-13,CAD,USD,3.3792217455,ECB,Spot,2022-08-13 21:21:40,brian.taylor114@analytics.example.com
,2022-08-23,INR,CAD,0.9135194299,Reuters,Daily,2022-08-23 11:27:02,lisa.kim091@platform.example.com
,2022-08-30,AED,BRL,0.7288066821,Internal FX,Daily,2022-08-30 13:02:53,yesenia.arnold040@platform.example.com
,2022-08-06,CAD,AED,1.0924656685,Internal FX,Spot,2022-08-06 04:47:18,katelyn.pitts017@commerce.example.com
,2022-08-26,USD,AED,3.7955370381,Internal FX,Daily,2022-08-26 17:31:13,yesenia.arnold040@platform.example.com
,2022-08-12,EUR,GBP,4.443889131,Reuters,Spot,2022-08-12 11:51:46,jimmy.washington028@commerce.example.com
,2022-08-05,USD,INR,1.0535810894,Reuters,Closing,2022-08-05 14:44:30,brandon.yu006@analytics.example.com
,2022-08-08,JPY,GBP,0.3539429084,Bloomberg,Closing,2022-08-08 12:49:01,victor.palmer071@platform.example.com
,2022-08-12,INR,GBP,0.944333364,Reuters,Spot,2022-08-12 06:02:51,victoria.medina044@dataops.example.com
,2022-08-13,MXN,AUD,1.0546179394,Reuters,Closing,2022-08-13 13:40:48,craig.johnson106@analytics.example.com
,2022-08-28,AUD,JPY,1.7614986371,Reuters,Daily,2022-08-28 14:13:11,jason.franklin045@dataops.example.com
,2022-08-28,INR,BRL,0.4395732123,Bloomberg,Daily,2022-08-28 05:36:17,john.mullins109@commerce.example.com
,2022-08-06,USD,INR,0.7980772899,Bloomberg,Spot,2022-08-06 18:52:54,anita.garcia021@dataops.example.com
,2022-08-12,SGD,GBP,1.1865488221,Bloomberg,Spot,2022-08-12 10:18:25,christine.johnson056@commerce.example.com
,2022-08-11,EUR,BRL,0.664911317,ECB,Closing,2022-08-11 17:30:00,troy.boone097@platform.example.com
,2022-08-13,CAD,JPY,1.1624390039,Bloomberg,Spot,2022-08-13 16:29:26,patrick.gonzalez035@dataops.example.com
,2022-08-15,INR,EUR,0.7000414538,Internal FX,Spot,2022-08-15 03:45:31,alyssa.richards002@commerce.example.com
,2022-08-15,JPY,GBP,2.5740517783,Internal FX,Closing,2022-08-15 06:41:44,micheal.chen050@dataops.example.com
,2022-08-13,BRL,AED,1.8179410458,ECB,Daily,2022-08-13 13:28:45,joseph.johnson049@dataops.example.com
,2022-08-18,MXN,USD,0.6549157364,Reuters,Daily,2022-08-18 15:13:54,peter.martinez098@platform.example.com
,2022-08-17,BRL,AED,0.9459957293,Reuters,Closing,2022-08-17 09:11:57,lance.williams029@platform.example.com
,2022-08-05,JPY,CAD,0.403795397,Reuters,Spot,2022-08-05 08:21:32,brandi.carter038@dataops.example.com
,2022-08-18,CAD,AUD,0.6893209587,ECB,Spot,2022-08-18 02:31:31,troy.boone097@platform.example.com
,2022-08-06,JPY,INR,0.2824153616,Bloomberg,Spot,2022-08-06 13:44:14,john.mullins109@commerce.example.com
,2022-08-18,SGD,USD,1.0767210263,Bloomberg,Spot,2022-08-18 21:46:17,renee.harvey080@dataops.example.com
,2022-08-22,BRL,INR,1.5325520692,ECB,Spot,2022-08-22 05:51:17,yolanda.vasquez005@platform.example.com
,2022-08-24,GBP,BRL,0.8552659847,Reuters,Spot,2022-08-24 12:44:56,peter.martinez098@platform.example.com
,2022-08-16,BRL,CAD,1.2528401628,Internal FX,Spot,2022-08-16 01:06:54,anita.garcia021@dataops.example.com
,2022-08-03,BRL,CAD,2.3541345479,Bloomberg,Spot,2022-08-03 05:36:31,katelyn.pitts017@commerce.example.com
,2022-08-16,AED,INR,0.8991401652,Reuters,Daily,2022-08-16 07:20:19,michael.johnson061@platform.example.com
,2022-08-26,EUR,INR,1.8108310829,Reuters,Closing,2022-08-26 20:38:11,john.mullins109@commerce.example.com
,2022-08-25,JPY,USD,1.313910659,Reuters,Closing,2022-08-25 19:06:37,susan.rice083@commerce.example.com
,2022-08-09,AED,GBP,0.750370796,ECB,Daily,2022-08-09 03:40:29,john.mullins109@commerce.example.com
,2022-08-10,USD,BRL,1.4111606298,Reuters,Spot,2022-08-10 16:21:45,jeffery.miller012@commerce.example.com
,2022-08-08,GBP,MXN,0.9911442058,ECB,Spot,2022-08-08 05:03:32,joann.clark089@commerce.example.com
,2022-08-12,CAD,GBP,0.6968820469,Reuters,Spot,2022-08-12 16:07:00,jason.franklin045@dataops.example.com
,2022-08-05,SGD,AUD,0.3481782303,Reuters,Spot,2022-08-05 03:23:07,victoria.medina044@dataops.example.com
,2022-08-24,SGD,MXN,0.6790928119,Internal FX,Spot,2022-08-24 22:33:46,renee.harvey080@dataops.example.com
,2022-08-15,AUD,CAD,1.096974497,ECB,Spot,2022-08-15 07:35:24,peter.martinez098@platform.example.com
,2022-08-22,AUD,BRL,0.3540047762,Internal FX,Spot,2022-08-22 22:35:21,amy.holmes103@dataops.example.com
,2022-08-25,INR,AED,0.4176616016,ECB,Closing,2022-08-25 08:21:42,joann.clark089@commerce.example.com
,2022-08-26,CAD,SGD,0.4687785373,Reuters,Closing,2022-08-26 07:46:00,jason.franklin045@dataops.example.com
,2022-08-17,AUD,AED,0.3978189043,Reuters,Daily,2022-08-17 14:27:04,tina.williams074@commerce.example.com
,2022-08-14,INR,AUD,0.8306239057,ECB,Closing,2022-08-14 11:45:21,james.proctor094@dataops.example.com
,2022-08-03,AED,EUR,1.9268817937,Internal FX,Closing,2022-08-03 21:53:36,michelle.bender024@analytics.example.com
,2022-08-08,BRL,SGD,0.9147191787,Reuters,Closing,2022-08-08 14:00:55,katelyn.pitts017@commerce.example.com
,2022-08-10,GBP,EUR,0.5690812599,ECB,Spot,2022-08-10 16:28:34,jennifer.hudson020@analytics.example.com
,2022-08-20,JPY,EUR,0.6339906423,Internal FX,Daily,2022-08-20 04:17:42,darren.anderson025@dataops.example.com
,2022-08-24,CAD,JPY,0.6132934998,Reuters,Closing,2022-08-24 19:18:53,grace.gonzales099@dataops.example.com
,2022-08-30,CAD,BRL,0.6717928037,Bloomberg,Closing,2022-08-30 22:24:16,yolanda.vasquez005@platform.example.com
,2022-08-01,MXN,BRL,1.6244162733,Reuters,Daily,2022-08-01 18:25:30,brandon.yu006@analytics.example.com
,2022-08-14,AED,INR,0.6007614863,Reuters,Daily,2022-08-14 18:41:39,timothy.cannon081@analytics.example.com
,2022-08-20,AUD,CAD,0.9197090564,Internal FX,Closing,2022-08-20 13:57:33,jason.franklin045@dataops.example.com
,2022-08-26,AED,BRL,1.0872147909,Internal FX,Spot,2022-08-26 02:15:27,maria.ashley046@analytics.example.com
,2022-08-04,BRL,GBP,0.7681632214,Internal FX,Closing,2022-08-04 08:47:01,darren.anderson025@dataops.example.com
,2022-08-04,GBP,EUR,0.3747728833,ECB,Spot,2022-08-04 18:00:52,jeffery.miller012@commerce.example.com
,2022-08-11,CAD,SGD,0.4429788108,Internal FX,Spot,2022-08-11 20:29:40,yesenia.arnold040@platform.example.com
,2022-08-26,USD,AED,1.1273923569,Internal FX,Closing,2022-08-26 09:52:56,jason.franklin045@dataops.example.com
,2022-08-22,AED,EUR,0.9594005115,Internal FX,Daily,2022-08-22 20:26:37,brandon.yu006@analytics.example.com
,2022-08-22,CAD,INR,1.6668914007,Internal FX,Daily,2022-08-22 09:54:02,katelyn.pitts017@commerce.example.com
,2022-08-04,GBP,CAD,3.3392138685,Internal FX,Daily,2022-08-04 08:43:01,jason.franklin045@dataops.example.com
,2022-08-17,USD,BRL,0.3035135644,Bloomberg,Spot,2022-08-17 00:06:07,michelle.sims041@analytics.example.com
,2022-08-22,MXN,USD,0.2221405528,Reuters,Closing,2022-08-22 12:17:37,maria.ashley046@analytics.example.com
,2022-08-02,CAD,AED,0.6125804237,ECB,Closing,2022-08-02 01:07:19,michelle.bender024@analytics.example.com
,2022-08-02,EUR,GBP,3.3024215297,Internal FX,Daily,2022-08-02 22:55:03,jennifer.atkins003@platform.example.com
,2022-08-29,MXN,EUR,0.6451172412,Internal FX,Daily,2022-08-29 15:07:22,timothy.cannon081@analytics.example.com
,2022-08-18,SGD,JPY,0.322048719,Reuters,Daily,2022-08-18 16:55:11,jason.franklin045@dataops.example.com
,2022-08-18,INR,MXN,0.7381815534,Reuters,Daily,2022-08-18 04:50:04,peter.martinez098@platform.example.com
,2022-08-27,USD,SGD,1.8383502297,Internal FX,Daily,2022-08-27 12:46:24,jeffery.miller012@commerce.example.com
,2022-08-20,SGD,CAD,0.6599397614,Reuters,Spot,2022-08-20 09:55:04,kelsey.taylor010@platform.example.com
,2022-08-02,MXN,BRL,0.5870125567,Bloomberg,Closing,2022-08-02 22:50:05,john.mullins109@commerce.example.com
,2022-08-14,AUD,EUR,1.8665127565,Bloomberg,Daily,2022-08-14 03:08:14,katelyn.pitts017@commerce.example.com
,2022-08-17,MXN,INR,0.5923564263,Internal FX,Daily,2022-08-17 19:54:48,joseph.johnson049@dataops.example.com
,2022-08-05,BRL,INR,2.8196763017,Internal FX,Spot,2022-08-05 14:58:02,christine.carter078@commerce.example.com
,2022-08-10,AED,INR,0.9178575683,Bloomberg,Closing,2022-08-10 14:18:34,craig.johnson106@analytics.example.com
,2022-08-21,AED,BRL,0.5458660083,ECB,Closing,2022-08-21 22:33:48,eric.horton058@analytics.example.com
,2022-08-13,SGD,GBP,1.0661594683,Reuters,Daily,2022-08-13 09:30:53,chelsea.patel065@commerce.example.com
,2022-08-23,AED,MXN,1.2603881976,Bloomberg,Closing,2022-08-23 09:55:54,craig.johnson106@analytics.example.com
,2022-08-21,AUD,SGD,0.6454742845,Internal FX,Closing,2022-08-21 22:19:21,amy.holmes103@dataops.example.com
,2022-08-29,AUD,MXN,5.4405197604,Bloomberg,Daily,2022-08-29 15:00:45,joseph.johnson049@dataops.example.com
,2022-08-14,AUD,SGD,1.9531693578,Reuters,Closing,2022-08-14 12:25:03,darren.anderson025@dataops.example.com
,2022-08-21,AUD,MXN,1.7342355358,ECB,Closing,2022-08-21 20:12:41,alyssa.richards002@commerce.example.com
,2022-08-02,GBP,BRL,0.6218451011,Internal FX,Spot,2022-08-02 09:14:47,michelle.bender024@analytics.example.com
,2022-08-30,USD,MXN,0.8112300223,Internal FX,Closing,2022-08-30 23:32:35,michael.berger060@platform.example.com
,2022-08-18,AED,GBP,0.6474067322,Reuters,Spot,2022-08-18 10:06:52,chelsea.patel065@commerce.example.com
,2022-08-31,USD,CAD,0.5759534229,Internal FX,Daily,2022-08-31 11:59:02,taylor.cunningham023@commerce.example.com
,2022-08-18,JPY,USD,2.2858565557,ECB,Daily,2022-08-18 12:25:43,john.mullins109@commerce.example.com
,2022-08-19,INR,SGD,2.0558310273,Internal FX,Daily,2022-08-19 05:59:05,victoria.medina044@dataops.example.com
,2022-08-11,AED,INR,0.3586676174,Reuters,Closing,2022-08-11 08:06:55,michael.berger060@platform.example.com
,2022-08-22,JPY,AED,0.6772085822,Bloomberg,Spot,2022-08-22 16:52:24,lisa.kim091@platform.example.com
,2022-08-18,USD,AUD,2.1624531275,Reuters,Closing,2022-08-18 15:06:42,yolanda.vasquez005@platform.example.com
,2022-08-10,USD,INR,0.1904762227,Reuters,Daily,2022-08-10 07:24:18,yesenia.arnold040@platform.example.com
,2022-08-21,SGD,EUR,1.9195158684,Reuters,Spot,2022-08-21 08:22:26,susan.rice083@commerce.example.com
,2022-08-04,JPY,USD,0.9123395233,ECB,Closing,2022-08-04 14:29:11,eric.horton058@analytics.example.com
,2022-08-15,SGD,AED,1.1419622592,Bloomberg,Spot,2022-08-15 10:31:23,stephen.daniels076@commerce.example.com
,2022-08-23,GBP,MXN,1.1871518733,Internal FX,Spot,2022-08-23 10:09:28,alyssa.richards002@commerce.example.com
,2022-08-26,INR,BRL,0.6985794089,ECB,Spot,2022-08-26 10:06:50,jennifer.atkins003@platform.example.com
,2022-08-13,USD,GBP,0.2696146059,Bloomberg,Spot,2022-08-13 20:14:01,michelle.sims041@analytics.example.com
,2022-08-18,MXN,AED,1.4084623424,Reuters,Daily,2022-08-18 23:41:26,renee.harvey080@dataops.example.com
,2022-08-05,USD,SGD,1.4077174889,Reuters,Closing,2022-08-05 11:08:11,alyssa.richards002@commerce.example.com
,2022-08-01,BRL,GBP,0.6726214658,ECB,Closing,2022-08-01 04:24:19,jimmy.washington028@commerce.example.com
,2022-08-30,MXN,BRL,0.7072792027,ECB,Daily,2022-08-30 13:48:41,troy.boone097@platform.example.com
,2022-08-15,AUD,AED,1.2192188957,Internal FX,Closing,2022-08-15 01:01:31,amy.holmes103@dataops.example.com
,2022-08-27,MXN,AED,1.5187447867,Bloomberg,Spot,2022-08-27 19:09:45,eric.mullen052@dataops.example.com
,2022-08-11,CAD,GBP,0.3909750334,Reuters,Closing,2022-08-11 17:29:17,brian.taylor114@analytics.example.com
,2022-08-09,MXN,SGD,1.5529554591,ECB,Spot,2022-08-09 11:36:47,renee.harvey080@dataops.example.com
,2022-08-10,AED,INR,0.5482005211,Reuters,Spot,2022-08-10 15:15:25,maria.ashley046@analytics.example.com
,2022-08-17,USD,JPY,1.7291155383,Reuters,Daily,2022-08-17 13:29:00,craig.johnson106@analytics.example.com
,2022-08-06,AED,CAD,0.5762730404,Internal FX,Daily,2022-08-06 07:26:02,joseph.johnson049@dataops.example.com
,2022-08-18,INR,BRL,0.4234881573,Bloomberg,Closing,2022-08-18 11:46:57,alyssa.richards002@commerce.example.com
,2022-08-11,AUD,MXN,0.5074280339,ECB,Closing,2022-08-11 21:03:25,brandon.yu006@analytics.example.com
,2022-08-03,AED,MXN,1.6117406864,ECB,Spot,2022-08-03 22:25:07,joseph.johnson049@dataops.example.com
,2022-08-09,AED,SGD,0.4477748322,Bloomberg,Spot,2022-08-09 01:39:23,sylvia.diaz107@dataops.example.com
,2022-08-07,EUR,AUD,1.8630513164,ECB,Closing,2022-08-07 02:35:59,megan.cunningham013@commerce.example.com
,2022-08-06,AUD,GBP,4.9148302479,Bloomberg,Closing,2022-08-06 20:42:25,jennifer.atkins003@platform.example.com
,2022-08-24,EUR,USD,0.792341164,Internal FX,Closing,2022-08-24 20:31:52,sandra.hunter036@platform.example.com
,2022-08-05,USD,CAD,2.772811827,Bloomberg,Closing,2022-08-05 15:40:41,tiffany.freeman101@analytics.example.com
,2022-08-11,JPY,BRL,0.3232370375,Bloomberg,Spot,2022-08-11 09:19:23,jimmy.washington028@commerce.example.com
,2022-08-03,EUR,GBP,0.5471405994,Bloomberg,Closing,2022-08-03 08:46:15,taylor.cunningham023@commerce.example.com
,2022-08-18,EUR,AED,1.4052288608,Reuters,Daily,2022-08-18 12:50:30,grace.gonzales099@dataops.example.com
,2022-08-16,JPY,GBP,0.9927191661,ECB,Closing,2022-08-16 20:32:30,joann.clark089@commerce.example.com
,2022-08-19,MXN,CAD,0.3310091594,Bloomberg,Closing,2022-08-19 07:53:26,darren.anderson025@dataops.example.com
,2022-08-06,INR,SGD,0.639783597,Internal FX,Closing,2022-08-06 20:57:59,jennifer.atkins003@platform.example.com
,2022-08-14,MXN,SGD,0.2720863405,Internal FX,Daily,2022-08-14 18:54:14,brandi.carter038@dataops.example.com
,2022-08-27,AED,CAD,0.5040124422,ECB,Spot,2022-08-27 19:23:30,lance.williams029@platform.example.com
,2022-08-19,BRL,AUD,1.1660998658,ECB,Closing,2022-08-19 21:31:54,eric.mullen052@dataops.example.com
,2022-08-25,AUD,INR,1.826340546,Bloomberg,Closing,2022-08-25 17:05:33,michelle.sims041@analytics.example.com
,2022-08-01,SGD,GBP,0.4633445875,Bloomberg,Spot,2022-08-01 17:58:45,yesenia.arnold040@platform.example.com
,2022-08-11,INR,SGD,0.3326079379,Internal FX,Closing,2022-08-11 07:45:00,yesenia.arnold040@platform.example.com
,2022-08-20,USD,SGD,3.0776703121,Bloomberg,Daily,2022-08-20 08:26:55,michelle.sims041@analytics.example.com
,2022-08-12,JPY,CAD,0.9919585786,Reuters,Closing,2022-08-12 22:30:26,jeffery.miller012@commerce.example.com
,2022-08-14,EUR,USD,0.6819112501,ECB,Closing,2022-08-14 15:11:29,anita.garcia021@dataops.example.com
,2022-08-17,INR,CAD,0.4703720816,Bloomberg,Daily,2022-08-17 18:54:14,jason.franklin045@dataops.example.com
,2022-08-31,JPY,AUD,1.3947724966,Internal FX,Daily,2022-08-31 14:01:20,micheal.hall064@dataops.example.com
,2022-08-06,BRL,EUR,0.7754037349,Internal FX,Closing,2022-08-06 02:31:38,tina.williams074@commerce.example.com
,2022-08-31,EUR,AUD,0.903079833,ECB,Daily,2022-08-31 13:56:47,maria.ashley046@analytics.example.com
,2022-08-29,SGD,JPY,2.8245254634,Reuters,Closing,2022-08-29 10:23:47,andrea.cummings039@platform.example.com
,2022-08-26,BRL,SGD,0.7109427787,Internal FX,Closing,2022-08-26 08:10:08,james.proctor094@dataops.example.com
,2022-08-26,JPY,BRL,0.5543661624,Bloomberg,Closing,2022-08-26 07:05:26,sylvia.diaz107@dataops.example.com
,2022-08-07,USD,GBP,3.4760625927,Internal FX,Daily,2022-08-07 01:49:10,ryan.steele043@commerce.example.com
,2022-08-22,MXN,SGD,4.1393664114,ECB,Spot,2022-08-22 12:33:04,victoria.medina044@dataops.example.com
,2022-08-23,AED,USD,0.7333501716,Internal FX,Spot,2022-08-23 02:45:20,yesenia.arnold040@platform.example.com
,2022-08-14,CAD,AED,1.16537052,Bloomberg,Daily,2022-08-14 22:08:34,tina.williams074@commerce.example.com
,2022-08-05,MXN,USD,0.9327523802,Internal FX,Daily,2022-08-05 21:46:15,jeffery.miller012@commerce.example.com
,2022-08-20,MXN,SGD,2.0353761506,Reuters,Daily,2022-08-20 19:59:11,joann.clark089@commerce.example.com
,2022-08-31,INR,EUR,0.4935697861,Internal FX,Daily,2022-08-31 05:14:34,jennifer.atkins003@platform.example.com
,2022-08-22,JPY,CAD,0.8864819298,ECB,Closing,2022-08-22 03:12:57,john.mullins109@commerce.example.com
,2022-08-01,AED,AUD,3.4361702036,ECB,Daily,2022-08-01 21:30:17,brandon.yu006@analytics.example.com
,2022-08-07,GBP,AED,4.404252253,ECB,Daily,2022-08-07 05:10:32,michael.berger060@platform.example.com
,2022-08-22,JPY,CAD,0.7215797894,Bloomberg,Closing,2022-08-22 11:30:16,michelle.bender024@analytics.example.com
,2022-08-30,SGD,BRL,1.3003811488,Reuters,Daily,2022-08-30 18:39:39,yolanda.vasquez005@platform.example.com
,2022-08-19,JPY,MXN,0.711393218,Internal FX,Daily,2022-08-19 04:17:08,anita.garcia021@dataops.example.com
,2022-08-01,BRL,AED,2.4009430691,Reuters,Spot,2022-08-01 19:01:46,renee.harvey080@dataops.example.com
,2022-08-13,GBP,SGD,1.7294530617,Reuters,Spot,2022-08-13 02:25:26,megan.cunningham013@commerce.example.com
,2022-08-29,INR,AUD,0.702545848,Reuters,Closing,2022-08-29 07:31:28,troy.boone097@platform.example.com
,2022-08-25,SGD,EUR,1.8949436086,Reuters,Daily,2022-08-25 21:56:58,joann.clark089@commerce.example.com
,2022-08-10,JPY,EUR,1.3431664793,Bloomberg,Daily,2022-08-10 12:18:33,taylor.cunningham023@commerce.example.com
,2022-08-26,MXN,SGD,1.0400200342,Internal FX,Closing,2022-08-26 00:13:33,amy.holmes103@dataops.example.com
,2022-08-23,INR,AUD,10.1620703197,Reuters,Daily,2022-08-23 18:06:24,christine.johnson056@commerce.example.com
,2022-08-29,SGD,BRL,1.8486549462,Reuters,Spot,2022-08-29 06:43:09,renee.harvey080@dataops.example.com
,2022-08-22,SGD,GBP,0.7208972195,Reuters,Daily,2022-08-22 13:42:32,alyssa.richards002@commerce.example.com
,2022-08-05,GBP,AED,4.1655350356,Internal FX,Spot,2022-08-05 00:42:18,yolanda.vasquez005@platform.example.com
,2022-08-07,USD,CAD,2.466080451,Internal FX,Closing,2022-08-07 21:58:13,jimmy.washington028@commerce.example.com
,2022-08-05,AED,EUR,0.3821500222,Reuters,Closing,2022-08-05 13:18:38,michelle.bender024@analytics.example.com
,2022-08-27,SGD,MXN,0.7123650372,Reuters,Closing,2022-08-27 01:05:55,adam.gordon030@commerce.example.com
,2022-08-29,GBP,INR,1.1382331297,Reuters,Daily,2022-08-29 22:15:11,jimmy.washington028@commerce.example.com
,2022-08-07,MXN,INR,0.559031425,Internal FX,Spot,2022-08-07 08:07:20,james.proctor094@dataops.example.com
,2022-08-08,AUD,GBP,2.6259176446,Internal FX,Closing,2022-08-08 09:20:35,kelsey.taylor010@platform.example.com
,2022-08-02,CAD,GBP,1.1129601177,Reuters,Daily,2022-08-02 14:43:46,victor.palmer071@platform.example.com
,2022-08-21,INR,SGD,1.7914788837,Bloomberg,Daily,2022-08-21 16:05:40,tiffany.freeman101@analytics.example.com
,2022-08-05,JPY,CAD,1.5406240546,Reuters,Closing,2022-08-05 04:30:47,katelyn.pitts017@commerce.example.com
,2022-08-28,INR,AED,0.495028629,Bloomberg,Daily,2022-08-28 21:48:35,darren.anderson025@dataops.example.com
,2022-08-01,MXN,GBP,0.4654793969,Bloomberg,Spot,2022-08-01 08:40:46,jimmy.washington028@commerce.example.com
,2022-08-14,SGD,BRL,3.0543095938,Reuters,Spot,2022-08-14 23:42:32,jennifer.bauer068@analytics.example.com
,2022-08-31,USD,MXN,1.4732015132,Internal FX,Closing,2022-08-31 01:08:27,ashley.marks069@commerce.example.com
,2022-08-18,BRL,GBP,1.8979537612,ECB,Daily,2022-08-18 00:28:31,michelle.bender024@analytics.example.com
,2022-08-29,AUD,JPY,2.4149103056,ECB,Spot,2022-08-29 14:43:39,jennifer.atkins003@platform.example.com
,2022-08-23,AED,USD,0.889027379,ECB,Daily,2022-08-23 06:19:57,david.cabrera119@dataops.example.com
,2022-08-11,MXN,USD,0.5566074483,ECB,Daily,2022-08-11 20:24:36,yesenia.arnold040@platform.example.com
,2022-08-03,CAD,BRL,0.381165959,Reuters,Spot,2022-08-03 02:25:17,adam.gordon030@commerce.example.com
,2022-08-09,CAD,AUD,11.0975232752,Internal FX,Daily,2022-08-09 09:12:12,christine.johnson056@commerce.example.com
,2022-08-01,CAD,AUD,3.236840305,Bloomberg,Closing,2022-08-01 23:59:46,katelyn.pitts017@commerce.example.com
,2022-08-25,AED,GBP,0.8509064966,Internal FX,Daily,2022-08-25 17:57:07,eric.mullen052@dataops.example.com
,2022-08-31,AUD,EUR,2.431630617,Bloomberg,Spot,2022-08-31 12:13:56,tina.williams074@commerce.example.com
,2022-08-24,GBP,AUD,0.3538383785,ECB,Spot,2022-08-24 10:20:41,joann.clark089@commerce.example.com
,2022-08-03,AED,USD,1.3718632769,Internal FX,Daily,2022-08-03 19:27:43,peter.martinez098@platform.example.com
,2022-08-09,MXN,AUD,5.4000718298,ECB,Spot,2022-08-09 03:17:09,micheal.hall064@dataops.example.com
,2022-08-19,BRL,AED,2.2271232473,Reuters,Closing,2022-08-19 14:44:55,brandi.carter038@dataops.example.com
,2022-08-31,JPY,USD,0.5099241516,ECB,Closing,2022-08-31 19:26:45,katelyn.pitts017@commerce.example.com
,2022-08-30,USD,JPY,0.3431888677,Bloomberg,Daily,2022-08-30 00:19:35,megan.cunningham013@commerce.example.com
,2022-08-23,INR,AUD,0.3455782281,Reuters,Daily,2022-08-23 02:05:02,chelsea.patel065@commerce.example.com
,2022-08-05,JPY,USD,2.0855903698,ECB,Closing,2022-08-05 01:45:17,brian.taylor114@analytics.example.com
,2022-08-18,SGD,AED,1.3396248403,Reuters,Daily,2022-08-18 03:12:20,timothy.cannon081@analytics.example.com
,2022-08-17,BRL,INR,1.406798313,Bloomberg,Closing,2022-08-17 21:36:48,shawn.baxter004@dataops.example.com
,2022-08-17,AED,SGD,0.3073450738,Reuters,Closing,2022-08-17 16:26:10,katelyn.pitts017@commerce.example.com
,2022-08-23,MXN,CAD,0.3709063323,Reuters,Closing,2022-08-23 05:11:02,victoria.medina044@dataops.example.com
,2022-08-19,INR,MXN,0.5863574025,ECB,Closing,2022-08-19 07:00:04,jason.franklin045@dataops.example.com
,2022-08-23,AED,EUR,0.2125443311,Internal FX,Daily,2022-08-23 00:46:50,brandon.yu006@analytics.example.com
,2022-08-17,MXN,USD,0.8271042079,Bloomberg,Daily,2022-08-17 12:09:39,megan.cunningham013@commerce.example.com
,2022-08-10,INR,SGD,0.6789880087,Reuters,Spot,2022-08-10 20:23:25,susan.rice083@commerce.example.com
,2022-08-23,JPY,CAD,0.7350805993,ECB,Daily,2022-08-23 17:22:04,john.mullins109@commerce.example.com
,2022-08-01,BRL,EUR,0.5476577949,Internal FX,Daily,2022-08-01 14:21:26,joann.clark089@commerce.example.com
,2022-08-03,AED,BRL,1.361710771,ECB,Spot,2022-08-03 05:05:06,katelyn.pitts017@commerce.example.com
,2022-08-06,MXN,INR,0.7052858419,Bloomberg,Daily,2022-08-06 11:58:58,eric.horton058@analytics.example.com
,2022-08-11,INR,USD,2.3003393842,Bloomberg,Daily,2022-08-11 03:41:29,jennifer.hudson020@analytics.example.com
,2022-08-21,CAD,SGD,2.8592848212,Internal FX,Daily,2022-08-21 16:40:02,andrea.cummings039@platform.example.com
,2022-08-22,SGD,BRL,1.7656623507,Internal FX,Spot,2022-08-22 10:15:44,stephen.daniels076@commerce.example.com
,2022-08-04,USD,BRL,0.977993927,ECB,Spot,2022-08-04 01:44:46,timothy.cameron104@commerce.example.com
,2022-08-30,BRL,MXN,1.0768375907,Reuters,Daily,2022-08-30 07:18:21,lisa.kim091@platform.example.com
,2022-08-10,SGD,CAD,0.192306702,Bloomberg,Spot,2022-08-10 10:48:51,ryan.steele043@commerce.example.com
,2022-08-03,CAD,AED,0.420164463,Bloomberg,Spot,2022-08-03 10:26:30,kevin.mathews014@analytics.example.com
,2022-08-19,CAD,GBP,0.7661214464,Bloomberg,Spot,2022-08-19 09:12:39,kelsey.taylor010@platform.example.com
,2022-08-26,EUR,SGD,0.7437965703,Reuters,Spot,2022-08-26 02:30:14,megan.cunningham013@commerce.example.com
,2022-08-11,MXN,EUR,0.5786190275,Bloomberg,Spot,2022-08-11 17:23:41,troy.boone097@platform.example.com
,2022-08-26,INR,AED,1.2981185268,Bloomberg,Daily,2022-08-26 02:30:22,jason.franklin045@dataops.example.com
,2022-08-25,GBP,SGD,1.6272522684,Reuters,Closing,2022-08-25 14:03:34,christine.carter078@commerce.example.com
,2022-08-02,AED,AUD,2.2526829806,Bloomberg,Closing,2022-08-02 04:30:34,stephen.clark001@analytics.example.com
,2022-08-21,JPY,AUD,2.7433890858,Internal FX,Daily,2022-08-21 04:54:29,victor.palmer071@platform.example.com
,2022-08-03,CAD,USD,1.0665825666,Internal FX,Closing,2022-08-03 18:24:57,michael.johnson061@platform.example.com
,2022-08-18,CAD,AUD,1.0047349682,Reuters,Spot,2022-08-18 08:12:56,victor.palmer071@platform.example.com
,2022-08-14,INR,MXN,0.3813887467,Bloomberg,Spot,2022-08-14 23:39:13,patrick.gonzalez035@dataops.example.com
,2022-08-21,USD,JPY,0.8516500616,ECB,Spot,2022-08-21 00:43:58,timothy.cameron104@commerce.example.com
,2022-08-04,AUD,GBP,1.2707922763,Bloomberg,Closing,2022-08-04 02:39:14,brandon.yu006@analytics.example.com
,2022-08-03,AED,MXN,0.4688881124,Internal FX,Spot,2022-08-03 16:29:30,jennifer.bauer068@analytics.example.com
,2022-08-27,AED,INR,0.2316092803,ECB,Daily,2022-08-27 05:26:08,lisa.kim091@platform.example.com
,2022-08-01,USD,JPY,3.8056043731,Reuters,Spot,2022-08-01 16:55:12,katelyn.pitts017@commerce.example.com
,2022-08-03,AED,GBP,0.5783963898,Bloomberg,Daily,2022-08-03 04:23:42,jeffery.miller012@commerce.example.com
,2022-08-04,MXN,AUD,0.9479305277,ECB,Spot,2022-08-04 10:08:35,david.cabrera119@dataops.example.com
,2022-08-12,BRL,INR,0.2626662608,ECB,Daily,2022-08-12 13:41:03,patrick.gonzalez035@dataops.example.com
,2022-08-28,JPY,MXN,2.6141832062,ECB,Daily,2022-08-28 09:15:26,victoria.medina044@dataops.example.com
,2022-08-13,AUD,USD,1.2256088865,Bloomberg,Closing,2022-08-13 06:05:30,brian.taylor114@analytics.example.com
,2022-08-03,BRL,CAD,0.5460554429,Internal FX,Daily,2022-08-03 14:28:00,michelle.sims041@analytics.example.com
,2022-08-25,USD,JPY,0.644695625,Bloomberg,Spot,2022-08-25 23:08:41,susan.rice083@commerce.example.com
,2022-08-10,BRL,CAD,0.8129042376,Internal FX,Closing,2022-08-10 23:36:17,jennifer.atkins003@platform.example.com
,2022-08-29,JPY,AED,2.1244005377,Internal FX,Spot,2022-08-29 07:52:17,brandon.yu006@analytics.example.com
,2022-08-08,CAD,USD,1.0669801508,Internal FX,Closing,2022-08-08 07:57:48,michelle.sims041@analytics.example.com
,2022-08-10,AED,EUR,0.7560132769,Reuters,Daily,2022-08-10 15:15:12,eric.horton058@analytics.example.com
,2022-08-26,BRL,AUD,1.1665399299,ECB,Closing,2022-08-26 20:46:57,james.proctor094@dataops.example.com
,2022-08-03,AED,JPY,1.0515232097,Internal FX,Spot,2022-08-03 23:52:44,victor.palmer071@platform.example.com
,2022-08-02,GBP,CAD,0.7174909164,Internal FX,Spot,2022-08-02 04:42:51,micheal.hall064@dataops.example.com
,2022-08-17,GBP,CAD,1.257184785,ECB,Closing,2022-08-17 19:49:13,susan.rice083@commerce.example.com
,2022-08-26,USD,AUD,0.7883163976,Bloomberg,Daily,2022-08-26 16:33:58,micheal.hall064@dataops.example.com
,2022-08-18,BRL,GBP,0.6214818845,Reuters,Spot,2022-08-18 01:58:37,patrick.gonzalez035@dataops.example.com
,2022-08-21,JPY,CAD,0.8422663167,Reuters,Spot,2022-08-21 05:46:03,peter.martinez098@platform.example.com
,2022-08-11,USD,JPY,1.0661689605,Internal FX,Closing,2022-08-11 01:45:03,grace.gonzales099@dataops.example.com
,2022-08-22,EUR,MXN,0.9908439394,Internal FX,Daily,2022-08-22 22:20:15,kevin.mathews014@analytics.example.com
,2022-08-29,MXN,USD,2.4450263391,Bloomberg,Closing,2022-08-29 09:15:19,shawn.baxter004@dataops.example.com
,2022-08-05,USD,AUD,1.8671328701,ECB,Daily,2022-08-05 04:12:28,ryan.steele043@commerce.example.com
,2022-08-14,USD,EUR,1.6338925444,ECB,Spot,2022-08-14 06:23:53,amy.holmes103@dataops.example.com
,2022-08-27,MXN,SGD,1.0876305903,ECB,Daily,2022-08-27 10:30:20,micheal.chen050@dataops.example.com
,2022-08-03,USD,AUD,2.0873818876,Internal FX,Spot,2022-08-03 23:16:43,jennifer.atkins003@platform.example.com
,2022-08-30,AED,USD,0.4016922379,ECB,Daily,2022-08-30 18:58:02,jeffery.miller012@commerce.example.com
,2022-08-13,AED,GBP,2.149253354,ECB,Spot,2022-08-13 00:45:42,shawn.baxter004@dataops.example.com
,2022-08-21,AED,INR,2.5186012377,Internal FX,Spot,2022-08-21 19:39:53,brian.taylor114@analytics.example.com
,2022-08-16,GBP,USD,0.7135790691,Internal FX,Daily,2022-08-16 02:33:38,victoria.medina044@dataops.example.com
,2022-08-12,GBP,BRL,0.3676878733,Internal FX,Closing,2022-08-12 02:54:46,michael.berger060@platform.example.com
,2022-08-11,JPY,GBP,1.8543963918,ECB,Spot,2022-08-11 08:02:49,stephen.daniels076@commerce.example.com
,2022-08-20,BRL,EUR,1.1953663436,Reuters,Spot,2022-08-20 23:40:09,tina.williams074@commerce.example.com
,2022-08-03,SGD,CAD,1.0339312532,ECB,Spot,2022-08-03 21:50:32,yesenia.arnold040@platform.example.com
,2022-08-30,EUR,GBP,1.16144677,Reuters,Closing,2022-08-30 19:13:37,michael.berger060@platform.example.com
,2022-08-07,EUR,MXN,1.6234591737,Bloomberg,Closing,2022-08-07 20:42:10,joseph.johnson049@dataops.example.com
,2022-08-12,CAD,GBP,0.8762223356,ECB,Daily,2022-08-12 22:34:33,micheal.chen050@dataops.example.com
,2022-08-04,BRL,JPY,1.5884909061,Reuters,Daily,2022-08-04 19:07:45,lance.williams029@platform.example.com
,2022-08-29,SGD,INR,0.8071441896,Bloomberg,Daily,2022-08-29 04:22:01,stephen.daniels076@commerce.example.com
,2022-08-20,JPY,AUD,1.0141492959,Internal FX,Daily,2022-08-20 11:32:38,katelyn.pitts017@commerce.example.com
,2022-08-30,AUD,EUR,4.0926396567,Internal FX,Spot,2022-08-30 08:22:17,timothy.cameron104@commerce.example.com
,2022-08-30,BRL,CAD,1.1333685029,ECB,Daily,2022-08-30 15:23:42,adam.gordon030@commerce.example.com
,2022-08-24,JPY,CAD,1.83223851,Reuters,Closing,2022-08-24 13:17:15,yolanda.vasquez005@platform.example.com
,2022-08-17,CAD,AUD,1.5698734857,Internal FX,Daily,2022-08-17 03:33:51,darren.anderson025@dataops.example.com
,2022-08-05,MXN,AUD,1.0840043644,Bloomberg,Daily,2022-08-05 12:06:39,yesenia.arnold040@platform.example.com
,2022-08-19,SGD,MXN,0.9048815942,Reuters,Spot,2022-08-19 14:53:49,chelsea.patel065@commerce.example.com
,2022-08-31,CAD,JPY,0.2374914152,Reuters,Closing,2022-08-31 05:47:34,ashley.marks069@commerce.example.com
,2022-08-29,JPY,GBP,0.6531449998,Reuters,Daily,2022-08-29 02:44:51,taylor.cunningham023@commerce.example.com
,2022-08-07,MXN,BRL,1.3314745656,Reuters,Closing,2022-08-07 09:09:37,james.proctor094@dataops.example.com
,2022-08-08,MXN,SGD,1.121146685,Internal FX,Daily,2022-08-08 04:45:23,christine.carter078@commerce.example.com
,2022-08-03,INR,CAD,2.345468486,ECB,Spot,2022-08-03 09:33:08,brian.taylor114@analytics.example.com
,2022-08-17,GBP,AUD,1.4419155226,ECB,Daily,2022-08-17 13:52:06,lance.williams029@platform.example.com
,2022-08-14,INR,AED,1.2019507333,Reuters,Spot,2022-08-14 11:01:25,victor.palmer071@platform.example.com
,2022-08-03,SGD,EUR,0.656397808,Internal FX,Closing,2022-08-03 02:29:14,maria.ashley046@analytics.example.com
,2022-08-17,EUR,AED,1.4984913595,ECB,Spot,2022-08-17 16:00:39,victoria.medina044@dataops.example.com
,2022-08-17,JPY,AUD,1.4619541805,ECB,Daily,2022-08-17 01:30:06,maria.ashley046@analytics.example.com
,2022-08-07,AUD,CAD,0.3825075711,Bloomberg,Daily,2022-08-07 08:28:50,katelyn.pitts017@commerce.example.com
,2022-08-28,USD,SGD,0.2690031422,Bloomberg,Spot,2022-08-28 20:25:02,brian.taylor114@analytics.example.com
,2022-08-10,SGD,BRL,0.6797925548,Internal FX,Daily,2022-08-10 18:11:23,alyssa.richards002@commerce.example.com
,2022-08-09,MXN,CAD,2.4680842544,Internal FX,Daily,2022-08-09 21:23:40,chelsea.patel065@commerce.example.com
,2022-08-21,USD,EUR,2.245017915,Bloomberg,Closing,2022-08-21 06:43:18,micheal.chen050@dataops.example.com
,2022-08-09,JPY,INR,0.6617883942,Bloomberg,Daily,2022-08-09 01:41:21,taylor.cunningham023@commerce.example.com
,2022-08-06,MXN,SGD,1.4585851066,Bloomberg,Closing,2022-08-06 23:43:01,yolanda.vasquez005@platform.example.com
,2022-08-04,AED,USD,2.5721806212,Internal FX,Closing,2022-08-04 07:21:20,shawn.baxter004@dataops.example.com
,2022-08-24,EUR,GBP,0.8817587486,Bloomberg,Daily,2022-08-24 11:40:01,joann.clark089@commerce.example.com
,2022-08-19,AED,MXN,1.582427235,Internal FX,Spot,2022-08-19 12:35:19,jennifer.bauer068@analytics.example.com
,2022-08-24,JPY,CAD,0.8986361792,ECB,Daily,2022-08-24 23:31:50,kelsey.taylor010@platform.example.com
,2022-08-12,USD,SGD,0.1932803458,Internal FX,Closing,2022-08-12 12:27:06,craig.johnson106@analytics.example.com
,2022-08-07,USD,AED,13.0228482456,ECB,Closing,2022-08-07 10:32:19,adam.gordon030@commerce.example.com
,2022-08-20,GBP,CAD,0.4698761308,Reuters,Spot,2022-08-20 10:01:48,jennifer.atkins003@platform.example.com
,2022-08-21,SGD,AUD,2.1453929027,Bloomberg,Spot,2022-08-21 04:48:26,adam.gordon030@commerce.example.com
,2022-08-29,CAD,USD,0.8374561898,Bloomberg,Daily,2022-08-29 07:13:41,stephen.daniels076@commerce.example.com
,2022-08-01,USD,INR,1.008162285,Internal FX,Spot,2022-08-01 23:38:39,shawn.baxter004@dataops.example.com
,2022-08-24,GBP,SGD,0.7821799553,ECB,Daily,2022-08-24 04:29:24,tiffany.freeman101@analytics.example.com
,2022-08-04,EUR,MXN,2.1967163772,ECB,Spot,2022-08-04 21:34:45,troy.boone097@platform.example.com
,2022-08-06,MXN,USD,0.7889199755,Bloomberg,Spot,2022-08-06 16:56:22,michael.berger060@platform.example.com
,2022-08-25,AED,MXN,1.0953799069,Internal FX,Closing,2022-08-25 11:32:10,michael.johnson061@platform.example.com
,2022-08-15,BRL,INR,1.2507594344,ECB,Spot,2022-08-15 03:10:40,jeffery.miller012@commerce.example.com
,2022-08-28,JPY,GBP,1.6724423613,ECB,Closing,2022-08-28 19:08:52,micheal.chen050@dataops.example.com
,2022-08-02,AED,JPY,1.2459405415,Reuters,Closing,2022-08-02 22:31:53,eric.mullen052@dataops.example.com
,2022-08-10,BRL,CAD,1.9160734278,Bloomberg,Spot,2022-08-10 13:20:44,victor.palmer071@platform.example.com
,2022-08-29,EUR,USD,1.0075332104,ECB,Spot,2022-08-29 01:08:58,darren.anderson025@dataops.example.com
,2022-08-06,JPY,USD,1.4220602851,Internal FX,Spot,2022-08-06 13:48:33,kelsey.taylor010@platform.example.com
,2022-08-28,INR,USD,0.9075205468,Internal FX,Closing,2022-08-28 15:27:09,michael.berger060@platform.example.com
,2022-08-11,GBP,USD,1.1390018167,Reuters,Closing,2022-08-11 18:45:33,victor.palmer071@platform.example.com
,2022-08-20,INR,JPY,0.834699439,Reuters,Closing,2022-08-20 20:19:56,craig.johnson106@analytics.example.com
,2022-08-01,MXN,SGD,1.9983192667,Bloomberg,Closing,2022-08-01 14:55:34,lisa.kim091@platform.example.com
,2022-08-24,CAD,MXN,2.3136624668,Internal FX,Closing,2022-08-24 07:32:47,micheal.hall064@dataops.example.com
,2022-08-14,INR,BRL,0.8925311825,Reuters,Spot,2022-08-14 15:37:37,eric.mullen052@dataops.example.com
,2022-08-21,BRL,CAD,1.8017612654,ECB,Closing,2022-08-21 20:01:17,victor.palmer071@platform.example.com
,2022-08-02,JPY,GBP,0.9065014707,Reuters,Spot,2022-08-02 02:17:57,victoria.medina044@dataops.example.com
,2022-08-01,AUD,JPY,4.1660923165,ECB,Spot,2022-08-01 10:10:50,grace.gonzales099@dataops.example.com
,2022-08-23,AUD,INR,0.6171087037,Reuters,Daily,2022-08-23 10:32:05,victoria.medina044@dataops.example.com
,2022-08-11,BRL,AUD,0.4403851617,Reuters,Spot,2022-08-11 13:41:02,troy.boone097@platform.example.com
,2022-08-21,SGD,JPY,0.6211468103,ECB,Closing,2022-08-21 20:59:00,brian.taylor114@analytics.example.com
,2022-08-19,GBP,JPY,0.7842793717,Reuters,Spot,2022-08-19 21:38:02,darren.anderson025@dataops.example.com
,2022-08-06,AUD,BRL,3.9934766851,Internal FX,Daily,2022-08-06 16:39:23,michael.johnson061@platform.example.com
,2022-08-24,MXN,CAD,2.9242007585,ECB,Spot,2022-08-24 01:39:50,chelsea.patel065@commerce.example.com
,2022-08-04,CAD,GBP,0.5802747459,Reuters,Daily,2022-08-04 21:46:44,maria.ashley046@analytics.example.com
,2022-08-16,AUD,USD,1.8709916487,Bloomberg,Closing,2022-08-16 03:54:39,micheal.chen050@dataops.example.com
,2022-08-20,AED,USD,2.8671741547,Reuters,Closing,2022-08-20 22:54:18,anita.garcia021@dataops.example.com
,2022-08-22,USD,SGD,2.7999469285,Internal FX,Spot,2022-08-22 01:22:57,amy.holmes103@dataops.example.com
,2022-08-16,EUR,GBP,0.3369004047,Bloomberg,Spot,2022-08-16 14:41:25,megan.cunningham013@commerce.example.com
,2022-08-03,JPY,EUR,0.2423687253,Reuters,Closing,2022-08-03 15:00:29,lance.williams029@platform.example.com
,2022-08-17,INR,AED,3.8202734387,ECB,Spot,2022-08-17 08:37:57,joseph.johnson049@dataops.example.com
,2022-08-17,INR,SGD,1.2079432114,ECB,Daily,2022-08-17 02:21:41,peter.martinez098@platform.example.com
,2022-08-25,USD,EUR,1.3160174572,ECB,Spot,2022-08-25 05:02:14,michael.johnson061@platform.example.com
,2022-08-06,CAD,USD,0.4291630862,Internal FX,Spot,2022-08-06 06:32:23,jimmy.washington028@commerce.example.com
,2022-08-13,BRL,EUR,0.8632906257,Reuters,Spot,2022-08-13 02:20:23,victor.palmer071@platform.example.com
,2022-08-06,BRL,INR,0.3602230826,ECB,Daily,2022-08-06 00:22:48,brian.taylor114@analytics.example.com
,2022-08-13,BRL,GBP,0.6895413015,Bloomberg,Closing,2022-08-13 13:51:31,timothy.cannon081@analytics.example.com
,2022-08-27,MXN,BRL,0.4491566063,ECB,Daily,2022-08-27 14:12:37,ashley.marks069@commerce.example.com
,2022-08-16,BRL,EUR,1.3832670761,ECB,Daily,2022-08-16 03:40:25,patrick.gonzalez035@dataops.example.com
,2022-08-30,MXN,EUR,0.510479759,ECB,Closing,2022-08-30 03:11:19,timothy.cameron104@commerce.example.com
,2022-08-20,USD,JPY,0.9854108383,Bloomberg,Closing,2022-08-20 18:19:51,timothy.cameron104@commerce.example.com
,2022-08-09,AUD,EUR,3.9196680731,Internal FX,Spot,2022-08-09 04:12:39,victoria.medina044@dataops.example.com
,2022-08-05,GBP,AED,1.076918421,Reuters,Daily,2022-08-05 17:06:45,anita.garcia021@dataops.example.com
,2022-08-18,SGD,GBP,0.8647695623,Internal FX,Daily,2022-08-18 11:27:50,lisa.kim091@platform.example.com
,2022-08-05,JPY,GBP,0.8091646031,ECB,Daily,2022-08-05 18:17:26,jennifer.bauer068@analytics.example.com
,2022-08-07,AUD,BRL,1.0578948289,Internal FX,Closing,2022-08-07 18:57:01,michael.berger060@platform.example.com
,2022-08-17,BRL,EUR,0.2983854767,ECB,Daily,2022-08-17 14:43:10,micheal.hall064@dataops.example.com
,2022-08-10,EUR,SGD,1.4270598039,Internal FX,Daily,2022-08-10 12:38:16,victoria.medina044@dataops.example.com
,2022-08-07,BRL,SGD,0.5251436531,Internal FX,Spot,2022-08-07 10:54:22,yesenia.arnold040@platform.example.com
,2022-08-04,MXN,EUR,0.6940036507,Reuters,Daily,2022-08-04 11:21:00,susan.rice083@commerce.example.com
,2022-08-24,GBP,MXN,2.534729142,ECB,Daily,2022-08-24 02:12:18,shawn.baxter004@dataops.example.com
,2022-08-11,CAD,MXN,1.1284498388,Internal FX,Spot,2022-08-11 06:55:11,megan.cunningham013@commerce.example.com
,2022-08-29,MXN,JPY,0.9302546188,Internal FX,Daily,2022-08-29 20:10:22,brandon.yu006@analytics.example.com
,2022-08-22,CAD,JPY,2.8274324918,Internal FX,Spot,2022-08-22 12:44:38,john.mullins109@commerce.example.com
,2022-08-03,MXN,AED,0.5519963955,Reuters,Daily,2022-08-03 11:58:24,chelsea.patel065@commerce.example.com
,2022-08-20,EUR,AUD,2.8939822407,ECB,Closing,2022-08-20 12:20:34,lance.williams029@platform.example.com
,2022-08-24,JPY,AUD,1.207931843,Bloomberg,Daily,2022-08-24 03:13:31,eric.mullen052@dataops.example.com
,2022-08-26,INR,CAD,0.575944135,Bloomberg,Daily,2022-08-26 23:50:29,craig.johnson106@analytics.example.com
,2022-08-24,AED,EUR,1.2531573643,Reuters,Closing,2022-08-24 17:57:38,sylvia.diaz107@dataops.example.com
,2022-08-17,USD,MXN,0.8536873121,Internal FX,Closing,2022-08-17 23:35:22,micheal.chen050@dataops.example.com
,2022-08-26,CAD,AUD,0.5571808245,Bloomberg,Daily,2022-08-26 16:07:25,eric.horton058@analytics.example.com
,2022-08-04,INR,USD,2.3096778489,Reuters,Closing,2022-08-04 01:11:13,eric.mullen052@dataops.example.com
,2022-08-05,AED,CAD,0.5781976588,ECB,Daily,2022-08-05 07:07:20,michael.berger060@platform.example.com
,2022-08-16,JPY,SGD,0.8038278757,Reuters,Daily,2022-08-16 02:33:27,eric.mullen052@dataops.example.com
,2022-08-27,SGD,GBP,1.3616922036,ECB,Spot,2022-08-27 05:46:04,susan.rice083@commerce.example.com
,2022-08-18,SGD,CAD,0.9302417927,Reuters,Closing,2022-08-18 22:26:42,timothy.cannon081@analytics.example.com
,2022-08-18,EUR,AUD,0.4685815289,Bloomberg,Closing,2022-08-18 06:12:21,ryan.steele043@commerce.example.com
,2022-08-27,SGD,USD,1.3369051849,Bloomberg,Spot,2022-08-27 16:58:48,jennifer.hudson020@analytics.example.com
,2022-08-12,EUR,MXN,0.9581247295,ECB,Daily,2022-08-12 06:29:28,christine.johnson056@commerce.example.com
,2022-08-21,USD,AUD,0.3692102439,Reuters,Spot,2022-08-21 10:29:45,kelsey.taylor010@platform.example.com
,2022-08-16,SGD,INR,1.2492143327,Bloomberg,Spot,2022-08-16 08:27:56,michael.johnson061@platform.example.com
,2022-08-04,BRL,AUD,1.000025933,Reuters,Spot,2022-08-04 22:21:47,micheal.chen050@dataops.example.com
,2022-08-25,INR,JPY,0.542300876,Reuters,Closing,2022-08-25 08:50:07,stephen.daniels076@commerce.example.com
,2022-08-26,JPY,USD,1.6754859335,ECB,Closing,2022-08-26 06:21:09,sylvia.diaz107@dataops.example.com
,2022-08-22,USD,AUD,0.7107328292,ECB,Spot,2022-08-22 10:28:50,andrea.cummings039@platform.example.com
,2022-08-02,USD,MXN,4.3610229848,Internal FX,Spot,2022-08-02 09:27:23,katelyn.pitts017@commerce.example.com
,2022-08-28,EUR,AUD,1.4485838284,Reuters,Closing,2022-08-28 06:58:49,timothy.cameron104@commerce.example.com
,2022-08-15,BRL,EUR,1.6529873732,Reuters,Spot,2022-08-15 11:45:40,amy.holmes103@dataops.example.com
,2022-08-05,GBP,AUD,0.9528523563,Bloomberg,Daily,2022-08-05 18:29:05,taylor.cunningham023@commerce.example.com
,2022-08-07,JPY,SGD,0.1483568583,Internal FX,Closing,2022-08-07 16:32:39,christine.johnson056@commerce.example.com
,2022-08-21,CAD,GBP,0.9967748535,Bloomberg,Closing,2022-08-21 19:05:43,eric.horton058@analytics.example.com
,2022-08-24,AUD,INR,0.6931653313,Bloomberg,Closing,2022-08-24 08:00:41,shawn.baxter004@dataops.example.com
,2022-08-03,GBP,MXN,2.1393886611,Internal FX,Daily,2022-08-03 06:06:29,victor.palmer071@platform.example.com
,2022-08-17,JPY,GBP,0.7524902441,Internal FX,Spot,2022-08-17 00:55:48,stephen.clark001@analytics.example.com
,2022-08-07,JPY,AUD,1.7785249291,Internal FX,Closing,2022-08-07 20:09:40,christine.johnson056@commerce.example.com
,2022-08-23,BRL,GBP,0.5707240941,Reuters,Daily,2022-08-23 15:05:53,john.mullins109@commerce.example.com
,2022-08-22,GBP,AUD,2.1761655066,Bloomberg,Closing,2022-08-22 07:58:35,craig.johnson106@analytics.example.com
,2022-08-20,USD,MXN,0.8722271517,Bloomberg,Daily,2022-08-20 13:38:55,michelle.sims041@analytics.example.com
,2022-08-13,EUR,BRL,0.4256999349,Reuters,Spot,2022-08-13 22:23:33,ashley.marks069@commerce.example.com
,2022-08-14,SGD,MXN,0.7916207031,Internal FX,Spot,2022-08-14 19:33:27,lisa.kim091@platform.example.com
,2022-08-02,AED,CAD,3.9293551419,Bloomberg,Daily,2022-08-02 11:38:33,christine.carter078@commerce.example.com
,2022-08-21,INR,JPY,0.6498793294,Bloomberg,Daily,2022-08-21 00:07:41,amy.holmes103@dataops.example.com
,2022-08-20,AED,AUD,0.7775193132,Reuters,Daily,2022-08-20 11:23:41,micheal.chen050@dataops.example.com
,2022-08-05,MXN,CAD,1.563927399,Internal FX,Closing,2022-08-05 16:02:15,kevin.mathews014@analytics.example.com
,2022-08-09,CAD,JPY,0.5729128269,Reuters,Daily,2022-08-09 01:16:16,victor.palmer071@platform.example.com
,2022-08-30,MXN,CAD,0.341214091,Reuters,Daily,2022-08-30 22:42:26,michelle.sims041@analytics.example.com
,2022-08-01,JPY,BRL,3.3865541035,Reuters,Closing,2022-08-01 09:24:12,darren.anderson025@dataops.example.com
,2022-08-31,JPY,MXN,1.6765813916,Bloomberg,Spot,2022-08-31 12:04:38,yesenia.arnold040@platform.example.com
,2022-08-27,AUD,USD,0.5421927766,ECB,Closing,2022-08-27 04:32:14,victoria.medina044@dataops.example.com
,2022-08-23,INR,SGD,2.0307671992,ECB,Spot,2022-08-23 02:25:30,andrea.cummings039@platform.example.com
,2022-08-27,GBP,MXN,2.5761545631,Reuters,Closing,2022-08-27 03:04:58,darren.anderson025@dataops.example.com
,2022-08-22,EUR,CAD,1.2425791816,ECB,Spot,2022-08-22 01:51:46,ashley.marks069@commerce.example.com
,2022-08-05,AED,MXN,2.2118719419,ECB,Spot,2022-08-05 17:30:25,timothy.cameron104@commerce.example.com
,2022-08-31,EUR,AUD,0.7782337459,ECB,Daily,2022-08-31 03:12:23,james.proctor094@dataops.example.com
,2022-08-30,GBP,BRL,3.2954449481,Internal FX,Daily,2022-08-30 02:19:57,james.proctor094@dataops.example.com
,2022-08-30,AED,EUR,0.5123663745,Reuters,Spot,2022-08-30 06:06:09,jimmy.washington028@commerce.example.com
,2022-08-07,INR,AED,0.6534900032,Internal FX,Daily,2022-08-07 11:24:01,jeffery.miller012@commerce.example.com
,2022-08-26,GBP,AED,1.8993674176,Internal FX,Daily,2022-08-26 19:05:14,jimmy.washington028@commerce.example.com
,2022-08-16,AUD,MXN,0.2771724279,Reuters,Closing,2022-08-16 06:20:36,adam.gordon030@commerce.example.com
,2022-08-21,SGD,CAD,2.3993659099,Internal FX,Spot,2022-08-21 11:42:12,yesenia.arnold040@platform.example.com
,2022-08-30,SGD,GBP,1.558294952,Bloomberg,Closing,2022-08-30 16:49:38,lance.williams029@platform.example.com
,2022-08-11,JPY,USD,0.9383889993,Internal FX,Closing,2022-08-11 23:34:12,troy.boone097@platform.example.com
,2022-08-29,INR,SGD,2.756022103,Bloomberg,Daily,2022-08-29 01:09:07,micheal.chen050@dataops.example.com
,2022-08-27,MXN,JPY,2.8867168549,Internal FX,Daily,2022-08-27 23:36:43,grace.gonzales099@dataops.example.com
,2022-08-03,SGD,EUR,0.413497081,ECB,Daily,2022-08-03 22:26:45,joseph.johnson049@dataops.example.com
,2022-08-28,AUD,INR,2.0028144617,Bloomberg,Daily,2022-08-28 09:15:27,john.mullins109@commerce.example.com
,2022-08-29,JPY,MXN,0.7131670504,Internal FX,Closing,2022-08-29 17:13:32,sandra.hunter036@platform.example.com
,2022-08-18,BRL,SGD,0.3505406992,Bloomberg,Closing,2022-08-18 07:00:03,michelle.sims041@analytics.example.com
,2022-08-04,EUR,SGD,0.2187457514,ECB,Daily,2022-08-04 00:34:13,craig.johnson106@analytics.example.com
,2022-08-10,SGD,AUD,0.2559671668,Bloomberg,Spot,2022-08-10 23:55:29,eric.mullen052@dataops.example.com
,2022-08-29,BRL,INR,1.7930963752,Bloomberg,Daily,2022-08-29 07:16:21,michelle.sims041@analytics.example.com
,2022-08-12,BRL,EUR,0.3602030621,Reuters,Spot,2022-08-12 12:51:07,patrick.gonzalez035@dataops.example.com
,2022-08-08,JPY,AUD,0.9986049068,Reuters,Closing,2022-08-08 14:32:39,megan.cunningham013@commerce.example.com
,2022-08-11,CAD,AUD,0.5264203815,Bloomberg,Closing,2022-08-11 23:18:19,katelyn.pitts017@commerce.example.com
,2022-08-02,CAD,SGD,1.6956509805,ECB,Closing,2022-08-02 18:43:23,adam.gordon030@commerce.example.com
,2022-08-02,SGD,CAD,2.2771640811,Bloomberg,Daily,2022-08-02 06:06:03,susan.rice083@commerce.example.com
,2022-08-31,INR,CAD,0.2294675502,Reuters,Closing,2022-08-31 20:12:19,lance.williams029@platform.example.com
,2022-08-13,GBP,INR,0.5351585704,Internal FX,Closing,2022-08-13 22:46:28,chelsea.patel065@commerce.example.com
,2022-08-24,CAD,INR,0.852797829,ECB,Spot,2022-08-24 02:34:14,taylor.cunningham023@commerce.example.com
,2022-08-21,SGD,AUD,3.2175058719,Internal FX,Spot,2022-08-21 14:56:22,adam.gordon030@commerce.example.com
,2022-08-17,MXN,EUR,2.1838458093,Reuters,Daily,2022-08-17 23:24:05,craig.johnson106@analytics.example.com
,2022-08-29,SGD,INR,0.392692724,Internal FX,Closing,2022-08-29 12:13:14,jason.franklin045@dataops.example.com
,2022-08-19,BRL,EUR,4.3671994804,Bloomberg,Closing,2022-08-19 22:26:32,taylor.cunningham023@commerce.example.com
,2022-08-04,USD,SGD,0.6656683883,Reuters,Spot,2022-08-04 20:14:20,andrea.cummings039@platform.example.com
,2022-08-10,AED,AUD,0.2524581122,ECB,Spot,2022-08-10 06:14:21,grace.gonzales099@dataops.example.com
,2022-08-05,AED,CAD,0.586582011,ECB,Spot,2022-08-05 02:16:21,john.mullins109@commerce.example.com
,2022-08-06,SGD,MXN,0.4735032132,Internal FX,Closing,2022-08-06 04:58:32,jennifer.bauer068@analytics.example.com
,2022-08-03,BRL,INR,1.8691707233,ECB,Closing,2022-08-03 02:21:34,timothy.cameron104@commerce.example.com
,2022-08-14,CAD,EUR,0.5494590197,Reuters,Daily,2022-08-14 23:28:45,yolanda.vasquez005@platform.example.com
,2022-08-07,BRL,GBP,1.2026177823,Internal FX,Closing,2022-08-07 23:23:58,stephen.clark001@analytics.example.com
,2022-08-13,AUD,EUR,0.6759669418,Internal FX,Closing,2022-08-13 20:04:26,christine.carter078@commerce.example.com
,2022-08-31,BRL,SGD,0.4175004683,Bloomberg,Closing,2022-08-31 03:39:56,michael.berger060@platform.example.com
,2022-08-10,USD,EUR,1.352064506,ECB,Closing,2022-08-10 08:53:43,christine.johnson056@commerce.example.com
,2022-08-09,EUR,AUD,2.0841655546,Reuters,Closing,2022-08-09 11:36:31,katelyn.pitts017@commerce.example.com
,2022-08-07,MXN,SGD,1.7894166226,Bloomberg,Spot,2022-08-07 04:16:32,michelle.bender024@analytics.example.com
,2022-08-17,CAD,EUR,0.8549661986,Reuters,Spot,2022-08-17 07:42:31,troy.boone097@platform.example.com
,2022-08-11,INR,EUR,2.0595566158,Reuters,Closing,2022-08-11 00:46:54,micheal.chen050@dataops.example.com
,2022-08-08,AED,MXN,0.6635713474,ECB,Daily,2022-08-08 17:08:25,jason.franklin045@dataops.example.com
,2022-08-21,MXN,USD,1.463010447,Bloomberg,Daily,2022-08-21 22:39:11,eric.horton058@analytics.example.com
,2022-08-15,GBP,CAD,0.6659334505,Internal FX,Closing,2022-08-15 01:29:12,adam.gordon030@commerce.example.com
,2022-08-31,GBP,AED,1.1189350802,Reuters,Daily,2022-08-31 19:16:02,sandra.hunter036@platform.example.com
,2022-08-06,USD,BRL,1.2352199348,ECB,Closing,2022-08-06 17:05:30,lance.williams029@platform.example.com
,2022-08-07,JPY,GBP,1.9022373941,ECB,Daily,2022-08-07 12:03:51,christine.carter078@commerce.example.com
,2022-08-28,USD,SGD,0.484772422,Bloomberg,Daily,2022-08-28 23:21:07,shawn.baxter004@dataops.example.com
,2022-08-10,SGD,GBP,1.0928347377,Bloomberg,Daily,2022-08-10 19:11:10,kelsey.taylor010@platform.example.com
,2022-08-22,MXN,INR,2.8232730118,Reuters,Daily,2022-08-22 18:26:38,jason.franklin045@dataops.example.com
,2022-08-09,AED,JPY,2.8218131207,Reuters,Spot,2022-08-09 22:33:05,joseph.johnson049@dataops.example.com
,2022-08-20,AED,AUD,2.282018102,Internal FX,Closing,2022-08-20 00:28:58,maria.ashley046@analytics.example.com
,2022-08-25,GBP,AUD,0.8082086263,Bloomberg,Daily,2022-08-25 03:47:23,patrick.gonzalez035@dataops.example.com
,2022-08-08,JPY,EUR,0.5364850171,ECB,Daily,2022-08-08 19:20:14,jennifer.bauer068@analytics.example.com
,2022-08-03,JPY,EUR,2.1437249858,Bloomberg,Spot,2022-08-03 01:07:58,michelle.sims041@analytics.example.com
,2022-08-12,SGD,BRL,0.5672099432,Internal FX,Spot,2022-08-12 07:43:13,brian.taylor114@analytics.example.com
,2022-08-20,CAD,INR,0.66117429,Bloomberg,Spot,2022-08-20 22:39:56,brian.taylor114@analytics.example.com
,2022-08-09,SGD,INR,3.5599990217,Internal FX,Daily,2022-08-09 14:15:57,michael.berger060@platform.example.com
,2022-08-17,BRL,MXN,2.3861392141,Bloomberg,Spot,2022-08-17 23:03:30,micheal.chen050@dataops.example.com
,2022-08-17,AUD,JPY,2.3227124385,Internal FX,Spot,2022-08-17 06:18:21,timothy.cameron104@commerce.example.com
,2022-08-04,MXN,AED,0.3771465882,Reuters,Daily,2022-08-04 11:22:39,ashley.marks069@commerce.example.com
,2022-08-04,CAD,MXN,0.9505111002,Internal FX,Closing,2022-08-04 08:03:38,katelyn.pitts017@commerce.example.com
,2022-08-30,GBP,CAD,1.3050306457,Reuters,Spot,2022-08-30 01:27:04,katelyn.pitts017@commerce.example.com
,2022-08-12,SGD,BRL,0.4282546843,Internal FX,Closing,2022-08-12 21:14:54,jennifer.bauer068@analytics.example.com
,2022-08-07,INR,AUD,0.9215239077,Bloomberg,Spot,2022-08-07 22:46:39,victoria.medina044@dataops.example.com
,2022-08-03,AUD,AED,0.4473180779,Bloomberg,Daily,2022-08-03 02:31:40,megan.cunningham013@commerce.example.com
,2022-08-13,MXN,BRL,0.6449834707,ECB,Spot,2022-08-13 00:22:18,timothy.cannon081@analytics.example.com
,2022-08-28,SGD,GBP,1.3747918551,Reuters,Daily,2022-08-28 11:18:59,kevin.mathews014@analytics.example.com
,2022-08-21,SGD,MXN,1.1959412988,ECB,Closing,2022-08-21 07:42:32,ashley.marks069@commerce.example.com
,2022-08-04,AUD,AED,0.8960059475,Reuters,Spot,2022-08-04 13:43:52,maria.ashley046@analytics.example.com
,2022-08-30,INR,GBP,1.5793769421,Reuters,Spot,2022-08-30 17:32:53,victor.palmer071@platform.example.com
,2022-08-22,USD,EUR,7.8315153399,Internal FX,Spot,2022-08-22 03:04:51,alyssa.richards002@commerce.example.com
,2022-08-26,INR,USD,0.7269482439,Bloomberg,Spot,2022-08-26 01:52:25,adam.gordon030@commerce.example.com
,2022-08-09,JPY,MXN,1.2459338345,Bloomberg,Closing,2022-08-09 20:57:26,ryan.steele043@commerce.example.com
,2022-08-06,AUD,EUR,0.9470273393,Internal FX,Closing,2022-08-06 07:35:45,joseph.johnson049@dataops.example.com
,2022-08-20,AUD,GBP,0.5698983926,Bloomberg,Daily,2022-08-20 19:03:59,michelle.sims041@analytics.example.com
,2022-08-15,SGD,CAD,1.167419466,Bloomberg,Closing,2022-08-15 09:49:37,victor.palmer071@platform.example.com
,2022-08-06,AUD,AED,1.1171903817,Reuters,Spot,2022-08-06 14:53:25,anita.garcia021@dataops.example.com
,2022-08-14,SGD,AED,0.8015753437,Reuters,Daily,2022-08-14 07:31:20,anita.garcia021@dataops.example.com
,2022-08-07,SGD,BRL,4.4510563386,Reuters,Daily,2022-08-07 18:05:08,yesenia.arnold040@platform.example.com
,2022-08-21,SGD,CAD,1.7906292387,ECB,Spot,2022-08-21 15:40:19,michael.berger060@platform.example.com
,2022-08-15,CAD,AUD,0.3911967294,Bloomberg,Spot,2022-08-15 06:13:41,brandi.carter038@dataops.example.com
,2022-08-30,JPY,USD,1.4627362403,Internal FX,Spot,2022-08-30 17:46:54,jeffery.miller012@commerce.example.com
,2022-08-28,JPY,INR,2.7336511929,ECB,Daily,2022-08-28 11:24:15,craig.johnson106@analytics.example.com
,2022-08-21,AED,CAD,0.7390891056,Internal FX,Daily,2022-08-21 15:41:27,jimmy.washington028@commerce.example.com
,2022-08-25,JPY,AUD,1.5463553232,ECB,Daily,2022-08-25 23:45:39,michelle.bender024@analytics.example.com
,2022-08-18,USD,GBP,2.7773868575,Bloomberg,Daily,2022-08-18 06:50:29,troy.boone097@platform.example.com
,2022-08-29,USD,MXN,1.4841574456,ECB,Closing,2022-08-29 01:05:34,michelle.bender024@analytics.example.com
,2022-08-09,AUD,EUR,0.9485962026,Reuters,Spot,2022-08-09 21:04:40,john.mullins109@commerce.example.com
,2022-08-28,BRL,JPY,0.7281394493,Internal FX,Daily,2022-08-28 15:51:13,yolanda.vasquez005@platform.example.com
,2022-08-20,BRL,CAD,1.9498318865,Internal FX,Daily,2022-08-20 01:53:36,tina.williams074@commerce.example.com
,2022-08-11,MXN,INR,1.8304635954,Reuters,Daily,2022-08-11 19:54:07,joseph.johnson049@dataops.example.com
,2022-08-30,CAD,AED,1.554970338,ECB,Daily,2022-08-30 12:54:24,andrew.ellis102@analytics.example.com
,2022-08-15,CAD,AED,3.5053491291,Internal FX,Closing,2022-08-15 05:22:13,amy.holmes103@dataops.example.com
,2022-08-20,MXN,BRL,0.8405296084,Reuters,Spot,2022-08-20 15:44:48,sylvia.diaz107@dataops.example.com
,2022-08-10,CAD,AED,3.6298724958,Bloomberg,Closing,2022-08-10 01:50:21,susan.rice083@commerce.example.com
,2022-08-24,AED,BRL,0.5126721986,Reuters,Spot,2022-08-24 00:17:42,jeffery.miller012@commerce.example.com
,2022-08-23,BRL,GBP,1.1444664189,ECB,Closing,2022-08-23 01:32:25,anita.garcia021@dataops.example.com
,2022-08-09,AUD,SGD,0.8770154213,Internal FX,Spot,2022-08-09 10:58:40,maria.ashley046@analytics.example.com
,2022-08-30,BRL,CAD,1.7699757372,Bloomberg,Spot,2022-08-30 10:08:38,kristen.bailey110@analytics.example.com
,2022-08-06,GBP,SGD,1.3676737747,Bloomberg,Closing,2022-08-06 18:12:40,peter.martinez098@platform.example.com
,2022-08-12,EUR,USD,0.9899472291,ECB,Daily,2022-08-12 05:31:08,craig.johnson106@analytics.example.com
,2022-08-10,MXN,JPY,0.6612078698,Internal FX,Closing,2022-08-10 03:28:13,andrew.ellis102@analytics.example.com
,2022-08-28,CAD,AED,0.906487183,Bloomberg,Daily,2022-08-28 05:13:06,darren.anderson025@dataops.example.com
,2022-08-21,EUR,JPY,0.7080465133,Internal FX,Spot,2022-08-21 07:01:03,jennifer.bauer068@analytics.example.com
,2022-08-02,GBP,USD,0.9437711448,Internal FX,Spot,2022-08-02 19:14:49,stephen.clark001@analytics.example.com
,2022-08-10,AUD,JPY,3.4808059788,Bloomberg,Closing,2022-08-10 17:15:30,grace.gonzales099@dataops.example.com
,2022-08-07,EUR,INR,1.0720583774,ECB,Closing,2022-08-07 09:08:10,susan.rice083@commerce.example.com
,2022-08-01,CAD,USD,0.797837661,Reuters,Spot,2022-08-01 10:59:33,christine.carter078@commerce.example.com
,2022-08-31,AED,JPY,0.119787452,Reuters,Daily,2022-08-31 22:11:25,brian.taylor114@analytics.example.com
,2022-08-30,USD,JPY,0.4765298963,ECB,Spot,2022-08-30 10:09:58,kristen.bailey110@analytics.example.com
,2022-08-28,CAD,JPY,0.4887525117,Internal FX,Daily,2022-08-28 11:27:28,peter.martinez098@platform.example.com
,2022-08-02,GBP,SGD,0.4586852873,Bloomberg,Spot,2022-08-02 04:29:57,brandon.yu006@analytics.example.com
,2022-08-24,USD,EUR,0.624504889,ECB,Daily,2022-08-24 11:40:00,andrea.cummings039@platform.example.com
,2022-08-11,JPY,INR,0.1588477145,Bloomberg,Closing,2022-08-11 16:25:01,michael.berger060@platform.example.com
,2022-08-02,AUD,AED,0.9940008961,ECB,Daily,2022-08-02 02:11:06,renee.harvey080@dataops.example.com
,2022-08-27,CAD,SGD,0.9123329185,Bloomberg,Closing,2022-08-27 11:49:53,christine.johnson056@commerce.example.com
,2022-08-04,MXN,JPY,1.8409194603,Bloomberg,Daily,2022-08-04 10:24:07,brandi.carter038@dataops.example.com
,2022-08-10,AED,CAD,1.1793565101,Reuters,Spot,2022-08-10 15:01:52,micheal.hall064@dataops.example.com
,2022-08-29,GBP,CAD,0.7768621424,Bloomberg,Daily,2022-08-29 19:30:07,megan.cunningham013@commerce.example.com
,2022-08-11,BRL,AED,0.2217041428,Internal FX,Closing,2022-08-11 13:20:53,joseph.johnson049@dataops.example.com
,2022-08-21,CAD,EUR,1.1195326277,Internal FX,Daily,2022-08-21 12:10:28,micheal.hall064@dataops.example.com
,2022-08-24,INR,BRL,1.1759187982,Internal FX,Spot,2022-08-24 14:18:28,jennifer.bauer068@analytics.example.com
,2022-08-23,INR,AUD,0.6761414362,Bloomberg,Daily,2022-08-23 12:44:06,joann.clark089@commerce.example.com
,2022-08-27,AUD,CAD,0.9441405006,ECB,Closing,2022-08-27 00:16:04,lance.williams029@platform.example.com
,2022-08-07,AUD,INR,1.7933289595,Internal FX,Closing,2022-08-07 05:31:21,ryan.steele043@commerce.example.com
,2022-08-13,AED,BRL,5.2283804988,Bloomberg,Daily,2022-08-13 18:23:20,kevin.mathews014@analytics.example.com
,2022-08-01,SGD,MXN,3.7089033669,Internal FX,Spot,2022-08-01 16:56:50,victor.palmer071@platform.example.com
,2022-08-09,USD,MXN,5.5874825384,Bloomberg,Daily,2022-08-09 14:35:37,ryan.steele043@commerce.example.com
,2022-08-24,INR,JPY,2.2182238599,ECB,Daily,2022-08-24 04:09:54,sylvia.diaz107@dataops.example.com
,2022-08-27,AUD,BRL,3.7615661374,ECB,Closing,2022-08-27 19:32:55,brandi.carter038@dataops.example.com
,2022-08-01,AED,MXN,1.5367236676,Internal FX,Spot,2022-08-01 15:53:59,taylor.cunningham023@commerce.example.com
,2022-08-27,JPY,USD,1.4504075807,Reuters,Closing,2022-08-27 09:35:49,eric.horton058@analytics.example.com
,2022-08-06,GBP,AUD,1.1555517082,Bloomberg,Spot,2022-08-06 09:46:15,timothy.cameron104@commerce.example.com
,2022-08-21,USD,AUD,1.297351568,Reuters,Spot,2022-08-21 22:02:54,megan.cunningham013@commerce.example.com
,2022-08-14,AED,USD,2.0139669884,Internal FX,Spot,2022-08-14 07:06:17,grace.gonzales099@dataops.example.com
,2022-08-27,INR,MXN,0.6196533907,ECB,Daily,2022-08-27 00:50:43,alyssa.richards002@commerce.example.com
,2022-08-25,MXN,GBP,1.5634046764,Bloomberg,Daily,2022-08-25 14:24:35,jennifer.atkins003@platform.example.com
,2022-08-13,MXN,USD,0.6478864049,Bloomberg,Closing,2022-08-13 08:44:23,shawn.baxter004@dataops.example.com
,2022-08-27,MXN,AED,3.8987222496,Reuters,Spot,2022-08-27 01:37:49,timothy.cameron104@commerce.example.com
,2022-08-18,AED,SGD,0.4500007393,ECB,Spot,2022-08-18 06:16:03,micheal.chen050@dataops.example.com
,2022-08-18,CAD,USD,0.1477993308,Internal FX,Closing,2022-08-18 03:03:28,ashley.marks069@commerce.example.com
,2022-08-04,BRL,USD,0.2826014351,Reuters,Spot,2022-08-04 00:32:59,christine.johnson056@commerce.example.com
,2022-08-15,AUD,EUR,1.3141837828,Bloomberg,Closing,2022-08-15 18:21:58,timothy.cameron104@commerce.example.com
,2022-08-24,USD,AED,0.7278446409,ECB,Closing,2022-08-24 23:09:51,ashley.marks069@commerce.example.com
,2022-08-14,CAD,INR,0.266236285,Reuters,Daily,2022-08-14 02:26:39,timothy.cameron104@commerce.example.com
,2022-08-22,EUR,AUD,1.5646232228,Reuters,Spot,2022-08-22 16:47:27,brian.taylor114@analytics.example.com
,2022-08-22,CAD,JPY,2.2592900364,Internal FX,Daily,2022-08-22 08:33:01,michael.berger060@platform.example.com
,2022-08-20,AUD,INR,0.5452942757,Reuters,Spot,2022-08-20 15:00:23,patrick.gonzalez035@dataops.example.com
,2022-08-01,AUD,SGD,0.6000509501,Reuters,Closing,2022-08-01 18:51:21,ryan.steele043@commerce.example.com
,2022-08-06,MXN,INR,4.1906158371,ECB,Daily,2022-08-06 11:34:15,tina.williams074@commerce.example.com
,2022-08-19,AUD,EUR,0.8102540898,Internal FX,Spot,2022-08-19 13:29:20,christine.carter078@commerce.example.com
,2022-08-09,BRL,EUR,1.4962058826,Bloomberg,Spot,2022-08-09 23:55:30,joann.clark089@commerce.example.com
,2022-08-09,CAD,MXN,0.6289903588,Reuters,Spot,2022-08-09 12:32:56,adam.gordon030@commerce.example.com
,2022-08-16,AED,EUR,0.4448092963,Bloomberg,Closing,2022-08-16 18:12:15,maria.ashley046@analytics.example.com
,2022-08-10,AED,GBP,0.7551331555,Bloomberg,Daily,2022-08-10 20:15:33,michael.johnson061@platform.example.com
,2022-08-08,BRL,INR,0.5515275998,Reuters,Spot,2022-08-08 00:00:33,tiffany.freeman101@analytics.example.com
,2022-08-10,SGD,AED,0.6173981325,Internal FX,Daily,2022-08-10 08:17:17,anita.garcia021@dataops.example.com
,2022-08-21,USD,GBP,0.8491643442,Internal FX,Closing,2022-08-21 09:45:52,micheal.chen050@dataops.example.com
,2022-08-04,BRL,EUR,1.0427285655,Bloomberg,Closing,2022-08-04 03:13:34,peter.martinez098@platform.example.com
,2022-08-11,EUR,USD,1.3764630793,Bloomberg,Closing,2022-08-11 15:07:13,peter.martinez098@platform.example.com
,2022-08-13,JPY,EUR,1.2164742648,Bloomberg,Spot,2022-08-13 01:05:45,renee.harvey080@dataops.example.com
,2022-08-18,BRL,EUR,1.440649287,Bloomberg,Daily,2022-08-18 20:34:20,ashley.marks069@commerce.example.com
,2022-08-19,USD,AUD,0.5336927523,Reuters,Closing,2022-08-19 01:20:20,eric.horton058@analytics.example.com
,2022-08-05,INR,EUR,0.4592848086,Reuters,Spot,2022-08-05 18:45:08,tina.williams074@commerce.example.com
,2022-08-08,AED,BRL,0.7024019589,Reuters,Spot,2022-08-08 08:54:56,jimmy.washington028@commerce.example.com
,2022-08-05,USD,BRL,2.7320281752,ECB,Daily,2022-08-05 00:58:38,brandon.yu006@analytics.example.com
,2022-08-11,AUD,MXN,0.6073771004,ECB,Spot,2022-08-11 19:36:56,timothy.cameron104@commerce.example.com
,2022-08-04,EUR,CAD,0.3262432914,Bloomberg,Daily,2022-08-04 15:54:35,stephen.daniels076@commerce.example.com
,2022-08-09,MXN,AED,2.3218761385,ECB,Closing,2022-08-09 11:29:27,jeffery.miller012@commerce.example.com
,2022-08-31,INR,CAD,0.2183930878,Reuters,Closing,2022-08-31 09:08:32,kristen.bailey110@analytics.example.com
,2022-08-07,USD,GBP,0.9166945847,ECB,Spot,2022-08-07 10:53:06,jimmy.washington028@commerce.example.com
,2022-08-01,AUD,GBP,0.3657038776,Internal FX,Daily,2022-08-01 04:00:03,jennifer.bauer068@analytics.example.com
,2022-08-28,JPY,SGD,0.3686321857,Internal FX,Daily,2022-08-28 23:12:34,anita.garcia021@dataops.example.com
,2022-08-21,EUR,MXN,2.5804444169,Reuters,Spot,2022-08-21 15:58:35,eric.mullen052@dataops.example.com
,2022-08-28,MXN,JPY,1.4412730927,Reuters,Daily,2022-08-28 23:05:00,jason.franklin045@dataops.example.com
,2022-08-05,SGD,BRL,0.4384259018,Internal FX,Spot,2022-08-05 21:13:31,sylvia.diaz107@dataops.example.com
,2022-08-04,MXN,SGD,0.8364940193,Bloomberg,Spot,2022-08-04 02:35:59,kelsey.taylor010@platform.example.com
,2022-08-28,AED,EUR,2.4402030522,Internal FX,Spot,2022-08-28 22:54:58,brandon.yu006@analytics.example.com
,2022-08-03,JPY,CAD,1.6343449596,ECB,Closing,2022-08-03 21:37:48,tina.williams074@commerce.example.com
,2022-08-20,INR,AED,1.335506437,Internal FX,Spot,2022-08-20 06:33:43,lisa.kim091@platform.example.com
,2022-08-07,USD,SGD,3.3236962836,ECB,Spot,2022-08-07 11:41:44,maria.ashley046@analytics.example.com
,2022-08-26,GBP,JPY,0.5205074918,Bloomberg,Daily,2022-08-26 22:05:52,stephen.clark001@analytics.example.com
,2022-08-16,SGD,GBP,1.7338173229,ECB,Spot,2022-08-16 06:15:32,stephen.daniels076@commerce.example.com
,2022-08-28,GBP,AUD,0.4101379263,Internal FX,Daily,2022-08-28 09:33:27,katelyn.pitts017@commerce.example.com
,2022-08-31,EUR,INR,1.9973666931,Internal FX,Spot,2022-08-31 08:03:22,andrew.ellis102@analytics.example.com
,2022-08-04,SGD,JPY,1.2051726349,ECB,Daily,2022-08-04 02:40:14,anita.garcia021@dataops.example.com
,2022-08-26,USD,INR,0.4687769,Internal FX,Spot,2022-08-26 11:42:49,micheal.hall064@dataops.example.com
,2022-08-22,EUR,CAD,1.1376047027,Internal FX,Spot,2022-08-22 15:19:43,jennifer.atkins003@platform.example.com
,2022-08-26,CAD,USD,1.2743346183,Internal FX,Daily,2022-08-26 00:05:57,tina.williams074@commerce.example.com
,2022-08-07,BRL,GBP,0.6923626168,ECB,Daily,2022-08-07 12:39:54,timothy.cannon081@analytics.example.com
,2022-08-09,JPY,AUD,2.8986529171,ECB,Daily,2022-08-09 06:15:34,maria.ashley046@analytics.example.com
,2022-08-14,GBP,USD,3.6112463865,Internal FX,Closing,2022-08-14 09:58:35,darren.anderson025@dataops.example.com
,2022-08-19,MXN,INR,0.2843963877,Reuters,Spot,2022-08-19 23:29:01,joann.clark089@commerce.example.com
,2022-08-04,USD,INR,3.1256235997,Reuters,Daily,2022-08-04 18:36:20,jennifer.atkins003@platform.example.com
,2022-08-31,MXN,AED,0.4592668842,ECB,Spot,2022-08-31 06:57:17,michelle.sims041@analytics.example.com
,2022-08-29,SGD,AUD,0.7060621753,Bloomberg,Closing,2022-08-29 21:23:25,maria.ashley046@analytics.example.com
,2022-08-19,USD,GBP,1.1411831252,ECB,Spot,2022-08-19 23:48:41,victor.palmer071@platform.example.com
,2022-08-21,AED,EUR,0.7671515359,ECB,Spot,2022-08-21 21:20:24,jennifer.atkins003@platform.example.com
,2022-08-18,INR,GBP,1.7331397603,Bloomberg,Spot,2022-08-18 05:57:06,jennifer.atkins003@platform.example.com
,2022-08-29,SGD,EUR,2.4507842973,Bloomberg,Closing,2022-08-29 07:30:59,katelyn.pitts017@commerce.example.com
,2022-08-31,JPY,GBP,0.5934566674,Bloomberg,Daily,2022-08-31 21:08:36,lisa.kim091@platform.example.com
,2022-08-03,CAD,MXN,0.410890085,Reuters,Daily,2022-08-03 23:49:38,james.proctor094@dataops.example.com
,2022-08-17,MXN,INR,0.2841212501,ECB,Daily,2022-08-17 23:08:39,andrea.cummings039@platform.example.com
,2022-08-19,AUD,GBP,1.638384341,Internal FX,Daily,2022-08-19 10:46:52,david.cabrera119@dataops.example.com
,2022-08-13,GBP,AED,5.7032649435,ECB,Spot,2022-08-13 12:17:08,yesenia.arnold040@platform.example.com
,2022-08-10,AUD,INR,0.1725369836,Reuters,Closing,2022-08-10 04:16:25,andrew.ellis102@analytics.example.com
,2022-08-23,AUD,USD,1.2460829229,Bloomberg,Spot,2022-08-23 15:57:37,brandi.carter038@dataops.example.com
,2022-08-30,SGD,AED,1.1251265697,Internal FX,Closing,2022-08-30 07:25:43,peter.martinez098@platform.example.com
,2022-08-20,AED,JPY,2.3248971456,Reuters,Spot,2022-08-20 07:42:36,andrea.cummings039@platform.example.com
,2022-08-24,EUR,BRL,1.7300953575,ECB,Daily,2022-08-24 14:46:13,patrick.gonzalez035@dataops.example.com
,2022-08-27,CAD,AED,1.5864071574,Internal FX,Spot,2022-08-27 10:06:33,stephen.daniels076@commerce.example.com
,2022-08-28,GBP,JPY,4.0778906425,Internal FX,Daily,2022-08-28 05:33:56,victor.palmer071@platform.example.com
,2022-08-30,AED,BRL,1.1174146075,Internal FX,Daily,2022-08-30 11:41:02,jeffery.miller012@commerce.example.com
,2022-08-09,USD,AED,1.5849247246,Internal FX,Spot,2022-08-09 21:44:40,michelle.sims041@analytics.example.com
,2022-08-04,AUD,EUR,0.5200597578,Reuters,Closing,2022-08-04 03:57:37,kevin.mathews014@analytics.example.com
,2022-08-05,SGD,AUD,1.8060453592,Reuters,Daily,2022-08-05 18:23:35,tiffany.freeman101@analytics.example.com
,2022-08-12,SGD,GBP,1.3183049699,Reuters,Daily,2022-08-12 04:20:37,renee.harvey080@dataops.example.com
,2022-08-11,JPY,MXN,0.5755145792,Bloomberg,Spot,2022-08-11 21:40:53,amy.holmes103@dataops.example.com
,2022-08-16,CAD,BRL,3.2460418485,ECB,Closing,2022-08-16 20:45:53,eric.mullen052@dataops.example.com
,2022-08-01,MXN,SGD,1.602890604,ECB,Spot,2022-08-01 19:00:43,tina.williams074@commerce.example.com
,2022-08-21,MXN,INR,4.1097267777,Reuters,Spot,2022-08-21 08:54:07,victoria.medina044@dataops.example.com
,2022-08-03,AUD,MXN,4.3918887606,ECB,Closing,2022-08-03 09:55:37,katelyn.pitts017@commerce.example.com
,2022-08-18,BRL,SGD,1.7898025162,Bloomberg,Closing,2022-08-18 14:48:43,lance.williams029@platform.example.com
,2022-08-04,GBP,INR,0.5472923714,Internal FX,Spot,2022-08-04 06:41:56,troy.boone097@platform.example.com
,2022-08-08,USD,AUD,1.4581194608,Internal FX,Closing,2022-08-08 03:02:31,andrea.cummings039@platform.example.com
,2022-08-02,AED,EUR,0.7277922508,Internal FX,Spot,2022-08-02 10:51:32,timothy.cannon081@analytics.example.com
,2022-08-11,AUD,INR,0.322452451,Reuters,Spot,2022-08-11 18:23:30,john.mullins109@commerce.example.com
,2022-08-08,USD,GBP,1.438152932,ECB,Closing,2022-08-08 23:58:31,victor.palmer071@platform.example.com
,2022-08-16,CAD,SGD,5.5632829984,Reuters,Spot,2022-08-16 12:17:50,tina.williams074@commerce.example.com
,2022-08-15,AUD,JPY,1.0597242141,Reuters,Spot,2022-08-15 08:55:02,michelle.sims041@analytics.example.com
,2022-08-14,SGD,JPY,0.4776966512,Bloomberg,Daily,2022-08-14 08:57:35,kevin.mathews014@analytics.example.com
,2022-08-31,AUD,MXN,1.7846327277,ECB,Daily,2022-08-31 19:57:44,andrea.cummings039@platform.example.com
,2022-08-02,EUR,GBP,1.0728475636,Internal FX,Spot,2022-08-02 02:50:02,john.mullins109@commerce.example.com
,2022-08-21,AED,MXN,0.4847781972,ECB,Closing,2022-08-21 07:46:12,james.proctor094@dataops.example.com
,2022-08-27,CAD,JPY,0.5941348916,Bloomberg,Closing,2022-08-27 19:50:02,craig.johnson106@analytics.example.com
,2022-08-09,USD,SGD,2.8442885181,Bloomberg,Closing,2022-08-09 09:13:15,brandi.carter038@dataops.example.com
,2022-08-02,SGD,AED,1.561747634,Reuters,Spot,2022-08-02 22:56:13,grace.gonzales099@dataops.example.com
,2022-08-16,MXN,GBP,1.1970499867,Bloomberg,Closing,2022-08-16 06:58:29,michelle.sims041@analytics.example.com
,2022-08-01,CAD,AUD,2.8122789657,Reuters,Spot,2022-08-01 00:39:53,troy.boone097@platform.example.com
,2022-08-02,USD,CAD,0.7609483105,ECB,Closing,2022-08-02 19:38:52,yolanda.vasquez005@platform.example.com
,2022-08-24,MXN,CAD,2.1245961939,Internal FX,Daily,2022-08-24 19:30:44,brandon.yu006@analytics.example.com
,2022-08-22,SGD,AED,3.3891036862,ECB,Closing,2022-08-22 17:38:48,brian.taylor114@analytics.example.com
,2022-08-31,AED,JPY,0.4161005981,Reuters,Daily,2022-08-31 03:54:52,tiffany.freeman101@analytics.example.com
,2022-08-26,AED,BRL,0.7088568321,Bloomberg,Spot,2022-08-26 06:18:20,victor.palmer071@platform.example.com
,2022-08-19,EUR,JPY,0.9367479216,Reuters,Closing,2022-08-19 10:23:14,jason.franklin045@dataops.example.com
,2022-08-31,MXN,GBP,1.8696472159,Reuters,Daily,2022-08-31 04:53:34,megan.cunningham013@commerce.example.com
,2022-08-12,SGD,CAD,2.2637212687,Reuters,Closing,2022-08-12 06:04:25,patrick.gonzalez035@dataops.example.com
,2022-08-02,AUD,INR,0.4770036801,Internal FX,Closing,2022-08-02 04:46:15,susan.rice083@commerce.example.com
,2022-08-11,EUR,AED,0.533616055,ECB,Spot,2022-08-11 02:03:04,jason.franklin045@dataops.example.com
,2022-08-29,USD,BRL,0.5956221686,Bloomberg,Spot,2022-08-29 07:30:21,ashley.marks069@commerce.example.com
,2022-08-09,AED,BRL,0.3693198444,Bloomberg,Spot,2022-08-09 08:03:08,michael.berger060@platform.example.com
,2022-08-01,EUR,AED,1.2044437735,ECB,Spot,2022-08-01 12:26:03,kelsey.taylor010@platform.example.com
,2022-08-30,MXN,AUD,0.9385637019,Reuters,Spot,2022-08-30 08:08:43,anita.garcia021@dataops.example.com
,2022-08-08,INR,JPY,0.7409224381,ECB,Closing,2022-08-08 13:23:17,adam.gordon030@commerce.example.com
,2022-08-18,GBP,INR,0.7223307125,ECB,Closing,2022-08-18 07:11:12,maria.ashley046@analytics.example.com
,2022-08-22,USD,AED,0.9283064213,Reuters,Closing,2022-08-22 12:46:59,micheal.chen050@dataops.example.com
,2022-08-28,SGD,CAD,3.5349314909,Reuters,Spot,2022-08-28 23:41:22,victoria.medina044@dataops.example.com
,2022-08-26,AED,SGD,0.6487121735,Internal FX,Closing,2022-08-26 09:25:15,michael.berger060@platform.example.com
,2022-08-28,BRL,AED,0.5073494368,Internal FX,Spot,2022-08-28 01:27:54,eric.horton058@analytics.example.com
,2022-08-12,EUR,GBP,2.8986156563,Reuters,Daily,2022-08-12 17:34:21,christine.johnson056@commerce.example.com
,2022-08-03,GBP,EUR,5.6622643607,Reuters,Spot,2022-08-03 16:22:50,brandon.yu006@analytics.example.com
,2022-08-04,JPY,MXN,2.0082400448,Internal FX,Closing,2022-08-04 14:28:23,victor.palmer071@platform.example.com
,2022-08-22,USD,SGD,1.42306894,Internal FX,Daily,2022-08-22 04:06:33,stephen.daniels076@commerce.example.com
,2022-08-08,USD,EUR,0.8745099414,Reuters,Daily,2022-08-08 11:49:26,peter.martinez098@platform.example.com
,2022-08-29,SGD,AED,0.9450168489,Bloomberg,Daily,2022-08-29 08:59:09,susan.rice083@commerce.example.com
,2022-08-12,SGD,INR,2.4768445943,ECB,Spot,2022-08-12 03:06:19,katelyn.pitts017@commerce.example.com
,2022-08-11,AUD,SGD,1.7869019216,Internal FX,Spot,2022-08-11 14:59:37,stephen.clark001@analytics.example.com
,2022-08-26,AUD,GBP,0.6839454904,Internal FX,Daily,2022-08-26 12:46:26,katelyn.pitts017@commerce.example.com
,2022-08-30,SGD,JPY,0.9972368288,ECB,Daily,2022-08-30 07:40:01,troy.boone097@platform.example.com
,2022-08-22,JPY,AUD,0.6622343065,ECB,Spot,2022-08-22 01:57:24,ryan.steele043@commerce.example.com
,2022-08-19,AUD,BRL,1.4404014916,Bloomberg,Closing,2022-08-19 04:06:10,grace.gonzales099@dataops.example.com
,2022-08-17,CAD,MXN,1.2864675443,Internal FX,Spot,2022-08-17 16:40:57,ryan.steele043@commerce.example.com
,2022-08-09,USD,AUD,0.6851045054,ECB,Spot,2022-08-09 16:18:55,maria.ashley046@analytics.example.com
,2022-08-30,AED,USD,0.2927390956,ECB,Spot,2022-08-30 16:01:02,joseph.johnson049@dataops.example.com
,2022-08-22,AED,USD,1.11073533,Internal FX,Closing,2022-08-22 22:03:53,ryan.steele043@commerce.example.com
,2022-08-20,AED,USD,0.7548683817,Reuters,Daily,2022-08-20 10:17:42,lisa.kim091@platform.example.com
,2022-08-11,JPY,BRL,1.2244054472,Reuters,Daily,2022-08-11 09:56:32,joann.clark089@commerce.example.com
,2022-08-20,USD,SGD,1.0185540448,Internal FX,Daily,2022-08-20 04:21:43,victor.palmer071@platform.example.com
,2022-08-14,BRL,GBP,2.2839274747,Internal FX,Spot,2022-08-14 06:25:02,lance.williams029@platform.example.com
,2022-08-02,AED,USD,0.9332906787,Bloomberg,Daily,2022-08-02 22:44:39,susan.rice083@commerce.example.com
,2022-08-12,INR,MXN,3.9182646398,ECB,Spot,2022-08-12 15:28:55,kelsey.taylor010@platform.example.com
,2022-08-23,INR,SGD,4.0708783994,Internal FX,Spot,2022-08-23 22:30:12,victoria.medina044@dataops.example.com
,2022-08-23,AUD,INR,3.6333670628,ECB,Closing,2022-08-23 02:06:05,jason.franklin045@dataops.example.com
,2022-08-10,JPY,INR,2.3553204937,Internal FX,Closing,2022-08-10 23:43:43,amy.holmes103@dataops.example.com
,2022-08-06,INR,BRL,1.3875062569,Internal FX,Closing,2022-08-06 03:29:08,victor.palmer071@platform.example.com
,2022-08-19,GBP,CAD,0.9965275432,Bloomberg,Daily,2022-08-19 20:20:00,michelle.bender024@analytics.example.com
,2022-08-28,GBP,EUR,0.5189182884,Bloomberg,Daily,2022-08-28 21:28:46,troy.boone097@platform.example.com
,2022-08-21,EUR,SGD,1.3732875444,ECB,Closing,2022-08-21 15:33:23,jennifer.hudson020@analytics.example.com
,2022-08-06,CAD,INR,1.2627018817,Bloomberg,Closing,2022-08-06 20:35:33,ashley.marks069@commerce.example.com
,2022-08-24,MXN,CAD,1.2633192417,ECB,Daily,2022-08-24 22:43:44,jennifer.bauer068@analytics.example.com
,2022-08-25,EUR,AED,1.6117967368,Reuters,Closing,2022-08-25 07:27:02,alyssa.richards002@commerce.example.com
,2022-08-12,MXN,JPY,0.4373884879,Bloomberg,Spot,2022-08-12 23:33:03,jennifer.bauer068@analytics.example.com
,2022-08-08,JPY,MXN,0.7315891946,ECB,Spot,2022-08-08 10:05:17,victor.palmer071@platform.example.com
,2022-08-28,INR,CAD,0.5528189514,ECB,Spot,2022-08-28 00:21:39,maria.ashley046@analytics.example.com
,2022-08-14,GBP,BRL,0.5630560858,ECB,Closing,2022-08-14 09:55:28,anita.garcia021@dataops.example.com
,2022-08-19,INR,AUD,2.6133467628,Bloomberg,Closing,2022-08-19 13:17:07,brandon.yu006@analytics.example.com
,2022-08-14,AED,BRL,0.7747354431,Internal FX,Daily,2022-08-14 14:34:21,jeffery.miller012@commerce.example.com
,2022-08-17,MXN,EUR,0.2880976826,ECB,Daily,2022-08-17 17:11:37,andrea.cummings039@platform.example.com
,2022-08-02,USD,BRL,1.7538940021,ECB,Closing,2022-08-02 21:10:11,john.mullins109@commerce.example.com
,2022-08-26,USD,AUD,2.4129316516,Reuters,Closing,2022-08-26 15:12:32,yesenia.arnold040@platform.example.com
,2022-08-23,AUD,BRL,0.8194376428,Reuters,Spot,2022-08-23 13:23:40,jennifer.hudson020@analytics.example.com
,2022-08-11,GBP,CAD,3.0847846092,ECB,Daily,2022-08-11 16:14:41,maria.ashley046@analytics.example.com
,2022-08-22,SGD,JPY,1.11309971,ECB,Daily,2022-08-22 01:30:58,yolanda.vasquez005@platform.example.com
,2022-08-14,AED,AUD,1.3945600346,ECB,Closing,2022-08-14 00:50:59,kelsey.taylor010@platform.example.com
,2022-08-12,SGD,JPY,1.1916544405,Bloomberg,Closing,2022-08-12 13:42:55,stephen.clark001@analytics.example.com
,2022-08-12,GBP,SGD,0.3693453664,Internal FX,Closing,2022-08-12 22:31:22,amy.holmes103@dataops.example.com
,2022-08-03,JPY,BRL,0.4742731283,Reuters,Daily,2022-08-03 07:39:10,taylor.cunningham023@commerce.example.com
,2022-08-31,CAD,GBP,0.8636505321,Bloomberg,Spot,2022-08-31 02:15:05,yolanda.vasquez005@platform.example.com
,2022-08-31,USD,CAD,1.2277543796,ECB,Closing,2022-08-31 20:37:20,micheal.chen050@dataops.example.com
,2022-08-16,AUD,GBP,0.6275592143,ECB,Daily,2022-08-16 10:52:23,victor.palmer071@platform.example.com
,2022-08-18,MXN,USD,1.6730741983,ECB,Daily,2022-08-18 03:25:37,anita.garcia021@dataops.example.com
,2022-08-19,JPY,EUR,0.2537123437,ECB,Spot,2022-08-19 11:04:26,brandon.yu006@analytics.example.com
,2022-08-13,AUD,MXN,2.7897876351,Internal FX,Daily,2022-08-13 02:38:40,andrea.cummings039@platform.example.com
,2022-08-07,AED,BRL,0.5682195922,ECB,Spot,2022-08-07 20:07:35,alyssa.richards002@commerce.example.com
,2022-08-02,SGD,MXN,1.8509998348,Reuters,Spot,2022-08-02 19:08:51,adam.gordon030@commerce.example.com
,2022-08-27,CAD,SGD,3.180178905,Internal FX,Closing,2022-08-27 01:16:11,christine.carter078@commerce.example.com
,2022-08-20,GBP,EUR,1.0995601015,Bloomberg,Closing,2022-08-20 09:30:05,joann.clark089@commerce.example.com
,2022-08-09,CAD,AED,0.6965754739,ECB,Spot,2022-08-09 09:29:38,victoria.medina044@dataops.example.com
,2022-08-05,JPY,USD,0.6355465277,Internal FX,Closing,2022-08-05 15:38:51,michael.johnson061@platform.example.com
,2022-08-12,EUR,USD,0.8041694454,Internal FX,Daily,2022-08-12 20:56:27,tiffany.freeman101@analytics.example.com
,2022-08-25,SGD,AED,0.2987275806,Internal FX,Daily,2022-08-25 01:36:18,jennifer.hudson020@analytics.example.com
,2022-08-20,BRL,EUR,2.5645325098,Internal FX,Daily,2022-08-20 14:13:05,timothy.cannon081@analytics.example.com
,2022-08-04,BRL,SGD,3.1173297285,Internal FX,Daily,2022-08-04 01:36:08,tiffany.freeman101@analytics.example.com
,2022-08-15,MXN,JPY,1.0986498797,Reuters,Spot,2022-08-15 04:04:52,yolanda.vasquez005@platform.example.com
,2022-08-13,SGD,INR,0.3534881095,Bloomberg,Daily,2022-08-13 20:34:05,victor.palmer071@platform.example.com
,2022-08-14,CAD,MXN,0.9521053552,Bloomberg,Daily,2022-08-14 07:02:49,yolanda.vasquez005@platform.example.com
,2022-08-03,JPY,AUD,1.7445991204,ECB,Daily,2022-08-03 11:23:49,eric.horton058@analytics.example.com
,2022-08-23,BRL,USD,0.3465891596,Internal FX,Daily,2022-08-23 02:22:17,jennifer.bauer068@analytics.example.com
,2022-08-01,GBP,SGD,1.1051100204,Bloomberg,Closing,2022-08-01 01:23:22,timothy.cameron104@commerce.example.com
,2022-08-29,CAD,SGD,0.9740800373,Internal FX,Closing,2022-08-29 00:50:30,darren.anderson025@dataops.example.com
,2022-08-29,CAD,USD,0.6197477253,Reuters,Daily,2022-08-29 17:01:04,taylor.cunningham023@commerce.example.com
,2022-08-04,BRL,JPY,0.9321244106,Reuters,Closing,2022-08-04 12:52:59,michael.berger060@platform.example.com
,2022-08-14,JPY,INR,0.4669516394,Bloomberg,Closing,2022-08-14 12:50:06,brandon.yu006@analytics.example.com
,2022-08-30,USD,SGD,0.8127813374,Bloomberg,Daily,2022-08-30 13:47:41,jennifer.atkins003@platform.example.com
,2022-08-25,BRL,INR,1.2550379289,Internal FX,Daily,2022-08-25 19:37:12,brandon.yu006@analytics.example.com
,2022-08-18,BRL,EUR,0.6281945392,Internal FX,Spot,2022-08-18 11:23:22,michelle.sims041@analytics.example.com
,2022-08-24,JPY,BRL,0.275795635,Internal FX,Spot,2022-08-24 08:23:04,jennifer.hudson020@analytics.example.com
,2022-08-03,AED,AUD,2.4287052613,Internal FX,Spot,2022-08-03 13:02:32,yesenia.arnold040@platform.example.com
,2022-08-16,SGD,GBP,1.0670438563,ECB,Daily,2022-08-16 06:16:35,shawn.baxter004@dataops.example.com
,2022-08-26,AED,INR,1.9377098883,Reuters,Closing,2022-08-26 22:32:58,micheal.hall064@dataops.example.com
,2022-08-23,BRL,AUD,0.690242552,Bloomberg,Closing,2022-08-23 00:40:45,jennifer.bauer068@analytics.example.com
,2022-08-06,AUD,BRL,0.4824554117,ECB,Daily,2022-08-06 07:11:50,michael.johnson061@platform.example.com
,2022-08-27,CAD,GBP,1.9995624888,Bloomberg,Closing,2022-08-27 00:45:57,michael.johnson061@platform.example.com
,2022-08-03,AUD,GBP,1.6147156745,Bloomberg,Daily,2022-08-03 09:27:31,yesenia.arnold040@platform.example.com
,2022-08-25,USD,EUR,2.2109706947,ECB,Daily,2022-08-25 05:06:25,grace.gonzales099@dataops.example.com
,2022-08-24,EUR,AED,0.8631354346,Reuters,Closing,2022-08-24 20:00:19,joseph.johnson049@dataops.example.com
,2022-08-11,GBP,JPY,4.3423343214,Reuters,Closing,2022-08-11 18:04:30,lisa.kim091@platform.example.com
,2022-08-01,USD,BRL,1.7101207539,Internal FX,Closing,2022-08-01 04:46:41,craig.johnson106@analytics.example.com
,2022-08-28,JPY,GBP,1.350972603,ECB,Spot,2022-08-28 08:31:01,yesenia.arnold040@platform.example.com
,2022-08-03,MXN,AUD,1.4706853094,ECB,Daily,2022-08-03 12:37:57,eric.horton058@analytics.example.com
,2022-08-19,SGD,MXN,0.8025760927,Internal FX,Closing,2022-08-19 14:46:54,micheal.chen050@dataops.example.com
,2022-08-30,GBP,INR,1.6251941524,ECB,Daily,2022-08-30 08:28:21,brandi.carter038@dataops.example.com
,2022-08-09,JPY,GBP,3.4153620334,Bloomberg,Daily,2022-08-09 21:44:50,taylor.cunningham023@commerce.example.com
,2022-08-26,AUD,AED,2.549362989,ECB,Spot,2022-08-26 13:35:26,peter.martinez098@platform.example.com
,2022-08-23,MXN,CAD,0.3609990814,Reuters,Closing,2022-08-23 21:37:33,tiffany.freeman101@analytics.example.com
,2022-08-31,GBP,INR,0.7186237818,ECB,Daily,2022-08-31 19:19:55,yesenia.arnold040@platform.example.com
,2022-08-25,GBP,JPY,3.9602541482,Internal FX,Closing,2022-08-25 14:27:19,darren.anderson025@dataops.example.com
,2022-08-04,MXN,JPY,1.102061958,ECB,Daily,2022-08-04 04:04:06,ryan.steele043@commerce.example.com
,2022-08-18,AED,JPY,1.898679004,Reuters,Closing,2022-08-18 12:27:02,victoria.medina044@dataops.example.com
,2022-08-03,USD,EUR,1.1419371865,Internal FX,Daily,2022-08-03 20:49:08,tiffany.freeman101@analytics.example.com
,2022-08-03,CAD,GBP,0.7097001179,Internal FX,Daily,2022-08-03 23:04:38,lance.williams029@platform.example.com
,2022-08-25,BRL,MXN,0.4293757981,Bloomberg,Closing,2022-08-25 12:48:57,jennifer.hudson020@analytics.example.com
,2022-08-29,EUR,USD,1.0074319839,Bloomberg,Closing,2022-08-29 03:14:07,andrea.cummings039@platform.example.com
,2022-08-04,INR,BRL,0.891665992,Internal FX,Closing,2022-08-04 04:57:19,darren.anderson025@dataops.example.com
,2022-08-05,SGD,INR,1.2624829624,ECB,Spot,2022-08-05 05:42:09,tina.williams074@commerce.example.com
,2022-08-11,AUD,INR,2.7406414159,Reuters,Spot,2022-08-11 22:04:06,michael.johnson061@platform.example.com
,2022-08-05,SGD,CAD,2.3638444923,ECB,Closing,2022-08-05 18:01:46,brandon.yu006@analytics.example.com
,2022-08-25,GBP,SGD,0.8896211237,Reuters,Spot,2022-08-25 10:25:58,susan.rice083@commerce.example.com
,2022-08-06,SGD,GBP,0.9066068853,Reuters,Daily,2022-08-06 16:12:49,alyssa.richards002@commerce.example.com
,2022-08-12,AED,SGD,1.721001315,ECB,Spot,2022-08-12 08:05:05,amy.holmes103@dataops.example.com
,2022-08-24,INR,AUD,0.4192458424,Bloomberg,Closing,2022-08-24 20:37:11,anita.garcia021@dataops.example.com
,2022-08-29,AUD,BRL,2.0334865411,Internal FX,Closing,2022-08-29 11:29:07,ryan.steele043@commerce.example.com
,2022-08-21,EUR,GBP,0.575266057,ECB,Spot,2022-08-21 14:34:47,stephen.clark001@analytics.example.com
,2022-08-28,INR,USD,0.6734898049,Internal FX,Spot,2022-08-28 17:29:51,jennifer.atkins003@platform.example.com
,2022-08-31,CAD,AED,1.0100016127,Bloomberg,Closing,2022-08-31 18:54:01,kelsey.taylor010@platform.example.com
,2022-08-08,BRL,CAD,0.8554232468,Bloomberg,Closing,2022-08-08 11:21:43,darren.anderson025@dataops.example.com
,2022-08-09,SGD,BRL,2.0528234512,Internal FX,Daily,2022-08-09 02:05:47,micheal.hall064@dataops.example.com
,2022-08-07,MXN,JPY,1.4018810927,ECB,Spot,2022-08-07 21:13:07,michelle.bender024@analytics.example.com
,2022-08-23,MXN,USD,0.6601961505,Internal FX,Daily,2022-08-23 18:28:24,kevin.mathews014@analytics.example.com
,2022-08-09,AED,AUD,0.5970342603,Bloomberg,Daily,2022-08-09 08:21:42,yesenia.arnold040@platform.example.com
,2022-08-25,AED,EUR,3.0530102323,Reuters,Closing,2022-08-25 15:48:37,brandon.yu006@analytics.example.com
,2022-08-22,SGD,AUD,0.2134732697,Bloomberg,Closing,2022-08-22 06:12:01,david.cabrera119@dataops.example.com
,2022-08-08,CAD,USD,0.4347657623,Reuters,Daily,2022-08-08 12:00:20,amy.holmes103@dataops.example.com
,2022-08-22,INR,EUR,0.6486484931,ECB,Closing,2022-08-22 09:03:13,chelsea.patel065@commerce.example.com
,2022-08-23,JPY,GBP,1.1322835495,ECB,Closing,2022-08-23 04:18:19,brandon.yu006@analytics.example.com
,2022-08-27,BRL,GBP,1.3272256514,ECB,Closing,2022-08-27 09:18:46,micheal.chen050@dataops.example.com
,2022-08-15,AED,MXN,1.8781701282,Internal FX,Closing,2022-08-15 07:45:00,jeffery.miller012@commerce.example.com
,2022-08-09,EUR,CAD,0.2793934781,Bloomberg,Closing,2022-08-09 00:09:07,craig.johnson106@analytics.example.com
,2022-08-07,AED,BRL,1.2846549291,Reuters,Closing,2022-08-07 14:06:56,andrea.cummings039@platform.example.com
,2022-08-05,JPY,SGD,0.3316318597,Reuters,Daily,2022-08-05 08:43:25,katelyn.pitts017@commerce.example.com
,2022-08-20,MXN,JPY,0.6639471102,ECB,Daily,2022-08-20 23:16:43,jimmy.washington028@commerce.example.com
,2022-08-31,SGD,USD,1.0068028529,Bloomberg,Spot,2022-08-31 10:27:49,joseph.johnson049@dataops.example.com
,2022-08-02,MXN,SGD,1.036111793,Reuters,Daily,2022-08-02 12:53:45,christine.carter078@commerce.example.com
,2022-08-02,GBP,JPY,0.3865156478,Reuters,Spot,2022-08-02 07:34:59,amy.holmes103@dataops.example.com
,2022-08-12,MXN,USD,3.0996644072,Reuters,Closing,2022-08-12 12:40:53,jennifer.bauer068@analytics.example.com
,2022-08-11,INR,AUD,0.5681758099,Internal FX,Daily,2022-08-11 03:49:53,christine.johnson056@commerce.example.com
,2022-08-25,USD,CAD,0.6524972583,Bloomberg,Spot,2022-08-25 13:29:46,michelle.sims041@analytics.example.com
,2022-08-17,EUR,MXN,1.322628391,ECB,Closing,2022-08-17 11:24:11,christine.carter078@commerce.example.com
,2022-08-11,JPY,BRL,0.3557174797,Reuters,Daily,2022-08-11 09:53:02,andrea.cummings039@platform.example.com
,2022-08-22,EUR,JPY,1.2614339101,ECB,Spot,2022-08-22 11:06:39,patrick.gonzalez035@dataops.example.com
,2022-08-19,INR,AUD,1.6437569379,ECB,Daily,2022-08-19 13:41:06,tiffany.freeman101@analytics.example.com
,2022-08-20,BRL,AED,1.0036462326,Reuters,Closing,2022-08-20 12:52:12,megan.cunningham013@commerce.example.com
,2022-08-07,EUR,BRL,1.5648890131,Bloomberg,Closing,2022-08-07 18:33:49,michelle.bender024@analytics.example.com
,2022-08-20,AED,BRL,0.6867297551,ECB,Closing,2022-08-20 19:35:04,patrick.gonzalez035@dataops.example.com
,2022-08-06,CAD,MXN,0.9692120782,Bloomberg,Spot,2022-08-06 06:06:48,craig.johnson106@analytics.example.com
,2022-08-06,SGD,AUD,0.3295776469,Reuters,Closing,2022-08-06 08:55:27,brandi.carter038@dataops.example.com
,2022-08-29,INR,MXN,0.7695358111,Internal FX,Spot,2022-08-29 09:41:08,christine.johnson056@commerce.example.com
,2022-08-02,USD,BRL,0.2899657531,ECB,Spot,2022-08-02 16:59:40,megan.cunningham013@commerce.example.com
,2022-08-12,INR,AED,1.2920474822,Bloomberg,Closing,2022-08-12 04:10:42,sylvia.diaz107@dataops.example.com
,2022-08-31,GBP,AED,0.9563384665,Internal FX,Daily,2022-08-31 00:54:31,patrick.gonzalez035@dataops.example.com
,2022-08-22,USD,AED,2.1977564464,Internal FX,Daily,2022-08-22 05:59:41,kelsey.taylor010@platform.example.com
,2022-08-19,SGD,GBP,1.7708244163,Reuters,Spot,2022-08-19 04:32:18,john.mullins109@commerce.example.com
,2022-08-01,GBP,AED,1.859113778,Bloomberg,Closing,2022-08-01 09:15:49,david.cabrera119@dataops.example.com
,2022-08-15,USD,SGD,1.973852621,Bloomberg,Closing,2022-08-15 12:10:42,peter.martinez098@platform.example.com
,2022-08-10,USD,INR,6.3313914805,Bloomberg,Closing,2022-08-10 19:32:26,adam.gordon030@commerce.example.com
,2022-08-23,SGD,INR,1.1009395335,ECB,Spot,2022-08-23 11:27:23,darren.anderson025@dataops.example.com
,2022-08-03,EUR,SGD,0.1970030137,ECB,Daily,2022-08-03 19:26:16,andrea.cummings039@platform.example.com
,2022-08-09,EUR,GBP,4.6993141642,Reuters,Spot,2022-08-09 03:58:51,stephen.clark001@analytics.example.com
,2022-08-31,AED,MXN,1.1261068987,Internal FX,Daily,2022-08-31 00:54:13,david.cabrera119@dataops.example.com
,2022-08-11,INR,JPY,0.5602766422,Reuters,Daily,2022-08-11 08:39:33,michael.berger060@platform.example.com
,2022-08-23,MXN,GBP,1.8015112693,Reuters,Daily,2022-08-23 20:05:40,taylor.cunningham023@commerce.example.com
,2022-08-13,AUD,JPY,0.3124652011,Reuters,Closing,2022-08-13 10:13:01,micheal.hall064@dataops.example.com
,2022-08-17,AED,USD,3.389477143,ECB,Daily,2022-08-17 21:40:07,timothy.cameron104@commerce.example.com
,2022-08-18,SGD,JPY,0.4906983971,Bloomberg,Daily,2022-08-18 19:04:35,grace.gonzales099@dataops.example.com
,2022-08-18,EUR,SGD,1.0564307842,Internal FX,Daily,2022-08-18 06:42:44,eric.horton058@analytics.example.com
,2022-08-17,INR,AED,1.0651128338,ECB,Closing,2022-08-17 19:49:06,christine.johnson056@commerce.example.com
,2022-08-17,USD,CAD,1.8968959998,ECB,Daily,2022-08-17 02:11:11,andrew.ellis102@analytics.example.com
,2022-08-22,USD,CAD,1.4358913172,Internal FX,Daily,2022-08-22 16:38:06,micheal.chen050@dataops.example.com
,2022-08-03,CAD,JPY,0.875762126,ECB,Spot,2022-08-03 00:55:42,jeffery.miller012@commerce.example.com
,2022-08-25,SGD,JPY,0.373842716,Internal FX,Closing,2022-08-25 01:43:48,lance.williams029@platform.example.com
,2022-08-03,EUR,SGD,1.0323193125,Bloomberg,Closing,2022-08-03 05:25:17,troy.boone097@platform.example.com
,2022-08-16,SGD,USD,1.6633365252,Bloomberg,Closing,2022-08-16 09:20:55,chelsea.patel065@commerce.example.com
,2022-08-24,AUD,MXN,2.8309646621,ECB,Spot,2022-08-24 12:09:39,stephen.clark001@analytics.example.com
,2022-08-22,EUR,AED,3.038682919,Reuters,Daily,2022-08-22 16:34:49,ryan.steele043@commerce.example.com
,2022-08-29,CAD,AUD,0.9761423809,ECB,Spot,2022-08-29 16:45:09,timothy.cannon081@analytics.example.com
,2022-08-23,MXN,USD,0.9613498296,Internal FX,Closing,2022-08-23 04:40:49,michelle.sims041@analytics.example.com
,2022-08-30,BRL,EUR,1.7275591331,Internal FX,Closing,2022-08-30 09:56:16,lance.williams029@platform.example.com
,2022-08-04,USD,BRL,1.901465356,Reuters,Daily,2022-08-04 06:01:34,andrea.cummings039@platform.example.com
,2022-08-20,AUD,CAD,1.2040647521,ECB,Spot,2022-08-20 12:03:57,darren.anderson025@dataops.example.com
,2022-08-04,USD,CAD,0.2642959819,Reuters,Daily,2022-08-04 23:10:23,patrick.gonzalez035@dataops.example.com
,2022-08-26,INR,GBP,0.3196760033,ECB,Closing,2022-08-26 13:27:14,michael.johnson061@platform.example.com
,2022-08-15,EUR,USD,0.5127255076,Internal FX,Daily,2022-08-15 01:38:31,brian.taylor114@analytics.example.com
,2022-08-18,INR,MXN,0.6987991177,ECB,Daily,2022-08-18 10:22:23,timothy.cannon081@analytics.example.com
,2022-08-29,EUR,USD,1.7591557671,ECB,Daily,2022-08-29 04:11:58,micheal.chen050@dataops.example.com
,2022-08-07,AUD,JPY,0.7422158367,Reuters,Spot,2022-08-07 13:22:02,patrick.gonzalez035@dataops.example.com
,2022-08-31,CAD,GBP,0.7497432562,Internal FX,Daily,2022-08-31 07:12:31,shawn.baxter004@dataops.example.com
,2022-08-02,AUD,JPY,0.6000053171,Reuters,Daily,2022-08-02 01:16:37,ashley.marks069@commerce.example.com
,2022-08-13,CAD,MXN,0.2206980469,Reuters,Closing,2022-08-13 07:27:52,yesenia.arnold040@platform.example.com
,2022-08-27,CAD,AUD,0.4676498475,Reuters,Daily,2022-08-27 18:00:53,grace.gonzales099@dataops.example.com
,2022-08-24,CAD,INR,1.7872661077,Bloomberg,Spot,2022-08-24 05:42:09,jason.franklin045@dataops.example.com
,2022-08-30,USD,AED,1.1485492042,Bloomberg,Spot,2022-08-30 12:27:54,yesenia.arnold040@platform.example.com
,2022-08-12,INR,AED,1.533844756,Bloomberg,Closing,2022-08-12 13:03:37,jennifer.hudson020@analytics.example.com
,2022-08-30,INR,CAD,3.6942318033,ECB,Daily,2022-08-30 08:49:59,michael.johnson061@platform.example.com
,2022-08-31,INR,MXN,3.0055890721,Internal FX,Closing,2022-08-31 17:24:25,megan.cunningham013@commerce.example.com
,2022-08-29,GBP,JPY,1.191241707,Bloomberg,Spot,2022-08-29 12:32:19,joseph.johnson049@dataops.example.com
,2022-08-13,MXN,GBP,0.6628918367,Internal FX,Closing,2022-08-13 02:33:51,ashley.marks069@commerce.example.com
,2022-08-12,CAD,JPY,1.285384998,Internal FX,Closing,2022-08-12 05:39:39,adam.gordon030@commerce.example.com
,2022-08-26,MXN,AED,0.479487676,Internal FX,Closing,2022-08-26 01:41:41,yolanda.vasquez005@platform.example.com
,2022-08-12,AED,USD,0.9475417001,Bloomberg,Daily,2022-08-12 19:06:53,lance.williams029@platform.example.com
,2022-08-12,EUR,USD,2.7523625771,Internal FX,Closing,2022-08-12 19:14:56,kevin.mathews014@analytics.example.com
,2022-08-28,MXN,SGD,0.8425539478,Internal FX,Closing,2022-08-28 10:43:52,jeffery.miller012@commerce.example.com
,2022-08-16,MXN,USD,0.5700147921,Reuters,Closing,2022-08-16 10:26:00,megan.cunningham013@commerce.example.com
,2022-08-01,JPY,SGD,0.9885536536,Internal FX,Daily,2022-08-01 08:53:48,yesenia.arnold040@platform.example.com
,2022-08-15,INR,GBP,0.3564200545,ECB,Daily,2022-08-15 11:25:12,joseph.johnson049@dataops.example.com
,2022-08-29,USD,AUD,0.3879740551,Reuters,Spot,2022-08-29 04:17:47,jason.franklin045@dataops.example.com
,2022-08-25,AED,SGD,0.588991535,Internal FX,Spot,2022-08-25 00:35:52,ryan.steele043@commerce.example.com
,2022-08-07,AUD,GBP,1.5615152742,Bloomberg,Spot,2022-08-07 20:48:27,david.cabrera119@dataops.example.com
,2022-08-20,USD,GBP,0.6961372145,Bloomberg,Closing,2022-08-20 01:50:01,jennifer.bauer068@analytics.example.com
,2022-08-06,BRL,AUD,0.2131651668,ECB,Spot,2022-08-06 05:24:23,stephen.clark001@analytics.example.com
,2022-08-23,INR,SGD,2.4289356677,Bloomberg,Closing,2022-08-23 23:21:51,michelle.bender024@analytics.example.com
,2022-08-27,GBP,SGD,0.6946554386,Internal FX,Daily,2022-08-27 14:54:51,christine.johnson056@commerce.example.com
,2022-08-23,MXN,BRL,1.1816935894,Reuters,Spot,2022-08-23 20:41:53,micheal.chen050@dataops.example.com
,2022-08-05,AED,USD,0.4569857438,Reuters,Daily,2022-08-05 11:24:24,tiffany.freeman101@analytics.example.com
,2022-08-27,SGD,MXN,1.1998870838,Reuters,Closing,2022-08-27 17:56:14,jennifer.bauer068@analytics.example.com
,2022-08-21,AED,SGD,3.7051156667,Reuters,Spot,2022-08-21 07:51:00,tina.williams074@commerce.example.com
,2022-08-22,AUD,GBP,1.5575905798,Bloomberg,Spot,2022-08-22 21:18:39,patrick.gonzalez035@dataops.example.com
,2022-08-31,MXN,SGD,4.2920876283,ECB,Closing,2022-08-31 12:56:11,joann.clark089@commerce.example.com
,2022-08-08,MXN,USD,1.3402660462,Internal FX,Closing,2022-08-08 02:18:13,grace.gonzales099@dataops.example.com
,2022-08-09,AED,MXN,3.0656161323,ECB,Daily,2022-08-09 21:41:47,brian.taylor114@analytics.example.com
,2022-08-25,JPY,EUR,2.5502419968,Reuters,Closing,2022-08-25 21:25:42,lance.williams029@platform.example.com
,2022-08-07,BRL,EUR,3.2515783654,Internal FX,Spot,2022-08-07 13:36:45,brandi.carter038@dataops.example.com
,2022-08-12,AED,SGD,0.674148958,ECB,Daily,2022-08-12 18:12:27,andrew.ellis102@analytics.example.com
,2022-08-31,BRL,EUR,0.7406576056,Bloomberg,Closing,2022-08-31 12:02:32,chelsea.patel065@commerce.example.com
,2022-08-05,GBP,AUD,1.3107780201,Internal FX,Closing,2022-08-05 01:53:29,david.cabrera119@dataops.example.com
,2022-08-20,JPY,GBP,2.15281278,Reuters,Daily,2022-08-20 04:04:48,jennifer.bauer068@analytics.example.com
,2022-08-27,INR,GBP,0.5981396357,Internal FX,Spot,2022-08-27 19:24:58,jennifer.bauer068@analytics.example.com
,2022-08-07,GBP,JPY,0.2966157385,Internal FX,Closing,2022-08-07 00:05:30,jennifer.hudson020@analytics.example.com
,2022-08-24,MXN,AED,0.7425466203,Bloomberg,Daily,2022-08-24 20:08:36,david.cabrera119@dataops.example.com
,2022-08-19,BRL,JPY,1.9715791521,Reuters,Daily,2022-08-19 04:00:58,ashley.marks069@commerce.example.com
,2022-08-03,AUD,BRL,1.0605848301,ECB,Closing,2022-08-03 02:12:36,ryan.steele043@commerce.example.com
,2022-08-14,JPY,BRL,2.4817162081,ECB,Spot,2022-08-14 14:55:22,jennifer.bauer068@analytics.example.com
,2022-08-31,EUR,AED,1.1808436192,ECB,Closing,2022-08-31 09:31:31,jimmy.washington028@commerce.example.com
,2022-08-05,CAD,JPY,0.7868868499,Reuters,Spot,2022-08-05 14:42:11,andrea.cummings039@platform.example.com
,2022-08-25,GBP,BRL,1.7546104126,Reuters,Daily,2022-08-25 07:13:15,lisa.kim091@platform.example.com
,2022-08-05,MXN,JPY,1.8525233777,Bloomberg,Closing,2022-08-05 08:52:20,james.proctor094@dataops.example.com
,2022-08-04,SGD,MXN,3.5083143966,Internal FX,Daily,2022-08-04 15:05:39,susan.rice083@commerce.example.com
,2022-08-31,CAD,GBP,3.901512883,ECB,Closing,2022-08-31 10:01:58,brandon.yu006@analytics.example.com
,2022-08-22,EUR,AUD,0.832458396,Reuters,Daily,2022-08-22 08:24:43,brian.taylor114@analytics.example.com
,2022-08-21,SGD,USD,0.9598772806,Reuters,Spot,2022-08-21 13:50:40,michelle.sims041@analytics.example.com
,2022-08-12,AED,USD,2.3299854779,Reuters,Closing,2022-08-12 08:02:24,timothy.cameron104@commerce.example.com
,2022-08-03,BRL,INR,1.0387584359,Internal FX,Daily,2022-08-03 20:17:12,john.mullins109@commerce.example.com
,2022-08-13,GBP,INR,0.836069873,Reuters,Spot,2022-08-13 21:08:20,michelle.bender024@analytics.example.com
,2022-08-18,JPY,GBP,0.5587836805,Internal FX,Closing,2022-08-18 18:30:42,brandon.yu006@analytics.example.com
,2022-08-09,AED,MXN,0.6203526137,ECB,Spot,2022-08-09 23:00:17,jimmy.washington028@commerce.example.com
,2022-08-23,USD,AED,0.3531025212,Bloomberg,Daily,2022-08-23 03:53:34,eric.mullen052@dataops.example.com
,2022-08-08,AUD,EUR,6.3077054307,Internal FX,Spot,2022-08-08 17:16:42,chelsea.patel065@commerce.example.com
,2022-08-07,GBP,SGD,1.8015689661,Reuters,Daily,2022-08-07 16:07:57,eric.mullen052@dataops.example.com
,2022-08-23,SGD,AUD,1.2569043273,Reuters,Spot,2022-08-23 05:27:18,christine.carter078@commerce.example.com
,2022-08-21,GBP,USD,1.7309388727,Bloomberg,Daily,2022-08-21 05:02:35,megan.cunningham013@commerce.example.com
,2022-08-23,CAD,USD,0.6301513672,ECB,Closing,2022-08-23 08:57:53,jennifer.atkins003@platform.example.com
,2022-08-17,AED,MXN,1.504430458,Reuters,Spot,2022-08-17 11:41:27,joann.clark089@commerce.example.com
,2022-08-29,GBP,EUR,4.2178800773,ECB,Closing,2022-08-29 07:45:32,shawn.baxter004@dataops.example.com
,2022-08-15,JPY,AED,1.6235410339,ECB,Spot,2022-08-15 20:44:10,stephen.clark001@analytics.example.com
,2022-08-29,AUD,BRL,0.3205287212,Reuters,Daily,2022-08-29 18:25:21,michael.berger060@platform.example.com
,2022-08-30,JPY,SGD,4.5106073277,Bloomberg,Spot,2022-08-30 14:34:05,jason.franklin045@dataops.example.com
,2022-08-15,INR,BRL,2.9818001758,ECB,Daily,2022-08-15 10:52:14,craig.johnson106@analytics.example.com
,2022-08-26,GBP,MXN,1.2621442206,Bloomberg,Spot,2022-08-26 21:43:36,craig.johnson106@analytics.example.com
,2022-08-09,BRL,CAD,0.8881482437,ECB,Daily,2022-08-09 10:05:05,victoria.medina044@dataops.example.com
,2022-08-27,USD,BRL,1.1689265629,Internal FX,Closing,2022-08-27 14:23:12,renee.harvey080@dataops.example.com
,2022-08-04,EUR,SGD,0.4554194168,Reuters,Closing,2022-08-04 23:20:41,peter.martinez098@platform.example.com
,2022-08-19,BRL,MXN,0.9550633639,Internal FX,Spot,2022-08-19 23:54:11,david.cabrera119@dataops.example.com
,2022-08-06,JPY,AED,3.0002221446,Bloomberg,Spot,2022-08-06 02:31:03,alyssa.richards002@commerce.example.com
,2022-08-03,MXN,USD,1.2274613938,ECB,Spot,2022-08-03 06:15:06,christine.carter078@commerce.example.com
,2022-08-16,AED,JPY,1.0622715864,ECB,Daily,2022-08-16 02:58:05,michael.berger060@platform.example.com
,2022-08-02,JPY,SGD,0.4314652603,Reuters,Daily,2022-08-02 23:09:53,victoria.medina044@dataops.example.com
,2022-08-15,BRL,INR,0.5958369564,Internal FX,Daily,2022-08-15 17:00:02,tina.williams074@commerce.example.com
,2022-08-22,GBP,CAD,1.5077035931,ECB,Closing,2022-08-22 01:16:56,grace.gonzales099@dataops.example.com
,2022-08-03,CAD,MXN,1.1187485202,Reuters,Spot,2022-08-03 21:45:44,katelyn.pitts017@commerce.example.com
,2022-08-12,JPY,AUD,0.5187447815,ECB,Closing,2022-08-12 02:34:11,brandon.yu006@analytics.example.com
,2022-08-14,AED,USD,3.5044751558,ECB,Closing,2022-08-14 13:21:17,joseph.johnson049@dataops.example.com
,2022-08-04,INR,BRL,2.1972678884,Bloomberg,Daily,2022-08-04 00:30:30,alyssa.richards002@commerce.example.com
,2022-08-28,USD,CAD,2.2722613278,Reuters,Spot,2022-08-28 20:14:33,brandon.yu006@analytics.example.com
,2022-08-12,MXN,USD,6.2643728546,Bloomberg,Daily,2022-08-12 17:20:29,lisa.kim091@platform.example.com
,2022-08-17,MXN,EUR,0.9626955753,Internal FX,Spot,2022-08-17 16:23:59,yolanda.vasquez005@platform.example.com
,2022-08-15,USD,AED,0.9681122903,Bloomberg,Closing,2022-08-15 07:52:42,patrick.gonzalez035@dataops.example.com
,2022-08-01,MXN,EUR,1.158548906,Bloomberg,Closing,2022-08-01 03:49:39,ryan.steele043@commerce.example.com
,2022-08-30,AUD,CAD,1.5119304537,Internal FX,Daily,2022-08-30 18:03:53,lisa.kim091@platform.example.com
,2022-08-12,JPY,EUR,0.8530182448,Bloomberg,Spot,2022-08-12 17:13:04,michelle.sims041@analytics.example.com
,2022-08-23,BRL,MXN,0.972022448,ECB,Spot,2022-08-23 05:35:02,ryan.steele043@commerce.example.com
,2022-08-14,CAD,BRL,0.2855390798,Reuters,Spot,2022-08-14 20:16:44,brian.taylor114@analytics.example.com
,2022-08-31,CAD,AED,0.9807096062,Internal FX,Closing,2022-08-31 12:37:38,ryan.steele043@commerce.example.com
,2022-08-10,CAD,GBP,1.0767534668,Internal FX,Spot,2022-08-10 18:57:48,tina.williams074@commerce.example.com
,2022-08-01,AUD,AED,2.1884063568,ECB,Daily,2022-08-01 12:05:10,christine.johnson056@commerce.example.com
,2022-08-06,SGD,MXN,0.8268302777,Internal FX,Daily,2022-08-06 12:53:01,timothy.cameron104@commerce.example.com
,2022-08-19,AED,JPY,1.8120574456,Reuters,Daily,2022-08-19 21:08:24,eric.mullen052@dataops.example.com
,2022-08-31,SGD,GBP,5.2298397096,ECB,Daily,2022-08-31 00:18:38,ashley.marks069@commerce.example.com
,2022-08-30,JPY,MXN,2.3972402018,Bloomberg,Closing,2022-08-30 10:51:45,michelle.bender024@analytics.example.com
,2022-08-28,USD,AED,0.3376230978,Internal FX,Closing,2022-08-28 19:08:14,sandra.hunter036@platform.example.com
,2022-08-20,GBP,CAD,3.6009112392,Bloomberg,Spot,2022-08-20 15:49:45,jimmy.washington028@commerce.example.com
,2022-08-15,EUR,SGD,1.8398682149,Bloomberg,Closing,2022-08-15 03:11:31,renee.harvey080@dataops.example.com
,2022-08-26,AUD,EUR,0.9033612731,ECB,Spot,2022-08-26 06:27:14,jimmy.washington028@commerce.example.com
,2022-08-01,INR,AUD,0.7460413092,Reuters,Daily,2022-08-01 15:41:50,lisa.kim091@platform.example.com
,2022-08-13,MXN,SGD,1.5269108894,ECB,Spot,2022-08-13 00:13:02,david.cabrera119@dataops.example.com
,2022-08-05,GBP,USD,1.2980771784,Bloomberg,Closing,2022-08-05 23:06:38,michael.berger060@platform.example.com
,2022-08-25,EUR,INR,0.6661180846,Reuters,Closing,2022-08-25 21:06:10,kelsey.taylor010@platform.example.com
,2022-08-16,MXN,JPY,0.3581540838,Internal FX,Daily,2022-08-16 13:31:30,michelle.bender024@analytics.example.com
,2022-08-02,AUD,INR,1.3948786785,Internal FX,Daily,2022-08-02 20:25:38,eric.horton058@analytics.example.com
,2022-08-31,SGD,CAD,0.8087974847,Reuters,Spot,2022-08-31 04:26:58,darren.anderson025@dataops.example.com
,2022-08-25,MXN,BRL,0.3567073063,ECB,Daily,2022-08-25 10:50:28,david.cabrera119@dataops.example.com
,2022-08-02,SGD,MXN,3.8823930612,Reuters,Daily,2022-08-02 22:44:19,peter.martinez098@platform.example.com
,2022-08-05,AUD,MXN,0.3270017073,Reuters,Closing,2022-08-05 05:43:50,jennifer.atkins003@platform.example.com
,2022-08-23,CAD,JPY,0.4344689745,Bloomberg,Closing,2022-08-23 21:47:03,lisa.kim091@platform.example.com
,2022-08-19,AUD,INR,1.4821874029,ECB,Spot,2022-08-19 07:28:12,jennifer.bauer068@analytics.example.com
,2022-08-05,USD,MXN,0.8909758412,Reuters,Daily,2022-08-05 13:21:07,brandi.carter038@dataops.example.com
,2022-08-07,BRL,USD,1.7357942089,ECB,Closing,2022-08-07 23:40:47,michelle.sims041@analytics.example.com
,2022-08-10,BRL,EUR,1.1589767,Bloomberg,Closing,2022-08-10 14:25:03,lance.williams029@platform.example.com
,2022-08-19,SGD,EUR,1.78051692,Internal FX,Spot,2022-08-19 02:42:06,victoria.medina044@dataops.example.com
,2022-08-26,CAD,GBP,0.6977721101,Bloomberg,Daily,2022-08-26 10:29:32,andrew.ellis102@analytics.example.com
,2022-08-27,CAD,SGD,1.6642120721,Internal FX,Closing,2022-08-27 02:43:19,andrew.ellis102@analytics.example.com
,2022-08-27,AED,AUD,1.3729519567,Internal FX,Spot,2022-08-27 09:01:11,anita.garcia021@dataops.example.com
,2022-08-26,CAD,AED,0.8573588076,Reuters,Daily,2022-08-26 09:13:28,taylor.cunningham023@commerce.example.com
,2022-08-26,INR,CAD,0.7695168328,Bloomberg,Closing,2022-08-26 03:39:47,ashley.marks069@commerce.example.com
,2022-08-21,BRL,AED,1.0292224028,Bloomberg,Closing,2022-08-21 22:49:03,jennifer.hudson020@analytics.example.com
,2022-08-04,CAD,MXN,0.5799170724,Bloomberg,Daily,2022-08-04 09:28:01,timothy.cameron104@commerce.example.com
,2022-08-24,AED,CAD,0.982450241,ECB,Daily,2022-08-24 20:49:17,yolanda.vasquez005@platform.example.com
,2022-08-21,INR,EUR,0.7165301398,ECB,Daily,2022-08-21 07:32:13,troy.boone097@platform.example.com
,2022-08-16,BRL,AED,1.4840449343,Bloomberg,Spot,2022-08-16 04:01:44,yolanda.vasquez005@platform.example.com
,2022-08-06,BRL,AED,2.4050706312,ECB,Spot,2022-08-06 07:56:28,kevin.mathews014@analytics.example.com
,2022-08-19,USD,MXN,0.5121538102,ECB,Closing,2022-08-19 10:18:09,jason.franklin045@dataops.example.com
,2022-08-01,SGD,JPY,0.7730034808,ECB,Spot,2022-08-01 12:01:52,adam.gordon030@commerce.example.com
,2022-08-31,INR,JPY,0.8535504015,ECB,Daily,2022-08-31 15:40:50,troy.boone097@platform.example.com
,2022-08-13,GBP,JPY,0.4615012533,Bloomberg,Closing,2022-08-13 05:37:36,jennifer.hudson020@analytics.example.com
,2022-08-27,BRL,JPY,0.3053457538,ECB,Daily,2022-08-27 04:12:41,brian.taylor114@analytics.example.com
,2022-08-17,BRL,MXN,0.4594265864,Internal FX,Spot,2022-08-17 09:18:19,jason.franklin045@dataops.example.com
,2022-08-06,EUR,SGD,1.0077889056,Internal FX,Daily,2022-08-06 10:36:10,ashley.marks069@commerce.example.com
,2022-08-29,AUD,AED,0.4267566721,ECB,Closing,2022-08-29 19:23:12,eric.mullen052@dataops.example.com
,2022-08-02,EUR,AUD,2.4901666101,Internal FX,Closing,2022-08-02 09:45:24,katelyn.pitts017@commerce.example.com
,2022-08-12,BRL,CAD,1.5741480933,Bloomberg,Daily,2022-08-12 08:41:49,amy.holmes103@dataops.example.com
,2022-08-05,BRL,CAD,0.5550144874,ECB,Spot,2022-08-05 13:23:48,michael.johnson061@platform.example.com
,2022-08-25,JPY,CAD,2.2237680336,Reuters,Daily,2022-08-25 17:15:29,eric.mullen052@dataops.example.com
,2022-08-27,JPY,INR,0.982414774,ECB,Spot,2022-08-27 09:14:58,kevin.mathews014@analytics.example.com
,2022-08-01,GBP,AUD,0.6738143877,Internal FX,Closing,2022-08-01 08:41:25,anita.garcia021@dataops.example.com
,2022-08-10,MXN,INR,0.09448891,Reuters,Closing,2022-08-10 18:01:06,christine.carter078@commerce.example.com
,2022-08-27,AED,EUR,0.7533738397,ECB,Closing,2022-08-27 02:39:21,renee.harvey080@dataops.example.com
,2022-08-19,EUR,USD,0.9608360291,Internal FX,Daily,2022-08-19 05:10:31,john.mullins109@commerce.example.com
,2022-08-04,INR,CAD,0.6859658896,Bloomberg,Spot,2022-08-04 06:04:41,sylvia.diaz107@dataops.example.com
,2022-08-27,GBP,USD,0.6138753031,Internal FX,Closing,2022-08-27 22:14:45,eric.mullen052@dataops.example.com
,2022-08-20,AUD,BRL,1.9140533965,Bloomberg,Spot,2022-08-20 04:49:37,yolanda.vasquez005@platform.example.com
,2022-08-14,INR,CAD,0.9934078276,Reuters,Daily,2022-08-14 04:31:11,patrick.gonzalez035@dataops.example.com
,2022-08-09,SGD,BRL,0.3610226601,Bloomberg,Spot,2022-08-09 04:25:51,michelle.sims041@analytics.example.com
,2022-08-16,CAD,AED,2.5370134882,ECB,Spot,2022-08-16 09:20:47,sylvia.diaz107@dataops.example.com
,2022-08-08,BRL,GBP,0.5995441349,Reuters,Closing,2022-08-08 21:44:09,tina.williams074@commerce.example.com
,2022-08-23,SGD,AUD,0.6769622327,Reuters,Daily,2022-08-23 06:08:52,renee.harvey080@dataops.example.com
,2022-08-09,MXN,JPY,0.4467219721,ECB,Spot,2022-08-09 07:59:44,troy.boone097@platform.example.com
,2022-08-20,JPY,MXN,2.059123253,Internal FX,Spot,2022-08-20 14:11:13,troy.boone097@platform.example.com
,2022-08-17,GBP,BRL,1.7600446011,Reuters,Spot,2022-08-17 17:26:24,michael.berger060@platform.example.com
,2022-08-05,AUD,BRL,0.8662732518,Reuters,Closing,2022-08-05 06:11:17,brandi.carter038@dataops.example.com
,2022-08-19,AUD,CAD,0.5839346107,Internal FX,Spot,2022-08-19 01:23:55,ashley.marks069@commerce.example.com
,2022-08-23,CAD,GBP,3.8071056619,Bloomberg,Daily,2022-08-23 20:38:23,michael.berger060@platform.example.com
,2022-08-09,USD,AUD,1.4364728448,Reuters,Closing,2022-08-09 21:01:14,craig.johnson106@analytics.example.com
,2022-08-04,EUR,CAD,0.4393384386,ECB,Spot,2022-08-04 08:14:17,yolanda.vasquez005@platform.example.com
,2022-08-26,AED,JPY,1.900407839,ECB,Closing,2022-08-26 01:38:22,shawn.baxter004@dataops.example.com
,2022-08-27,MXN,INR,2.3910602773,Reuters,Closing,2022-08-27 07:53:34,megan.cunningham013@commerce.example.com
,2022-08-16,MXN,AUD,0.4509828243,Reuters,Spot,2022-08-16 02:02:13,eric.mullen052@dataops.example.com
,2022-08-10,BRL,INR,0.737153303,Reuters,Daily,2022-08-10 17:52:21,joseph.johnson049@dataops.example.com
,2022-08-09,AED,JPY,0.7881128144,Bloomberg,Closing,2022-08-09 03:25:44,alyssa.richards002@commerce.example.com
,2022-08-12,EUR,INR,1.254967588,Reuters,Closing,2022-08-12 20:29:56,shawn.baxter004@dataops.example.com
,2022-08-11,AUD,BRL,5.7179296148,Internal FX,Spot,2022-08-11 06:35:33,troy.boone097@platform.example.com
,2022-08-05,AED,INR,3.5313172213,ECB,Closing,2022-08-05 10:01:47,chelsea.patel065@commerce.example.com
,2022-08-14,SGD,GBP,0.2471676761,Internal FX,Daily,2022-08-14 00:15:53,timothy.cameron104@commerce.example.com
,2022-08-23,USD,CAD,1.3127904224,Reuters,Closing,2022-08-23 06:53:13,victor.palmer071@platform.example.com
,2022-08-02,SGD,AUD,0.9768659678,Bloomberg,Closing,2022-08-02 10:10:09,micheal.hall064@dataops.example.com
,2022-08-04,JPY,USD,3.1293103524,Internal FX,Daily,2022-08-04 06:33:34,brandon.yu006@analytics.example.com
,2022-08-15,JPY,SGD,2.6625226074,Reuters,Spot,2022-08-15 02:24:22,jimmy.washington028@commerce.example.com
,2022-08-15,AED,EUR,3.4030125705,ECB,Closing,2022-08-15 07:21:39,amy.holmes103@dataops.example.com
,2022-08-03,SGD,GBP,0.7659913151,ECB,Daily,2022-08-03 18:16:57,grace.gonzales099@dataops.example.com
,2022-08-29,SGD,CAD,1.3738880111,ECB,Daily,2022-08-29 15:06:36,adam.gordon030@commerce.example.com
,2022-08-13,CAD,AED,0.516681344,Bloomberg,Spot,2022-08-13 06:33:16,kevin.mathews014@analytics.example.com
,2022-08-17,INR,MXN,0.540903321,Reuters,Closing,2022-08-17 19:23:45,micheal.hall064@dataops.example.com
,2022-08-16,USD,CAD,3.4952311869,ECB,Daily,2022-08-16 12:44:43,anita.garcia021@dataops.example.com
,2022-08-28,INR,JPY,0.2096247397,ECB,Closing,2022-08-28 07:58:19,michael.johnson061@platform.example.com
,2022-08-24,EUR,BRL,1.3312772215,Internal FX,Closing,2022-08-24 05:16:10,peter.martinez098@platform.example.com
,2022-08-03,USD,GBP,3.1452554059,ECB,Daily,2022-08-03 00:57:39,ryan.steele043@commerce.example.com
,2022-08-07,BRL,AUD,0.3852510855,Reuters,Closing,2022-08-07 20:58:13,troy.boone097@platform.example.com
,2022-08-27,GBP,BRL,1.8687460402,Bloomberg,Closing,2022-08-27 22:10:00,michael.berger060@platform.example.com
,2022-08-17,AED,BRL,0.2217943391,Bloomberg,Closing,2022-08-17 02:13:09,jason.franklin045@dataops.example.com
,2022-08-14,GBP,AUD,1.1003620295,Internal FX,Daily,2022-08-14 01:07:47,lisa.kim091@platform.example.com
,2022-08-16,CAD,BRL,1.5593065646,Bloomberg,Closing,2022-08-16 15:47:28,chelsea.patel065@commerce.example.com
,2022-08-11,EUR,MXN,0.4312252158,Internal FX,Spot,2022-08-11 14:56:09,chelsea.patel065@commerce.example.com
,2022-08-23,SGD,EUR,3.4458916692,Bloomberg,Daily,2022-08-23 02:57:03,michelle.sims041@analytics.example.com
,2022-08-28,SGD,USD,2.328350753,Reuters,Closing,2022-08-28 19:59:57,jennifer.hudson020@analytics.example.com
,2022-08-15,MXN,JPY,1.1500708581,Bloomberg,Closing,2022-08-15 00:16:29,victor.palmer071@platform.example.com
,2022-08-02,AED,USD,1.0005951567,Reuters,Spot,2022-08-02 19:08:27,troy.boone097@platform.example.com
,2022-08-14,EUR,CAD,1.6011732676,Bloomberg,Spot,2022-08-14 06:51:35,andrea.cummings039@platform.example.com
,2022-08-16,AUD,GBP,2.7550364034,ECB,Spot,2022-08-16 15:47:46,michelle.sims041@analytics.example.com
,2022-08-01,EUR,JPY,1.163460779,Reuters,Closing,2022-08-01 02:38:02,adam.gordon030@commerce.example.com
,2022-08-19,USD,GBP,1.6763388267,Internal FX,Daily,2022-08-19 22:08:55,jason.franklin045@dataops.example.com
,2022-08-24,AED,AUD,2.3730035573,Reuters,Closing,2022-08-24 09:32:39,yolanda.vasquez005@platform.example.com
,2022-08-15,AUD,JPY,1.3261223024,Internal FX,Spot,2022-08-15 20:40:51,michael.berger060@platform.example.com
,2022-08-12,BRL,AED,0.2715544909,Reuters,Spot,2022-08-12 15:36:25,lisa.kim091@platform.example.com
,2022-08-30,MXN,GBP,0.9407333045,Internal FX,Daily,2022-08-30 19:01:29,victoria.medina044@dataops.example.com
,2022-08-22,USD,BRL,0.6397777106,Reuters,Spot,2022-08-22 04:11:24,yesenia.arnold040@platform.example.com
,2022-08-25,CAD,MXN,1.8321223794,ECB,Closing,2022-08-25 03:18:06,troy.boone097@platform.example.com
,2022-08-02,BRL,AED,0.7816816997,Reuters,Closing,2022-08-02 22:19:14,amy.holmes103@dataops.example.com
,2022-08-27,EUR,INR,1.7224853372,Reuters,Daily,2022-08-27 06:17:07,eric.mullen052@dataops.example.com
,2022-08-29,MXN,GBP,0.6228677069,ECB,Daily,2022-08-29 16:26:14,yolanda.vasquez005@platform.example.com
,2022-08-15,GBP,JPY,1.9311182147,ECB,Spot,2022-08-15 11:01:32,sylvia.diaz107@dataops.example.com
,2022-08-02,AUD,INR,1.2423773288,Reuters,Closing,2022-08-02 09:09:08,jennifer.bauer068@analytics.example.com
,2022-08-26,GBP,JPY,0.6612805789,Bloomberg,Daily,2022-08-26 00:52:00,kelsey.taylor010@platform.example.com
,2022-08-20,AED,JPY,2.0743445314,Internal FX,Closing,2022-08-20 04:52:30,andrea.cummings039@platform.example.com
,2022-08-28,SGD,CAD,3.923472058,ECB,Closing,2022-08-28 17:09:47,brandon.yu006@analytics.example.com
,2022-08-22,MXN,AED,0.380898745,Bloomberg,Daily,2022-08-22 05:48:59,taylor.cunningham023@commerce.example.com
,2022-08-17,AUD,AED,0.603379143,Reuters,Closing,2022-08-17 08:56:37,lisa.kim091@platform.example.com
,2022-08-12,GBP,BRL,0.8766797316,ECB,Closing,2022-08-12 10:18:35,michelle.bender024@analytics.example.com
,2022-08-10,USD,AED,0.5900249777,Bloomberg,Spot,2022-08-10 13:15:49,brandi.carter038@dataops.example.com
,2022-08-31,INR,GBP,0.7044794638,Reuters,Closing,2022-08-31 00:39:53,christine.carter078@commerce.example.com
,2022-08-18,USD,INR,0.3846154699,Internal FX,Spot,2022-08-18 11:49:39,maria.ashley046@analytics.example.com
,2022-08-06,SGD,JPY,1.5759244307,Reuters,Closing,2022-08-06 06:43:30,chelsea.patel065@commerce.example.com
,2022-08-13,INR,SGD,0.4010113581,Internal FX,Spot,2022-08-13 17:56:29,taylor.cunningham023@commerce.example.com
,2022-08-25,JPY,INR,3.0570169198,ECB,Spot,2022-08-25 13:48:02,michelle.bender024@analytics.example.com
,2022-08-02,SGD,JPY,1.8967396601,Bloomberg,Daily,2022-08-02 04:13:11,micheal.chen050@dataops.example.com
,2022-08-02,JPY,AED,1.5186289077,ECB,Closing,2022-08-02 12:59:08,peter.martinez098@platform.example.com
,2022-08-31,MXN,BRL,0.9478015242,Reuters,Closing,2022-08-31 17:41:47,jennifer.bauer068@analytics.example.com
,2022-08-31,BRL,AED,0.3997256065,Bloomberg,Closing,2022-08-31 03:13:42,brandon.yu006@analytics.example.com
,2022-08-30,MXN,CAD,1.0675572244,Reuters,Closing,2022-08-30 11:54:58,ryan.steele043@commerce.example.com
,2022-08-02,CAD,INR,1.016476269,ECB,Daily,2022-08-02 03:45:36,david.cabrera119@dataops.example.com
,2022-08-01,EUR,JPY,1.4209796285,Bloomberg,Spot,2022-08-01 11:53:33,tiffany.freeman101@analytics.example.com
,2022-08-21,AUD,AED,0.4981697156,ECB,Daily,2022-08-21 23:01:50,lisa.kim091@platform.example.com
,2022-08-08,BRL,AED,0.749105279,ECB,Spot,2022-08-08 04:18:44,james.proctor094@dataops.example.com
,2022-08-21,EUR,BRL,1.0449824585,Reuters,Daily,2022-08-21 20:01:37,eric.horton058@analytics.example.com
,2022-08-12,SGD,EUR,1.2469523166,Internal FX,Daily,2022-08-12 17:42:22,christine.carter078@commerce.example.com
,2022-08-26,MXN,INR,0.6993327934,ECB,Closing,2022-08-26 15:02:48,christine.johnson056@commerce.example.com
,2022-08-15,EUR,SGD,0.749174269,Reuters,Spot,2022-08-15 12:10:42,anita.garcia021@dataops.example.com
,2022-08-20,EUR,MXN,0.5398298147,Reuters,Closing,2022-08-20 01:01:23,jennifer.hudson020@analytics.example.com
,2022-08-14,INR,SGD,0.8454727406,Bloomberg,Closing,2022-08-14 23:48:34,stephen.daniels076@commerce.example.com
,2022-08-05,USD,EUR,3.3294690102,Reuters,Closing,2022-08-05 02:27:57,andrea.cummings039@platform.example.com
,2022-08-02,AUD,BRL,0.9803509942,ECB,Daily,2022-08-02 18:32:54,alyssa.richards002@commerce.example.com
,2022-08-31,EUR,JPY,0.1904798584,ECB,Closing,2022-08-31 12:55:42,amy.holmes103@dataops.example.com
,2022-08-20,JPY,USD,1.6705267879,Bloomberg,Closing,2022-08-20 11:41:24,kevin.mathews014@analytics.example.com
,2022-08-13,EUR,INR,2.6887822094,Bloomberg,Closing,2022-08-13 16:29:56,micheal.chen050@dataops.example.com
,2022-08-11,USD,GBP,2.1250649319,Bloomberg,Spot,2022-08-11 03:09:40,troy.boone097@platform.example.com
,2022-08-20,JPY,BRL,0.5893227115,Internal FX,Closing,2022-08-20 21:06:41,sylvia.diaz107@dataops.example.com
,2022-08-22,MXN,INR,1.9075100124,Reuters,Daily,2022-08-22 05:23:59,james.proctor094@dataops.example.com
,2022-08-17,AUD,AED,0.7699849716,ECB,Spot,2022-08-17 21:53:45,timothy.cannon081@analytics.example.com
,2022-08-22,USD,BRL,1.0139790904,Internal FX,Closing,2022-08-22 12:23:03,jimmy.washington028@commerce.example.com
,2022-08-01,GBP,MXN,1.9239134018,ECB,Spot,2022-08-01 21:34:00,tiffany.freeman101@analytics.example.com
,2022-08-31,JPY,CAD,1.1977920321,Internal FX,Spot,2022-08-31 07:28:21,jeffery.miller012@commerce.example.com
,2022-08-12,EUR,MXN,1.1673142556,ECB,Daily,2022-08-12 01:34:13,micheal.hall064@dataops.example.com
,2022-08-25,INR,MXN,0.8268038427,Internal FX,Spot,2022-08-25 07:19:26,darren.anderson025@dataops.example.com
,2022-08-05,AED,CAD,1.6285681218,Reuters,Spot,2022-08-05 02:12:25,christine.carter078@commerce.example.com
,2022-08-02,AUD,CAD,0.6660323983,Internal FX,Closing,2022-08-02 12:24:38,grace.gonzales099@dataops.example.com
,2022-08-27,CAD,JPY,1.5136403836,Reuters,Daily,2022-08-27 16:03:02,andrew.ellis102@analytics.example.com
,2022-08-08,EUR,SGD,1.175225316,Reuters,Closing,2022-08-08 07:13:52,andrew.ellis102@analytics.example.com
,2022-08-23,GBP,USD,2.9526644151,Reuters,Closing,2022-08-23 15:12:58,jennifer.bauer068@analytics.example.com
,2022-08-20,GBP,USD,1.5749323256,ECB,Daily,2022-08-20 11:49:42,tiffany.freeman101@analytics.example.com
,2022-08-19,USD,CAD,0.5997904197,Reuters,Closing,2022-08-19 01:43:44,micheal.chen050@dataops.example.com
,2022-08-10,CAD,INR,1.586898611,Reuters,Closing,2022-08-10 13:36:13,christine.carter078@commerce.example.com
,2022-08-06,SGD,AUD,1.1775010386,Bloomberg,Closing,2022-08-06 19:26:26,stephen.daniels076@commerce.example.com
,2022-08-03,CAD,MXN,1.5178288267,Internal FX,Daily,2022-08-03 18:24:14,eric.mullen052@dataops.example.com
,2022-08-19,MXN,GBP,0.3740649236,Reuters,Closing,2022-08-19 14:59:51,susan.rice083@commerce.example.com
,2022-08-18,MXN,AUD,1.3606452635,ECB,Closing,2022-08-18 22:13:09,taylor.cunningham023@commerce.example.com
,2022-08-04,MXN,AED,0.5882188299,Internal FX,Daily,2022-08-04 01:29:57,sylvia.diaz107@dataops.example.com
,2022-08-23,BRL,AED,1.3300404011,Internal FX,Closing,2022-08-23 03:48:48,timothy.cameron104@commerce.example.com
,2022-08-12,MXN,AED,1.4437094291,Internal FX,Spot,2022-08-12 00:34:04,andrew.ellis102@analytics.example.com
,2022-08-12,AED,INR,0.7092737221,Reuters,Spot,2022-08-12 08:30:00,alyssa.richards002@commerce.example.com
,2022-08-06,MXN,SGD,1.2042829067,Reuters,Daily,2022-08-06 13:10:35,brandon.yu006@analytics.example.com
,2022-08-24,SGD,CAD,1.729943782,Bloomberg,Spot,2022-08-24 01:32:50,joann.clark089@commerce.example.com
,2022-08-30,GBP,EUR,0.2623417947,Bloomberg,Spot,2022-08-30 02:03:30,michael.johnson061@platform.example.com
,2022-08-11,USD,JPY,3.2784031447,Internal FX,Closing,2022-08-11 15:49:23,ryan.steele043@commerce.example.com
,2022-08-01,INR,JPY,0.3337645774,ECB,Spot,2022-08-01 18:06:23,peter.martinez098@platform.example.com
,2022-08-16,BRL,USD,0.4844249697,Bloomberg,Daily,2022-08-16 10:58:02,brandi.carter038@dataops.example.com
,2022-08-16,GBP,CAD,0.2106550336,Bloomberg,Closing,2022-08-16 12:36:11,eric.horton058@analytics.example.com
,2022-08-08,EUR,SGD,0.4950875091,Internal FX,Daily,2022-08-08 05:46:36,kelsey.taylor010@platform.example.com
,2022-08-08,CAD,JPY,2.1317902931,ECB,Daily,2022-08-08 08:12:15,jeffery.miller012@commerce.example.com
,2022-08-20,JPY,EUR,0.3710605201,Bloomberg,Daily,2022-08-20 08:34:59,michelle.bender024@analytics.example.com
,2022-08-05,AED,USD,1.0956447988,Reuters,Spot,2022-08-05 05:45:45,lisa.kim091@platform.example.com
,2022-08-25,AED,AUD,1.3091219885,Reuters,Daily,2022-08-25 20:08:24,michelle.bender024@analytics.example.com
,2022-08-26,MXN,CAD,0.8135029516,Bloomberg,Closing,2022-08-26 05:38:24,tiffany.freeman101@analytics.example.com
,2022-08-06,CAD,GBP,1.9830796851,Bloomberg,Spot,2022-08-06 01:45:48,troy.boone097@platform.example.com
,2022-08-26,JPY,SGD,1.2838733514,Reuters,Closing,2022-08-26 16:30:08,renee.harvey080@dataops.example.com
,2022-08-28,INR,AUD,0.5428178408,ECB,Spot,2022-08-28 15:28:29,michelle.bender024@analytics.example.com
,2022-08-16,BRL,INR,1.2893284548,ECB,Closing,2022-08-16 16:21:25,susan.rice083@commerce.example.com
,2022-08-02,USD,GBP,0.4874730224,ECB,Daily,2022-08-02 14:18:24,michelle.sims041@analytics.example.com
,2022-08-20,AUD,BRL,1.5131579126,ECB,Closing,2022-08-20 00:33:49,timothy.cannon081@analytics.example.com
,2022-08-07,CAD,BRL,1.678132579,Bloomberg,Closing,2022-08-07 17:54:41,tiffany.freeman101@analytics.example.com
,2022-08-02,JPY,INR,0.5556543402,Reuters,Closing,2022-08-02 22:22:10,ryan.steele043@commerce.example.com
,2022-08-04,MXN,USD,1.1774774137,Internal FX,Closing,2022-08-04 13:05:57,jennifer.hudson020@analytics.example.com
,2022-08-26,INR,CAD,1.1445876702,ECB,Closing,2022-08-26 02:21:22,craig.johnson106@analytics.example.com
,2022-08-29,SGD,JPY,3.8297255627,Reuters,Spot,2022-08-29 13:04:35,alyssa.richards002@commerce.example.com
,2022-08-17,BRL,AUD,2.2978635673,Reuters,Closing,2022-08-17 02:19:23,timothy.cameron104@commerce.example.com
,2022-08-01,JPY,AED,0.9695327787,Bloomberg,Closing,2022-08-01 15:28:38,jason.franklin045@dataops.example.com
,2022-08-30,AED,JPY,0.9922272436,Internal FX,Spot,2022-08-30 20:06:41,tiffany.freeman101@analytics.example.com
,2022-08-01,USD,MXN,1.3147184642,Bloomberg,Daily,2022-08-01 23:19:28,maria.ashley046@analytics.example.com
,2022-08-04,GBP,USD,0.5905879522,Bloomberg,Daily,2022-08-04 00:53:10,tiffany.freeman101@analytics.example.com
,2022-08-14,GBP,AED,0.7811259365,ECB,Closing,2022-08-14 17:52:53,yolanda.vasquez005@platform.example.com
,2022-08-13,EUR,MXN,0.9141700989,Bloomberg,Closing,2022-08-13 12:26:58,troy.boone097@platform.example.com
,2022-08-16,INR,USD,1.1503839318,ECB,Closing,2022-08-16 12:45:19,craig.johnson106@analytics.example.com
,2022-08-28,GBP,MXN,1.2130923963,ECB,Spot,2022-08-28 14:25:12,tiffany.freeman101@analytics.example.com
,2022-08-05,EUR,JPY,0.6465970233,ECB,Closing,2022-08-05 04:04:49,shawn.baxter004@dataops.example.com
,2022-08-12,SGD,INR,0.7751024217,Internal FX,Daily,2022-08-12 01:24:28,stephen.clark001@analytics.example.com
,2022-08-21,SGD,AUD,0.1824875218,Bloomberg,Spot,2022-08-21 11:09:36,renee.harvey080@dataops.example.com
,2022-08-04,MXN,JPY,1.4185413554,Bloomberg,Daily,2022-08-04 02:19:02,peter.martinez098@platform.example.com
,2022-08-21,MXN,USD,1.6352742466,ECB,Spot,2022-08-21 18:15:39,jennifer.atkins003@platform.example.com
,2022-08-15,INR,EUR,1.6646232185,Reuters,Closing,2022-08-15 02:22:02,anita.garcia021@dataops.example.com
,2022-08-23,JPY,BRL,0.508042724,Reuters,Closing,2022-08-23 02:44:41,stephen.daniels076@commerce.example.com
,2022-08-11,BRL,MXN,0.4579340245,Internal FX,Closing,2022-08-11 04:17:52,tiffany.freeman101@analytics.example.com
,2022-08-13,BRL,CAD,0.5868193901,Internal FX,Spot,2022-08-13 07:45:15,kevin.mathews014@analytics.example.com
,2022-08-03,JPY,USD,0.6172698554,Internal FX,Daily,2022-08-03 14:24:38,renee.harvey080@dataops.example.com
,2022-08-28,CAD,EUR,0.8119180725,Reuters,Daily,2022-08-28 05:19:16,darren.anderson025@dataops.example.com
,2022-08-17,JPY,EUR,1.7297792287,Bloomberg,Closing,2022-08-17 17:38:13,jennifer.atkins003@platform.example.com
,2022-08-04,INR,SGD,1.0361102743,Internal FX,Spot,2022-08-04 17:14:15,peter.martinez098@platform.example.com
,2022-08-24,USD,INR,1.5107278427,ECB,Spot,2022-08-24 09:06:04,timothy.cannon081@analytics.example.com
,2022-08-04,AUD,CAD,0.7212203983,ECB,Closing,2022-08-04 20:34:09,ryan.steele043@commerce.example.com
,2022-08-22,CAD,AED,0.8690336525,Internal FX,Closing,2022-08-22 22:31:52,jennifer.bauer068@analytics.example.com
,2022-08-25,AUD,MXN,1.6895767233,Bloomberg,Daily,2022-08-25 07:21:43,kevin.mathews014@analytics.example.com
,2022-08-28,USD,BRL,0.4745322822,Reuters,Closing,2022-08-28 16:50:01,victor.palmer071@platform.example.com
,2022-08-18,USD,AUD,0.6603463174,Reuters,Daily,2022-08-18 03:37:05,eric.mullen052@dataops.example.com
,2022-08-26,EUR,SGD,0.7980491036,ECB,Spot,2022-08-26 00:09:36,yesenia.arnold040@platform.example.com
,2022-08-20,AED,EUR,0.3344608897,Internal FX,Closing,2022-08-20 23:03:02,michael.berger060@platform.example.com
,2022-08-12,BRL,EUR,1.8534641748,Reuters,Spot,2022-08-12 22:57:27,timothy.cannon081@analytics.example.com
,2022-08-20,AUD,MXN,0.281539848,Internal FX,Daily,2022-08-20 10:59:51,kevin.mathews014@analytics.example.com
,2022-08-21,JPY,EUR,0.5708225845,Reuters,Closing,2022-08-21 14:45:18,michelle.sims041@analytics.example.com
,2022-08-07,BRL,INR,0.2655771071,Reuters,Daily,2022-08-07 11:14:25,megan.cunningham013@commerce.example.com
,2022-08-24,EUR,SGD,1.9617677699,Internal FX,Spot,2022-08-24 20:04:10,shawn.baxter004@dataops.example.com
,2022-08-14,GBP,AUD,0.8800570601,ECB,Daily,2022-08-14 17:45:01,lisa.kim091@platform.example.com
,2022-08-01,GBP,BRL,1.1704907325,Reuters,Spot,2022-08-01 16:35:24,john.mullins109@commerce.example.com
,2022-08-04,GBP,EUR,3.4631062605,Bloomberg,Closing,2022-08-04 02:52:01,micheal.chen050@dataops.example.com
,2022-08-11,INR,CAD,1.1946175408,ECB,Spot,2022-08-11 16:24:26,jennifer.bauer068@analytics.example.com
,2022-08-24,INR,MXN,2.162998361,ECB,Spot,2022-08-24 19:34:17,shawn.baxter004@dataops.example.com
,2022-08-20,MXN,USD,9.2318860829,Reuters,Spot,2022-08-20 13:44:01,kevin.mathews014@analytics.example.com
,2022-08-05,AED,EUR,0.4502509868,Bloomberg,Closing,2022-08-05 20:42:45,troy.boone097@platform.example.com
,2022-08-30,AUD,MXN,0.7864454681,ECB,Daily,2022-08-30 18:28:56,grace.gonzales099@dataops.example.com
,2022-08-20,AUD,CAD,1.3114384653,ECB,Daily,2022-08-20 22:22:25,adam.gordon030@commerce.example.com
,2022-08-10,BRL,SGD,0.8234240388,ECB,Daily,2022-08-10 11:43:01,jason.franklin045@dataops.example.com
,2022-08-03,INR,MXN,1.7918662585,Bloomberg,Closing,2022-08-03 12:43:07,jennifer.hudson020@analytics.example.com
,2022-08-01,BRL,CAD,0.7758029736,Bloomberg,Spot,2022-08-01 12:37:02,jennifer.hudson020@analytics.example.com
,2022-08-04,GBP,CAD,3.0283956047,Internal FX,Spot,2022-08-04 10:34:49,jimmy.washington028@commerce.example.com
,2022-08-11,BRL,SGD,2.6373544147,Reuters,Closing,2022-08-11 03:07:43,adam.gordon030@commerce.example.com
,2022-08-16,INR,EUR,0.4141471235,ECB,Closing,2022-08-16 04:07:32,brandon.yu006@analytics.example.com
,2022-08-22,AUD,CAD,6.3331904151,ECB,Daily,2022-08-22 01:14:32,lance.williams029@platform.example.com
,2022-08-28,SGD,AUD,0.7456502966,Reuters,Closing,2022-08-28 17:07:14,yesenia.arnold040@platform.example.com
,2022-08-06,GBP,BRL,2.8695140389,Internal FX,Daily,2022-08-06 02:58:01,adam.gordon030@commerce.example.com
,2022-08-13,INR,EUR,1.0391184457,Internal FX,Closing,2022-08-13 13:03:18,brandon.yu006@analytics.example.com
,2022-08-11,USD,AED,0.7391509546,Bloomberg,Spot,2022-08-11 10:10:22,brandon.yu006@analytics.example.com
,2022-08-31,INR,CAD,0.8076097635,Bloomberg,Closing,2022-08-31 06:22:02,john.mullins109@commerce.example.com
,2022-08-30,SGD,INR,0.8389027854,Bloomberg,Spot,2022-08-30 13:23:41,michelle.sims041@analytics.example.com
,2022-08-06,EUR,GBP,1.6826517395,Bloomberg,Closing,2022-08-06 19:15:59,chelsea.patel065@commerce.example.com
,2022-08-05,JPY,MXN,0.5062605879,Bloomberg,Closing,2022-08-05 07:39:42,susan.rice083@commerce.example.com
,2022-08-07,BRL,SGD,3.1057312111,Internal FX,Daily,2022-08-07 12:44:46,brian.taylor114@analytics.example.com
,2022-08-14,MXN,USD,0.6842603354,Internal FX,Spot,2022-08-14 20:17:02,yesenia.arnold040@platform.example.com
,2022-08-17,EUR,INR,1.1084312382,Reuters,Closing,2022-08-17 15:35:04,troy.boone097@platform.example.com
,2022-08-31,USD,BRL,0.6665518633,Internal FX,Daily,2022-08-31 18:30:26,michael.berger060@platform.example.com
,2022-08-19,INR,JPY,1.3333329196,Reuters,Closing,2022-08-19 23:30:24,eric.mullen052@dataops.example.com
,2022-08-25,SGD,MXN,3.5831911991,Bloomberg,Daily,2022-08-25 02:38:35,jennifer.atkins003@platform.example.com
,2022-08-10,INR,USD,0.4428641873,Internal FX,Closing,2022-08-10 17:03:58,yolanda.vasquez005@platform.example.com
,2022-08-26,AED,CAD,2.1878872986,Bloomberg,Daily,2022-08-26 07:13:34,victoria.medina044@dataops.example.com
,2022-08-09,JPY,CAD,0.5150011811,ECB,Spot,2022-08-09 22:18:41,andrea.cummings039@platform.example.com
,2022-08-14,CAD,SGD,1.0802514574,ECB,Daily,2022-08-14 07:21:39,katelyn.pitts017@commerce.example.com
,2022-08-18,EUR,INR,0.7935305609,Bloomberg,Daily,2022-08-18 10:35:49,timothy.cannon081@analytics.example.com
,2022-08-22,SGD,INR,1.0144121285,Internal FX,Daily,2022-08-22 07:05:54,amy.holmes103@dataops.example.com
,2022-08-04,AUD,CAD,2.1095128536,Bloomberg,Spot,2022-08-04 03:48:31,kelsey.taylor010@platform.example.com
,2022-08-14,AED,JPY,0.8455879394,Internal FX,Daily,2022-08-14 22:06:25,jennifer.atkins003@platform.example.com
,2022-08-28,USD,JPY,0.4769487112,ECB,Daily,2022-08-28 21:44:11,andrew.ellis102@analytics.example.com
,2022-08-07,BRL,INR,0.6695904189,Bloomberg,Daily,2022-08-07 05:52:31,jennifer.bauer068@analytics.example.com
,2022-08-31,JPY,AUD,3.7364076249,ECB,Closing,2022-08-31 18:01:09,christine.johnson056@commerce.example.com
,2022-08-01,EUR,JPY,0.2237795671,Bloomberg,Daily,2022-08-01 12:54:30,brandi.carter038@dataops.example.com
,2022-08-31,GBP,JPY,1.2535268604,ECB,Spot,2022-08-31 00:17:36,renee.harvey080@dataops.example.com
,2022-08-16,USD,EUR,1.6215017683,ECB,Spot,2022-08-16 20:59:56,renee.harvey080@dataops.example.com
,2022-08-30,INR,SGD,0.951400888,Internal FX,Daily,2022-08-30 15:32:09,jeffery.miller012@commerce.example.com
,2022-08-18,MXN,INR,3.9849450867,ECB,Spot,2022-08-18 19:25:42,james.proctor094@dataops.example.com
,2022-08-31,JPY,CAD,2.3279678344,Reuters,Spot,2022-08-31 11:18:29,jennifer.atkins003@platform.example.com
,2022-08-24,GBP,BRL,1.3429903331,Internal FX,Spot,2022-08-24 12:14:30,maria.ashley046@analytics.example.com
,2022-08-09,BRL,AED,0.2291090787,Internal FX,Spot,2022-08-09 08:49:44,michelle.bender024@analytics.example.com
,2022-08-26,EUR,INR,1.8974368906,Reuters,Closing,2022-08-26 23:53:29,michelle.bender024@analytics.example.com
,2022-08-09,CAD,SGD,2.9808722667,Reuters,Spot,2022-08-09 14:03:14,ryan.steele043@commerce.example.com
,2022-08-10,USD,INR,0.2994723804,Reuters,Closing,2022-08-10 05:34:11,yolanda.vasquez005@platform.example.com
,2022-08-24,INR,AED,1.5411815591,ECB,Spot,2022-08-24 19:19:26,micheal.chen050@dataops.example.com
,2022-08-22,AUD,INR,0.7119737535,Reuters,Closing,2022-08-22 03:08:25,darren.anderson025@dataops.example.com
,2022-08-24,JPY,MXN,1.5646875245,Internal FX,Spot,2022-08-24 18:01:05,tiffany.freeman101@analytics.example.com
,2022-08-26,INR,MXN,0.9789399495,Internal FX,Spot,2022-08-26 22:14:37,alyssa.richards002@commerce.example.com
,2022-08-02,JPY,CAD,1.2692550353,ECB,Closing,2022-08-02 04:47:02,jennifer.bauer068@analytics.example.com
,2022-08-06,CAD,SGD,1.0255569053,ECB,Daily,2022-08-06 02:43:54,micheal.hall064@dataops.example.com
,2022-08-28,BRL,GBP,1.0467766496,Bloomberg,Spot,2022-08-28 20:29:38,sylvia.diaz107@dataops.example.com
,2022-08-12,SGD,INR,2.4033972607,Internal FX,Spot,2022-08-12 13:42:19,joseph.johnson049@dataops.example.com
,2022-08-21,CAD,USD,0.6185670309,Reuters,Spot,2022-08-21 19:44:16,james.proctor094@dataops.example.com
,2022-08-17,GBP,MXN,2.1517094675,ECB,Daily,2022-08-17 21:52:58,ryan.steele043@commerce.example.com
,2022-08-21,INR,GBP,0.4315485832,Internal FX,Daily,2022-08-21 11:25:26,adam.gordon030@commerce.example.com
,2022-08-11,USD,BRL,0.5641106854,Reuters,Closing,2022-08-11 13:17:47,joann.clark089@commerce.example.com
,2022-08-26,BRL,AUD,2.0271419259,Bloomberg,Closing,2022-08-26 19:05:09,eric.horton058@analytics.example.com
,2022-08-03,BRL,GBP,0.5872384122,ECB,Spot,2022-08-03 06:43:12,sylvia.diaz107@dataops.example.com
,2022-08-15,JPY,AUD,0.7218256466,ECB,Daily,2022-08-15 07:48:34,timothy.cameron104@commerce.example.com
,2022-08-30,AED,EUR,2.144168493,Bloomberg,Spot,2022-08-30 05:47:14,michelle.bender024@analytics.example.com
,2022-08-13,JPY,BRL,0.92644048,Bloomberg,Closing,2022-08-13 02:42:04,tiffany.freeman101@analytics.example.com
,2022-08-04,USD,INR,2.3204310142,Internal FX,Spot,2022-08-04 20:04:37,victor.palmer071@platform.example.com
,2022-08-09,CAD,GBP,0.8549341325,Internal FX,Spot,2022-08-09 06:43:27,adam.gordon030@commerce.example.com
,2022-08-15,INR,MXN,7.3074198345,ECB,Daily,2022-08-15 14:35:29,troy.boone097@platform.example.com
,2022-08-14,JPY,MXN,1.4975625484,Bloomberg,Closing,2022-08-14 10:07:07,susan.rice083@commerce.example.com
,2022-08-14,EUR,SGD,0.5996057678,Reuters,Closing,2022-08-14 03:01:43,eric.mullen052@dataops.example.com
,2022-08-15,USD,AED,0.5985676305,Bloomberg,Daily,2022-08-15 17:40:02,micheal.chen050@dataops.example.com
,2022-08-25,INR,GBP,6.590194031,ECB,Closing,2022-08-25 03:12:14,john.mullins109@commerce.example.com
,2022-08-19,GBP,MXN,0.6535023222,Reuters,Spot,2022-08-19 11:04:28,kevin.mathews014@analytics.example.com
,2022-08-14,AUD,CAD,1.914064958,Bloomberg,Daily,2022-08-14 01:20:25,amy.holmes103@dataops.example.com
,2022-08-24,USD,AED,0.740544963,Bloomberg,Daily,2022-08-24 23:00:49,troy.boone097@platform.example.com
,2022-08-14,INR,USD,0.6006706739,Internal FX,Spot,2022-08-14 10:23:18,jimmy.washington028@commerce.example.com
,2022-08-02,AED,INR,1.0690205056,ECB,Daily,2022-08-02 22:12:10,micheal.hall064@dataops.example.com
,2022-08-13,SGD,AUD,1.4688659542,Reuters,Daily,2022-08-13 08:04:03,grace.gonzales099@dataops.example.com
,2022-08-20,INR,SGD,0.7145473518,Bloomberg,Spot,2022-08-20 00:56:08,brian.taylor114@analytics.example.com
,2022-08-18,GBP,SGD,1.5240048469,Internal FX,Closing,2022-08-18 11:43:54,christine.carter078@commerce.example.com
,2022-08-18,USD,SGD,1.8619121962,Reuters,Spot,2022-08-18 11:24:00,sandra.hunter036@platform.example.com
,2022-08-05,BRL,AED,0.9660007809,Reuters,Spot,2022-08-05 01:12:17,brandon.yu006@analytics.example.com
,2022-08-29,CAD,AED,1.5134923986,Bloomberg,Spot,2022-08-29 16:53:01,chelsea.patel065@commerce.example.com
,2022-08-26,MXN,SGD,0.9375198647,Bloomberg,Daily,2022-08-26 09:46:57,megan.cunningham013@commerce.example.com
,2022-08-19,AED,AUD,0.6136482129,Bloomberg,Spot,2022-08-19 15:59:02,yesenia.arnold040@platform.example.com
,2022-08-28,GBP,USD,1.6122017558,ECB,Spot,2022-08-28 14:55:45,christine.johnson056@commerce.example.com
,2022-08-14,MXN,JPY,0.3032211264,Internal FX,Daily,2022-08-14 08:48:56,patrick.gonzalez035@dataops.example.com
,2022-08-24,INR,USD,2.4633573176,ECB,Daily,2022-08-24 02:23:01,michelle.sims041@analytics.example.com
,2022-08-05,CAD,AUD,0.7728839345,ECB,Closing,2022-08-05 05:18:24,michelle.sims041@analytics.example.com
,2022-08-21,USD,BRL,3.2121297772,Reuters,Spot,2022-08-21 18:37:43,jennifer.bauer068@analytics.example.com
,2022-08-17,EUR,BRL,0.9533489798,Reuters,Closing,2022-08-17 04:17:10,lance.williams029@platform.example.com
,2022-08-14,BRL,AED,1.1158863332,Bloomberg,Daily,2022-08-14 07:10:00,yesenia.arnold040@platform.example.com
,2022-08-04,BRL,USD,2.4856661188,Internal FX,Closing,2022-08-04 02:39:43,grace.gonzales099@dataops.example.com
,2022-08-22,EUR,INR,1.3499003407,Internal FX,Closing,2022-08-22 22:13:43,victor.palmer071@platform.example.com
,2022-08-06,INR,GBP,0.6899624262,ECB,Daily,2022-08-06 15:41:03,jimmy.washington028@commerce.example.com
,2022-08-07,INR,BRL,2.0112011236,Reuters,Spot,2022-08-07 12:38:21,joseph.johnson049@dataops.example.com
,2022-08-28,MXN,JPY,1.2048482053,Bloomberg,Daily,2022-08-28 11:03:33,sylvia.diaz107@dataops.example.com
,2022-08-11,SGD,EUR,0.1522086792,Bloomberg,Closing,2022-08-11 13:11:53,john.mullins109@commerce.example.com
,2022-08-15,AED,JPY,1.5958849091,Bloomberg,Spot,2022-08-15 03:45:06,michelle.sims041@analytics.example.com
,2022-08-28,BRL,CAD,1.730721643,ECB,Spot,2022-08-28 18:41:42,michael.berger060@platform.example.com
,2022-08-23,SGD,MXN,1.0248169305,Internal FX,Daily,2022-08-23 04:59:16,andrea.cummings039@platform.example.com
,2022-08-16,JPY,INR,0.2965351287,ECB,Closing,2022-08-16 12:58:08,brandon.yu006@analytics.example.com
,2022-08-04,INR,AUD,2.1135837653,Internal FX,Spot,2022-08-04 12:23:16,amy.holmes103@dataops.example.com
,2022-08-29,SGD,MXN,3.263122808,Bloomberg,Spot,2022-08-29 14:59:43,yolanda.vasquez005@platform.example.com
,2022-08-31,MXN,SGD,0.4052790484,Internal FX,Spot,2022-08-31 03:11:27,susan.rice083@commerce.example.com
,2022-08-24,INR,GBP,0.5810700384,ECB,Daily,2022-08-24 12:42:30,renee.harvey080@dataops.example.com
,2022-08-02,INR,EUR,1.7367094629,Bloomberg,Spot,2022-08-02 07:11:36,brandon.yu006@analytics.example.com
,2022-08-02,GBP,INR,0.4753205525,Bloomberg,Closing,2022-08-02 16:32:52,ryan.steele043@commerce.example.com
,2022-08-11,EUR,GBP,1.8418947986,Reuters,Daily,2022-08-11 09:25:11,kelsey.taylor010@platform.example.com
,2022-08-03,MXN,GBP,1.6948219944,Internal FX,Closing,2022-08-03 20:28:33,andrew.ellis102@analytics.example.com
,2022-08-09,AUD,AED,1.0283495652,ECB,Spot,2022-08-09 00:24:34,brian.taylor114@analytics.example.com
,2022-08-08,SGD,AUD,0.4917160628,ECB,Closing,2022-08-08 10:21:48,andrew.ellis102@analytics.example.com
,2022-08-23,AED,INR,1.7622361435,ECB,Closing,2022-08-23 14:02:10,grace.gonzales099@dataops.example.com
,2022-08-17,INR,AED,1.2921766639,Internal FX,Closing,2022-08-17 08:30:08,sandra.hunter036@platform.example.com
,2022-08-28,MXN,EUR,0.599974165,Bloomberg,Closing,2022-08-28 07:13:48,micheal.hall064@dataops.example.com
,2022-08-08,AUD,JPY,1.5983231586,ECB,Daily,2022-08-08 14:28:35,eric.mullen052@dataops.example.com
,2022-08-24,SGD,USD,4.9748605431,Internal FX,Spot,2022-08-24 17:21:54,christine.carter078@commerce.example.com
,2022-08-16,GBP,USD,1.5469431824,Reuters,Spot,2022-08-16 14:19:25,joann.clark089@commerce.example.com
,2022-08-13,CAD,MXN,0.7052801273,Internal FX,Closing,2022-08-13 19:49:34,victor.palmer071@platform.example.com
,2022-08-05,EUR,SGD,0.8642010438,ECB,Spot,2022-08-05 13:22:31,christine.carter078@commerce.example.com
,2022-08-03,JPY,EUR,0.6497771711,ECB,Daily,2022-08-03 08:58:07,tina.williams074@commerce.example.com
,2022-08-22,AED,MXN,0.1444389623,Internal FX,Daily,2022-08-22 19:15:13,timothy.cameron104@commerce.example.com
,2022-08-29,AUD,GBP,1.3175255039,ECB,Closing,2022-08-29 12:08:57,michael.johnson061@platform.example.com
,2022-08-31,INR,GBP,0.3243473521,ECB,Daily,2022-08-31 16:12:12,adam.gordon030@commerce.example.com
,2022-08-20,EUR,JPY,1.951283344,ECB,Daily,2022-08-20 04:11:13,michael.johnson061@platform.example.com
,2022-08-26,EUR,INR,1.4819436243,Reuters,Spot,2022-08-26 04:32:04,craig.johnson106@analytics.example.com
,2022-08-16,JPY,AUD,1.6871404134,ECB,Daily,2022-08-16 19:48:04,kelsey.taylor010@platform.example.com
,2022-08-22,BRL,USD,0.3655434496,Bloomberg,Spot,2022-08-22 03:49:07,troy.boone097@platform.example.com
,2022-08-12,AUD,INR,1.0953988665,Bloomberg,Daily,2022-08-12 08:10:51,katelyn.pitts017@commerce.example.com
,2022-08-27,MXN,AED,0.6128845808,Internal FX,Spot,2022-08-27 19:01:56,eric.mullen052@dataops.example.com
,2022-08-09,INR,MXN,4.5124420452,ECB,Spot,2022-08-09 00:30:36,christine.johnson056@commerce.example.com
,2022-08-17,BRL,INR,0.8414059783,Reuters,Daily,2022-08-17 13:41:37,brandon.yu006@analytics.example.com
,2022-08-17,JPY,AUD,2.8631320272,Bloomberg,Daily,2022-08-17 02:18:33,katelyn.pitts017@commerce.example.com
,2022-08-10,BRL,USD,0.6953135976,Bloomberg,Daily,2022-08-10 10:55:38,joseph.johnson049@dataops.example.com
,2022-08-08,USD,BRL,1.2735794245,Internal FX,Daily,2022-08-08 04:16:19,victoria.medina044@dataops.example.com
,2022-08-29,SGD,AUD,1.1704855384,Bloomberg,Daily,2022-08-29 11:41:15,david.cabrera119@dataops.example.com
,2022-08-04,JPY,AED,0.6034305884,Reuters,Spot,2022-08-04 21:24:50,shawn.baxter004@dataops.example.com
,2022-08-25,CAD,MXN,1.4409585464,Internal FX,Daily,2022-08-25 08:47:45,michael.berger060@platform.example.com
,2022-08-13,BRL,USD,0.2486990703,Bloomberg,Closing,2022-08-13 13:04:24,ashley.marks069@commerce.example.com
,2022-08-24,SGD,GBP,2.7733840581,ECB,Daily,2022-08-24 09:40:30,megan.cunningham013@commerce.example.com
,2022-08-22,INR,AED,1.261739874,Bloomberg,Spot,2022-08-22 05:12:06,joseph.johnson049@dataops.example.com
,2022-08-15,INR,AED,0.5594944655,ECB,Daily,2022-08-15 22:35:31,timothy.cannon081@analytics.example.com
,2022-08-05,BRL,AED,0.8105279375,Internal FX,Closing,2022-08-05 02:53:33,taylor.cunningham023@commerce.example.com
,2022-08-24,AUD,MXN,2.2224838222,Internal FX,Daily,2022-08-24 16:57:03,christine.carter078@commerce.example.com
,2022-08-11,GBP,AUD,0.7148076403,ECB,Closing,2022-08-11 04:27:57,susan.rice083@commerce.example.com
,2022-08-23,USD,SGD,0.6094565756,Internal FX,Closing,2022-08-23 22:10:01,kelsey.taylor010@platform.example.com
,2022-08-28,GBP,EUR,0.7146824277,Bloomberg,Daily,2022-08-28 15:51:14,stephen.clark001@analytics.example.com
,2022-08-06,GBP,USD,0.5867024913,Internal FX,Daily,2022-08-06 17:28:18,jimmy.washington028@commerce.example.com
,2022-08-31,INR,USD,0.3953118276,ECB,Daily,2022-08-31 01:08:23,brandi.carter038@dataops.example.com
,2022-08-03,AUD,AED,0.7318666516,ECB,Spot,2022-08-03 14:27:39,darren.anderson025@dataops.example.com
,2022-08-12,INR,JPY,0.3222510461,Bloomberg,Spot,2022-08-12 12:33:04,jennifer.atkins003@platform.example.com
,2022-08-31,INR,SGD,0.8284122885,Reuters,Closing,2022-08-31 19:24:53,joann.clark089@commerce.example.com
,2022-08-21,EUR,SGD,0.5157991261,Internal FX,Spot,2022-08-21 11:23:26,brandon.yu006@analytics.example.com
,2022-08-20,CAD,MXN,0.93466846,ECB,Daily,2022-08-20 03:50:25,amy.holmes103@dataops.example.com
,2022-08-30,GBP,USD,0.4082854637,Bloomberg,Spot,2022-08-30 08:12:04,jennifer.bauer068@analytics.example.com
,2022-08-06,BRL,SGD,1.485035927,ECB,Closing,2022-08-06 00:49:05,james.proctor094@dataops.example.com
,2022-08-23,AUD,GBP,1.7778423062,Reuters,Daily,2022-08-23 01:20:44,peter.martinez098@platform.example.com
,2022-08-16,CAD,EUR,0.8067983035,Bloomberg,Spot,2022-08-16 12:51:42,eric.horton058@analytics.example.com
,2022-08-28,MXN,EUR,1.835073719,Bloomberg,Closing,2022-08-28 14:17:33,yesenia.arnold040@platform.example.com
,2022-08-14,SGD,EUR,2.3542227878,ECB,Spot,2022-08-14 01:59:55,jennifer.bauer068@analytics.example.com
,2022-08-29,AUD,BRL,0.495975245,Internal FX,Spot,2022-08-29 10:30:49,sylvia.diaz107@dataops.example.com
,2022-08-03,CAD,JPY,1.1566253867,Reuters,Spot,2022-08-03 05:12:35,john.mullins109@commerce.example.com
,2022-08-09,SGD,AED,1.6166328967,ECB,Daily,2022-08-09 15:12:27,troy.boone097@platform.example.com
,2022-08-20,EUR,JPY,3.1492394497,Internal FX,Spot,2022-08-20 09:22:20,brian.taylor114@analytics.example.com
,2022-08-27,INR,MXN,0.5872170064,Reuters,Closing,2022-08-27 07:33:22,grace.gonzales099@dataops.example.com
,2022-08-18,USD,AUD,0.8766273779,ECB,Daily,2022-08-18 21:44:03,lance.williams029@platform.example.com
,2022-08-01,INR,GBP,1.2231522079,Bloomberg,Spot,2022-08-01 08:37:54,john.mullins109@commerce.example.com
,2022-08-23,JPY,AED,0.6826347427,Reuters,Spot,2022-08-23 14:02:34,brandi.carter038@dataops.example.com
,2022-08-22,JPY,AED,0.4413889366,Internal FX,Daily,2022-08-22 00:14:53,susan.rice083@commerce.example.com
,2022-08-29,MXN,AUD,0.757240472,ECB,Closing,2022-08-29 00:52:46,timothy.cameron104@commerce.example.com
,2022-08-08,AUD,JPY,0.6410065562,Internal FX,Closing,2022-08-08 11:07:11,james.proctor094@dataops.example.com
,2022-08-05,GBP,USD,5.8054363432,Bloomberg,Spot,2022-08-05 07:42:56,andrea.cummings039@platform.example.com
,2022-08-06,CAD,MXN,1.9822499481,Reuters,Daily,2022-08-06 13:43:45,chelsea.patel065@commerce.example.com
,2022-08-31,GBP,BRL,1.1038531116,ECB,Closing,2022-08-31 22:41:14,michelle.sims041@analytics.example.com
,2022-08-16,MXN,AED,1.0555287156,Internal FX,Daily,2022-08-16 16:43:56,john.mullins109@commerce.example.com
,2022-08-28,AUD,MXN,0.7241793415,ECB,Closing,2022-08-28 11:07:52,katelyn.pitts017@commerce.example.com
,2022-08-26,JPY,SGD,1.7739516213,Internal FX,Closing,2022-08-26 02:56:31,victor.palmer071@platform.example.com
,2022-08-02,EUR,AUD,1.3244085096,Internal FX,Daily,2022-08-02 20:12:16,darren.anderson025@dataops.example.com
,2022-08-11,MXN,AUD,0.5211864703,ECB,Closing,2022-08-11 07:07:54,christine.johnson056@commerce.example.com
,2022-08-27,USD,AED,3.6144586095,Internal FX,Closing,2022-08-27 09:11:32,eric.horton058@analytics.example.com
,2022-08-21,AUD,BRL,0.6934799893,Reuters,Closing,2022-08-21 02:21:59,alyssa.richards002@commerce.example.com
,2022-08-14,MXN,GBP,0.7032819849,Internal FX,Spot,2022-08-14 04:04:10,troy.boone097@platform.example.com
,2022-08-28,JPY,EUR,1.6533468095,ECB,Spot,2022-08-28 07:22:10,michael.johnson061@platform.example.com
,2022-08-01,BRL,AUD,0.8707053127,Bloomberg,Closing,2022-08-01 16:53:50,brian.taylor114@analytics.example.com
,2022-08-09,SGD,INR,0.1112360558,Bloomberg,Spot,2022-08-09 20:53:11,adam.gordon030@commerce.example.com
,2022-08-25,AED,EUR,1.4218388343,ECB,Closing,2022-08-25 22:18:49,ryan.steele043@commerce.example.com
,2022-08-30,SGD,AED,1.7363557299,ECB,Spot,2022-08-30 06:57:56,timothy.cannon081@analytics.example.com
,2022-08-21,MXN,AUD,2.4616995659,ECB,Daily,2022-08-21 12:45:55,christine.carter078@commerce.example.com
,2022-08-20,SGD,MXN,4.9652459184,ECB,Spot,2022-08-20 22:56:55,peter.martinez098@platform.example.com
,2022-08-30,GBP,CAD,1.7920931217,Reuters,Closing,2022-08-30 14:16:22,maria.ashley046@analytics.example.com
,2022-08-09,AUD,BRL,0.8048993418,ECB,Daily,2022-08-09 00:40:45,victor.palmer071@platform.example.com
,2022-08-15,BRL,USD,0.6360473754,ECB,Daily,2022-08-15 11:39:48,katelyn.pitts017@commerce.example.com
,2022-08-19,INR,AED,0.5988093866,Internal FX,Daily,2022-08-19 19:21:11,troy.boone097@platform.example.com
,2022-08-09,EUR,GBP,0.4593088287,ECB,Closing,2022-08-09 13:56:57,shawn.baxter004@dataops.example.com
,2022-08-01,BRL,SGD,0.9060303605,Internal FX,Daily,2022-08-01 07:10:12,michelle.sims041@analytics.example.com
,2022-08-23,JPY,GBP,1.064281953,Internal FX,Closing,2022-08-23 02:59:26,ashley.marks069@commerce.example.com
,2022-08-04,GBP,USD,1.3512207815,Bloomberg,Daily,2022-08-04 06:28:46,grace.gonzales099@dataops.example.com
,2022-08-15,CAD,GBP,1.1569209738,Reuters,Daily,2022-08-15 17:20:01,joseph.johnson049@dataops.example.com
,2022-08-28,BRL,INR,0.9656274296,Internal FX,Spot,2022-08-28 08:41:46,andrew.ellis102@analytics.example.com
,2022-08-29,GBP,MXN,1.3563225203,Bloomberg,Closing,2022-08-29 00:17:09,grace.gonzales099@dataops.example.com
,2022-08-05,USD,INR,1.335588776,Reuters,Daily,2022-08-05 10:57:42,stephen.daniels076@commerce.example.com
,2022-08-14,USD,AED,0.6983864887,Reuters,Spot,2022-08-14 11:43:25,timothy.cameron104@commerce.example.com
,2022-08-26,USD,JPY,0.6896455759,Bloomberg,Spot,2022-08-26 23:46:41,anita.garcia021@dataops.example.com
,2022-08-16,AUD,EUR,1.3174247387,Internal FX,Daily,2022-08-16 19:25:29,ryan.steele043@commerce.example.com
,2022-08-25,SGD,USD,0.2395048596,ECB,Spot,2022-08-25 12:28:22,ryan.steele043@commerce.example.com
,2022-08-20,MXN,SGD,1.0376113829,Bloomberg,Spot,2022-08-20 19:25:43,victor.palmer071@platform.example.com
,2022-08-13,SGD,CAD,0.7125845805,Internal FX,Daily,2022-08-13 22:22:17,troy.boone097@platform.example.com
,2022-08-22,SGD,JPY,0.414076126,Reuters,Daily,2022-08-22 06:56:11,david.cabrera119@dataops.example.com
,2022-08-18,AUD,AED,1.1448661725,ECB,Spot,2022-08-18 16:56:45,ryan.steele043@commerce.example.com
,2022-08-23,INR,USD,2.9829739558,ECB,Daily,2022-08-23 20:07:11,lance.williams029@platform.example.com
,2022-08-07,GBP,BRL,0.8228780095,Internal FX,Daily,2022-08-07 12:10:25,jennifer.hudson020@analytics.example.com
,2022-08-22,GBP,SGD,1.4465837456,Internal FX,Daily,2022-08-22 13:50:19,sylvia.diaz107@dataops.example.com
,2022-08-16,BRL,GBP,0.9657917487,ECB,Closing,2022-08-16 14:39:02,susan.rice083@commerce.example.com
,2022-08-18,EUR,MXN,0.4087016256,ECB,Spot,2022-08-18 04:16:18,yolanda.vasquez005@platform.example.com
,2022-08-14,BRL,SGD,2.4174895056,Reuters,Spot,2022-08-14 01:46:10,tina.williams074@commerce.example.com
,2022-08-05,GBP,INR,1.0368411252,Reuters,Daily,2022-08-05 22:19:36,alyssa.richards002@commerce.example.com
,2022-08-31,MXN,GBP,0.9424871776,Internal FX,Closing,2022-08-31 01:09:05,maria.ashley046@analytics.example.com
,2022-08-12,INR,JPY,2.119727487,ECB,Daily,2022-08-12 16:48:18,taylor.cunningham023@commerce.example.com
,2022-08-22,EUR,CAD,1.2507655821,Internal FX,Spot,2022-08-22 10:03:31,michael.johnson061@platform.example.com
,2022-08-03,GBP,MXN,0.9990308576,Internal FX,Daily,2022-08-03 05:18:19,eric.mullen052@dataops.example.com
,2022-08-08,USD,AUD,0.7206417239,Reuters,Spot,2022-08-08 10:50:35,jason.franklin045@dataops.example.com
,2022-08-19,USD,GBP,0.9104251901,Reuters,Spot,2022-08-19 17:25:53,renee.harvey080@dataops.example.com
,2022-08-07,GBP,CAD,2.3788412338,Reuters,Daily,2022-08-07 20:25:40,john.mullins109@commerce.example.com
,2022-08-20,AUD,CAD,1.2167454624,Internal FX,Closing,2022-08-20 04:36:12,timothy.cannon081@analytics.example.com
,2022-08-19,AED,SGD,0.3623428265,Bloomberg,Daily,2022-08-19 11:32:54,michelle.bender024@analytics.example.com
,2022-08-11,EUR,BRL,1.7486197558,Internal FX,Daily,2022-08-11 04:56:13,brian.taylor114@analytics.example.com
,2022-08-01,INR,AUD,4.6554610307,Bloomberg,Spot,2022-08-01 03:08:58,peter.martinez098@platform.example.com
,2022-08-14,MXN,USD,0.8435450707,ECB,Spot,2022-08-14 12:37:06,susan.rice083@commerce.example.com
,2022-08-20,CAD,MXN,0.3901738902,Reuters,Closing,2022-08-20 19:10:18,ashley.marks069@commerce.example.com
,2022-08-23,MXN,EUR,0.4935392294,Reuters,Closing,2022-08-23 16:25:24,renee.harvey080@dataops.example.com
,2022-08-10,GBP,MXN,0.7880003586,ECB,Spot,2022-08-10 14:57:23,grace.gonzales099@dataops.example.com
,2022-08-08,BRL,SGD,0.1951920557,Internal FX,Spot,2022-08-08 08:17:15,jennifer.bauer068@analytics.example.com
,2022-08-19,JPY,GBP,1.183600937,Internal FX,Spot,2022-08-19 01:17:55,tina.williams074@commerce.example.com
,2022-08-05,MXN,GBP,1.5357728322,Bloomberg,Daily,2022-08-05 03:12:06,michael.johnson061@platform.example.com
,2022-08-30,CAD,EUR,1.5338677369,Reuters,Spot,2022-08-30 07:26:45,yesenia.arnold040@platform.example.com
,2022-08-26,EUR,AED,1.5443505434,Reuters,Daily,2022-08-26 22:53:58,brandon.yu006@analytics.example.com
,2022-08-10,MXN,JPY,3.5853542688,ECB,Daily,2022-08-10 15:00:13,christine.carter078@commerce.example.com
,2022-08-20,AUD,SGD,2.5677134793,Reuters,Daily,2022-08-20 16:56:57,kelsey.taylor010@platform.example.com
,2022-08-10,AED,EUR,0.8608175438,Bloomberg,Closing,2022-08-10 01:02:20,andrea.cummings039@platform.example.com
,2022-08-23,AUD,GBP,0.6551343073,Reuters,Closing,2022-08-23 21:13:56,joseph.johnson049@dataops.example.com
,2022-08-09,AED,BRL,2.4899555679,Reuters,Closing,2022-08-09 09:26:53,brian.taylor114@analytics.example.com
,2022-08-27,INR,GBP,2.6063238966,Reuters,Spot,2022-08-27 00:48:49,jeffery.miller012@commerce.example.com
,2022-08-14,MXN,GBP,1.2398281346,Bloomberg,Daily,2022-08-14 08:33:31,tiffany.freeman101@analytics.example.com
,2022-08-21,CAD,AED,1.3756037808,Internal FX,Spot,2022-08-21 15:48:04,christine.carter078@commerce.example.com
,2022-08-27,SGD,AUD,0.4162591723,Internal FX,Daily,2022-08-27 18:07:58,peter.martinez098@platform.example.com
,2022-08-23,SGD,EUR,0.4849389256,ECB,Daily,2022-08-23 09:02:45,peter.martinez098@platform.example.com
,2022-08-01,GBP,AED,0.7298176015,Internal FX,Spot,2022-08-01 08:48:34,joseph.johnson049@dataops.example.com
,2022-08-20,INR,MXN,0.9170109575,Bloomberg,Closing,2022-08-20 05:10:43,jennifer.hudson020@analytics.example.com
,2022-08-06,JPY,EUR,1.0076604264,Internal FX,Daily,2022-08-06 19:27:47,christine.johnson056@commerce.example.com
,2022-08-17,BRL,MXN,2.1307567031,Reuters,Spot,2022-08-17 03:47:31,andrew.ellis102@analytics.example.com
,2022-08-30,GBP,CAD,2.7096104031,Bloomberg,Spot,2022-08-30 00:00:03,shawn.baxter004@dataops.example.com
,2022-08-24,JPY,GBP,1.0834746246,Internal FX,Daily,2022-08-24 23:32:40,amy.holmes103@dataops.example.com
,2022-08-20,AUD,AED,1.8779498496,ECB,Spot,2022-08-20 01:45:27,timothy.cannon081@analytics.example.com
,2022-08-25,SGD,AED,1.0126122825,Reuters,Spot,2022-08-25 20:14:07,jennifer.atkins003@platform.example.com
,2022-08-27,AUD,EUR,1.0047793906,Internal FX,Daily,2022-08-27 02:03:57,michelle.sims041@analytics.example.com
,2022-08-30,SGD,BRL,0.3620712947,ECB,Spot,2022-08-30 05:22:50,jason.franklin045@dataops.example.com
,2022-08-06,AED,SGD,1.0069025161,Bloomberg,Spot,2022-08-06 11:21:48,micheal.chen050@dataops.example.com
,2022-08-30,JPY,AED,0.6086752484,Bloomberg,Spot,2022-08-30 15:26:45,anita.garcia021@dataops.example.com
,2022-08-07,CAD,AED,4.1315487926,Bloomberg,Closing,2022-08-07 08:57:04,shawn.baxter004@dataops.example.com
,2022-08-18,BRL,USD,0.8457766589,Internal FX,Spot,2022-08-18 10:17:08,brian.taylor114@analytics.example.com
,2022-08-07,BRL,AUD,0.634777947,Reuters,Spot,2022-08-07 12:27:02,andrea.cummings039@platform.example.com
,2022-08-01,BRL,EUR,1.5422764016,Reuters,Spot,2022-08-01 22:14:13,jennifer.hudson020@analytics.example.com
,2022-08-16,EUR,INR,1.4576945307,Bloomberg,Daily,2022-08-16 06:34:35,peter.martinez098@platform.example.com
,2022-08-23,SGD,USD,0.8663830992,Bloomberg,Spot,2022-08-23 23:55:37,andrea.cummings039@platform.example.com
,2022-08-30,AED,MXN,0.62425064,Bloomberg,Closing,2022-08-30 15:20:20,jimmy.washington028@commerce.example.com
,2022-08-20,USD,AED,0.2352012477,Bloomberg,Daily,2022-08-20 04:33:15,peter.martinez098@platform.example.com
,2022-08-02,MXN,JPY,0.5650123552,ECB,Daily,2022-08-02 21:56:03,eric.horton058@analytics.example.com
,2022-08-28,GBP,MXN,0.3757733478,Internal FX,Daily,2022-08-28 16:16:53,yesenia.arnold040@platform.example.com
,2022-08-02,INR,AUD,1.0114910788,Bloomberg,Closing,2022-08-02 15:30:24,chelsea.patel065@commerce.example.com
,2022-08-09,GBP,USD,0.7084027095,Reuters,Daily,2022-08-09 13:01:39,christine.carter078@commerce.example.com
,2022-08-26,MXN,EUR,0.7855062935,Reuters,Closing,2022-08-26 14:40:06,peter.martinez098@platform.example.com
,2022-08-24,GBP,MXN,1.3253816154,ECB,Closing,2022-08-24 19:56:34,john.mullins109@commerce.example.com
,2022-08-07,EUR,INR,0.8720987433,Internal FX,Closing,2022-08-07 22:23:48,darren.anderson025@dataops.example.com
,2022-08-08,INR,USD,2.866087498,Bloomberg,Closing,2022-08-08 11:39:09,stephen.clark001@analytics.example.com
,2022-08-11,JPY,SGD,0.6049246102,Bloomberg,Closing,2022-08-11 06:27:37,craig.johnson106@analytics.example.com
,2022-08-03,BRL,MXN,1.7715012353,ECB,Closing,2022-08-03 21:55:39,patrick.gonzalez035@dataops.example.com
,2022-08-08,AED,BRL,0.5858642649,Internal FX,Spot,2022-08-08 00:29:47,james.proctor094@dataops.example.com
,2022-08-16,AED,MXN,1.0812866536,Internal FX,Daily,2022-08-16 07:45:35,joseph.johnson049@dataops.example.com
,2022-08-24,AED,CAD,1.4184340159,Reuters,Daily,2022-08-24 13:39:36,katelyn.pitts017@commerce.example.com
,2022-08-13,BRL,SGD,0.3484084099,Bloomberg,Daily,2022-08-13 00:11:35,sylvia.diaz107@dataops.example.com
,2022-08-26,GBP,EUR,1.3359916961,Reuters,Spot,2022-08-26 14:46:10,katelyn.pitts017@commerce.example.com
,2022-08-17,EUR,BRL,0.8273621698,Bloomberg,Spot,2022-08-17 11:04:41,stephen.daniels076@commerce.example.com
,2022-08-31,GBP,INR,1.3951931663,ECB,Daily,2022-08-31 01:01:38,kevin.mathews014@analytics.example.com
,2022-08-12,MXN,AED,1.2516964791,ECB,Closing,2022-08-12 19:49:26,ashley.marks069@commerce.example.com
,2022-08-08,AED,SGD,0.6262177024,Internal FX,Closing,2022-08-08 15:40:54,susan.rice083@commerce.example.com
,2022-08-05,USD,BRL,0.5866598521,Internal FX,Closing,2022-08-05 04:23:50,david.cabrera119@dataops.example.com
,2022-08-28,MXN,INR,1.2847870618,Internal FX,Spot,2022-08-28 15:46:11,jason.franklin045@dataops.example.com
,2022-08-03,BRL,SGD,2.3415131972,Bloomberg,Spot,2022-08-03 05:01:31,lance.williams029@platform.example.com
,2022-08-04,SGD,INR,1.0966376315,Bloomberg,Daily,2022-08-04 10:29:17,michael.berger060@platform.example.com
,2022-08-09,JPY,INR,1.1498170833,Reuters,Spot,2022-08-09 12:26:32,alyssa.richards002@commerce.example.com
,2022-08-14,CAD,JPY,1.0986713212,ECB,Closing,2022-08-14 14:47:58,shawn.baxter004@dataops.example.com
,2022-08-19,AUD,SGD,1.5862585218,Bloomberg,Spot,2022-08-19 19:29:33,yolanda.vasquez005@platform.example.com
,2022-08-17,CAD,SGD,1.1189935977,Internal FX,Spot,2022-08-17 16:36:58,jennifer.atkins003@platform.example.com
,2022-08-24,CAD,USD,1.0226373811,Internal FX,Daily,2022-08-24 07:16:42,jennifer.hudson020@analytics.example.com
,2022-08-27,SGD,EUR,0.6543293381,Reuters,Closing,2022-08-27 18:57:42,christine.carter078@commerce.example.com
,2022-08-07,USD,INR,1.6665922142,Internal FX,Spot,2022-08-07 21:10:17,lisa.kim091@platform.example.com
,2022-08-30,AED,MXN,0.8057492368,Reuters,Closing,2022-08-30 10:13:32,timothy.cameron104@commerce.example.com
,2022-08-27,EUR,GBP,1.0879013883,Internal FX,Closing,2022-08-27 06:27:40,eric.mullen052@dataops.example.com
,2022-08-27,MXN,USD,3.1263371848,Reuters,Daily,2022-08-27 17:38:51,david.cabrera119@dataops.example.com
,2022-08-11,CAD,AED,0.4360699132,Internal FX,Daily,2022-08-11 00:06:02,john.mullins109@commerce.example.com
,2022-08-06,INR,CAD,0.6155110558,Internal FX,Daily,2022-08-06 17:36:51,stephen.daniels076@commerce.example.com
,2022-08-28,USD,JPY,1.639566194,Reuters,Daily,2022-08-28 06:56:37,jimmy.washington028@commerce.example.com
,2022-08-31,USD,CAD,0.6683796615,Reuters,Spot,2022-08-31 17:00:54,ashley.marks069@commerce.example.com
,2022-08-07,CAD,MXN,0.9385712182,ECB,Closing,2022-08-07 16:14:53,amy.holmes103@dataops.example.com
,2022-08-27,USD,AUD,2.1030688846,Bloomberg,Daily,2022-08-27 20:47:41,christine.johnson056@commerce.example.com
,2022-08-06,USD,BRL,1.3524242376,Bloomberg,Daily,2022-08-06 11:04:06,joseph.johnson049@dataops.example.com
,2022-08-16,CAD,AED,0.6163852886,Internal FX,Closing,2022-08-16 02:39:59,eric.mullen052@dataops.example.com
,2022-08-04,INR,SGD,4.3952512519,Bloomberg,Daily,2022-08-04 12:30:37,katelyn.pitts017@commerce.example.com
,2022-08-13,INR,GBP,1.194395634,Bloomberg,Spot,2022-08-13 03:01:24,amy.holmes103@dataops.example.com
,2022-08-07,BRL,AUD,1.5784484396,ECB,Daily,2022-08-07 11:38:05,patrick.gonzalez035@dataops.example.com
,2022-08-11,AUD,USD,0.3043393562,ECB,Closing,2022-08-11 15:02:15,ryan.steele043@commerce.example.com
,2022-08-16,USD,EUR,0.2566952161,ECB,Daily,2022-08-16 03:42:16,jimmy.washington028@commerce.example.com
,2022-08-20,USD,EUR,0.3679079912,Reuters,Spot,2022-08-20 17:54:47,megan.cunningham013@commerce.example.com
,2022-08-03,EUR,CAD,1.6564532003,Internal FX,Daily,2022-08-03 15:23:40,darren.anderson025@dataops.example.com
,2022-08-11,AED,AUD,1.3742356989,Reuters,Spot,2022-08-11 18:35:25,chelsea.patel065@commerce.example.com
,2022-08-26,MXN,CAD,4.1173745965,Reuters,Closing,2022-08-26 23:16:28,jimmy.washington028@commerce.example.com
,2022-08-04,USD,CAD,2.3603039431,Reuters,Closing,2022-08-04 13:44:39,kevin.mathews014@analytics.example.com
,2022-08-17,JPY,BRL,1.1702260844,ECB,Spot,2022-08-17 20:45:35,maria.ashley046@analytics.example.com
,2022-08-17,EUR,MXN,1.5083714074,ECB,Daily,2022-08-17 23:50:39,michael.berger060@platform.example.com
,2022-08-20,USD,BRL,0.3814634767,Bloomberg,Closing,2022-08-20 21:05:13,micheal.chen050@dataops.example.com
,2022-08-22,INR,EUR,0.4015972658,ECB,Spot,2022-08-22 23:31:05,renee.harvey080@dataops.example.com
,2022-08-08,USD,EUR,0.2389877003,Reuters,Daily,2022-08-08 02:01:37,brandon.yu006@analytics.example.com
,2022-08-20,AED,INR,0.2368298565,Internal FX,Daily,2022-08-20 10:01:20,eric.horton058@analytics.example.com
,2022-08-30,INR,GBP,1.1772025857,Reuters,Daily,2022-08-30 20:34:54,susan.rice083@commerce.example.com
,2022-08-03,AED,CAD,1.4446584823,Bloomberg,Daily,2022-08-03 10:57:35,jennifer.atkins003@platform.example.com
,2022-08-20,INR,CAD,0.8530517014,Bloomberg,Spot,2022-08-20 17:08:45,jason.franklin045@dataops.example.com
,2022-08-13,JPY,AED,1.5250847033,Internal FX,Closing,2022-08-13 13:11:42,micheal.hall064@dataops.example.com
,2022-08-30,AED,SGD,0.337597806,Internal FX,Spot,2022-08-30 18:21:19,micheal.chen050@dataops.example.com
,2022-08-08,BRL,GBP,3.7787512638,Reuters,Closing,2022-08-08 13:47:24,maria.ashley046@analytics.example.com
,2022-08-24,BRL,MXN,0.6514466292,Internal FX,Daily,2022-08-24 14:42:04,stephen.clark001@analytics.example.com
,2022-08-09,CAD,EUR,0.9351347712,Internal FX,Closing,2022-08-09 23:27:55,adam.gordon030@commerce.example.com
,2022-08-26,JPY,BRL,0.5053783406,Bloomberg,Spot,2022-08-26 00:44:20,james.proctor094@dataops.example.com
,2022-08-19,JPY,USD,1.2574307381,ECB,Spot,2022-08-19 11:16:57,grace.gonzales099@dataops.example.com
,2022-08-24,MXN,SGD,1.1251686206,Bloomberg,Closing,2022-08-24 02:07:56,renee.harvey080@dataops.example.com
,2022-08-27,INR,USD,0.5334123495,Reuters,Spot,2022-08-27 00:16:37,andrea.cummings039@platform.example.com
,2022-08-23,AED,SGD,0.5432792339,ECB,Closing,2022-08-23 17:21:12,jennifer.hudson020@analytics.example.com
,2022-08-22,USD,BRL,1.6890311144,Bloomberg,Spot,2022-08-22 05:32:56,amy.holmes103@dataops.example.com
,2022-08-26,INR,USD,0.5579392343,ECB,Daily,2022-08-26 03:24:13,jennifer.atkins003@platform.example.com
,2022-08-24,BRL,INR,0.8565585429,Internal FX,Daily,2022-08-24 10:07:20,tina.williams074@commerce.example.com
,2022-08-23,GBP,AED,0.9351804977,Internal FX,Closing,2022-08-23 04:03:25,stephen.clark001@analytics.example.com
,2022-08-30,BRL,USD,0.6019353491,ECB,Daily,2022-08-30 08:41:59,renee.harvey080@dataops.example.com
,2022-08-25,EUR,JPY,1.0866656789,Internal FX,Closing,2022-08-25 03:34:46,victor.palmer071@platform.example.com
,2022-08-14,INR,BRL,0.6735525379,Bloomberg,Closing,2022-08-14 06:09:02,taylor.cunningham023@commerce.example.com
,2022-08-04,SGD,INR,2.4401510602,Reuters,Closing,2022-08-04 12:17:38,andrea.cummings039@platform.example.com
,2022-08-28,AUD,SGD,1.0023568453,ECB,Daily,2022-08-28 18:50:43,james.proctor094@dataops.example.com
,2022-08-26,BRL,AUD,1.2162712076,Internal FX,Daily,2022-08-26 12:55:11,patrick.gonzalez035@dataops.example.com
,2022-08-10,GBP,USD,1.8122873626,Internal FX,Spot,2022-08-10 13:16:45,tiffany.freeman101@analytics.example.com
,2022-08-16,JPY,EUR,0.7884238866,Internal FX,Spot,2022-08-16 03:38:15,kevin.mathews014@analytics.example.com
,2022-08-12,BRL,JPY,0.7864484355,Internal FX,Closing,2022-08-12 10:25:18,joseph.johnson049@dataops.example.com
,2022-08-11,INR,USD,2.1580371686,ECB,Daily,2022-08-11 14:58:41,michelle.bender024@analytics.example.com
,2022-08-06,CAD,AED,0.9320765599,Bloomberg,Spot,2022-08-06 08:51:23,troy.boone097@platform.example.com
,2022-08-01,INR,JPY,0.2141104076,ECB,Daily,2022-08-01 13:50:11,sylvia.diaz107@dataops.example.com
,2022-08-17,BRL,AED,1.8015323874,Internal FX,Daily,2022-08-17 18:34:58,michael.berger060@platform.example.com
,2022-08-11,CAD,GBP,0.4632274072,Reuters,Closing,2022-08-11 12:38:17,brandi.carter038@dataops.example.com
,2022-08-08,BRL,EUR,1.0905945455,ECB,Spot,2022-08-08 21:25:26,troy.boone097@platform.example.com
,2022-08-07,CAD,JPY,1.148693835,Reuters,Spot,2022-08-07 20:10:54,kevin.mathews014@analytics.example.com
,2022-08-08,AED,SGD,0.2458124674,Bloomberg,Daily,2022-08-08 17:06:34,christine.carter078@commerce.example.com
,2022-08-29,USD,JPY,1.0556208536,Bloomberg,Spot,2022-08-29 21:16:35,michelle.sims041@analytics.example.com
,2022-08-30,JPY,EUR,1.608715362,Bloomberg,Daily,2022-08-30 08:04:30,renee.harvey080@dataops.example.com
,2022-08-25,JPY,USD,1.6019051691,Reuters,Closing,2022-08-25 14:00:37,stephen.daniels076@commerce.example.com
,2022-08-18,USD,EUR,1.6906224574,Reuters,Closing,2022-08-18 08:50:35,eric.horton058@analytics.example.com
,2022-08-02,INR,EUR,1.3993745277,Bloomberg,Spot,2022-08-02 08:54:31,eric.mullen052@dataops.example.com
,2022-08-28,EUR,USD,1.4392786971,ECB,Closing,2022-08-28 19:54:30,susan.rice083@commerce.example.com
,2022-08-23,AED,SGD,0.9344529723,Bloomberg,Daily,2022-08-23 05:12:08,michelle.sims041@analytics.example.com
,2022-08-06,JPY,MXN,0.5414323348,Bloomberg,Spot,2022-08-06 05:09:39,grace.gonzales099@dataops.example.com
,2022-08-15,EUR,INR,0.7988564737,Internal FX,Spot,2022-08-15 00:02:01,victoria.medina044@dataops.example.com
,2022-08-13,JPY,EUR,1.1121959979,Internal FX,Spot,2022-08-13 09:03:44,michael.berger060@platform.example.com
,2022-08-29,EUR,AED,2.9941931707,ECB,Daily,2022-08-29 05:03:27,taylor.cunningham023@commerce.example.com
,2022-08-13,AUD,AED,1.1861347406,Internal FX,Daily,2022-08-13 07:06:29,katelyn.pitts017@commerce.example.com
,2022-08-06,MXN,SGD,0.6779785016,Reuters,Spot,2022-08-06 21:33:30,michelle.sims041@analytics.example.com
,2022-08-17,INR,GBP,1.5984932094,Reuters,Daily,2022-08-17 02:19:42,kelsey.taylor010@platform.example.com
,2022-08-05,EUR,BRL,0.5012882959,Reuters,Daily,2022-08-05 05:15:16,sylvia.diaz107@dataops.example.com
,2022-08-07,SGD,AUD,2.3687012143,Internal FX,Daily,2022-08-07 09:21:44,alyssa.richards002@commerce.example.com
,2022-08-19,AED,CAD,3.2212136944,Reuters,Closing,2022-08-19 07:41:09,jeffery.miller012@commerce.example.com
,2022-08-14,AED,INR,0.7656542566,Bloomberg,Daily,2022-08-14 04:31:16,jeffery.miller012@commerce.example.com
,2022-08-12,MXN,EUR,1.3168171927,Bloomberg,Closing,2022-08-12 20:20:01,darren.anderson025@dataops.example.com
,2022-08-21,MXN,INR,2.2866669475,Bloomberg,Spot,2022-08-21 19:41:08,jeffery.miller012@commerce.example.com
,2022-08-09,AUD,SGD,0.5167409458,Reuters,Closing,2022-08-09 08:34:16,patrick.gonzalez035@dataops.example.com
,2022-08-02,JPY,CAD,0.9682631357,Bloomberg,Closing,2022-08-02 04:22:43,timothy.cameron104@commerce.example.com
,2022-08-08,AUD,SGD,1.1090656338,Internal FX,Daily,2022-08-08 06:25:22,shawn.baxter004@dataops.example.com
,2022-08-05,CAD,AED,0.222603199,ECB,Closing,2022-08-05 11:24:48,troy.boone097@platform.example.com
,2022-08-23,MXN,USD,0.8304941908,ECB,Daily,2022-08-23 02:18:39,kelsey.taylor010@platform.example.com
,2022-08-24,AED,USD,3.4524028216,Internal FX,Closing,2022-08-24 11:47:42,troy.boone097@platform.example.com
,2022-08-18,SGD,USD,1.3095545129,ECB,Spot,2022-08-18 16:47:58,lisa.kim091@platform.example.com
,2022-08-10,BRL,SGD,1.9954314217,Bloomberg,Spot,2022-08-10 21:12:05,christine.carter078@commerce.example.com
,2022-08-09,MXN,USD,0.7554713054,Bloomberg,Closing,2022-08-09 15:31:56,eric.mullen052@dataops.example.com
,2022-08-27,AED,JPY,1.339855677,ECB,Closing,2022-08-27 23:01:26,brandi.carter038@dataops.example.com
,2022-08-16,GBP,SGD,1.0395387901,Internal FX,Spot,2022-08-16 07:00:28,brandon.yu006@analytics.example.com
,2022-08-06,AED,JPY,0.8681953882,Internal FX,Daily,2022-08-06 21:52:21,troy.boone097@platform.example.com
,2022-08-24,SGD,GBP,2.6469015708,ECB,Closing,2022-08-24 08:40:40,kevin.mathews014@analytics.example.com
,2022-08-31,JPY,AUD,0.7548124476,Reuters,Daily,2022-08-31 13:37:44,andrea.cummings039@platform.example.com
,2022-08-10,MXN,INR,0.8838868154,Reuters,Spot,2022-08-10 06:20:19,jennifer.hudson020@analytics.example.com
,2022-08-03,USD,CAD,1.7803513816,Internal FX,Closing,2022-08-03 21:53:34,michelle.bender024@analytics.example.com
,2022-08-05,EUR,CAD,0.8238508006,ECB,Closing,2022-08-05 21:14:48,micheal.chen050@dataops.example.com
,2022-08-28,AED,EUR,0.9462794748,Bloomberg,Closing,2022-08-28 04:35:28,joann.clark089@commerce.example.com
,2022-08-12,JPY,USD,0.5896627592,Bloomberg,Spot,2022-08-12 03:39:03,victoria.medina044@dataops.example.com
,2022-08-19,JPY,EUR,1.8690779151,ECB,Spot,2022-08-19 01:29:51,lance.williams029@platform.example.com
,2022-08-22,CAD,GBP,2.6806674225,Reuters,Daily,2022-08-22 07:13:42,yolanda.vasquez005@platform.example.com
,2022-08-04,AUD,INR,0.5879495276,Internal FX,Daily,2022-08-04 19:23:04,tina.williams074@commerce.example.com
,2022-08-08,AED,GBP,0.2130258883,ECB,Closing,2022-08-08 11:41:24,joseph.johnson049@dataops.example.com
,2022-08-26,CAD,AED,0.9087817744,Bloomberg,Spot,2022-08-26 10:58:58,brandi.carter038@dataops.example.com
,2022-08-03,GBP,INR,0.2485074329,ECB,Spot,2022-08-03 19:45:06,eric.mullen052@dataops.example.com
,2022-08-15,BRL,AUD,0.2219891406,Internal FX,Daily,2022-08-15 08:45:12,stephen.clark001@analytics.example.com
,2022-08-22,SGD,INR,0.9638595595,Bloomberg,Daily,2022-08-22 05:58:31,renee.harvey080@dataops.example.com
,2022-08-24,JPY,CAD,0.4776596814,Bloomberg,Closing,2022-08-24 06:34:33,michelle.bender024@analytics.example.com
,2022-08-13,CAD,AED,1.8125618244,Reuters,Closing,2022-08-13 20:54:00,michael.berger060@platform.example.com
,2022-08-28,INR,MXN,6.0417053039,ECB,Daily,2022-08-28 15:28:07,eric.horton058@analytics.example.com
,2022-08-07,GBP,EUR,0.9444952022,Internal FX,Closing,2022-08-07 09:31:35,troy.boone097@platform.example.com
,2022-08-12,GBP,MXN,2.7694274453,Reuters,Closing,2022-08-12 03:53:28,joseph.johnson049@dataops.example.com
,2022-08-14,JPY,CAD,0.7927283491,Bloomberg,Spot,2022-08-14 06:29:26,shawn.baxter004@dataops.example.com
,2022-08-25,JPY,AUD,0.5632481832,ECB,Spot,2022-08-25 18:25:30,micheal.hall064@dataops.example.com
,2022-08-06,SGD,INR,1.1449807269,Bloomberg,Daily,2022-08-06 12:51:23,jennifer.atkins003@platform.example.com
,2022-08-28,INR,AED,0.3307919668,Reuters,Closing,2022-08-28 12:56:39,chelsea.patel065@commerce.example.com
,2022-08-09,USD,MXN,0.4533240627,Bloomberg,Daily,2022-08-09 04:42:02,ashley.marks069@commerce.example.com
,2022-08-14,AED,MXN,1.1452358748,Internal FX,Closing,2022-08-14 07:17:41,kevin.mathews014@analytics.example.com
,2022-08-21,JPY,GBP,2.5345888338,Bloomberg,Closing,2022-08-21 09:13:03,jennifer.atkins003@platform.example.com
,2022-08-09,JPY,EUR,1.758229498,ECB,Daily,2022-08-09 20:50:16,darren.anderson025@dataops.example.com
,2022-08-06,EUR,BRL,1.0933695533,ECB,Spot,2022-08-06 17:21:25,stephen.daniels076@commerce.example.com
,2022-08-19,EUR,USD,0.7007445141,Bloomberg,Spot,2022-08-19 02:58:19,kelsey.taylor010@platform.example.com
,2022-08-06,USD,BRL,2.6710938554,Internal FX,Daily,2022-08-06 12:41:00,andrea.cummings039@platform.example.com
,2022-08-28,SGD,CAD,1.2286746896,Internal FX,Daily,2022-08-28 16:38:48,eric.horton058@analytics.example.com
,2022-08-13,AUD,GBP,0.574749033,Bloomberg,Closing,2022-08-13 13:14:19,yesenia.arnold040@platform.example.com
,2022-08-08,EUR,SGD,0.9075682454,Internal FX,Daily,2022-08-08 04:17:14,brandi.carter038@dataops.example.com
,2022-08-10,JPY,BRL,0.9496849978,Bloomberg,Closing,2022-08-10 11:48:03,timothy.cameron104@commerce.example.com
,2022-08-19,JPY,CAD,0.2383892901,Internal FX,Closing,2022-08-19 01:34:43,jimmy.washington028@commerce.example.com
,2022-08-17,JPY,AED,1.1554892724,Internal FX,Daily,2022-08-17 14:02:31,ashley.marks069@commerce.example.com
,2022-08-09,AUD,INR,1.2604359676,ECB,Closing,2022-08-09 01:43:50,christine.johnson056@commerce.example.com
,2022-08-24,CAD,AED,3.8651609795,Bloomberg,Daily,2022-08-24 02:24:31,michael.johnson061@platform.example.com
,2022-08-28,BRL,AUD,0.5032095217,Internal FX,Daily,2022-08-28 09:27:08,lance.williams029@platform.example.com
,2022-08-01,USD,GBP,1.9545287184,Internal FX,Closing,2022-08-01 07:25:27,jason.franklin045@dataops.example.com
,2022-08-26,INR,AUD,2.8882009092,Reuters,Spot,2022-08-26 00:01:01,james.proctor094@dataops.example.com
,2022-08-31,SGD,MXN,1.1692553529,ECB,Daily,2022-08-31 23:07:00,david.cabrera119@dataops.example.com
,2022-08-17,BRL,AED,2.117515068,ECB,Closing,2022-08-17 14:08:27,jimmy.washington028@commerce.example.com
,2022-08-15,JPY,BRL,1.4764508515,Bloomberg,Spot,2022-08-15 07:34:12,joseph.johnson049@dataops.example.com
,2022-08-13,INR,MXN,0.6470148752,Reuters,Spot,2022-08-13 09:59:39,kevin.mathews014@analytics.example.com
,2022-08-03,INR,CAD,1.7957818659,Reuters,Closing,2022-08-03 22:50:34,alyssa.richards002@commerce.example.com
,2022-08-16,USD,JPY,2.0693343366,Reuters,Closing,2022-08-16 06:52:10,christine.carter078@commerce.example.com
,2022-08-17,SGD,AUD,0.7240374868,Bloomberg,Spot,2022-08-17 18:34:56,tina.williams074@commerce.example.com
,2022-08-13,EUR,GBP,4.0510946764,Reuters,Daily,2022-08-13 08:21:05,brian.taylor114@analytics.example.com
,2022-08-21,AUD,USD,0.8359739694,Reuters,Spot,2022-08-21 05:12:30,ryan.steele043@commerce.example.com
,2022-08-23,GBP,INR,0.7980555951,Bloomberg,Closing,2022-08-23 07:31:33,yolanda.vasquez005@platform.example.com
,2022-08-04,INR,GBP,1.4357923563,ECB,Closing,2022-08-04 06:07:22,brandi.carter038@dataops.example.com
,2022-08-26,EUR,BRL,0.7206302549,ECB,Closing,2022-08-26 21:29:39,craig.johnson106@analytics.example.com
,2022-08-28,INR,USD,0.7622981809,Bloomberg,Closing,2022-08-28 05:36:33,victoria.medina044@dataops.example.com
,2022-08-29,SGD,BRL,1.2876229493,Bloomberg,Closing,2022-08-29 10:08:31,timothy.cameron104@commerce.example.com
,2022-08-23,INR,USD,0.9308923228,Internal FX,Daily,2022-08-23 07:49:36,michelle.bender024@analytics.example.com
,2022-08-07,MXN,JPY,1.5780150621,ECB,Daily,2022-08-07 01:23:04,craig.johnson106@analytics.example.com
,2022-08-25,AED,JPY,0.5777435639,Bloomberg,Spot,2022-08-25 05:12:49,ashley.marks069@commerce.example.com
,2022-08-04,MXN,EUR,0.4343841816,Bloomberg,Closing,2022-08-04 04:04:24,stephen.daniels076@commerce.example.com
,2022-08-06,JPY,GBP,1.7946834436,Reuters,Daily,2022-08-06 18:39:03,jason.franklin045@dataops.example.com
,2022-08-19,EUR,CAD,0.776847389,Reuters,Daily,2022-08-19 16:37:48,micheal.chen050@dataops.example.com
,2022-08-26,AUD,EUR,0.7820781895,Internal FX,Daily,2022-08-26 08:01:59,darren.anderson025@dataops.example.com
,2022-08-15,GBP,AUD,0.9588488146,Internal FX,Spot,2022-08-15 18:50:08,victor.palmer071@platform.example.com
,2022-08-09,BRL,AED,0.5531040758,ECB,Closing,2022-08-09 07:45:37,alyssa.richards002@commerce.example.com
,2022-08-09,EUR,CAD,1.7959730186,Internal FX,Daily,2022-08-09 13:46:54,katelyn.pitts017@commerce.example.com
,2022-08-11,GBP,BRL,1.5180823675,Internal FX,Closing,2022-08-11 08:33:59,micheal.chen050@dataops.example.com
,2022-08-18,SGD,AED,1.0157358388,Internal FX,Spot,2022-08-18 07:55:39,jennifer.bauer068@analytics.example.com
,2022-08-24,BRL,AUD,0.8732864494,Bloomberg,Closing,2022-08-24 22:55:02,jimmy.washington028@commerce.example.com
,2022-08-07,GBP,JPY,0.5525133236,Internal FX,Closing,2022-08-07 21:17:48,adam.gordon030@commerce.example.com
,2022-08-12,SGD,USD,1.1806347841,ECB,Daily,2022-08-12 05:35:05,lance.williams029@platform.example.com
,2022-08-17,USD,INR,2.9950877734,Bloomberg,Daily,2022-08-17 23:33:23,andrea.cummings039@platform.example.com
,2022-08-05,GBP,JPY,0.787130773,Reuters,Spot,2022-08-05 05:20:22,eric.horton058@analytics.example.com
,2022-08-28,AED,BRL,0.6476828084,Internal FX,Closing,2022-08-28 00:20:30,joseph.johnson049@dataops.example.com
,2022-08-26,INR,JPY,6.0861565357,Reuters,Daily,2022-08-26 18:54:31,jason.franklin045@dataops.example.com
,2022-08-01,GBP,EUR,0.6822889301,Reuters,Spot,2022-08-01 05:57:59,jason.franklin045@dataops.example.com
,2022-08-15,CAD,INR,4.350655003,Internal FX,Spot,2022-08-15 21:43:02,michael.johnson061@platform.example.com
,2022-08-22,GBP,JPY,0.5821759138,Reuters,Closing,2022-08-22 19:42:13,john.mullins109@commerce.example.com
,2022-08-31,JPY,GBP,2.4666650195,ECB,Spot,2022-08-31 16:45:08,patrick.gonzalez035@dataops.example.com
,2022-08-25,MXN,JPY,1.7171577049,Internal FX,Closing,2022-08-25 11:06:56,eric.mullen052@dataops.example.com
,2022-08-01,CAD,USD,0.9895001119,Bloomberg,Spot,2022-08-01 12:19:08,darren.anderson025@dataops.example.com
,2022-08-24,AUD,JPY,0.5011844385,Reuters,Spot,2022-08-24 05:39:50,stephen.clark001@analytics.example.com
,2022-08-20,GBP,EUR,2.6656312158,Reuters,Daily,2022-08-20 02:07:22,jennifer.hudson020@analytics.example.com
,2022-08-18,CAD,SGD,1.1028995707,Reuters,Closing,2022-08-18 19:30:24,kelsey.taylor010@platform.example.com
,2022-08-06,BRL,SGD,2.4399166196,ECB,Closing,2022-08-06 13:46:55,andrea.cummings039@platform.example.com
,2022-08-04,SGD,JPY,1.151873915,ECB,Daily,2022-08-04 17:08:09,micheal.chen050@dataops.example.com
,2022-08-01,MXN,EUR,0.7717089408,Bloomberg,Daily,2022-08-01 23:51:30,patrick.gonzalez035@dataops.example.com
,2022-08-12,AED,JPY,1.3787508267,Internal FX,Closing,2022-08-12 17:20:06,lisa.kim091@platform.example.com
,2022-08-02,EUR,GBP,0.474626547,Internal FX,Spot,2022-08-02 10:19:11,yesenia.arnold040@platform.example.com
,2022-08-28,USD,AED,1.6052644262,Bloomberg,Spot,2022-08-28 07:48:42,patrick.gonzalez035@dataops.example.com
,2022-08-31,AUD,INR,2.3160792835,ECB,Spot,2022-08-31 00:53:24,timothy.cannon081@analytics.example.com
,2022-08-31,EUR,INR,1.3361762473,Bloomberg,Daily,2022-08-31 05:50:40,joann.clark089@commerce.example.com
,2022-08-14,SGD,MXN,0.6239016184,Internal FX,Spot,2022-08-14 11:39:20,chelsea.patel065@commerce.example.com
,2022-08-29,CAD,JPY,2.1273510174,ECB,Closing,2022-08-29 07:31:20,jason.franklin045@dataops.example.com
,2022-08-10,AED,BRL,0.5751321296,ECB,Closing,2022-08-10 15:06:48,peter.martinez098@platform.example.com
,2022-08-29,GBP,AUD,0.5603877798,Bloomberg,Closing,2022-08-29 05:38:01,andrew.ellis102@analytics.example.com
,2022-08-17,AED,USD,0.5694538591,Internal FX,Daily,2022-08-17 09:02:38,patrick.gonzalez035@dataops.example.com
,2022-08-19,MXN,AED,1.0090886712,Reuters,Spot,2022-08-19 17:33:04,renee.harvey080@dataops.example.com
,2022-08-18,MXN,USD,0.1954661478,Bloomberg,Spot,2022-08-18 16:00:30,shawn.baxter004@dataops.example.com
,2022-08-03,AUD,SGD,1.4840148237,ECB,Closing,2022-08-03 17:13:17,michael.berger060@platform.example.com
,2022-08-06,JPY,AUD,0.272301199,Bloomberg,Closing,2022-08-06 00:19:52,stephen.daniels076@commerce.example.com
,2022-08-25,GBP,INR,3.8533259276,Internal FX,Daily,2022-08-25 23:35:00,joann.clark089@commerce.example.com
,2022-08-06,MXN,AED,0.2442396006,Bloomberg,Spot,2022-08-06 21:43:29,megan.cunningham013@commerce.example.com
,2022-08-12,SGD,BRL,0.635325907,Reuters,Daily,2022-08-12 19:47:21,tina.williams074@commerce.example.com
,2022-08-15,AED,SGD,0.7974494698,Internal FX,Closing,2022-08-15 00:13:59,sandra.hunter036@platform.example.com
,2022-08-14,JPY,AUD,1.1010951462,Bloomberg,Daily,2022-08-14 13:43:20,timothy.cameron104@commerce.example.com
,2022-08-27,MXN,GBP,0.6033356047,Internal FX,Closing,2022-08-27 02:51:08,jason.franklin045@dataops.example.com
,2022-08-12,CAD,GBP,1.6707334736,Bloomberg,Closing,2022-08-12 12:12:24,brian.taylor114@analytics.example.com
,2022-08-04,BRL,INR,3.0596037367,Reuters,Closing,2022-08-04 00:56:28,james.proctor094@dataops.example.com
,2022-08-24,USD,AED,1.1861468183,Internal FX,Daily,2022-08-24 19:37:53,kevin.mathews014@analytics.example.com
,2022-08-12,AED,EUR,1.3906102909,Reuters,Daily,2022-08-12 02:32:28,timothy.cannon081@analytics.example.com
,2022-08-31,AUD,SGD,0.4292099247,Reuters,Spot,2022-08-31 22:21:17,yesenia.arnold040@platform.example.com
,2022-08-14,JPY,MXN,2.4949662457,Internal FX,Spot,2022-08-14 12:52:25,michael.berger060@platform.example.com
,2022-08-10,BRL,CAD,0.4946094974,Reuters,Daily,2022-08-10 16:58:56,peter.martinez098@platform.example.com
,2022-08-16,JPY,AUD,1.8910327723,Internal FX,Daily,2022-08-16 08:57:08,stephen.daniels076@commerce.example.com
,2022-08-17,AUD,MXN,0.6252359817,ECB,Spot,2022-08-17 09:21:19,jason.franklin045@dataops.example.com
,2022-08-07,GBP,CAD,0.7520730007,ECB,Spot,2022-08-07 03:15:35,michelle.sims041@analytics.example.com
,2022-08-12,AED,GBP,0.2522840261,Bloomberg,Closing,2022-08-12 04:07:15,john.mullins109@commerce.example.com
,2022-08-16,AED,CAD,0.4744819768,Bloomberg,Daily,2022-08-16 17:55:23,kevin.mathews014@analytics.example.com
,2022-08-21,BRL,GBP,0.3209614096,Reuters,Daily,2022-08-21 06:11:05,lisa.kim091@platform.example.com
,2022-08-24,CAD,EUR,0.9712553744,Bloomberg,Spot,2022-08-24 22:03:47,susan.rice083@commerce.example.com
,2022-08-19,MXN,GBP,1.098230504,ECB,Closing,2022-08-19 23:14:30,tiffany.freeman101@analytics.example.com
,2022-08-30,AED,SGD,1.934226593,Internal FX,Daily,2022-08-30 05:07:59,stephen.clark001@analytics.example.com
,2022-08-10,MXN,GBP,1.7928770818,Bloomberg,Closing,2022-08-10 00:03:57,yesenia.arnold040@platform.example.com
,2022-08-22,BRL,AED,0.2588947001,Internal FX,Spot,2022-08-22 07:25:48,christine.johnson056@commerce.example.com
,2022-08-17,INR,USD,1.3520657367,Reuters,Spot,2022-08-17 05:07:14,michelle.sims041@analytics.example.com
,2022-08-30,GBP,CAD,0.3035533081,Internal FX,Closing,2022-08-30 14:42:45,amy.holmes103@dataops.example.com
,2022-08-11,AUD,BRL,0.4660733994,ECB,Spot,2022-08-11 01:01:35,eric.horton058@analytics.example.com
,2022-08-18,AED,AUD,2.4521945958,Reuters,Spot,2022-08-18 08:08:31,jennifer.atkins003@platform.example.com
,2022-08-11,AUD,INR,0.266667656,ECB,Spot,2022-08-11 12:08:34,troy.boone097@platform.example.com
,2022-08-15,JPY,USD,4.9250715635,ECB,Spot,2022-08-15 23:16:45,brian.taylor114@analytics.example.com
,2022-08-15,BRL,EUR,0.5634982318,ECB,Daily,2022-08-15 22:35:17,yolanda.vasquez005@platform.example.com
,2022-08-21,JPY,AED,0.3247736318,Internal FX,Closing,2022-08-21 17:38:10,micheal.hall064@dataops.example.com
,2022-08-18,AED,USD,2.2934516555,ECB,Daily,2022-08-18 00:47:30,brandon.yu006@analytics.example.com
,2022-08-28,EUR,AED,2.6862670988,Bloomberg,Closing,2022-08-28 10:49:26,kelsey.taylor010@platform.example.com
,2022-08-09,EUR,USD,4.5799170652,Reuters,Daily,2022-08-09 09:29:57,tina.williams074@commerce.example.com
,2022-08-24,SGD,AED,0.2150744098,Internal FX,Closing,2022-08-24 03:02:28,michael.berger060@platform.example.com
,2022-08-03,MXN,AUD,0.5392905969,Reuters,Closing,2022-08-03 18:27:54,jeffery.miller012@commerce.example.com
,2022-08-16,USD,AUD,0.5255510345,ECB,Daily,2022-08-16 15:19:14,victor.palmer071@platform.example.com
,2022-08-12,AUD,JPY,0.7459507182,Reuters,Spot,2022-08-12 23:49:15,tina.williams074@commerce.example.com
,2022-08-05,CAD,MXN,0.9819521148,ECB,Spot,2022-08-05 20:13:33,james.proctor094@dataops.example.com
,2022-08-28,USD,GBP,0.6900841322,Reuters,Spot,2022-08-28 20:04:49,micheal.chen050@dataops.example.com
,2022-08-27,MXN,USD,3.6699641853,Bloomberg,Closing,2022-08-27 16:18:53,adam.gordon030@commerce.example.com
,2022-08-18,JPY,SGD,1.7908356899,Reuters,Spot,2022-08-18 10:33:50,michael.berger060@platform.example.com
,2022-08-25,AUD,JPY,1.1844286863,Bloomberg,Closing,2022-08-25 02:03:19,maria.ashley046@analytics.example.com
,2022-08-14,AED,USD,1.5885366566,ECB,Spot,2022-08-14 10:23:25,brian.taylor114@analytics.example.com
,2022-08-22,MXN,BRL,0.9686940299,ECB,Daily,2022-08-22 13:14:24,tiffany.freeman101@analytics.example.com
,2022-08-04,AUD,MXN,0.914428129,Bloomberg,Spot,2022-08-04 11:47:41,micheal.hall064@dataops.example.com
,2022-08-01,JPY,SGD,0.8869727148,ECB,Closing,2022-08-01 14:24:43,michael.johnson061@platform.example.com
,2022-08-28,EUR,BRL,0.513744027,ECB,Spot,2022-08-28 07:46:03,yesenia.arnold040@platform.example.com
,2022-08-13,SGD,JPY,0.3777536179,Internal FX,Spot,2022-08-13 14:32:55,john.mullins109@commerce.example.com
,2022-08-23,USD,INR,5.6898103058,Internal FX,Closing,2022-08-23 10:50:42,ashley.marks069@commerce.example.com
,2022-08-14,JPY,AUD,1.1922392076,Reuters,Closing,2022-08-14 20:07:42,brandi.carter038@dataops.example.com
,2022-08-24,EUR,INR,0.8597480879,Bloomberg,Daily,2022-08-24 03:26:05,ashley.marks069@commerce.example.com
,2022-08-22,AUD,MXN,0.9701620497,ECB,Daily,2022-08-22 08:56:18,tina.williams074@commerce.example.com
,2022-08-15,CAD,USD,0.8146199243,ECB,Spot,2022-08-15 04:11:57,micheal.chen050@dataops.example.com
,2022-08-18,AED,SGD,1.7482621327,Reuters,Spot,2022-08-18 06:50:12,victor.palmer071@platform.example.com
,2022-08-18,USD,SGD,1.496374296,Reuters,Closing,2022-08-18 05:52:26,micheal.hall064@dataops.example.com
,2022-08-09,JPY,SGD,1.4144304787,Internal FX,Spot,2022-08-09 03:37:24,lisa.kim091@platform.example.com
,2022-08-03,JPY,AUD,0.2385021021,Bloomberg,Spot,2022-08-03 18:01:43,tina.williams074@commerce.example.com
,2022-08-12,GBP,INR,1.0241438803,Bloomberg,Closing,2022-08-12 23:23:33,victoria.medina044@dataops.example.com
,2022-08-10,INR,AED,0.4750154408,ECB,Spot,2022-08-10 03:14:13,john.mullins109@commerce.example.com
,2022-08-03,EUR,SGD,2.4439120807,Bloomberg,Daily,2022-08-03 21:13:05,brandi.carter038@dataops.example.com
,2022-08-15,INR,SGD,0.4673641018,Internal FX,Daily,2022-08-15 07:05:11,adam.gordon030@commerce.example.com
,2022-08-22,AED,CAD,0.8688506574,Reuters,Spot,2022-08-22 14:32:08,tiffany.freeman101@analytics.example.com
,2022-08-25,JPY,BRL,2.1616482586,Reuters,Closing,2022-08-25 00:12:49,eric.mullen052@dataops.example.com
,2022-08-24,JPY,AUD,2.3882732625,Bloomberg,Spot,2022-08-24 06:25:51,renee.harvey080@dataops.example.com
,2022-08-10,AED,BRL,3.0972911319,ECB,Spot,2022-08-10 14:04:54,peter.martinez098@platform.example.com
,2022-08-04,AED,JPY,0.5503344065,ECB,Closing,2022-08-04 23:56:32,adam.gordon030@commerce.example.com
,2022-08-19,BRL,AUD,0.4238455507,Internal FX,Daily,2022-08-19 12:32:57,jeffery.miller012@commerce.example.com
,2022-08-12,MXN,JPY,0.6319887598,Internal FX,Spot,2022-08-12 11:30:45,alyssa.richards002@commerce.example.com
,2022-08-27,AED,INR,2.2492437516,Internal FX,Daily,2022-08-27 00:27:20,renee.harvey080@dataops.example.com
,2022-08-23,CAD,AUD,0.9553204528,Reuters,Daily,2022-08-23 01:02:32,micheal.chen050@dataops.example.com
,2022-08-12,EUR,MXN,0.5651252225,Reuters,Closing,2022-08-12 15:46:54,tiffany.freeman101@analytics.example.com
,2022-08-29,USD,EUR,0.9711745185,ECB,Closing,2022-08-29 19:25:57,stephen.clark001@analytics.example.com
,2022-08-05,JPY,BRL,0.7072505698,ECB,Daily,2022-08-05 12:08:40,yesenia.arnold040@platform.example.com
,2022-08-26,INR,EUR,1.9279873682,ECB,Closing,2022-08-26 06:22:37,yolanda.vasquez005@platform.example.com
,2022-08-16,CAD,AUD,0.7945588243,Bloomberg,Daily,2022-08-16 16:09:26,lisa.kim091@platform.example.com
,2022-08-19,GBP,AUD,0.3991496323,ECB,Closing,2022-08-19 06:59:14,jennifer.atkins003@platform.example.com
,2022-08-28,BRL,EUR,0.8663171274,ECB,Daily,2022-08-28 12:27:07,alyssa.richards002@commerce.example.com
,2022-08-20,GBP,USD,2.8961085794,Bloomberg,Spot,2022-08-20 20:21:58,sylvia.diaz107@dataops.example.com
,2022-08-26,CAD,AED,0.6081696618,ECB,Spot,2022-08-26 04:29:23,megan.cunningham013@commerce.example.com
,2022-08-07,SGD,AED,0.3781397581,Internal FX,Closing,2022-08-07 06:14:10,stephen.daniels076@commerce.example.com
,2022-08-20,CAD,SGD,0.6310036212,Internal FX,Closing,2022-08-20 02:13:11,john.mullins109@commerce.example.com
,2022-08-16,GBP,MXN,2.8678454378,Bloomberg,Spot,2022-08-16 12:01:22,lance.williams029@platform.example.com
,2022-08-14,AED,CAD,0.9562879982,Reuters,Daily,2022-08-14 17:51:54,yesenia.arnold040@platform.example.com
,2022-08-14,AED,USD,0.6243037657,Reuters,Spot,2022-08-14 03:58:54,eric.horton058@analytics.example.com
,2022-08-06,SGD,BRL,1.0847653297,Reuters,Daily,2022-08-06 21:32:38,jimmy.washington028@commerce.example.com
,2022-08-23,BRL,AED,0.6274205726,Bloomberg,Daily,2022-08-23 11:49:36,michael.berger060@platform.example.com
,2022-08-13,MXN,JPY,0.4912311254,ECB,Spot,2022-08-13 21:38:47,stephen.clark001@analytics.example.com
,2022-08-09,AUD,JPY,0.6388458101,ECB,Daily,2022-08-09 09:23:29,yesenia.arnold040@platform.example.com
,2022-08-20,CAD,MXN,0.7137863134,ECB,Daily,2022-08-20 01:08:44,brandi.carter038@dataops.example.com
,2022-08-29,INR,AED,1.8788833785,Bloomberg,Daily,2022-08-29 23:21:33,victoria.medina044@dataops.example.com
,2022-08-13,MXN,INR,1.8503308412,Reuters,Spot,2022-08-13 02:42:25,grace.gonzales099@dataops.example.com
,2022-08-08,USD,CAD,5.5117276321,Reuters,Closing,2022-08-08 10:11:15,brandi.carter038@dataops.example.com
,2022-08-16,AED,JPY,2.1709327572,Internal FX,Daily,2022-08-16 02:13:02,kevin.mathews014@analytics.example.com
,2022-08-06,SGD,CAD,1.2865585495,Internal FX,Closing,2022-08-06 00:38:15,john.mullins109@commerce.example.com
,2022-08-06,MXN,CAD,1.1386179062,Bloomberg,Spot,2022-08-06 19:07:04,micheal.chen050@dataops.example.com
,2022-08-23,EUR,CAD,0.4221833221,Internal FX,Daily,2022-08-23 09:56:34,katelyn.pitts017@commerce.example.com
,2022-08-13,INR,EUR,1.2824369119,Bloomberg,Closing,2022-08-13 02:10:55,kevin.mathews014@analytics.example.com
,2022-08-20,GBP,INR,0.9503546568,Internal FX,Closing,2022-08-20 10:51:33,troy.boone097@platform.example.com
,2022-08-28,SGD,INR,1.7038385532,Internal FX,Spot,2022-08-28 02:00:14,eric.horton058@analytics.example.com
,2022-08-11,MXN,SGD,4.5321371005,Bloomberg,Daily,2022-08-11 13:34:40,micheal.hall064@dataops.example.com
,2022-08-23,AED,CAD,0.996091069,Internal FX,Closing,2022-08-23 04:00:58,megan.cunningham013@commerce.example.com
,2022-08-11,MXN,INR,1.5130918383,Internal FX,Daily,2022-08-11 23:31:32,yesenia.arnold040@platform.example.com
,2022-08-03,INR,MXN,1.3944883859,Bloomberg,Spot,2022-08-03 23:36:23,adam.gordon030@commerce.example.com
,2022-08-30,AUD,SGD,1.091521045,Bloomberg,Closing,2022-08-30 01:01:51,timothy.cannon081@analytics.example.com
,2022-08-19,MXN,EUR,1.3034078923,Reuters,Spot,2022-08-19 02:28:00,victor.palmer071@platform.example.com
,2022-08-28,BRL,EUR,2.0962277788,ECB,Daily,2022-08-28 23:32:28,kristen.bailey110@analytics.example.com
,2022-08-09,INR,CAD,0.5410137767,ECB,Daily,2022-08-09 00:47:58,brandon.yu006@analytics.example.com
,2022-08-21,INR,JPY,0.5516995613,ECB,Daily,2022-08-21 08:45:28,brandi.carter038@dataops.example.com
,2022-08-16,EUR,USD,0.7987456984,ECB,Closing,2022-08-16 18:27:21,christine.johnson056@commerce.example.com
,2022-08-13,BRL,AED,0.6384436515,Internal FX,Closing,2022-08-13 07:46:15,troy.boone097@platform.example.com
,2022-08-04,BRL,MXN,1.5992867302,Internal FX,Daily,2022-08-04 16:42:06,tina.williams074@commerce.example.com
,2022-08-03,AED,INR,0.8201268967,ECB,Closing,2022-08-03 14:37:00,patrick.gonzalez035@dataops.example.com
,2022-08-14,MXN,AED,1.2152691895,Reuters,Spot,2022-08-14 09:46:08,patrick.gonzalez035@dataops.example.com
,2022-08-06,BRL,JPY,1.1460091745,Reuters,Closing,2022-08-06 05:43:42,christine.carter078@commerce.example.com
,2022-08-27,INR,GBP,0.0945167263,Reuters,Spot,2022-08-27 12:16:33,maria.ashley046@analytics.example.com
,2022-08-28,AED,JPY,2.8364860011,Reuters,Spot,2022-08-28 22:51:10,victor.palmer071@platform.example.com
,2022-08-17,JPY,AUD,0.4350495725,ECB,Closing,2022-08-17 00:24:09,jimmy.washington028@commerce.example.com
,2022-08-07,MXN,INR,2.4775563398,Bloomberg,Daily,2022-08-07 02:07:51,michelle.sims041@analytics.example.com
,2022-08-04,GBP,AED,0.9140981474,ECB,Daily,2022-08-04 06:43:44,susan.rice083@commerce.example.com
,2022-08-11,CAD,GBP,0.5695675704,Internal FX,Closing,2022-08-11 22:26:37,shawn.baxter004@dataops.example.com
,2022-08-11,SGD,GBP,0.3282085054,ECB,Spot,2022-08-11 22:22:43,andrea.cummings039@platform.example.com
,2022-08-29,INR,BRL,0.7027668142,Bloomberg,Closing,2022-08-29 20:28:19,sandra.hunter036@platform.example.com
,2022-08-19,GBP,INR,0.7696475907,Bloomberg,Daily,2022-08-19 14:22:50,joseph.johnson049@dataops.example.com
,2022-08-28,SGD,BRL,0.5636814567,Bloomberg,Spot,2022-08-28 08:56:00,eric.horton058@analytics.example.com
,2022-08-23,AED,USD,1.190648287,ECB,Spot,2022-08-23 22:03:45,grace.gonzales099@dataops.example.com
,2022-08-27,MXN,USD,4.4784921082,Internal FX,Closing,2022-08-27 19:36:56,taylor.cunningham023@commerce.example.com
,2022-08-23,JPY,EUR,0.5417206237,Bloomberg,Daily,2022-08-23 20:14:51,christine.johnson056@commerce.example.com
,2022-08-04,CAD,USD,0.1335953796,Internal FX,Spot,2022-08-04 11:45:51,micheal.hall064@dataops.example.com
,2022-08-05,JPY,USD,0.5918542385,Internal FX,Spot,2022-08-05 04:41:44,michael.berger060@platform.example.com
,2022-08-18,GBP,INR,2.4218061199,ECB,Daily,2022-08-18 14:43:40,kevin.mathews014@analytics.example.com
,2022-08-18,CAD,MXN,0.2354948783,Reuters,Closing,2022-08-18 06:55:46,michael.johnson061@platform.example.com
,2022-08-14,SGD,CAD,1.9225839761,Internal FX,Spot,2022-08-14 23:28:26,troy.boone097@platform.example.com
,2022-08-21,AED,BRL,1.0050249897,Internal FX,Daily,2022-08-21 06:16:02,amy.holmes103@dataops.example.com
,2022-08-10,AUD,AED,0.2878483234,Reuters,Closing,2022-08-10 05:51:49,michelle.bender024@analytics.example.com
,2022-08-16,SGD,MXN,5.6973236714,ECB,Spot,2022-08-16 10:51:10,joseph.johnson049@dataops.example.com
,2022-08-25,JPY,GBP,0.4774438373,Reuters,Daily,2022-08-25 22:22:16,joann.clark089@commerce.example.com
,2022-08-14,CAD,MXN,3.9601219959,Bloomberg,Spot,2022-08-14 10:51:59,ryan.steele043@commerce.example.com
,2022-08-10,INR,SGD,1.9011154909,Internal FX,Spot,2022-08-10 16:15:40,ashley.marks069@commerce.example.com
,2022-08-21,INR,AUD,1.0102358944,ECB,Daily,2022-08-21 09:02:07,troy.boone097@platform.example.com
,2022-08-11,AED,SGD,0.3827242025,Internal FX,Spot,2022-08-11 02:34:06,jennifer.hudson020@analytics.example.com
,2022-08-08,MXN,SGD,2.2327688991,ECB,Closing,2022-08-08 18:45:19,christine.carter078@commerce.example.com
,2022-08-20,GBP,BRL,0.2717606885,ECB,Daily,2022-08-20 20:53:53,ashley.marks069@commerce.example.com
,2022-08-04,BRL,INR,2.1988266071,Internal FX,Spot,2022-08-04 05:42:03,kevin.mathews014@analytics.example.com
,2022-08-02,EUR,GBP,6.2200918316,ECB,Closing,2022-08-02 08:40:46,jennifer.bauer068@analytics.example.com
,2022-08-01,SGD,USD,1.7150078306,Internal FX,Daily,2022-08-01 00:38:30,john.mullins109@commerce.example.com
,2022-08-04,AED,CAD,6.5355613652,Bloomberg,Daily,2022-08-04 14:47:10,david.cabrera119@dataops.example.com
,2022-08-16,SGD,USD,1.4767527701,ECB,Spot,2022-08-16 15:44:47,taylor.cunningham023@commerce.example.com
,2022-08-17,CAD,AUD,1.339701327,Reuters,Closing,2022-08-17 03:32:09,jeffery.miller012@commerce.example.com
,2022-08-17,JPY,EUR,0.2942054937,Bloomberg,Closing,2022-08-17 09:39:41,jeffery.miller012@commerce.example.com
,2022-08-31,AED,MXN,0.5908969055,Bloomberg,Daily,2022-08-31 21:32:59,ryan.steele043@commerce.example.com
,2022-08-09,CAD,INR,0.9927218744,Bloomberg,Closing,2022-08-09 10:53:13,craig.johnson106@analytics.example.com
,2022-08-06,MXN,JPY,2.1512974438,Bloomberg,Daily,2022-08-06 22:09:52,kelsey.taylor010@platform.example.com
,2022-08-25,SGD,GBP,0.6911266768,Internal FX,Daily,2022-08-25 03:23:27,john.mullins109@commerce.example.com
,2022-08-06,AED,BRL,2.9159387988,ECB,Closing,2022-08-06 15:36:31,brandi.carter038@dataops.example.com
,2022-08-11,GBP,USD,0.6184651721,Internal FX,Daily,2022-08-11 09:43:26,darren.anderson025@dataops.example.com
,2022-08-05,CAD,AUD,1.6394404907,ECB,Spot,2022-08-05 15:05:37,brian.taylor114@analytics.example.com
,2022-08-03,INR,EUR,2.4674053858,ECB,Spot,2022-08-03 13:37:42,michelle.sims041@analytics.example.com
,2022-08-15,USD,MXN,0.4384894179,ECB,Spot,2022-08-15 12:23:26,anita.garcia021@dataops.example.com
,2022-08-19,AUD,USD,0.5244916884,Reuters,Closing,2022-08-19 16:35:10,christine.johnson056@commerce.example.com
,2022-08-07,BRL,JPY,0.3916280854,Bloomberg,Closing,2022-08-07 19:08:06,stephen.daniels076@commerce.example.com
,2022-08-23,EUR,SGD,1.8107022754,Internal FX,Closing,2022-08-23 23:00:40,ashley.marks069@commerce.example.com
,2022-08-28,AED,INR,0.9008868989,ECB,Spot,2022-08-28 23:40:59,james.proctor094@dataops.example.com
,2022-08-02,GBP,AED,3.3782772094,Bloomberg,Closing,2022-08-02 11:20:37,sylvia.diaz107@dataops.example.com
,2022-08-01,AUD,EUR,5.4602264929,Reuters,Spot,2022-08-01 11:02:12,shawn.baxter004@dataops.example.com
,2022-08-04,AED,USD,2.3822770893,Internal FX,Spot,2022-08-04 04:16:02,patrick.gonzalez035@dataops.example.com
,2022-08-28,USD,BRL,0.9426263568,Bloomberg,Daily,2022-08-28 21:59:09,christine.carter078@commerce.example.com
,2022-08-13,AUD,INR,1.7836454871,ECB,Closing,2022-08-13 02:15:38,katelyn.pitts017@commerce.example.com
,2022-08-13,AUD,USD,0.329520595,Bloomberg,Daily,2022-08-13 14:49:23,victoria.medina044@dataops.example.com
,2022-08-24,MXN,USD,0.888335282,Reuters,Closing,2022-08-24 11:36:15,jennifer.bauer068@analytics.example.com
,2022-08-29,MXN,JPY,3.9020833457,ECB,Spot,2022-08-29 15:51:06,joseph.johnson049@dataops.example.com
,2022-08-17,BRL,USD,0.8563297729,Reuters,Daily,2022-08-17 14:01:14,yolanda.vasquez005@platform.example.com
,2022-08-06,CAD,AUD,3.4385168175,Reuters,Spot,2022-08-06 07:48:19,joseph.johnson049@dataops.example.com
,2022-08-13,SGD,AUD,1.9424710706,Internal FX,Daily,2022-08-13 14:12:00,jimmy.washington028@commerce.example.com
,2022-08-23,GBP,CAD,1.231427458,Bloomberg,Closing,2022-08-23 02:10:15,timothy.cameron104@commerce.example.com
,2022-08-01,AUD,MXN,0.6182969068,Bloomberg,Spot,2022-08-01 15:03:47,ryan.steele043@commerce.example.com
,2022-08-10,INR,AED,1.7304645056,Bloomberg,Closing,2022-08-10 08:44:37,micheal.chen050@dataops.example.com
,2022-08-27,USD,MXN,0.6682927904,Internal FX,Closing,2022-08-27 20:15:57,troy.boone097@platform.example.com
,2022-08-11,SGD,GBP,1.3366251734,Bloomberg,Daily,2022-08-11 22:26:03,christine.johnson056@commerce.example.com
,2022-08-01,EUR,INR,0.6613286533,Internal FX,Daily,2022-08-01 15:20:18,alyssa.richards002@commerce.example.com
,2022-08-28,USD,AED,0.7037602115,ECB,Spot,2022-08-28 16:58:39,anita.garcia021@dataops.example.com
,2022-08-22,BRL,AED,0.434811691,Reuters,Closing,2022-08-22 19:20:37,yesenia.arnold040@platform.example.com
,2022-08-05,MXN,BRL,1.5986589786,Bloomberg,Closing,2022-08-05 19:07:37,michael.berger060@platform.example.com
,2022-08-16,GBP,BRL,1.2181764938,Reuters,Daily,2022-08-16 13:31:51,timothy.cannon081@analytics.example.com
,2022-08-10,AUD,GBP,0.5167591873,Internal FX,Daily,2022-08-10 02:31:13,michelle.bender024@analytics.example.com
,2022-08-25,USD,INR,0.6000393437,Bloomberg,Closing,2022-08-25 14:01:09,stephen.clark001@analytics.example.com
,2022-08-15,JPY,BRL,1.2550804011,Bloomberg,Closing,2022-08-15 14:32:23,christine.carter078@commerce.example.com
,2022-08-28,EUR,AUD,1.0507332313,Internal FX,Closing,2022-08-28 22:17:39,lance.williams029@platform.example.com
,2022-08-12,INR,AUD,0.3947197633,Bloomberg,Spot,2022-08-12 11:57:55,anita.garcia021@dataops.example.com
,2022-08-21,AED,CAD,4.210983448,ECB,Spot,2022-08-21 22:42:27,sylvia.diaz107@dataops.example.com
,2022-08-13,INR,EUR,0.1832659702,ECB,Spot,2022-08-13 23:26:34,megan.cunningham013@commerce.example.com
,2022-08-04,AUD,EUR,0.8301342236,Internal FX,Closing,2022-08-04 12:04:27,john.mullins109@commerce.example.com
,2022-08-19,AUD,USD,0.72769901,Bloomberg,Spot,2022-08-19 02:21:00,renee.harvey080@dataops.example.com
,2022-08-17,SGD,AUD,2.1860948571,Bloomberg,Closing,2022-08-17 05:26:27,amy.holmes103@dataops.example.com
,2022-08-21,USD,CAD,0.1428070125,Reuters,Daily,2022-08-21 05:05:19,megan.cunningham013@commerce.example.com
,2022-08-15,EUR,INR,0.3172397374,Bloomberg,Closing,2022-08-15 12:19:18,amy.holmes103@dataops.example.com
,2022-08-04,EUR,SGD,1.1716397007,ECB,Spot,2022-08-04 22:25:22,sylvia.diaz107@dataops.example.com
,2022-08-31,EUR,MXN,1.3067256796,Reuters,Closing,2022-08-31 08:38:31,renee.harvey080@dataops.example.com
,2022-08-20,BRL,MXN,3.6958351146,Reuters,Daily,2022-08-20 18:47:11,john.mullins109@commerce.example.com
,2022-08-01,SGD,EUR,0.7862198031,Reuters,Daily,2022-08-01 12:09:15,christine.carter078@commerce.example.com
,2022-08-19,INR,JPY,0.3815711934,ECB,Closing,2022-08-19 16:23:03,brandi.carter038@dataops.example.com
,2022-08-19,EUR,MXN,1.0319868197,ECB,Daily,2022-08-19 09:06:42,maria.ashley046@analytics.example.com
,2022-08-18,JPY,BRL,0.6838412521,Bloomberg,Closing,2022-08-18 20:58:39,lisa.kim091@platform.example.com
,2022-08-16,USD,AED,1.2629178425,Bloomberg,Spot,2022-08-16 16:00:31,sandra.hunter036@platform.example.com
,2022-08-28,SGD,BRL,0.3837915914,Bloomberg,Closing,2022-08-28 01:27:11,stephen.daniels076@commerce.example.com
,2022-08-30,BRL,AED,0.5831177305,Internal FX,Daily,2022-08-30 07:59:47,joseph.johnson049@dataops.example.com
,2022-08-16,USD,SGD,1.4416710659,Internal FX,Daily,2022-08-16 17:11:24,micheal.chen050@dataops.example.com
,2022-08-04,AUD,JPY,0.7331816887,Bloomberg,Closing,2022-08-04 01:12:17,michael.berger060@platform.example.com
,2022-08-15,JPY,EUR,2.4301629982,Internal FX,Spot,2022-08-15 22:26:01,ryan.steele043@commerce.example.com
,2022-08-03,SGD,EUR,0.4486129077,ECB,Closing,2022-08-03 17:29:02,kelsey.taylor010@platform.example.com
,2022-08-31,JPY,USD,0.3509222754,Reuters,Closing,2022-08-31 14:45:34,andrew.ellis102@analytics.example.com
,2022-08-05,INR,AED,1.1008583031,Reuters,Spot,2022-08-05 04:28:23,tiffany.freeman101@analytics.example.com
,2022-08-16,INR,SGD,0.2421593018,Reuters,Closing,2022-08-16 23:03:13,michael.johnson061@platform.example.com
,2022-08-20,JPY,USD,1.7117267722,Reuters,Closing,2022-08-20 01:55:37,tina.williams074@commerce.example.com
,2022-08-01,USD,MXN,1.8154436037,Internal FX,Closing,2022-08-01 02:35:27,timothy.cameron104@commerce.example.com
,2022-08-09,MXN,BRL,1.7784533187,ECB,Closing,2022-08-09 23:40:21,micheal.hall064@dataops.example.com
,2022-08-03,SGD,AUD,1.296111354,Internal FX,Closing,2022-08-03 20:43:57,john.mullins109@commerce.example.com
,2022-08-21,SGD,CAD,1.355867336,Reuters,Daily,2022-08-21 21:45:11,sandra.hunter036@platform.example.com
,2022-08-01,AED,CAD,1.4035597964,ECB,Spot,2022-08-01 20:52:04,victoria.medina044@dataops.example.com
,2022-08-09,USD,AUD,2.0145788934,Reuters,Daily,2022-08-09 16:15:00,andrew.ellis102@analytics.example.com
,2022-08-17,USD,BRL,1.2440561332,Internal FX,Closing,2022-08-17 08:54:56,victor.palmer071@platform.example.com
,2022-08-31,AED,MXN,0.5158177297,Bloomberg,Spot,2022-08-31 02:38:25,brandon.yu006@analytics.example.com
,2022-08-24,INR,AUD,1.3326326874,Bloomberg,Daily,2022-08-24 14:57:02,yesenia.arnold040@platform.example.com
,2022-08-22,EUR,GBP,0.3698542645,Bloomberg,Daily,2022-08-22 15:41:43,kelsey.taylor010@platform.example.com
,2022-08-26,GBP,EUR,1.883329974,Reuters,Spot,2022-08-26 12:59:39,michael.johnson061@platform.example.com
,2022-08-22,BRL,JPY,0.5797077184,ECB,Closing,2022-08-22 19:57:03,adam.gordon030@commerce.example.com
,2022-08-11,USD,CAD,0.5436600885,Internal FX,Daily,2022-08-11 23:02:36,maria.ashley046@analytics.example.com
,2022-08-07,BRL,AED,0.5106606703,Bloomberg,Closing,2022-08-07 17:02:48,jimmy.washington028@commerce.example.com
,2022-08-13,AED,USD,1.6123220642,Reuters,Daily,2022-08-13 03:03:41,adam.gordon030@commerce.example.com
,2022-08-26,INR,SGD,1.6540463433,Bloomberg,Daily,2022-08-26 22:12:29,jennifer.hudson020@analytics.example.com
,2022-08-29,CAD,EUR,2.4611710962,Reuters,Daily,2022-08-29 14:37:02,troy.boone097@platform.example.com
,2022-08-29,MXN,AUD,0.1084753754,Reuters,Daily,2022-08-29 04:31:40,micheal.hall064@dataops.example.com
,2022-08-02,AED,INR,1.8062728758,Reuters,Daily,2022-08-02 07:50:25,troy.boone097@platform.example.com
,2022-08-03,AUD,MXN,8.4229541805,Internal FX,Spot,2022-08-03 02:53:04,michelle.bender024@analytics.example.com
,2022-08-21,BRL,JPY,0.3678613889,ECB,Spot,2022-08-21 05:45:05,tiffany.freeman101@analytics.example.com
,2022-08-20,SGD,MXN,0.5202536961,Internal FX,Closing,2022-08-20 09:43:03,lisa.kim091@platform.example.com
,2022-08-21,USD,MXN,2.9670285859,Bloomberg,Daily,2022-08-21 19:27:04,adam.gordon030@commerce.example.com
,2022-08-13,AED,JPY,0.5621893245,ECB,Spot,2022-08-13 03:39:38,craig.johnson106@analytics.example.com
,2022-08-12,EUR,GBP,0.8540592949,Internal FX,Closing,2022-08-12 03:24:27,ryan.steele043@commerce.example.com
,2022-08-25,CAD,GBP,1.4242453714,Reuters,Spot,2022-08-25 00:33:12,david.cabrera119@dataops.example.com
,2022-08-09,CAD,AUD,0.8855000801,Internal FX,Spot,2022-08-09 22:51:03,alyssa.richards002@commerce.example.com
,2022-08-31,JPY,USD,0.5680032105,ECB,Daily,2022-08-31 16:30:55,alyssa.richards002@commerce.example.com
,2022-08-21,CAD,EUR,0.1262277823,Internal FX,Spot,2022-08-21 13:06:59,christine.carter078@commerce.example.com
,2022-08-01,MXN,JPY,0.9586674881,Internal FX,Daily,2022-08-01 09:46:07,adam.gordon030@commerce.example.com
,2022-08-23,EUR,MXN,5.2117788557,ECB,Spot,2022-08-23 03:30:55,andrea.cummings039@platform.example.com
,2022-08-19,INR,CAD,0.9583210639,ECB,Daily,2022-08-19 12:09:21,victoria.medina044@dataops.example.com
,2022-08-04,CAD,AUD,0.6613171575,Reuters,Spot,2022-08-04 21:30:38,brandi.carter038@dataops.example.com
,2022-08-07,BRL,GBP,2.3364080595,ECB,Daily,2022-08-07 02:44:10,joann.clark089@commerce.example.com
,2022-08-13,GBP,EUR,1.8133859476,Reuters,Daily,2022-08-13 05:54:35,micheal.chen050@dataops.example.com
,2022-08-13,USD,EUR,0.8915126719,Bloomberg,Closing,2022-08-13 14:18:01,kelsey.taylor010@platform.example.com
,2022-08-19,GBP,MXN,4.5265707399,Bloomberg,Closing,2022-08-19 03:43:00,stephen.clark001@analytics.example.com
,2022-08-27,EUR,JPY,0.6095801401,ECB,Closing,2022-08-27 16:17:48,michael.berger060@platform.example.com
,2022-08-19,BRL,INR,0.5636498446,Bloomberg,Closing,2022-08-19 06:51:33,sylvia.diaz107@dataops.example.com
,2022-08-01,AUD,CAD,1.3295794759,ECB,Closing,2022-08-01 17:31:03,sylvia.diaz107@dataops.example.com
,2022-08-15,BRL,CAD,1.6485455123,Bloomberg,Spot,2022-08-15 17:43:33,troy.boone097@platform.example.com
,2022-08-12,SGD,EUR,1.0105207161,Bloomberg,Daily,2022-08-12 08:05:56,christine.johnson056@commerce.example.com
,2022-08-22,GBP,USD,1.5218072952,ECB,Daily,2022-08-22 19:33:03,michelle.bender024@analytics.example.com
,2022-08-28,JPY,AUD,0.4492469102,Internal FX,Daily,2022-08-28 15:58:52,victoria.medina044@dataops.example.com
,2022-08-09,MXN,EUR,0.8169783648,ECB,Daily,2022-08-09 10:14:09,ryan.steele043@commerce.example.com
,2022-08-02,USD,AED,0.7221718524,Reuters,Closing,2022-08-02 15:42:42,tina.williams074@commerce.example.com
,2022-08-04,GBP,JPY,0.7017983368,Internal FX,Closing,2022-08-04 05:44:24,tina.williams074@commerce.example.com
,2022-08-09,GBP,MXN,0.5967980713,Bloomberg,Closing,2022-08-09 07:31:15,brandon.yu006@analytics.example.com
,2022-08-28,JPY,AED,0.2540154219,Reuters,Spot,2022-08-28 08:15:29,peter.martinez098@platform.example.com
,2022-08-22,AUD,INR,1.0092808505,ECB,Daily,2022-08-22 06:36:18,victor.palmer071@platform.example.com
,2022-08-01,EUR,INR,1.0490602268,Reuters,Spot,2022-08-01 17:34:48,andrea.cummings039@platform.example.com
,2022-08-18,CAD,USD,0.7927097072,Reuters,Spot,2022-08-18 17:06:05,timothy.cannon081@analytics.example.com
,2022-08-26,SGD,JPY,0.5109752105,Reuters,Spot,2022-08-26 14:48:26,eric.mullen052@dataops.example.com
,2022-08-14,JPY,MXN,0.2204428506,Bloomberg,Closing,2022-08-14 07:31:06,james.proctor094@dataops.example.com
,2022-08-21,EUR,JPY,0.3941811844,Bloomberg,Spot,2022-08-21 17:08:41,andrea.cummings039@platform.example.com
,2022-08-24,USD,AUD,0.5029990498,Bloomberg,Daily,2022-08-24 16:20:33,michael.berger060@platform.example.com
,2022-08-05,BRL,MXN,0.3897328952,Reuters,Spot,2022-08-05 21:12:28,troy.boone097@platform.example.com
,2022-08-29,INR,GBP,1.5627277316,Bloomberg,Spot,2022-08-29 07:16:23,tina.williams074@commerce.example.com
,2022-08-23,BRL,SGD,0.6599410424,ECB,Closing,2022-08-23 14:30:36,brandon.yu006@analytics.example.com
,2022-08-09,CAD,SGD,0.2195219396,Reuters,Spot,2022-08-09 09:37:42,ashley.marks069@commerce.example.com
,2022-08-15,USD,AED,7.3678528545,Reuters,Closing,2022-08-15 21:33:03,chelsea.patel065@commerce.example.com
,2022-08-11,EUR,AUD,0.7803700815,Internal FX,Daily,2022-08-11 14:31:55,yesenia.arnold040@platform.example.com
,2022-08-22,SGD,EUR,0.6705991249,Bloomberg,Closing,2022-08-22 15:03:20,craig.johnson106@analytics.example.com
,2022-08-10,USD,JPY,0.4464339778,Bloomberg,Spot,2022-08-10 12:35:16,megan.cunningham013@commerce.example.com
,2022-08-10,EUR,BRL,1.2083196235,Internal FX,Spot,2022-08-10 06:37:34,taylor.cunningham023@commerce.example.com
,2022-08-12,CAD,GBP,2.0625181754,ECB,Closing,2022-08-12 23:44:40,christine.carter078@commerce.example.com
,2022-08-05,AED,BRL,2.9284985451,ECB,Daily,2022-08-05 23:09:10,victor.palmer071@platform.example.com
,2022-08-09,USD,BRL,0.8086337289,Internal FX,Spot,2022-08-09 22:01:11,lance.williams029@platform.example.com
,2022-08-09,GBP,AUD,2.3603725554,Bloomberg,Closing,2022-08-09 15:44:20,michelle.sims041@analytics.example.com
,2022-08-29,INR,JPY,6.6766234862,ECB,Spot,2022-08-29 14:48:55,lisa.kim091@platform.example.com
,2022-08-12,JPY,MXN,1.5293305928,Bloomberg,Closing,2022-08-12 12:52:39,tiffany.freeman101@analytics.example.com
,2022-08-09,SGD,GBP,0.9990522467,Bloomberg,Closing,2022-08-09 16:22:20,jimmy.washington028@commerce.example.com
,2022-08-04,USD,BRL,0.5910237765,ECB,Spot,2022-08-04 00:09:48,brian.taylor114@analytics.example.com
,2022-08-08,MXN,INR,1.3528510956,Bloomberg,Closing,2022-08-08 14:50:25,maria.ashley046@analytics.example.com
,2022-08-18,INR,SGD,0.9489688436,Bloomberg,Spot,2022-08-18 07:43:05,craig.johnson106@analytics.example.com
,2022-08-09,INR,USD,0.43975291,Bloomberg,Closing,2022-08-09 16:56:46,kevin.mathews014@analytics.example.com
,2022-08-06,MXN,EUR,1.1476424247,Reuters,Daily,2022-08-06 11:27:47,katelyn.pitts017@commerce.example.com
,2022-08-07,AUD,EUR,0.9125881763,Bloomberg,Spot,2022-08-07 14:14:06,adam.gordon030@commerce.example.com
,2022-08-26,CAD,MXN,0.6940458058,Bloomberg,Closing,2022-08-26 04:17:24,brian.taylor114@analytics.example.com
,2022-08-01,GBP,JPY,0.9196990153,Internal FX,Spot,2022-08-01 23:18:56,jennifer.bauer068@analytics.example.com
,2022-08-02,SGD,EUR,1.078020317,Reuters,Daily,2022-08-02 06:34:25,kevin.mathews014@analytics.example.com
,2022-08-03,MXN,AED,0.9095906165,Internal FX,Daily,2022-08-03 00:41:42,james.proctor094@dataops.example.com
,2022-08-24,BRL,EUR,0.5789516067,Internal FX,Spot,2022-08-24 12:51:52,michael.berger060@platform.example.com
,2022-08-15,INR,SGD,0.7734664023,ECB,Daily,2022-08-15 22:55:26,renee.harvey080@dataops.example.com
,2022-08-21,MXN,INR,1.2534986741,Bloomberg,Closing,2022-08-21 18:45:22,ashley.marks069@commerce.example.com
,2022-08-13,USD,AED,1.2515139486,Reuters,Closing,2022-08-13 07:09:06,timothy.cannon081@analytics.example.com
,2022-08-27,CAD,BRL,0.237657112,Bloomberg,Closing,2022-08-27 10:05:58,anita.garcia021@dataops.example.com
,2022-08-27,USD,BRL,1.4589457772,Reuters,Daily,2022-08-27 08:49:10,grace.gonzales099@dataops.example.com
,2022-08-18,AED,USD,1.2293517153,Bloomberg,Spot,2022-08-18 11:24:16,darren.anderson025@dataops.example.com
,2022-08-27,AED,GBP,0.6154163767,Reuters,Daily,2022-08-27 08:16:59,jimmy.washington028@commerce.example.com
,2022-08-07,USD,EUR,1.1925882156,Internal FX,Closing,2022-08-07 19:41:35,kelsey.taylor010@platform.example.com
,2022-08-16,MXN,AUD,1.5126403644,ECB,Spot,2022-08-16 12:27:24,kelsey.taylor010@platform.example.com
,2022-08-29,SGD,USD,1.1134892229,Internal FX,Closing,2022-08-29 07:23:03,ashley.marks069@commerce.example.com
,2022-08-06,AED,JPY,0.8878537931,ECB,Spot,2022-08-06 16:33:35,troy.boone097@platform.example.com
,2022-08-17,GBP,BRL,0.7474534907,Reuters,Spot,2022-08-17 15:02:38,timothy.cameron104@commerce.example.com
,2022-08-22,MXN,INR,0.6056535389,Bloomberg,Daily,2022-08-22 17:57:59,jennifer.bauer068@analytics.example.com
,2022-08-30,SGD,MXN,1.6503379908,Bloomberg,Daily,2022-08-30 20:25:42,andrea.cummings039@platform.example.com
,2022-08-26,INR,AUD,0.185374565,Reuters,Spot,2022-08-26 10:21:26,micheal.chen050@dataops.example.com
,2022-08-19,BRL,AUD,0.5797835678,Bloomberg,Daily,2022-08-19 07:30:28,tiffany.freeman101@analytics.example.com
,2022-08-18,MXN,USD,2.0623542612,Reuters,Daily,2022-08-18 19:59:52,victoria.medina044@dataops.example.com
,2022-08-10,JPY,EUR,0.7038602027,Bloomberg,Spot,2022-08-10 11:51:28,darren.anderson025@dataops.example.com
,2022-08-13,JPY,AED,1.1259462763,ECB,Closing,2022-08-13 05:02:38,andrea.cummings039@platform.example.com
,2022-08-16,JPY,MXN,5.2328813273,ECB,Daily,2022-08-16 00:40:08,ashley.marks069@commerce.example.com
,2022-08-14,INR,AED,0.5183089308,ECB,Closing,2022-08-14 09:26:21,john.mullins109@commerce.example.com
,2022-08-18,JPY,BRL,0.6416555562,Reuters,Closing,2022-08-18 18:10:26,michael.johnson061@platform.example.com
,2022-08-05,AUD,JPY,0.8477889793,Bloomberg,Closing,2022-08-05 15:21:32,kelsey.taylor010@platform.example.com
,2022-08-22,USD,GBP,1.4064670612,Internal FX,Spot,2022-08-22 19:54:35,alyssa.richards002@commerce.example.com
,2022-08-12,AUD,EUR,0.2556168559,ECB,Closing,2022-08-12 00:32:22,craig.johnson106@analytics.example.com
,2022-08-18,GBP,USD,3.1195429053,Reuters,Spot,2022-08-18 21:22:47,jennifer.bauer068@analytics.example.com
,2022-08-20,AED,GBP,1.1605945161,Bloomberg,Daily,2022-08-20 04:15:04,ryan.steele043@commerce.example.com
,2022-08-19,GBP,BRL,0.5752926938,Internal FX,Spot,2022-08-19 20:31:49,alyssa.richards002@commerce.example.com
,2022-08-07,BRL,CAD,1.4451568425,ECB,Spot,2022-08-07 02:07:24,susan.rice083@commerce.example.com
,2022-08-31,EUR,USD,1.342254603,ECB,Closing,2022-08-31 11:23:37,craig.johnson106@analytics.example.com
,2022-08-26,JPY,INR,0.5091886642,Bloomberg,Daily,2022-08-26 09:33:54,adam.gordon030@commerce.example.com
,2022-08-05,MXN,BRL,0.646324025,Internal FX,Closing,2022-08-05 18:55:17,kelsey.taylor010@platform.example.com
,2022-08-06,AUD,EUR,1.1446946572,Internal FX,Daily,2022-08-06 10:32:48,david.cabrera119@dataops.example.com
,2022-08-28,SGD,AUD,4.7341482396,ECB,Spot,2022-08-28 09:03:29,andrea.cummings039@platform.example.com
,2022-08-22,EUR,CAD,0.9349940055,Bloomberg,Closing,2022-08-22 18:42:37,jeffery.miller012@commerce.example.com
,2022-08-25,GBP,BRL,2.3996988089,Bloomberg,Daily,2022-08-25 19:14:10,michael.johnson061@platform.example.com
,2022-08-08,AUD,BRL,0.5338543341,Bloomberg,Closing,2022-08-08 22:09:38,lisa.kim091@platform.example.com
,2022-08-03,CAD,GBP,0.9485301023,Bloomberg,Daily,2022-08-03 18:15:30,christine.carter078@commerce.example.com
,2022-08-29,SGD,USD,0.4101279451,ECB,Closing,2022-08-29 01:54:39,craig.johnson106@analytics.example.com
,2022-08-28,USD,GBP,2.3749522922,Bloomberg,Closing,2022-08-28 14:37:27,micheal.hall064@dataops.example.com
,2022-08-25,AED,CAD,1.0789952229,ECB,Spot,2022-08-25 22:33:06,christine.carter078@commerce.example.com
,2022-08-06,MXN,GBP,2.3643759762,Internal FX,Daily,2022-08-06 08:46:24,jennifer.hudson020@analytics.example.com
,2022-08-25,MXN,BRL,2.1133494433,Internal FX,Spot,2022-08-25 12:40:35,ashley.marks069@commerce.example.com
,2022-08-19,GBP,AUD,1.819307213,ECB,Daily,2022-08-19 13:49:43,timothy.cameron104@commerce.example.com
,2022-08-12,BRL,AUD,0.9441392023,Bloomberg,Spot,2022-08-12 19:07:12,craig.johnson106@analytics.example.com
,2022-08-03,CAD,INR,0.4643237547,Internal FX,Daily,2022-08-03 08:20:25,jeffery.miller012@commerce.example.com
,2022-08-27,JPY,MXN,2.7264622585,Internal FX,Daily,2022-08-27 16:24:33,jeffery.miller012@commerce.example.com
,2022-08-19,USD,MXN,0.3293277767,ECB,Spot,2022-08-19 18:45:51,megan.cunningham013@commerce.example.com
,2022-08-11,MXN,INR,2.6642696426,ECB,Closing,2022-08-11 22:50:13,jeffery.miller012@commerce.example.com
,2022-08-30,AED,MXN,0.6336259073,ECB,Daily,2022-08-30 12:57:11,victor.palmer071@platform.example.com
,2022-08-02,INR,AUD,1.0519430178,Internal FX,Closing,2022-08-02 18:06:43,anita.garcia021@dataops.example.com
,2022-08-19,JPY,SGD,0.6454785029,Reuters,Spot,2022-08-19 21:56:33,kelsey.taylor010@platform.example.com
,2022-08-18,CAD,AUD,4.5646910329,Internal FX,Closing,2022-08-18 00:54:38,maria.ashley046@analytics.example.com
,2022-08-18,SGD,EUR,0.6599602288,Internal FX,Daily,2022-08-18 23:46:00,anita.garcia021@dataops.example.com
,2022-08-10,EUR,USD,1.8486243215,Internal FX,Daily,2022-08-10 20:00:35,timothy.cameron104@commerce.example.com
,2022-08-26,BRL,USD,1.2662040101,Internal FX,Daily,2022-08-26 01:30:17,tiffany.freeman101@analytics.example.com
,2022-08-28,GBP,AED,0.6468878959,Bloomberg,Closing,2022-08-28 05:52:36,craig.johnson106@analytics.example.com
,2022-08-27,GBP,CAD,2.6436580715,ECB,Daily,2022-08-27 01:02:35,brandon.yu006@analytics.example.com
,2022-08-12,GBP,AED,0.3445238186,Reuters,Daily,2022-08-12 22:27:07,micheal.hall064@dataops.example.com
,2022-08-06,EUR,AUD,5.8703303528,Internal FX,Daily,2022-08-06 23:46:36,yolanda.vasquez005@platform.example.com
,2022-08-04,INR,AED,0.3925459813,Bloomberg,Closing,2022-08-04 13:26:20,anita.garcia021@dataops.example.com
,2022-08-08,AUD,USD,0.7582850636,Internal FX,Daily,2022-08-08 05:30:01,troy.boone097@platform.example.com
,2022-08-10,AUD,USD,0.6003667227,ECB,Closing,2022-08-10 02:29:44,amy.holmes103@dataops.example.com
,2022-08-06,INR,USD,1.8968838301,Internal FX,Spot,2022-08-06 05:24:02,stephen.clark001@analytics.example.com
,2022-08-11,SGD,AUD,1.0833110574,ECB,Spot,2022-08-11 05:40:34,taylor.cunningham023@commerce.example.com
,2022-08-08,EUR,INR,1.6026445124,Internal FX,Spot,2022-08-08 01:08:08,alyssa.richards002@commerce.example.com
,2022-08-20,MXN,EUR,0.9756676114,Internal FX,Daily,2022-08-20 08:27:42,adam.gordon030@commerce.example.com
,2022-08-10,EUR,CAD,1.0705262034,Internal FX,Spot,2022-08-10 09:43:23,lance.williams029@platform.example.com
,2022-08-01,USD,INR,0.2999939222,Bloomberg,Spot,2022-08-01 22:37:17,maria.ashley046@analytics.example.com
,2022-08-28,INR,EUR,0.3363317336,Bloomberg,Closing,2022-08-28 21:04:51,adam.gordon030@commerce.example.com
,2022-08-10,SGD,MXN,0.4599872429,ECB,Spot,2022-08-10 11:10:38,michael.berger060@platform.example.com
,2022-08-07,MXN,CAD,1.170654755,Reuters,Spot,2022-08-07 14:28:53,stephen.daniels076@commerce.example.com
,2022-08-09,GBP,JPY,0.8973971172,Bloomberg,Spot,2022-08-09 06:00:54,katelyn.pitts017@commerce.example.com
,2022-08-05,JPY,BRL,0.7097904351,Internal FX,Closing,2022-08-05 20:20:51,david.cabrera119@dataops.example.com
,2022-08-01,SGD,EUR,1.7789181686,Bloomberg,Daily,2022-08-01 01:45:28,joseph.johnson049@dataops.example.com
,2022-08-16,EUR,AED,0.3531160257,Reuters,Closing,2022-08-16 08:15:19,troy.boone097@platform.example.com
,2022-08-06,EUR,GBP,1.3842605458,ECB,Closing,2022-08-06 19:35:00,andrew.ellis102@analytics.example.com
,2022-08-02,INR,USD,0.9689306415,Bloomberg,Closing,2022-08-02 05:19:42,micheal.hall064@dataops.example.com
,2022-08-16,MXN,BRL,1.6126947262,Bloomberg,Closing,2022-08-16 08:43:40,timothy.cannon081@analytics.example.com
,2022-08-15,JPY,BRL,0.4884441413,Reuters,Spot,2022-08-15 19:58:53,taylor.cunningham023@commerce.example.com
,2022-08-19,SGD,JPY,1.0556006248,Bloomberg,Closing,2022-08-19 03:29:39,john.mullins109@commerce.example.com
,2022-08-13,JPY,AUD,0.7499266174,ECB,Closing,2022-08-13 00:18:50,brian.taylor114@analytics.example.com
,2022-08-05,INR,USD,0.9399914828,Bloomberg,Closing,2022-08-05 07:12:48,lance.williams029@platform.example.com
,2022-08-24,MXN,EUR,0.7986456142,Bloomberg,Daily,2022-08-24 02:54:46,amy.holmes103@dataops.example.com
,2022-08-18,CAD,BRL,0.9245798924,Internal FX,Closing,2022-08-18 13:46:56,sandra.hunter036@platform.example.com
,2022-08-06,USD,EUR,0.8078064303,Internal FX,Closing,2022-08-06 18:26:28,stephen.clark001@analytics.example.com
,2022-08-09,AUD,MXN,0.5079538015,ECB,Daily,2022-08-09 23:24:51,brandi.carter038@dataops.example.com
,2022-08-06,EUR,BRL,1.0458976733,Internal FX,Spot,2022-08-06 14:24:54,brandi.carter038@dataops.example.com
,2022-08-29,BRL,SGD,1.8384985351,Internal FX,Spot,2022-08-29 17:58:55,kristen.bailey110@analytics.example.com
,2022-08-19,GBP,MXN,0.7813734735,ECB,Closing,2022-08-19 17:20:37,eric.mullen052@dataops.example.com
,2022-08-11,AED,BRL,1.168094117,Bloomberg,Closing,2022-08-11 21:10:45,brandi.carter038@dataops.example.com
,2022-08-20,USD,MXN,0.5242232749,ECB,Daily,2022-08-20 04:33:35,timothy.cannon081@analytics.example.com
,2022-08-06,CAD,BRL,3.6645946843,Bloomberg,Closing,2022-08-06 07:58:04,michael.berger060@platform.example.com
,2022-08-04,AED,GBP,0.3050516916,ECB,Daily,2022-08-04 23:03:03,andrea.cummings039@platform.example.com
,2022-08-16,AED,USD,2.746276436,ECB,Closing,2022-08-16 09:05:49,christine.johnson056@commerce.example.com
,2022-08-13,EUR,JPY,0.5349182514,ECB,Daily,2022-08-13 23:03:09,micheal.chen050@dataops.example.com
,2022-08-27,AUD,USD,1.3789056523,Bloomberg,Daily,2022-08-27 08:28:40,chelsea.patel065@commerce.example.com
,2022-08-13,BRL,CAD,1.0850670359,Bloomberg,Daily,2022-08-13 08:22:18,shawn.baxter004@dataops.example.com
,2022-08-27,USD,AUD,0.8945205824,ECB,Daily,2022-08-27 08:02:37,darren.anderson025@dataops.example.com
,2022-08-03,EUR,AED,0.5033180928,Reuters,Closing,2022-08-03 18:57:22,yesenia.arnold040@platform.example.com
,2022-08-13,BRL,CAD,0.3711973154,Reuters,Closing,2022-08-13 01:25:01,timothy.cameron104@commerce.example.com
,2022-08-15,AED,BRL,1.1394508685,Reuters,Spot,2022-08-15 09:19:14,megan.cunningham013@commerce.example.com
,2022-08-20,EUR,INR,2.9575574752,Reuters,Closing,2022-08-20 14:35:34,brian.taylor114@analytics.example.com
,2022-08-03,MXN,AUD,1.2830874802,Bloomberg,Spot,2022-08-03 11:50:44,maria.ashley046@analytics.example.com
,2022-08-24,AUD,INR,0.6289597678,Internal FX,Closing,2022-08-24 14:07:25,timothy.cannon081@analytics.example.com
,2022-08-27,AED,INR,1.0048918684,ECB,Closing,2022-08-27 15:48:43,jason.franklin045@dataops.example.com
,2022-08-09,GBP,AED,0.6962059902,Internal FX,Daily,2022-08-09 07:10:43,michelle.sims041@analytics.example.com
,2022-08-04,MXN,INR,0.8822988225,Bloomberg,Spot,2022-08-04 22:34:19,amy.holmes103@dataops.example.com
,2022-08-29,INR,AUD,1.3666754367,Bloomberg,Spot,2022-08-29 19:02:55,stephen.clark001@analytics.example.com
,2022-08-11,GBP,AED,0.1570070673,ECB,Closing,2022-08-11 20:36:13,patrick.gonzalez035@dataops.example.com
,2022-08-02,GBP,MXN,0.9778344874,Bloomberg,Daily,2022-08-02 22:32:22,jason.franklin045@dataops.example.com
,2022-08-26,MXN,BRL,2.4388186384,Bloomberg,Closing,2022-08-26 18:41:56,tina.williams074@commerce.example.com
,2022-08-25,BRL,CAD,0.8360971735,ECB,Daily,2022-08-25 16:17:17,craig.johnson106@analytics.example.com
,2022-08-03,SGD,BRL,1.4712104544,Internal FX,Closing,2022-08-03 18:23:48,eric.horton058@analytics.example.com
,2022-08-01,AUD,EUR,1.8466009237,ECB,Closing,2022-08-01 23:19:07,jennifer.atkins003@platform.example.com
,2022-08-15,AUD,INR,1.9597674442,ECB,Closing,2022-08-15 18:49:27,joann.clark089@commerce.example.com
,2022-08-03,GBP,SGD,0.5491624951,Bloomberg,Daily,2022-08-03 00:25:24,victor.palmer071@platform.example.com
,2022-08-24,EUR,AED,0.6374030344,Bloomberg,Closing,2022-08-24 20:12:10,taylor.cunningham023@commerce.example.com
,2022-08-26,SGD,AED,1.2292577904,ECB,Daily,2022-08-26 16:42:51,joseph.johnson049@dataops.example.com
,2022-08-05,INR,EUR,0.3483482274,Bloomberg,Closing,2022-08-05 02:29:54,yesenia.arnold040@platform.example.com
,2022-08-09,INR,SGD,1.6965369408,Bloomberg,Spot,2022-08-09 05:21:40,michelle.sims041@analytics.example.com
,2022-08-20,BRL,CAD,1.3049891223,Bloomberg,Spot,2022-08-20 16:55:00,adam.gordon030@commerce.example.com
,2022-08-28,GBP,JPY,3.8217673309,Bloomberg,Closing,2022-08-28 02:27:52,susan.rice083@commerce.example.com
,2022-08-06,EUR,CAD,2.9420749849,Internal FX,Daily,2022-08-06 00:02:32,michael.johnson061@platform.example.com
,2022-08-22,BRL,SGD,0.3838150031,ECB,Closing,2022-08-22 22:40:29,stephen.clark001@analytics.example.com
,2022-08-03,GBP,SGD,0.871885371,Reuters,Daily,2022-08-03 07:54:10,christine.carter078@commerce.example.com
,2022-08-11,JPY,EUR,0.3003974712,Internal FX,Daily,2022-08-11 13:38:29,grace.gonzales099@dataops.example.com
,2022-08-18,AUD,MXN,1.4357704058,Bloomberg,Daily,2022-08-18 23:40:01,adam.gordon030@commerce.example.com
,2022-08-27,EUR,GBP,1.09844893,ECB,Closing,2022-08-27 00:41:22,alyssa.richards002@commerce.example.com
,2022-08-22,SGD,GBP,1.3143276729,Bloomberg,Daily,2022-08-22 13:09:03,yesenia.arnold040@platform.example.com
,2022-08-25,USD,GBP,0.781134479,Reuters,Daily,2022-08-25 03:13:07,darren.anderson025@dataops.example.com
,2022-08-24,CAD,GBP,1.016505843,ECB,Closing,2022-08-24 23:16:06,stephen.daniels076@commerce.example.com
,2022-08-29,GBP,SGD,1.1193156251,Reuters,Closing,2022-08-29 08:20:54,james.proctor094@dataops.example.com
,2022-08-26,SGD,GBP,0.2053238719,Internal FX,Closing,2022-08-26 22:15:34,grace.gonzales099@dataops.example.com
,2022-08-16,JPY,USD,0.8234774537,Reuters,Closing,2022-08-16 00:57:30,craig.johnson106@analytics.example.com
,2022-08-23,INR,BRL,2.7367248213,Reuters,Closing,2022-08-23 13:23:45,james.proctor094@dataops.example.com
,2022-08-11,USD,INR,1.4377420533,Internal FX,Closing,2022-08-11 09:02:46,renee.harvey080@dataops.example.com
,2022-08-06,INR,AUD,0.5020441266,Internal FX,Spot,2022-08-06 19:01:47,jimmy.washington028@commerce.example.com
,2022-08-27,EUR,AUD,2.7652248543,Internal FX,Spot,2022-08-27 01:30:39,katelyn.pitts017@commerce.example.com
,2022-08-04,AED,EUR,2.7014878184,ECB,Closing,2022-08-04 16:49:02,amy.holmes103@dataops.example.com
,2022-08-31,INR,USD,8.986572629,Bloomberg,Closing,2022-08-31 10:07:17,yesenia.arnold040@platform.example.com
,2022-08-12,USD,GBP,1.4048505471,Internal FX,Spot,2022-08-12 17:26:33,renee.harvey080@dataops.example.com
,2022-08-03,AUD,GBP,0.8848371688,ECB,Closing,2022-08-03 04:20:46,kelsey.taylor010@platform.example.com
,2022-08-16,BRL,JPY,0.3620497508,Internal FX,Spot,2022-08-16 16:40:21,michelle.bender024@analytics.example.com
,2022-08-27,BRL,AUD,0.67622559,Bloomberg,Closing,2022-08-27 00:12:00,stephen.daniels076@commerce.example.com
,2022-08-02,INR,BRL,1.1482671658,Reuters,Spot,2022-08-02 19:04:53,david.cabrera119@dataops.example.com
,2022-08-19,JPY,INR,8.053882054,Internal FX,Daily,2022-08-19 21:34:27,patrick.gonzalez035@dataops.example.com
,2022-08-10,INR,EUR,2.2780519644,Internal FX,Closing,2022-08-10 11:51:59,timothy.cameron104@commerce.example.com
,2022-08-08,AUD,GBP,1.493525505,Bloomberg,Closing,2022-08-08 03:16:09,peter.martinez098@platform.example.com
,2022-08-04,GBP,INR,0.5269844826,ECB,Daily,2022-08-04 11:27:01,micheal.chen050@dataops.example.com
,2022-08-11,MXN,BRL,0.8642588796,Bloomberg,Closing,2022-08-11 03:22:03,andrea.cummings039@platform.example.com
,2022-08-13,AUD,AED,0.5041568967,ECB,Closing,2022-08-13 05:46:39,brian.taylor114@analytics.example.com
,2022-08-06,MXN,EUR,1.4208548534,ECB,Spot,2022-08-06 09:00:32,andrew.ellis102@analytics.example.com
,2022-08-09,AED,GBP,3.2053036704,Bloomberg,Spot,2022-08-09 21:20:14,tiffany.freeman101@analytics.example.com
,2022-08-21,SGD,INR,0.4638862067,ECB,Spot,2022-08-21 17:50:26,renee.harvey080@dataops.example.com
,2022-08-31,JPY,USD,0.5705518657,Internal FX,Daily,2022-08-31 18:11:27,jennifer.bauer068@analytics.example.com
,2022-08-31,INR,EUR,0.8801175462,Internal FX,Closing,2022-08-31 12:58:52,victor.palmer071@platform.example.com
,2022-08-16,EUR,INR,0.4668182997,Reuters,Daily,2022-08-16 13:29:53,megan.cunningham013@commerce.example.com
,2022-08-29,GBP,USD,1.9880819077,ECB,Daily,2022-08-29 20:40:03,jennifer.bauer068@analytics.example.com
,2022-08-26,MXN,BRL,0.2557373879,Reuters,Spot,2022-08-26 06:44:44,alyssa.richards002@commerce.example.com
,2022-08-29,AUD,INR,1.3036556659,Reuters,Spot,2022-08-29 07:03:27,jason.franklin045@dataops.example.com
,2022-08-12,USD,CAD,1.4796720318,Reuters,Spot,2022-08-12 10:26:18,tiffany.freeman101@analytics.example.com
,2022-08-07,CAD,GBP,1.3348303468,Bloomberg,Closing,2022-08-07 07:24:07,jimmy.washington028@commerce.example.com
,2022-08-21,JPY,SGD,3.2183775731,Reuters,Spot,2022-08-21 22:49:25,timothy.cameron104@commerce.example.com
,2022-08-03,SGD,AED,0.6133159509,Internal FX,Closing,2022-08-03 18:46:56,michael.johnson061@platform.example.com
,2022-08-01,CAD,EUR,0.7616872411,Reuters,Closing,2022-08-01 21:52:50,anita.garcia021@dataops.example.com
,2022-08-14,EUR,JPY,0.7796454639,Internal FX,Closing,2022-08-14 04:45:10,grace.gonzales099@dataops.example.com
,2022-08-03,GBP,AUD,0.601228789,Reuters,Closing,2022-08-03 06:11:17,john.mullins109@commerce.example.com
,2022-08-07,BRL,EUR,1.3056062439,ECB,Daily,2022-08-07 05:36:42,megan.cunningham013@commerce.example.com
,2022-08-28,BRL,AUD,2.2671293789,ECB,Daily,2022-08-28 16:17:11,amy.holmes103@dataops.example.com
,2022-08-05,MXN,CAD,2.7571301408,Internal FX,Daily,2022-08-05 21:21:33,michelle.bender024@analytics.example.com
,2022-08-20,MXN,USD,0.3423564977,ECB,Daily,2022-08-20 03:30:02,anita.garcia021@dataops.example.com
,2022-08-26,INR,JPY,0.4137620911,Bloomberg,Closing,2022-08-26 08:27:58,ryan.steele043@commerce.example.com
,2022-08-05,EUR,AED,0.7968371942,ECB,Daily,2022-08-05 10:37:52,eric.horton058@analytics.example.com
,2022-08-11,JPY,USD,0.3853893373,ECB,Spot,2022-08-11 08:09:38,susan.rice083@commerce.example.com
,2022-08-24,USD,MXN,0.3729936626,Internal FX,Daily,2022-08-24 11:36:55,tina.williams074@commerce.example.com
,2022-08-26,SGD,USD,0.5516169615,Bloomberg,Daily,2022-08-26 08:01:32,micheal.chen050@dataops.example.com
,2022-08-08,INR,AED,0.576053809,Bloomberg,Daily,2022-08-08 10:35:43,grace.gonzales099@dataops.example.com
,2022-08-28,AED,EUR,2.7926988272,Bloomberg,Spot,2022-08-28 19:33:13,jennifer.hudson020@analytics.example.com
,2022-08-07,SGD,AUD,1.2689970373,Reuters,Spot,2022-08-07 08:15:20,christine.johnson056@commerce.example.com
,2022-08-07,CAD,MXN,0.8692946646,Bloomberg,Spot,2022-08-07 22:25:18,michael.johnson061@platform.example.com
,2022-08-13,AED,GBP,0.790935124,Bloomberg,Spot,2022-08-13 14:45:38,tiffany.freeman101@analytics.example.com
,2022-08-24,GBP,JPY,0.6404648852,Reuters,Daily,2022-08-24 23:50:09,grace.gonzales099@dataops.example.com
,2022-08-18,EUR,AUD,0.7559658125,Internal FX,Spot,2022-08-18 18:10:10,sylvia.diaz107@dataops.example.com
,2022-08-16,EUR,SGD,0.4552386419,Bloomberg,Spot,2022-08-16 08:23:01,christine.johnson056@commerce.example.com
,2022-08-18,AUD,JPY,1.8964168772,Reuters,Daily,2022-08-18 20:51:40,brandi.carter038@dataops.example.com
,2022-08-02,AUD,USD,1.9903795049,Internal FX,Daily,2022-08-02 07:18:21,stephen.clark001@analytics.example.com
,2022-08-17,USD,SGD,1.4659092729,Internal FX,Daily,2022-08-17 13:38:19,victor.palmer071@platform.example.com
,2022-08-06,MXN,CAD,0.8286677873,ECB,Spot,2022-08-06 11:07:44,kelsey.taylor010@platform.example.com
,2022-08-25,JPY,AUD,0.8213252461,Reuters,Spot,2022-08-25 12:53:25,ashley.marks069@commerce.example.com
,2022-08-29,SGD,BRL,0.2747504514,Bloomberg,Spot,2022-08-29 06:32:18,andrew.ellis102@analytics.example.com
,2022-08-22,JPY,AED,3.9724024313,Internal FX,Daily,2022-08-22 16:28:04,lisa.kim091@platform.example.com
,2022-08-13,JPY,CAD,0.3300873274,ECB,Daily,2022-08-13 12:41:35,adam.gordon030@commerce.example.com
,2022-08-24,SGD,MXN,0.9742012139,ECB,Spot,2022-08-24 20:33:50,taylor.cunningham023@commerce.example.com
,2022-08-27,SGD,MXN,0.8640061443,Reuters,Closing,2022-08-27 23:14:04,eric.mullen052@dataops.example.com
,2022-08-26,BRL,MXN,1.3601911177,Internal FX,Spot,2022-08-26 05:39:13,darren.anderson025@dataops.example.com
,2022-08-02,INR,USD,3.1420655378,Internal FX,Daily,2022-08-02 21:16:56,david.cabrera119@dataops.example.com
,2022-08-15,INR,CAD,2.5100389466,ECB,Daily,2022-08-15 06:03:10,sylvia.diaz107@dataops.example.com
,2022-08-12,GBP,SGD,1.0127849385,ECB,Closing,2022-08-12 12:03:23,micheal.chen050@dataops.example.com
,2022-08-15,CAD,EUR,0.9543704516,Internal FX,Closing,2022-08-15 21:30:06,anita.garcia021@dataops.example.com
,2022-08-28,GBP,SGD,2.4264867918,Bloomberg,Closing,2022-08-28 00:03:53,victoria.medina044@dataops.example.com
,2022-08-12,BRL,SGD,3.7238447839,ECB,Closing,2022-08-12 02:22:25,ashley.marks069@commerce.example.com
,2022-08-13,BRL,AED,0.6736561108,Bloomberg,Spot,2022-08-13 01:26:57,renee.harvey080@dataops.example.com
,2022-08-14,BRL,SGD,1.6239299096,Bloomberg,Closing,2022-08-14 13:55:18,peter.martinez098@platform.example.com
,2022-08-24,EUR,SGD,4.2571883352,Internal FX,Closing,2022-08-24 01:07:44,tiffany.freeman101@analytics.example.com
,2022-08-22,CAD,AED,0.7686668152,Internal FX,Closing,2022-08-22 17:46:08,victor.palmer071@platform.example.com
,2022-08-18,MXN,USD,0.4804896258,ECB,Spot,2022-08-18 18:21:43,katelyn.pitts017@commerce.example.com
,2022-08-31,CAD,AED,3.5568261493,ECB,Daily,2022-08-31 00:23:59,troy.boone097@platform.example.com
,2022-08-28,CAD,AED,1.7260851609,Internal FX,Spot,2022-08-28 00:26:51,yesenia.arnold040@platform.example.com
,2022-08-13,EUR,USD,2.2372133212,Bloomberg,Spot,2022-08-13 20:23:07,michael.johnson061@platform.example.com
,2022-08-20,CAD,EUR,2.7947461207,ECB,Closing,2022-08-20 19:52:31,maria.ashley046@analytics.example.com
,2022-08-01,MXN,CAD,0.6466549804,ECB,Spot,2022-08-01 12:11:08,yolanda.vasquez005@platform.example.com
,2022-08-17,AUD,AED,1.6900884379,Bloomberg,Spot,2022-08-17 12:30:34,joseph.johnson049@dataops.example.com
,2022-08-30,JPY,MXN,0.6844119827,Reuters,Spot,2022-08-30 22:46:13,michael.berger060@platform.example.com
,2022-08-23,USD,EUR,0.5557011197,Internal FX,Daily,2022-08-23 17:45:09,anita.garcia021@dataops.example.com
,2022-08-22,SGD,USD,1.5195544356,ECB,Spot,2022-08-22 22:21:48,jimmy.washington028@commerce.example.com
,2022-08-23,CAD,AED,1.4264146807,Internal FX,Daily,2022-08-23 04:05:24,maria.ashley046@analytics.example.com
,2022-08-23,USD,AED,4.6129361906,Reuters,Daily,2022-08-23 10:43:37,james.proctor094@dataops.example.com
,2022-08-03,USD,MXN,0.2989620312,Reuters,Closing,2022-08-03 19:44:31,lance.williams029@platform.example.com
,2022-08-24,USD,SGD,0.5671851271,Bloomberg,Daily,2022-08-24 08:22:59,john.mullins109@commerce.example.com
,2022-08-15,BRL,GBP,0.9339247452,ECB,Daily,2022-08-15 21:14:16,timothy.cameron104@commerce.example.com
,2022-08-10,INR,BRL,1.2473348834,Bloomberg,Spot,2022-08-10 18:15:16,brian.taylor114@analytics.example.com
,2022-08-20,SGD,INR,1.222772607,Reuters,Daily,2022-08-20 13:00:19,sandra.hunter036@platform.example.com
,2022-08-11,INR,CAD,1.1937612892,Reuters,Spot,2022-08-11 11:04:46,shawn.baxter004@dataops.example.com
,2022-08-26,SGD,MXN,0.582358519,Bloomberg,Spot,2022-08-26 01:20:11,andrea.cummings039@platform.example.com
,2022-08-04,SGD,INR,3.3812704842,Reuters,Daily,2022-08-04 11:59:45,john.mullins109@commerce.example.com
,2022-08-15,MXN,AUD,1.8530248105,Internal FX,Closing,2022-08-15 08:42:10,stephen.clark001@analytics.example.com
,2022-08-13,BRL,AED,1.1244620963,Bloomberg,Daily,2022-08-13 05:19:22,shawn.baxter004@dataops.example.com
,2022-08-05,USD,MXN,1.1412148162,Reuters,Spot,2022-08-05 03:27:23,lance.williams029@platform.example.com
,2022-08-20,EUR,AUD,0.54218886,Internal FX,Daily,2022-08-20 19:09:34,micheal.hall064@dataops.example.com
,2022-08-15,EUR,AED,0.3036088937,Reuters,Closing,2022-08-15 00:31:38,micheal.hall064@dataops.example.com
,2022-08-11,USD,BRL,0.7692560276,Internal FX,Spot,2022-08-11 04:17:39,adam.gordon030@commerce.example.com
,2022-08-17,BRL,JPY,0.6288174601,Internal FX,Daily,2022-08-17 04:33:05,kelsey.taylor010@platform.example.com
,2022-08-11,MXN,EUR,4.8353876524,Reuters,Closing,2022-08-11 18:12:09,kelsey.taylor010@platform.example.com
,2022-08-28,AED,GBP,1.9610818047,Reuters,Spot,2022-08-28 04:45:24,jeffery.miller012@commerce.example.com
,2022-08-09,SGD,AUD,0.5549842288,ECB,Spot,2022-08-09 17:21:19,peter.martinez098@platform.example.com
,2022-08-14,CAD,MXN,3.4665225259,ECB,Daily,2022-08-14 11:01:40,michael.berger060@platform.example.com
,2022-08-06,SGD,BRL,0.2143157583,Internal FX,Daily,2022-08-06 09:57:01,susan.rice083@commerce.example.com
,2022-08-21,EUR,CAD,1.7250882985,Internal FX,Spot,2022-08-21 18:22:00,katelyn.pitts017@commerce.example.com
,2022-08-21,SGD,MXN,1.7766061354,Reuters,Daily,2022-08-21 18:21:15,taylor.cunningham023@commerce.example.com
,2022-08-18,INR,AED,0.2949817359,Internal FX,Closing,2022-08-18 20:48:21,lisa.kim091@platform.example.com
,2022-08-04,JPY,INR,0.3875158609,Reuters,Closing,2022-08-04 01:04:45,jennifer.atkins003@platform.example.com
,2022-08-24,AED,BRL,0.7232463884,Bloomberg,Daily,2022-08-24 22:39:11,brandon.yu006@analytics.example.com
,2022-08-23,AUD,GBP,0.8713791962,Internal FX,Daily,2022-08-23 08:42:59,ryan.steele043@commerce.example.com
,2022-08-30,JPY,MXN,0.6906511362,Bloomberg,Spot,2022-08-30 12:04:46,amy.holmes103@dataops.example.com
,2022-08-13,SGD,AED,0.339550035,Reuters,Daily,2022-08-13 21:28:59,ryan.steele043@commerce.example.com
,2022-08-27,CAD,BRL,0.9101436633,ECB,Daily,2022-08-27 15:08:21,shawn.baxter004@dataops.example.com
,2022-08-18,GBP,INR,0.5505380357,ECB,Closing,2022-08-18 01:47:38,michael.berger060@platform.example.com
,2022-08-04,BRL,USD,0.8344359197,Reuters,Spot,2022-08-04 05:21:16,victor.palmer071@platform.example.com
,2022-08-25,AUD,INR,2.9618474104,Bloomberg,Spot,2022-08-25 11:23:02,sylvia.diaz107@dataops.example.com
,2022-08-26,SGD,USD,1.0929691228,Internal FX,Spot,2022-08-26 00:58:10,jeffery.miller012@commerce.example.com
,2022-08-15,BRL,EUR,1.2777187823,Internal FX,Closing,2022-08-15 15:45:02,john.mullins109@commerce.example.com
,2022-08-27,AUD,CAD,1.7564421416,Bloomberg,Spot,2022-08-27 15:12:18,jimmy.washington028@commerce.example.com
,2022-08-11,INR,BRL,2.0739706395,Bloomberg,Closing,2022-08-11 00:22:08,susan.rice083@commerce.example.com
,2022-08-06,MXN,JPY,1.187862165,Reuters,Spot,2022-08-06 21:04:49,ashley.marks069@commerce.example.com
,2022-08-12,AED,USD,0.2947741789,ECB,Daily,2022-08-12 05:09:55,stephen.clark001@analytics.example.com
,2022-08-05,JPY,AUD,3.4809236622,Reuters,Spot,2022-08-05 00:43:52,victoria.medina044@dataops.example.com
,2022-08-01,INR,USD,1.5377846765,Reuters,Spot,2022-08-01 23:48:55,sylvia.diaz107@dataops.example.com
,2022-08-19,BRL,MXN,3.609868015,Reuters,Daily,2022-08-19 00:29:26,victor.palmer071@platform.example.com
,2022-08-26,USD,AUD,0.6508709693,Bloomberg,Daily,2022-08-26 17:57:44,lisa.kim091@platform.example.com
,2022-08-28,EUR,AUD,0.1998282551,Internal FX,Spot,2022-08-28 03:36:52,lance.williams029@platform.example.com
,2022-08-14,SGD,USD,1.389407437,ECB,Spot,2022-08-14 17:09:00,sylvia.diaz107@dataops.example.com
,2022-08-12,JPY,INR,1.2682496509,Internal FX,Daily,2022-08-12 02:16:44,tiffany.freeman101@analytics.example.com
,2022-08-15,BRL,JPY,1.2553068651,Internal FX,Daily,2022-08-15 02:49:26,taylor.cunningham023@commerce.example.com
,2022-08-20,INR,EUR,3.7967162042,Bloomberg,Daily,2022-08-20 21:38:42,renee.harvey080@dataops.example.com
,2022-08-14,MXN,SGD,1.9340007434,Internal FX,Spot,2022-08-14 20:29:45,micheal.hall064@dataops.example.com
,2022-08-18,EUR,BRL,0.4144162738,Reuters,Closing,2022-08-18 03:14:30,troy.boone097@platform.example.com
,2022-08-28,BRL,MXN,0.5907600324,Reuters,Spot,2022-08-28 11:02:15,patrick.gonzalez035@dataops.example.com
,2022-08-30,AED,USD,1.044860073,Reuters,Daily,2022-08-30 04:18:22,brandon.yu006@analytics.example.com
,2022-08-31,SGD,AED,1.2002482603,Reuters,Closing,2022-08-31 00:31:27,david.cabrera119@dataops.example.com
,2022-08-31,JPY,CAD,0.7845192295,Internal FX,Spot,2022-08-31 20:45:11,ryan.steele043@commerce.example.com
,2022-08-16,AED,EUR,0.2982638889,Reuters,Closing,2022-08-16 14:43:46,christine.johnson056@commerce.example.com
,2022-08-23,AUD,INR,2.1725429421,ECB,Daily,2022-08-23 13:32:31,maria.ashley046@analytics.example.com
,2022-08-03,AED,USD,1.1833310236,Reuters,Closing,2022-08-03 21:35:42,brandi.carter038@dataops.example.com
,2022-08-18,AUD,INR,1.5394392268,Internal FX,Spot,2022-08-18 17:32:23,kelsey.taylor010@platform.example.com
,2022-08-02,AED,AUD,0.4314488913,Bloomberg,Closing,2022-08-02 10:37:33,stephen.clark001@analytics.example.com
,2022-08-24,EUR,INR,0.5784447017,Reuters,Spot,2022-08-24 00:33:00,renee.harvey080@dataops.example.com
,2022-08-23,INR,CAD,0.2552390351,Reuters,Closing,2022-08-23 19:59:39,sylvia.diaz107@dataops.example.com
,2022-08-11,INR,AUD,1.5346440442,ECB,Daily,2022-08-11 06:19:20,maria.ashley046@analytics.example.com
,2022-08-01,GBP,CAD,0.7733379373,Internal FX,Daily,2022-08-01 09:15:26,james.proctor094@dataops.example.com
,2022-08-02,SGD,BRL,0.4500411479,Reuters,Daily,2022-08-02 04:26:14,james.proctor094@dataops.example.com
,2022-08-25,JPY,SGD,0.4783405351,Internal FX,Closing,2022-08-25 21:02:15,ashley.marks069@commerce.example.com
,2022-08-20,GBP,INR,1.5993173891,ECB,Spot,2022-08-20 01:10:14,andrew.ellis102@analytics.example.com
,2022-08-14,CAD,GBP,0.7419554891,Internal FX,Daily,2022-08-14 19:01:02,tiffany.freeman101@analytics.example.com
,2022-08-10,AED,CAD,0.4675904403,ECB,Spot,2022-08-10 14:16:48,john.mullins109@commerce.example.com
,2022-08-17,SGD,AUD,0.8217804722,Reuters,Closing,2022-08-17 11:26:21,sylvia.diaz107@dataops.example.com
,2022-08-20,MXN,SGD,0.8583812095,ECB,Daily,2022-08-20 02:20:59,christine.johnson056@commerce.example.com
,2022-08-21,GBP,SGD,1.4558466819,Internal FX,Closing,2022-08-21 20:41:42,jason.franklin045@dataops.example.com
,2022-08-16,USD,SGD,2.4474615927,Internal FX,Spot,2022-08-16 23:57:29,patrick.gonzalez035@dataops.example.com
,2022-08-25,EUR,GBP,1.4147468729,Reuters,Closing,2022-08-25 14:59:14,david.cabrera119@dataops.example.com
,2022-08-12,JPY,INR,0.4934522106,Bloomberg,Spot,2022-08-12 03:24:33,tina.williams074@commerce.example.com
,2022-08-04,INR,EUR,0.5584481563,Internal FX,Daily,2022-08-04 14:36:27,yolanda.vasquez005@platform.example.com
,2022-08-27,SGD,AED,0.3625620906,ECB,Daily,2022-08-27 04:22:31,john.mullins109@commerce.example.com
,2022-08-24,INR,AUD,0.5116580348,Bloomberg,Spot,2022-08-24 22:03:02,brandon.yu006@analytics.example.com
,2022-08-04,INR,SGD,1.5469789504,ECB,Closing,2022-08-04 18:22:11,micheal.hall064@dataops.example.com
,2022-08-11,GBP,MXN,1.0502947975,ECB,Closing,2022-08-11 22:31:50,adam.gordon030@commerce.example.com
,2022-08-14,USD,BRL,0.15635193,Internal FX,Daily,2022-08-14 15:25:17,shawn.baxter004@dataops.example.com
,2022-08-18,MXN,USD,3.0520815951,Bloomberg,Closing,2022-08-18 08:25:39,joann.clark089@commerce.example.com
,2022-08-22,USD,EUR,0.3586708779,Bloomberg,Closing,2022-08-22 17:41:52,john.mullins109@commerce.example.com
,2022-08-23,AED,INR,0.867747729,Bloomberg,Daily,2022-08-23 05:27:56,tina.williams074@commerce.example.com
,2022-08-24,USD,EUR,1.9490730814,Bloomberg,Closing,2022-08-24 07:49:30,taylor.cunningham023@commerce.example.com
,2022-08-12,USD,CAD,1.2444876073,Reuters,Closing,2022-08-12 06:14:45,james.proctor094@dataops.example.com
,2022-08-16,EUR,GBP,1.4413545278,Bloomberg,Closing,2022-08-16 06:48:07,joann.clark089@commerce.example.com
,2022-08-11,MXN,SGD,1.0080398296,ECB,Closing,2022-08-11 00:04:25,susan.rice083@commerce.example.com
,2022-08-12,GBP,AED,0.5489459917,Bloomberg,Closing,2022-08-12 16:49:04,craig.johnson106@analytics.example.com
,2022-08-13,SGD,INR,0.3552062782,ECB,Closing,2022-08-13 18:59:57,maria.ashley046@analytics.example.com
,2022-08-13,CAD,MXN,3.0587760916,Internal FX,Daily,2022-08-13 08:15:54,eric.horton058@analytics.example.com
,2022-08-16,GBP,JPY,0.7549893299,Bloomberg,Spot,2022-08-16 15:02:55,micheal.hall064@dataops.example.com
,2022-08-02,CAD,AED,2.7506384772,Reuters,Closing,2022-08-02 07:59:46,patrick.gonzalez035@dataops.example.com
,2022-08-09,AUD,USD,1.1041891809,Internal FX,Spot,2022-08-09 07:05:49,brandi.carter038@dataops.example.com
,2022-08-21,BRL,AUD,0.3876097781,Bloomberg,Spot,2022-08-21 04:49:40,jennifer.bauer068@analytics.example.com
,2022-08-18,MXN,AED,1.1488003411,Bloomberg,Closing,2022-08-18 05:37:01,anita.garcia021@dataops.example.com
,2022-08-13,SGD,BRL,1.381642386,Internal FX,Spot,2022-08-13 13:31:24,eric.mullen052@dataops.example.com
,2022-08-19,JPY,CAD,2.5566480949,ECB,Closing,2022-08-19 09:56:20,jimmy.washington028@commerce.example.com
,2022-08-07,JPY,AED,2.2580756661,Bloomberg,Spot,2022-08-07 04:51:40,kevin.mathews014@analytics.example.com
,2022-08-06,JPY,GBP,0.5051868999,Internal FX,Spot,2022-08-06 06:29:54,kelsey.taylor010@platform.example.com
,2022-08-29,AED,SGD,1.0872789345,Internal FX,Daily,2022-08-29 09:23:38,jennifer.atkins003@platform.example.com
,2022-08-11,BRL,JPY,0.4258171516,Reuters,Closing,2022-08-11 20:50:55,joseph.johnson049@dataops.example.com
,2022-08-26,CAD,GBP,3.108524215,Internal FX,Daily,2022-08-26 00:28:53,troy.boone097@platform.example.com
,2022-08-16,CAD,AED,0.791027705,Reuters,Daily,2022-08-16 04:18:28,alyssa.richards002@commerce.example.com
,2022-08-19,JPY,MXN,0.5377178831,Bloomberg,Spot,2022-08-19 21:08:40,jennifer.atkins003@platform.example.com
,2022-08-21,CAD,EUR,1.8193920632,ECB,Spot,2022-08-21 21:32:57,peter.martinez098@platform.example.com
,2022-08-28,USD,EUR,0.624787576,ECB,Spot,2022-08-28 15:14:25,stephen.clark001@analytics.example.com
,2022-08-18,USD,INR,2.3296774648,Reuters,Daily,2022-08-18 22:56:53,jeffery.miller012@commerce.example.com
,2022-08-16,INR,GBP,0.3663105252,Reuters,Closing,2022-08-16 07:57:09,eric.mullen052@dataops.example.com
,2022-08-30,INR,AUD,0.5605837077,Bloomberg,Daily,2022-08-30 23:53:54,megan.cunningham013@commerce.example.com
,2022-08-25,USD,EUR,0.8935319157,Internal FX,Daily,2022-08-25 08:05:17,yesenia.arnold040@platform.example.com
,2022-08-28,MXN,GBP,1.4929279531,ECB,Spot,2022-08-28 10:05:24,maria.ashley046@analytics.example.com
,2022-08-23,USD,EUR,3.5842217333,Bloomberg,Spot,2022-08-23 17:38:42,peter.martinez098@platform.example.com
,2022-08-11,CAD,MXN,0.5519024099,Reuters,Spot,2022-08-11 13:12:02,david.cabrera119@dataops.example.com
,2022-08-13,CAD,USD,1.6035122777,Reuters,Closing,2022-08-13 12:55:32,brian.taylor114@analytics.example.com
,2022-08-04,INR,SGD,0.4248553863,ECB,Spot,2022-08-04 19:18:14,brandi.carter038@dataops.example.com
,2022-08-15,EUR,INR,2.879586037,Reuters,Spot,2022-08-15 05:38:42,joseph.johnson049@dataops.example.com
,2022-08-14,SGD,MXN,1.7358004478,Reuters,Daily,2022-08-14 15:39:53,jennifer.atkins003@platform.example.com
,2022-08-19,JPY,BRL,2.6305148858,ECB,Daily,2022-08-19 02:44:42,tina.williams074@commerce.example.com
,2022-08-10,USD,GBP,0.8108810454,ECB,Spot,2022-08-10 05:03:11,andrea.cummings039@platform.example.com
,2022-08-11,INR,SGD,1.2806010645,ECB,Daily,2022-08-11 15:42:05,andrew.ellis102@analytics.example.com
,2022-08-24,SGD,BRL,3.3516794708,ECB,Daily,2022-08-24 11:18:39,anita.garcia021@dataops.example.com
,2022-08-15,SGD,AED,4.1889831354,Bloomberg,Spot,2022-08-15 13:20:49,sylvia.diaz107@dataops.example.com
,2022-08-11,USD,CAD,1.329516073,Bloomberg,Spot,2022-08-11 15:37:28,anita.garcia021@dataops.example.com
,2022-08-06,JPY,MXN,1.011773433,Bloomberg,Spot,2022-08-06 16:58:41,ryan.steele043@commerce.example.com
,2022-08-19,BRL,SGD,0.5220861414,Reuters,Daily,2022-08-19 21:02:44,victoria.medina044@dataops.example.com
,2022-08-25,MXN,SGD,0.5860103564,Bloomberg,Spot,2022-08-25 15:35:53,yolanda.vasquez005@platform.example.com
,2022-08-27,BRL,USD,1.2104731035,Internal FX,Daily,2022-08-27 06:36:10,megan.cunningham013@commerce.example.com
,2022-08-24,AED,USD,1.4007163494,ECB,Closing,2022-08-24 21:47:04,michelle.bender024@analytics.example.com
,2022-08-27,JPY,CAD,3.027259069,ECB,Spot,2022-08-27 15:30:05,brandon.yu006@analytics.example.com
,2022-08-22,BRL,SGD,1.0606672448,Internal FX,Closing,2022-08-22 04:29:11,megan.cunningham013@commerce.example.com
,2022-08-03,SGD,BRL,1.0420274413,Internal FX,Spot,2022-08-03 22:48:11,brandi.carter038@dataops.example.com
,2022-08-15,MXN,INR,0.3059383108,Internal FX,Spot,2022-08-15 13:06:49,sylvia.diaz107@dataops.example.com
,2022-08-27,CAD,USD,1.246428312,ECB,Spot,2022-08-27 14:50:26,christine.carter078@commerce.example.com
,2022-08-29,SGD,MXN,1.0239805873,ECB,Spot,2022-08-29 22:08:27,timothy.cameron104@commerce.example.com
,2022-08-04,AUD,USD,1.0817349453,Bloomberg,Daily,2022-08-04 19:42:05,david.cabrera119@dataops.example.com
,2022-08-09,AUD,JPY,1.3329417197,ECB,Spot,2022-08-09 15:16:56,michelle.sims041@analytics.example.com
,2022-08-28,SGD,BRL,0.712509063,ECB,Closing,2022-08-28 15:40:53,ryan.steele043@commerce.example.com
,2022-08-10,GBP,SGD,0.338229841,ECB,Spot,2022-08-10 20:06:58,christine.johnson056@commerce.example.com
,2022-08-02,EUR,AED,1.2254338761,Internal FX,Daily,2022-08-02 08:17:36,james.proctor094@dataops.example.com
,2022-08-12,USD,MXN,0.9784876741,Bloomberg,Daily,2022-08-12 04:31:24,amy.holmes103@dataops.example.com
,2022-08-14,AED,JPY,5.7088867522,Reuters,Daily,2022-08-14 01:11:38,ashley.marks069@commerce.example.com
,2022-08-21,JPY,CAD,0.3961731426,Reuters,Spot,2022-08-21 12:38:07,lance.williams029@platform.example.com
,2022-08-11,EUR,BRL,0.3095412611,Internal FX,Daily,2022-08-11 08:47:14,megan.cunningham013@commerce.example.com
,2022-08-09,BRL,JPY,5.8457272849,ECB,Daily,2022-08-09 13:17:15,james.proctor094@dataops.example.com
,2022-08-26,AUD,EUR,2.868281221,Bloomberg,Spot,2022-08-26 21:13:32,brandon.yu006@analytics.example.com
,2022-08-31,EUR,SGD,0.9259354695,Internal FX,Spot,2022-08-31 09:13:00,eric.horton058@analytics.example.com
,2022-08-04,SGD,MXN,1.5635530918,ECB,Closing,2022-08-04 16:31:40,james.proctor094@dataops.example.com
,2022-08-25,USD,MXN,0.7961436923,Bloomberg,Spot,2022-08-25 00:56:05,brian.taylor114@analytics.example.com
,2022-08-02,JPY,SGD,0.415156688,Internal FX,Spot,2022-08-02 01:07:13,ryan.steele043@commerce.example.com
,2022-08-28,EUR,MXN,0.2553133084,Internal FX,Closing,2022-08-28 03:36:47,kristen.bailey110@analytics.example.com
,2022-08-10,INR,MXN,3.7940961356,ECB,Spot,2022-08-10 20:44:17,shawn.baxter004@dataops.example.com
,2022-08-06,SGD,BRL,0.3247578045,ECB,Spot,2022-08-06 18:53:15,brandi.carter038@dataops.example.com
,2022-08-05,CAD,JPY,3.436961654,Internal FX,Closing,2022-08-05 14:06:37,jennifer.hudson020@analytics.example.com
,2022-08-16,USD,GBP,0.6975589717,ECB,Spot,2022-08-16 15:10:48,micheal.chen050@dataops.example.com
,2022-08-06,AED,JPY,3.6057850406,Internal FX,Spot,2022-08-06 01:13:30,yesenia.arnold040@platform.example.com
,2022-08-26,JPY,BRL,2.2338503083,ECB,Daily,2022-08-26 09:14:25,john.mullins109@commerce.example.com
,2022-08-14,INR,JPY,2.016293749,Bloomberg,Daily,2022-08-14 09:50:42,stephen.clark001@analytics.example.com
,2022-08-03,JPY,AUD,1.3598793023,Bloomberg,Daily,2022-08-03 19:12:52,adam.gordon030@commerce.example.com
,2022-08-09,MXN,JPY,1.1595485181,Internal FX,Closing,2022-08-09 04:51:37,chelsea.patel065@commerce.example.com
,2022-08-26,EUR,SGD,0.2342753739,ECB,Spot,2022-08-26 06:09:39,james.proctor094@dataops.example.com
,2022-08-04,INR,USD,2.4362107044,Bloomberg,Closing,2022-08-04 07:00:46,eric.horton058@analytics.example.com
,2022-08-02,USD,GBP,1.4201850101,Reuters,Daily,2022-08-02 17:38:01,joseph.johnson049@dataops.example.com
,2022-08-31,EUR,AUD,3.2872831076,Internal FX,Spot,2022-08-31 05:58:33,christine.johnson056@commerce.example.com
,2022-08-28,SGD,AUD,1.3275032858,Reuters,Closing,2022-08-28 13:48:13,micheal.chen050@dataops.example.com
,2022-08-13,MXN,AED,4.3005854519,Reuters,Closing,2022-08-13 12:03:13,michelle.bender024@analytics.example.com
,2022-08-11,GBP,CAD,0.969165504,ECB,Spot,2022-08-11 05:16:07,eric.mullen052@dataops.example.com
,2022-08-24,MXN,CAD,2.4411226304,Bloomberg,Daily,2022-08-24 00:29:59,yolanda.vasquez005@platform.example.com
,2022-08-11,EUR,GBP,0.7194789137,Internal FX,Daily,2022-08-11 03:32:04,jennifer.atkins003@platform.example.com
,2022-08-13,SGD,AUD,0.6133798043,Reuters,Closing,2022-08-13 14:18:47,katelyn.pitts017@commerce.example.com
,2022-08-26,USD,SGD,0.2732782389,Reuters,Closing,2022-08-26 09:10:34,taylor.cunningham023@commerce.example.com
,2022-08-03,JPY,MXN,3.1014163457,ECB,Daily,2022-08-03 14:41:23,victoria.medina044@dataops.example.com
,2022-08-11,USD,BRL,2.0905665279,Reuters,Spot,2022-08-11 12:07:23,ashley.marks069@commerce.example.com
,2022-08-08,JPY,BRL,0.8623310349,Reuters,Closing,2022-08-08 17:57:53,craig.johnson106@analytics.example.com
,2022-08-10,EUR,CAD,1.4485170118,Reuters,Closing,2022-08-10 20:06:36,taylor.cunningham023@commerce.example.com
,2022-08-09,MXN,CAD,0.2230253041,Bloomberg,Daily,2022-08-09 09:12:01,taylor.cunningham023@commerce.example.com
,2022-08-07,MXN,AUD,4.2217393372,ECB,Daily,2022-08-07 04:29:10,brian.taylor114@analytics.example.com
,2022-08-11,USD,INR,3.7705653005,Bloomberg,Spot,2022-08-11 03:46:23,troy.boone097@platform.example.com
,2022-08-06,GBP,MXN,0.932786259,Internal FX,Daily,2022-08-06 09:25:03,eric.mullen052@dataops.example.com
,2022-08-21,BRL,AED,1.5598003826,Internal FX,Spot,2022-08-21 12:32:31,kelsey.taylor010@platform.example.com
,2022-08-05,GBP,MXN,5.0927710289,Reuters,Closing,2022-08-05 22:23:28,victoria.medina044@dataops.example.com
,2022-08-23,EUR,SGD,0.4307745827,Internal FX,Spot,2022-08-23 23:57:52,patrick.gonzalez035@dataops.example.com
,2022-08-27,SGD,AED,0.3465307314,Internal FX,Daily,2022-08-27 17:03:17,victoria.medina044@dataops.example.com
,2022-08-11,CAD,BRL,2.1734353159,Reuters,Spot,2022-08-11 19:28:51,eric.horton058@analytics.example.com
,2022-08-27,CAD,EUR,1.4743050737,Internal FX,Daily,2022-08-27 08:04:29,jeffery.miller012@commerce.example.com
,2022-08-19,GBP,EUR,1.3928857051,ECB,Closing,2022-08-19 13:22:11,eric.mullen052@dataops.example.com
,2022-08-29,AED,INR,0.3845988359,Reuters,Daily,2022-08-29 17:03:58,tiffany.freeman101@analytics.example.com
,2022-08-26,BRL,GBP,2.517079023,ECB,Spot,2022-08-26 22:27:27,shawn.baxter004@dataops.example.com
,2022-08-16,CAD,AUD,4.1369751721,ECB,Closing,2022-08-16 21:33:25,victor.palmer071@platform.example.com
,2022-08-01,USD,CAD,0.9278892405,Reuters,Spot,2022-08-01 00:59:46,joann.clark089@commerce.example.com
,2022-08-17,AUD,GBP,0.153932394,Bloomberg,Spot,2022-08-17 22:04:26,victoria.medina044@dataops.example.com
,2022-08-22,SGD,USD,1.6474909698,Bloomberg,Daily,2022-08-22 19:01:39,maria.ashley046@analytics.example.com
,2022-08-04,GBP,USD,1.3761877294,Bloomberg,Closing,2022-08-04 04:32:02,yesenia.arnold040@platform.example.com
,2022-08-15,EUR,GBP,0.9398262201,Reuters,Closing,2022-08-15 22:14:25,ryan.steele043@commerce.example.com
,2022-08-19,AED,CAD,1.1209058522,Bloomberg,Closing,2022-08-19 13:53:34,christine.carter078@commerce.example.com
,2022-08-29,INR,SGD,0.2712328485,Internal FX,Spot,2022-08-29 21:07:27,kelsey.taylor010@platform.example.com
,2022-08-03,USD,AED,0.9888840358,ECB,Closing,2022-08-03 02:21:17,yolanda.vasquez005@platform.example.com
,2022-08-09,CAD,EUR,0.5716732017,Bloomberg,Daily,2022-08-09 19:14:37,peter.martinez098@platform.example.com
,2022-08-01,CAD,BRL,0.7200741462,Internal FX,Closing,2022-08-01 05:46:35,yolanda.vasquez005@platform.example.com
,2022-08-02,INR,GBP,0.5063759858,Bloomberg,Daily,2022-08-02 16:10:45,grace.gonzales099@dataops.example.com
,2022-08-01,CAD,AUD,0.6213096255,Bloomberg,Closing,2022-08-01 02:20:01,katelyn.pitts017@commerce.example.com
,2022-08-15,AED,EUR,0.7995537089,Bloomberg,Daily,2022-08-15 06:07:05,lance.williams029@platform.example.com
,2022-08-04,INR,CAD,1.0112459809,ECB,Spot,2022-08-04 22:50:08,stephen.daniels076@commerce.example.com
,2022-08-13,AUD,GBP,0.6653675318,ECB,Daily,2022-08-13 08:17:58,jason.franklin045@dataops.example.com
,2022-08-29,MXN,AUD,2.6103296754,Internal FX,Closing,2022-08-29 18:34:36,peter.martinez098@platform.example.com
,2022-08-31,AUD,BRL,0.4193189796,ECB,Spot,2022-08-31 15:35:06,eric.horton058@analytics.example.com
,2022-08-14,SGD,EUR,0.5809223852,Internal FX,Spot,2022-08-14 05:27:16,yesenia.arnold040@platform.example.com
,2022-08-22,JPY,MXN,1.7054096947,Reuters,Spot,2022-08-22 07:52:31,victoria.medina044@dataops.example.com
,2022-08-18,GBP,BRL,0.6059887886,Internal FX,Closing,2022-08-18 10:05:46,ryan.steele043@commerce.example.com
,2022-08-14,MXN,INR,1.3783296535,Reuters,Spot,2022-08-14 17:43:05,sandra.hunter036@platform.example.com
,2022-08-17,AED,AUD,3.0561293934,Internal FX,Daily,2022-08-17 08:22:53,yesenia.arnold040@platform.example.com
,2022-08-04,CAD,AUD,1.7717762879,Reuters,Daily,2022-08-04 14:56:18,michael.johnson061@platform.example.com
,2022-08-07,EUR,SGD,1.5818738216,ECB,Spot,2022-08-07 04:12:00,ashley.marks069@commerce.example.com
,2022-08-14,CAD,GBP,0.950231029,Bloomberg,Spot,2022-08-14 13:52:09,chelsea.patel065@commerce.example.com
,2022-08-07,SGD,CAD,0.4944889118,Bloomberg,Closing,2022-08-07 02:47:14,david.cabrera119@dataops.example.com
,2022-08-30,MXN,INR,0.2640901166,Internal FX,Daily,2022-08-30 17:15:24,john.mullins109@commerce.example.com
,2022-08-26,CAD,MXN,0.9272520052,ECB,Closing,2022-08-26 18:39:32,andrea.cummings039@platform.example.com
,2022-08-17,GBP,USD,0.4134820527,Internal FX,Closing,2022-08-17 19:01:05,michelle.sims041@analytics.example.com
,2022-08-29,AED,JPY,0.7265445496,Internal FX,Spot,2022-08-29 09:48:17,christine.johnson056@commerce.example.com
,2022-08-18,JPY,EUR,1.2377512552,ECB,Spot,2022-08-18 03:53:47,adam.gordon030@commerce.example.com
,2022-08-17,AUD,SGD,0.4684367299,Bloomberg,Daily,2022-08-17 21:43:19,taylor.cunningham023@commerce.example.com
,2022-08-19,CAD,EUR,1.3471989618,Bloomberg,Spot,2022-08-19 01:31:56,stephen.clark001@analytics.example.com
,2022-08-06,SGD,EUR,1.0235267884,Bloomberg,Daily,2022-08-06 05:23:34,megan.cunningham013@commerce.example.com
,2022-08-30,GBP,SGD,1.3305834375,Bloomberg,Spot,2022-08-30 04:10:03,eric.horton058@analytics.example.com
,2022-08-04,INR,CAD,0.6792990316,ECB,Closing,2022-08-04 06:10:22,micheal.chen050@dataops.example.com
,2022-08-20,AED,USD,1.1617310705,ECB,Spot,2022-08-20 14:54:36,micheal.hall064@dataops.example.com
,2022-08-05,USD,BRL,1.9604929369,Reuters,Daily,2022-08-05 20:05:38,michelle.bender024@analytics.example.com
,2022-08-22,EUR,USD,1.3947261718,Bloomberg,Closing,2022-08-22 20:09:27,darren.anderson025@dataops.example.com
,2022-08-12,BRL,EUR,0.7423243542,Bloomberg,Closing,2022-08-12 17:27:04,megan.cunningham013@commerce.example.com
,2022-08-03,EUR,GBP,0.496388114,Internal FX,Daily,2022-08-03 06:02:30,chelsea.patel065@commerce.example.com
,2022-08-17,EUR,AED,0.7232616691,Bloomberg,Spot,2022-08-17 04:23:16,eric.mullen052@dataops.example.com
,2022-08-14,JPY,MXN,0.5170251134,ECB,Daily,2022-08-14 04:49:22,anita.garcia021@dataops.example.com
,2022-08-06,SGD,AUD,0.9448449835,Bloomberg,Closing,2022-08-06 10:02:34,grace.gonzales099@dataops.example.com
,2022-08-08,BRL,MXN,1.5576932756,Reuters,Spot,2022-08-08 16:06:16,jennifer.hudson020@analytics.example.com
,2022-08-06,BRL,AED,1.3043042947,Reuters,Daily,2022-08-06 08:57:40,sylvia.diaz107@dataops.example.com
,2022-08-05,GBP,AUD,0.5552969966,Reuters,Daily,2022-08-05 05:10:38,troy.boone097@platform.example.com
,2022-08-22,CAD,AED,2.3597999471,Bloomberg,Closing,2022-08-22 05:34:06,adam.gordon030@commerce.example.com
,2022-08-13,MXN,GBP,2.4422686206,Internal FX,Spot,2022-08-13 07:16:33,taylor.cunningham023@commerce.example.com
,2022-08-25,BRL,SGD,0.5094105442,Bloomberg,Closing,2022-08-25 02:07:57,patrick.gonzalez035@dataops.example.com
,2022-08-10,SGD,JPY,1.4388290267,Internal FX,Closing,2022-08-10 21:06:51,jennifer.bauer068@analytics.example.com
,2022-08-06,AED,EUR,0.7798988289,ECB,Closing,2022-08-06 12:21:31,joseph.johnson049@dataops.example.com
,2022-08-31,MXN,SGD,0.7427721936,ECB,Spot,2022-08-31 12:46:58,maria.ashley046@analytics.example.com
,2022-08-14,AED,USD,0.3812035063,Bloomberg,Closing,2022-08-14 21:03:31,megan.cunningham013@commerce.example.com
,2022-08-07,AUD,SGD,1.233529238,Internal FX,Closing,2022-08-07 10:36:38,ashley.marks069@commerce.example.com
,2022-08-27,AUD,EUR,0.7322748873,Internal FX,Spot,2022-08-27 02:17:23,taylor.cunningham023@commerce.example.com
,2022-08-02,INR,AUD,1.7447434335,Reuters,Closing,2022-08-02 12:11:15,eric.mullen052@dataops.example.com
,2022-08-16,EUR,SGD,2.6792249979,ECB,Closing,2022-08-16 09:27:52,patrick.gonzalez035@dataops.example.com
,2022-08-05,BRL,USD,0.4260162112,ECB,Daily,2022-08-05 04:40:25,ryan.steele043@commerce.example.com
,2022-08-03,USD,CAD,0.4657835598,Bloomberg,Spot,2022-08-03 17:31:07,lance.williams029@platform.example.com
,2022-08-07,EUR,CAD,6.1721705556,Bloomberg,Daily,2022-08-07 09:52:19,victoria.medina044@dataops.example.com
,2022-08-19,AED,USD,5.7123039881,ECB,Daily,2022-08-19 09:52:20,taylor.cunningham023@commerce.example.com
,2022-08-28,SGD,USD,0.8349331338,Bloomberg,Spot,2022-08-28 14:02:28,ryan.steele043@commerce.example.com
,2022-08-14,GBP,EUR,1.0370871132,ECB,Daily,2022-08-14 21:53:17,tina.williams074@commerce.example.com
,2022-08-02,INR,EUR,1.382501272,ECB,Daily,2022-08-02 07:16:06,timothy.cameron104@commerce.example.com
,2022-08-19,INR,MXN,0.6101390592,Reuters,Daily,2022-08-19 22:06:04,christine.carter078@commerce.example.com
,2022-08-30,INR,SGD,2.6820919394,Reuters,Closing,2022-08-30 02:32:18,james.proctor094@dataops.example.com
,2022-08-27,INR,EUR,0.7577898765,Internal FX,Daily,2022-08-27 02:51:56,stephen.daniels076@commerce.example.com
,2022-08-31,AED,USD,3.0603421434,Bloomberg,Daily,2022-08-31 02:50:23,victor.palmer071@platform.example.com
,2022-08-02,AED,USD,1.0054394708,ECB,Closing,2022-08-02 21:10:58,jennifer.atkins003@platform.example.com
,2022-08-08,SGD,JPY,0.8995830011,Internal FX,Spot,2022-08-08 16:52:02,kelsey.taylor010@platform.example.com
,2022-08-27,BRL,USD,1.56557504,Reuters,Closing,2022-08-27 03:53:11,michelle.sims041@analytics.example.com
,2022-08-04,CAD,INR,0.330276629,Reuters,Spot,2022-08-04 17:48:12,andrew.ellis102@analytics.example.com
,2022-08-12,AED,EUR,0.133067808,Bloomberg,Spot,2022-08-12 06:25:57,david.cabrera119@dataops.example.com
,2022-08-01,AUD,GBP,2.6503299805,ECB,Closing,2022-08-01 10:25:04,brandon.yu006@analytics.example.com
,2022-08-28,AUD,SGD,0.1692821645,Reuters,Daily,2022-08-28 05:04:56,stephen.clark001@analytics.example.com
,2022-08-08,AED,GBP,0.7242730678,Internal FX,Daily,2022-08-08 14:26:20,brandi.carter038@dataops.example.com
,2022-08-10,GBP,AED,1.2139723791,Reuters,Daily,2022-08-10 02:23:44,timothy.cannon081@analytics.example.com
,2022-08-16,AUD,CAD,1.3052954422,ECB,Spot,2022-08-16 13:17:43,shawn.baxter004@dataops.example.com
,2022-08-14,GBP,MXN,0.6545161194,Bloomberg,Daily,2022-08-14 13:06:08,anita.garcia021@dataops.example.com
,2022-08-12,USD,MXN,0.9073861938,Bloomberg,Closing,2022-08-12 01:11:00,taylor.cunningham023@commerce.example.com
,2022-08-26,GBP,MXN,0.7743894689,Internal FX,Spot,2022-08-26 07:17:28,christine.johnson056@commerce.example.com
,2022-08-30,AED,AUD,0.9315270313,Internal FX,Daily,2022-08-30 14:02:57,micheal.hall064@dataops.example.com
,2022-08-20,MXN,BRL,1.4510017645,Internal FX,Closing,2022-08-20 18:36:58,michael.berger060@platform.example.com
,2022-08-18,SGD,GBP,0.2394512519,Bloomberg,Daily,2022-08-18 08:07:48,jimmy.washington028@commerce.example.com
,2022-08-17,INR,USD,2.5841795428,Reuters,Closing,2022-08-17 01:07:29,yolanda.vasquez005@platform.example.com
,2022-08-21,AED,MXN,0.5784785293,Bloomberg,Spot,2022-08-21 21:57:05,renee.harvey080@dataops.example.com
,2022-08-02,MXN,JPY,0.7230320271,ECB,Daily,2022-08-02 21:01:02,brandi.carter038@dataops.example.com
,2022-08-17,EUR,BRL,1.8778586373,Bloomberg,Daily,2022-08-17 21:39:19,andrew.ellis102@analytics.example.com
,2022-08-28,EUR,MXN,1.9564643795,Internal FX,Spot,2022-08-28 23:23:11,susan.rice083@commerce.example.com
,2022-08-30,CAD,BRL,2.6027937513,Reuters,Spot,2022-08-30 02:43:59,jason.franklin045@dataops.example.com
,2022-08-13,USD,MXN,4.1732611184,Reuters,Daily,2022-08-13 15:01:38,jennifer.hudson020@analytics.example.com
,2022-08-24,EUR,AED,1.8059926238,Bloomberg,Daily,2022-08-24 19:02:08,craig.johnson106@analytics.example.com
,2022-08-31,CAD,USD,1.4291005283,Reuters,Daily,2022-08-31 04:21:21,kristen.bailey110@analytics.example.com
,2022-08-01,AUD,BRL,0.652678495,Internal FX,Daily,2022-08-01 01:59:04,michelle.bender024@analytics.example.com
,2022-08-20,INR,JPY,0.5948899297,ECB,Spot,2022-08-20 07:21:05,shawn.baxter004@dataops.example.com
,2022-08-19,AED,JPY,0.8514316126,ECB,Daily,2022-08-19 08:24:32,kelsey.taylor010@platform.example.com
,2022-08-22,CAD,MXN,0.6836436387,Bloomberg,Daily,2022-08-22 04:45:49,michelle.sims041@analytics.example.com
,2022-08-20,SGD,CAD,1.7896423295,Reuters,Daily,2022-08-20 19:14:47,taylor.cunningham023@commerce.example.com
,2022-08-25,GBP,SGD,0.2966140787,ECB,Daily,2022-08-25 14:20:12,katelyn.pitts017@commerce.example.com
,2022-08-30,CAD,EUR,0.25528357,Reuters,Closing,2022-08-30 12:21:38,stephen.daniels076@commerce.example.com
,2022-08-08,BRL,INR,0.7168804094,ECB,Spot,2022-08-08 07:37:13,eric.mullen052@dataops.example.com
,2022-08-31,GBP,AED,1.4980536999,Bloomberg,Spot,2022-08-31 07:03:35,victor.palmer071@platform.example.com
,2022-08-22,JPY,USD,0.7848807271,Bloomberg,Closing,2022-08-22 16:28:39,kevin.mathews014@analytics.example.com
,2022-08-11,CAD,INR,4.5384703801,Internal FX,Closing,2022-08-11 11:20:04,kevin.mathews014@analytics.example.com
,2022-08-24,CAD,AED,3.223119866,Reuters,Closing,2022-08-24 22:22:42,michelle.sims041@analytics.example.com
,2022-08-27,EUR,SGD,0.82811677,Internal FX,Daily,2022-08-27 03:37:13,katelyn.pitts017@commerce.example.com
,2022-08-22,EUR,JPY,1.0694329394,Bloomberg,Daily,2022-08-22 00:23:12,sandra.hunter036@platform.example.com
,2022-08-01,AUD,EUR,1.371037769,Reuters,Spot,2022-08-01 00:01:55,taylor.cunningham023@commerce.example.com
,2022-08-03,CAD,GBP,6.4640342574,ECB,Spot,2022-08-03 07:11:25,patrick.gonzalez035@dataops.example.com
,2022-08-21,SGD,BRL,0.2995916346,Internal FX,Daily,2022-08-21 14:06:41,shawn.baxter004@dataops.example.com
,2022-08-26,USD,AED,0.1955008878,ECB,Spot,2022-08-26 09:48:13,brandi.carter038@dataops.example.com
,2022-08-01,AUD,MXN,0.8213034752,Bloomberg,Daily,2022-08-01 19:50:39,chelsea.patel065@commerce.example.com
,2022-08-24,JPY,AED,1.1533157519,ECB,Closing,2022-08-24 13:45:45,jeffery.miller012@commerce.example.com
,2022-08-01,SGD,EUR,0.5025485965,Reuters,Closing,2022-08-01 05:31:37,megan.cunningham013@commerce.example.com
,2022-08-14,MXN,USD,0.9690620708,Bloomberg,Closing,2022-08-14 21:35:12,james.proctor094@dataops.example.com
,2022-08-03,SGD,AED,0.561627777,Bloomberg,Closing,2022-08-03 13:14:40,david.cabrera119@dataops.example.com
,2022-08-11,MXN,JPY,3.042760556,ECB,Daily,2022-08-11 03:28:42,ashley.marks069@commerce.example.com
,2022-08-15,AUD,AED,0.5500443959,Reuters,Daily,2022-08-15 19:35:30,renee.harvey080@dataops.example.com
,2022-08-28,INR,AED,0.4988284893,Bloomberg,Closing,2022-08-28 17:07:30,michael.johnson061@platform.example.com
,2022-08-24,USD,BRL,2.5990331877,Internal FX,Spot,2022-08-24 06:10:51,renee.harvey080@dataops.example.com
,2022-08-31,USD,EUR,2.8106581263,ECB,Spot,2022-08-31 11:48:51,andrew.ellis102@analytics.example.com
,2022-08-02,INR,EUR,3.7572765349,Reuters,Daily,2022-08-02 13:52:23,yolanda.vasquez005@platform.example.com
,2022-08-28,AUD,JPY,2.9233188928,Internal FX,Closing,2022-08-28 09:49:32,timothy.cannon081@analytics.example.com
,2022-08-07,GBP,AED,1.5523288189,ECB,Closing,2022-08-07 04:29:43,micheal.hall064@dataops.example.com
,2022-08-01,SGD,GBP,1.1644159387,Bloomberg,Closing,2022-08-01 15:04:53,alyssa.richards002@commerce.example.com
,2022-08-11,EUR,CAD,1.8462743575,Reuters,Closing,2022-08-11 01:04:03,brandon.yu006@analytics.example.com
,2022-08-23,JPY,BRL,0.7751824917,ECB,Spot,2022-08-23 00:22:45,michelle.sims041@analytics.example.com
,2022-08-14,SGD,BRL,0.6766049876,Reuters,Closing,2022-08-14 23:53:56,micheal.chen050@dataops.example.com
,2022-08-26,BRL,CAD,0.6000992634,ECB,Daily,2022-08-26 18:58:13,brandi.carter038@dataops.example.com
,2022-08-19,USD,JPY,1.2538104822,Bloomberg,Spot,2022-08-19 06:37:34,susan.rice083@commerce.example.com
,2022-08-29,GBP,AUD,0.4354621555,Reuters,Spot,2022-08-29 10:17:01,andrea.cummings039@platform.example.com
,2022-08-12,USD,GBP,2.9100351864,Internal FX,Daily,2022-08-12 23:19:28,joann.clark089@commerce.example.com
,2022-08-26,EUR,SGD,0.6870121272,Internal FX,Closing,2022-08-26 14:11:24,michael.berger060@platform.example.com
,2022-08-23,AUD,MXN,0.3876252965,Reuters,Daily,2022-08-23 17:07:29,taylor.cunningham023@commerce.example.com
,2022-08-17,SGD,GBP,1.3191638083,Internal FX,Closing,2022-08-17 05:36:32,michelle.bender024@analytics.example.com
,2022-08-08,CAD,USD,0.4445581956,Reuters,Closing,2022-08-08 14:59:38,craig.johnson106@analytics.example.com
,2022-08-16,JPY,MXN,1.9918193026,Reuters,Closing,2022-08-16 13:17:51,jimmy.washington028@commerce.example.com
,2022-08-31,INR,JPY,0.6083004556,Bloomberg,Closing,2022-08-31 05:48:15,lisa.kim091@platform.example.com
,2022-08-09,USD,CAD,2.4426503301,Internal FX,Spot,2022-08-09 00:41:07,andrea.cummings039@platform.example.com
,2022-08-24,AUD,USD,0.6397672554,Reuters,Daily,2022-08-24 22:02:07,brian.taylor114@analytics.example.com
,2022-08-05,AUD,MXN,0.6133130632,Bloomberg,Closing,2022-08-05 17:14:45,timothy.cannon081@analytics.example.com
,2022-08-02,INR,MXN,0.3546225055,ECB,Daily,2022-08-02 00:23:21,grace.gonzales099@dataops.example.com
,2022-08-31,SGD,EUR,0.9259926831,ECB,Closing,2022-08-31 02:37:21,patrick.gonzalez035@dataops.example.com
,2022-08-24,CAD,INR,2.2968735325,ECB,Spot,2022-08-24 11:42:36,victoria.medina044@dataops.example.com
,2022-08-18,BRL,GBP,9.7226878929,Internal FX,Daily,2022-08-18 08:09:49,ashley.marks069@commerce.example.com
,2022-08-06,EUR,BRL,2.5102097775,ECB,Daily,2022-08-06 23:01:14,christine.carter078@commerce.example.com
,2022-08-05,AED,INR,0.5405215012,Internal FX,Closing,2022-08-05 08:19:27,troy.boone097@platform.example.com
,2022-08-08,USD,INR,0.9925138638,ECB,Spot,2022-08-08 11:32:38,christine.johnson056@commerce.example.com
,2022-08-09,EUR,JPY,0.5781590995,Bloomberg,Spot,2022-08-09 05:34:10,eric.mullen052@dataops.example.com
,2022-08-23,AED,BRL,0.5362882168,Bloomberg,Daily,2022-08-23 16:13:52,ryan.steele043@commerce.example.com
,2022-08-02,BRL,GBP,0.505464669,Bloomberg,Closing,2022-08-02 04:09:58,jeffery.miller012@commerce.example.com
,2022-08-16,AUD,BRL,1.2237269168,Reuters,Closing,2022-08-16 13:33:01,brian.taylor114@analytics.example.com
,2022-08-03,AUD,EUR,2.221853631,ECB,Spot,2022-08-03 04:06:45,john.mullins109@commerce.example.com
,2022-08-20,AUD,INR,8.9494877431,Bloomberg,Closing,2022-08-20 19:40:31,renee.harvey080@dataops.example.com
,2022-08-04,SGD,CAD,1.2596945246,Bloomberg,Closing,2022-08-04 14:45:11,lisa.kim091@platform.example.com
,2022-08-30,JPY,EUR,1.6009646012,Internal FX,Daily,2022-08-30 02:37:02,taylor.cunningham023@commerce.example.com
,2022-08-13,AUD,GBP,0.7530951529,Reuters,Closing,2022-08-13 21:13:24,peter.martinez098@platform.example.com
,2022-08-23,CAD,AED,0.3562362571,Bloomberg,Closing,2022-08-23 11:37:00,michelle.sims041@analytics.example.com
,2022-08-20,MXN,GBP,0.50317399,Internal FX,Daily,2022-08-20 13:19:47,ryan.steele043@commerce.example.com
,2022-08-22,SGD,MXN,0.2220623825,Reuters,Spot,2022-08-22 05:42:48,andrew.ellis102@analytics.example.com
,2022-08-04,GBP,JPY,2.0001037121,Bloomberg,Spot,2022-08-04 10:31:34,yesenia.arnold040@platform.example.com
,2022-08-01,AUD,SGD,1.5735213752,Reuters,Daily,2022-08-01 10:53:04,shawn.baxter004@dataops.example.com
,2022-08-17,CAD,USD,1.1317365491,Bloomberg,Daily,2022-08-17 04:44:08,jennifer.hudson020@analytics.example.com
,2022-08-14,AUD,SGD,0.3362155342,Internal FX,Closing,2022-08-14 23:09:09,victor.palmer071@platform.example.com
,2022-08-27,AED,GBP,0.8742810796,Internal FX,Daily,2022-08-27 01:01:25,katelyn.pitts017@commerce.example.com
,2022-08-23,GBP,JPY,2.0625293072,Internal FX,Spot,2022-08-23 08:10:26,jason.franklin045@dataops.example.com
,2022-08-27,EUR,AUD,0.1835151503,Reuters,Closing,2022-08-27 19:44:46,taylor.cunningham023@commerce.example.com
,2022-08-22,AUD,BRL,0.3914167951,Reuters,Spot,2022-08-22 06:21:26,jennifer.hudson020@analytics.example.com
,2022-08-21,BRL,USD,0.347664157,Bloomberg,Daily,2022-08-21 20:20:27,micheal.chen050@dataops.example.com
,2022-08-18,SGD,AED,1.5698050872,Bloomberg,Spot,2022-08-18 01:37:10,victor.palmer071@platform.example.com
,2022-08-22,AUD,EUR,2.9475989117,ECB,Closing,2022-08-22 15:39:42,kevin.mathews014@analytics.example.com
,2022-08-13,MXN,AED,1.6603508058,Bloomberg,Spot,2022-08-13 00:17:36,maria.ashley046@analytics.example.com
,2022-08-02,USD,AED,0.5152109268,ECB,Spot,2022-08-02 16:37:01,kelsey.taylor010@platform.example.com
,2022-08-19,JPY,USD,1.6393400125,Reuters,Closing,2022-08-19 10:15:38,ryan.steele043@commerce.example.com
,2022-08-30,JPY,SGD,0.7125600593,Internal FX,Spot,2022-08-30 21:28:02,yesenia.arnold040@platform.example.com
,2022-08-10,GBP,BRL,3.0723825085,ECB,Daily,2022-08-10 05:02:25,david.cabrera119@dataops.example.com
,2022-08-02,GBP,SGD,0.8932211526,Bloomberg,Spot,2022-08-02 15:38:27,jimmy.washington028@commerce.example.com
,2022-08-25,GBP,JPY,0.8685953662,Reuters,Daily,2022-08-25 20:50:56,jimmy.washington028@commerce.example.com
,2022-08-02,MXN,CAD,1.0162393943,ECB,Spot,2022-08-02 23:35:11,eric.mullen052@dataops.example.com
,2022-08-01,BRL,AUD,0.8974375586,Bloomberg,Spot,2022-08-01 02:50:53,grace.gonzales099@dataops.example.com
,2022-08-15,CAD,GBP,1.4423260542,Reuters,Daily,2022-08-15 00:40:01,lisa.kim091@platform.example.com
,2022-08-24,JPY,INR,1.336956403,Internal FX,Daily,2022-08-24 04:47:38,stephen.daniels076@commerce.example.com
,2022-08-31,BRL,JPY,2.6136383498,Reuters,Daily,2022-08-31 03:50:29,jason.franklin045@dataops.example.com
,2022-08-06,USD,AED,0.7777562394,ECB,Closing,2022-08-06 10:10:53,grace.gonzales099@dataops.example.com
,2022-08-14,AED,INR,1.1588613585,Bloomberg,Spot,2022-08-14 18:27:57,amy.holmes103@dataops.example.com
,2022-08-09,USD,BRL,0.189863749,Bloomberg,Daily,2022-08-09 22:08:44,james.proctor094@dataops.example.com
,2022-08-21,GBP,AED,1.7962789404,ECB,Closing,2022-08-21 00:59:16,michael.berger060@platform.example.com
,2022-08-01,MXN,JPY,0.5240822362,Bloomberg,Closing,2022-08-01 14:44:36,taylor.cunningham023@commerce.example.com
,2022-08-30,INR,MXN,0.7014191089,Internal FX,Closing,2022-08-30 23:27:53,grace.gonzales099@dataops.example.com
,2022-08-16,GBP,SGD,2.0098848327,Bloomberg,Spot,2022-08-16 02:45:37,maria.ashley046@analytics.example.com
,2022-08-26,AED,GBP,3.6500673346,Bloomberg,Spot,2022-08-26 22:39:49,eric.mullen052@dataops.example.com
,2022-08-27,AUD,EUR,0.8862836732,Reuters,Spot,2022-08-27 15:32:51,timothy.cameron104@commerce.example.com
,2022-08-16,GBP,MXN,0.3688505034,ECB,Spot,2022-08-16 11:25:31,eric.horton058@analytics.example.com
,2022-08-22,MXN,BRL,0.3354658193,Reuters,Daily,2022-08-22 23:26:20,brian.taylor114@analytics.example.com
,2022-08-18,CAD,BRL,1.3207766606,ECB,Daily,2022-08-18 05:56:09,joseph.johnson049@dataops.example.com
,2022-08-25,BRL,JPY,0.9649428057,ECB,Closing,2022-08-25 08:37:51,jennifer.bauer068@analytics.example.com
,2022-08-04,GBP,AED,0.3513418688,ECB,Closing,2022-08-04 09:32:20,lance.williams029@platform.example.com
,2022-08-07,AUD,SGD,2.8435164556,Bloomberg,Spot,2022-08-07 00:48:32,victoria.medina044@dataops.example.com
,2022-08-25,USD,CAD,0.8750351542,Internal FX,Daily,2022-08-25 13:20:26,michelle.sims041@analytics.example.com
,2022-08-12,JPY,CAD,0.938653848,ECB,Spot,2022-08-12 20:48:47,jason.franklin045@dataops.example.com
,2022-08-18,USD,SGD,1.8832886437,Reuters,Closing,2022-08-18 08:40:53,eric.mullen052@dataops.example.com
,2022-08-09,USD,MXN,2.1248038966,ECB,Daily,2022-08-09 03:09:55,jennifer.bauer068@analytics.example.com
,2022-08-15,GBP,AUD,0.5195382964,ECB,Daily,2022-08-15 03:34:51,sylvia.diaz107@dataops.example.com
,2022-08-02,AUD,AED,1.208278771,ECB,Closing,2022-08-02 18:55:49,chelsea.patel065@commerce.example.com
,2022-08-14,USD,BRL,1.8735715225,Internal FX,Daily,2022-08-14 20:42:37,jason.franklin045@dataops.example.com
,2022-08-05,AUD,AED,0.7755154871,Bloomberg,Daily,2022-08-05 09:01:54,micheal.hall064@dataops.example.com
,2022-08-27,EUR,INR,0.6016616388,ECB,Daily,2022-08-27 07:24:46,maria.ashley046@analytics.example.com
,2022-08-18,SGD,BRL,0.4994559554,Reuters,Daily,2022-08-18 20:54:55,maria.ashley046@analytics.example.com
,2022-08-07,SGD,AUD,1.1279503744,Bloomberg,Closing,2022-08-07 20:11:51,megan.cunningham013@commerce.example.com
,2022-08-25,INR,USD,0.6349460416,Reuters,Daily,2022-08-25 22:40:53,shawn.baxter004@dataops.example.com
,2022-08-21,GBP,AUD,1.3663350188,ECB,Closing,2022-08-21 15:33:53,victoria.medina044@dataops.example.com
,2022-08-01,MXN,CAD,4.2863834295,Internal FX,Daily,2022-08-01 16:14:54,yolanda.vasquez005@platform.example.com
,2022-08-08,AUD,CAD,0.5727361133,Internal FX,Closing,2022-08-08 22:43:02,jennifer.bauer068@analytics.example.com
,2022-08-05,INR,EUR,0.5329502999,Bloomberg,Closing,2022-08-05 15:59:44,james.proctor094@dataops.example.com
,2022-08-27,BRL,AED,0.7616371385,ECB,Spot,2022-08-27 04:52:38,jimmy.washington028@commerce.example.com
,2022-08-09,USD,EUR,1.5815811586,Internal FX,Daily,2022-08-09 11:28:12,kelsey.taylor010@platform.example.com
,2022-08-04,EUR,AUD,0.6232775431,Internal FX,Daily,2022-08-04 23:42:44,lance.williams029@platform.example.com
,2022-08-21,AED,GBP,0.5358115416,Bloomberg,Closing,2022-08-21 05:57:47,micheal.chen050@dataops.example.com
,2022-08-20,GBP,MXN,1.0088654034,Reuters,Spot,2022-08-20 12:41:54,lance.williams029@platform.example.com
,2022-08-26,BRL,JPY,1.7323497405,Bloomberg,Spot,2022-08-26 02:42:08,andrew.ellis102@analytics.example.com
,2022-08-18,JPY,EUR,0.4431120339,ECB,Daily,2022-08-18 10:38:00,tina.williams074@commerce.example.com
,2022-08-17,INR,BRL,1.1902903176,ECB,Closing,2022-08-17 04:32:30,craig.johnson106@analytics.example.com
,2022-08-13,BRL,AED,0.7114525644,Bloomberg,Daily,2022-08-13 15:24:54,timothy.cameron104@commerce.example.com
,2022-08-30,MXN,SGD,0.2821141496,Reuters,Daily,2022-08-30 04:10:09,james.proctor094@dataops.example.com
,2022-08-15,JPY,AED,3.0814970899,Reuters,Spot,2022-08-15 20:28:36,michael.berger060@platform.example.com
,2022-08-19,USD,JPY,1.7047992707,ECB,Spot,2022-08-19 23:59:30,timothy.cameron104@commerce.example.com
,2022-08-15,BRL,USD,1.4199027732,ECB,Closing,2022-08-15 14:29:16,david.cabrera119@dataops.example.com
,2022-08-16,INR,AED,0.7370328761,Bloomberg,Spot,2022-08-16 13:29:45,brandon.yu006@analytics.example.com
,2022-08-22,CAD,JPY,1.8665475865,Internal FX,Closing,2022-08-22 07:59:10,joseph.johnson049@dataops.example.com
,2022-08-24,SGD,USD,1.0718245048,Internal FX,Spot,2022-08-24 20:47:07,victoria.medina044@dataops.example.com
,2022-08-24,AUD,BRL,2.18278235,Internal FX,Closing,2022-08-24 07:51:13,jason.franklin045@dataops.example.com
,2022-08-30,USD,MXN,2.7557298915,ECB,Daily,2022-08-30 03:36:05,micheal.chen050@dataops.example.com
,2022-08-09,JPY,INR,0.7284302877,ECB,Closing,2022-08-09 07:40:56,james.proctor094@dataops.example.com
,2022-08-24,MXN,CAD,0.4737620943,Internal FX,Daily,2022-08-24 19:24:39,troy.boone097@platform.example.com
,2022-08-18,SGD,MXN,0.3879832997,Internal FX,Closing,2022-08-18 19:01:40,micheal.hall064@dataops.example.com
,2022-08-23,AUD,INR,1.2685972257,Internal FX,Daily,2022-08-23 14:01:29,jimmy.washington028@commerce.example.com
,2022-08-18,INR,AED,2.0835185411,ECB,Spot,2022-08-18 15:51:56,victoria.medina044@dataops.example.com
,2022-08-12,MXN,INR,1.2131245222,Internal FX,Daily,2022-08-12 05:38:34,john.mullins109@commerce.example.com
,2022-08-07,BRL,JPY,3.5832881746,ECB,Closing,2022-08-07 12:00:24,timothy.cannon081@analytics.example.com
,2022-08-17,CAD,EUR,0.4618680375,ECB,Daily,2022-08-17 17:40:09,christine.carter078@commerce.example.com
,2022-08-24,EUR,SGD,7.8731423529,Reuters,Spot,2022-08-24 02:37:50,stephen.daniels076@commerce.example.com
,2022-08-24,SGD,GBP,1.9425230137,Bloomberg,Daily,2022-08-24 05:16:27,eric.horton058@analytics.example.com
,2022-08-27,BRL,JPY,0.5155729012,Reuters,Daily,2022-08-27 17:25:12,micheal.hall064@dataops.example.com
,2022-08-11,EUR,MXN,1.1933929099,Bloomberg,Daily,2022-08-11 08:13:20,ashley.marks069@commerce.example.com
,2022-08-07,USD,INR,0.9498082892,Internal FX,Daily,2022-08-07 12:24:40,jason.franklin045@dataops.example.com
,2022-08-01,INR,EUR,3.1585037659,ECB,Daily,2022-08-01 00:26:48,anita.garcia021@dataops.example.com
,2022-08-19,MXN,CAD,1.0874757884,Internal FX,Closing,2022-08-19 19:42:12,darren.anderson025@dataops.example.com
,2022-08-14,JPY,BRL,0.3222141461,Bloomberg,Daily,2022-08-14 06:30:39,maria.ashley046@analytics.example.com
,2022-08-06,BRL,AUD,1.0524759015,Reuters,Daily,2022-08-06 18:33:23,katelyn.pitts017@commerce.example.com
,2022-08-04,SGD,EUR,1.1899634228,ECB,Closing,2022-08-04 19:39:45,jeffery.miller012@commerce.example.com
,2022-08-26,CAD,AED,0.9012336167,Bloomberg,Daily,2022-08-26 14:28:08,victor.palmer071@platform.example.com
,2022-08-12,MXN,GBP,2.3035133583,Reuters,Closing,2022-08-12 07:21:32,tiffany.freeman101@analytics.example.com
,2022-08-14,CAD,INR,1.6036216844,Bloomberg,Closing,2022-08-14 15:32:57,craig.johnson106@analytics.example.com
,2022-08-20,INR,SGD,0.6982610227,Reuters,Daily,2022-08-20 09:16:52,adam.gordon030@commerce.example.com
,2022-08-02,USD,JPY,1.4928043352,ECB,Daily,2022-08-02 02:24:34,shawn.baxter004@dataops.example.com
,2022-08-15,GBP,MXN,0.9987266357,ECB,Daily,2022-08-15 18:46:59,eric.horton058@analytics.example.com
,2022-08-13,CAD,GBP,0.2187987848,ECB,Daily,2022-08-13 01:07:01,susan.rice083@commerce.example.com
,2022-08-08,MXN,AUD,1.1782279088,Bloomberg,Spot,2022-08-08 10:20:41,christine.carter078@commerce.example.com
,2022-08-17,EUR,GBP,1.7966671235,Internal FX,Daily,2022-08-17 10:24:32,chelsea.patel065@commerce.example.com
,2022-08-19,BRL,USD,0.965248239,Reuters,Spot,2022-08-19 22:58:58,jennifer.atkins003@platform.example.com
,2022-08-26,MXN,USD,0.9347998817,Internal FX,Spot,2022-08-26 16:40:27,joseph.johnson049@dataops.example.com
,2022-08-31,JPY,USD,0.7961612609,Bloomberg,Daily,2022-08-31 12:54:13,amy.holmes103@dataops.example.com
,2022-08-15,AUD,CAD,0.4243938583,Reuters,Closing,2022-08-15 06:06:31,taylor.cunningham023@commerce.example.com
,2022-08-23,MXN,INR,3.7000744947,Reuters,Closing,2022-08-23 07:13:33,adam.gordon030@commerce.example.com
,2022-08-15,USD,SGD,0.5341330702,Internal FX,Closing,2022-08-15 20:22:31,joseph.johnson049@dataops.example.com
,2022-08-18,MXN,AED,1.2046301719,ECB,Daily,2022-08-18 11:52:34,peter.martinez098@platform.example.com
,2022-08-19,SGD,INR,1.1539972475,Bloomberg,Daily,2022-08-19 08:32:44,jennifer.bauer068@analytics.example.com
,2022-08-05,BRL,EUR,1.1163521589,Internal FX,Spot,2022-08-05 13:02:52,jennifer.bauer068@analytics.example.com
,2022-08-28,AUD,MXN,2.0564153039,ECB,Spot,2022-08-28 13:31:56,michelle.sims041@analytics.example.com
,2022-08-28,AUD,INR,0.8158647298,Reuters,Spot,2022-08-28 02:53:36,craig.johnson106@analytics.example.com
,2022-08-26,AUD,SGD,0.722045572,Bloomberg,Closing,2022-08-26 13:27:12,jennifer.bauer068@analytics.example.com
,2022-08-29,AUD,MXN,1.7800683466,Bloomberg,Daily,2022-08-29 07:09:21,ashley.marks069@commerce.example.com
,2022-08-14,AED,BRL,0.5588211699,Internal FX,Closing,2022-08-14 13:45:19,michael.johnson061@platform.example.com
,2022-08-26,AUD,AED,0.4537612805,ECB,Daily,2022-08-26 05:59:08,yesenia.arnold040@platform.example.com
,2022-08-13,MXN,CAD,0.7767670262,Bloomberg,Daily,2022-08-13 12:54:25,maria.ashley046@analytics.example.com
,2022-08-28,BRL,AED,1.8233476673,Reuters,Daily,2022-08-28 07:39:35,lisa.kim091@platform.example.com
,2022-08-20,CAD,MXN,0.4916764478,Internal FX,Closing,2022-08-20 19:56:08,jason.franklin045@dataops.example.com
,2022-08-04,JPY,SGD,1.3288310503,Reuters,Closing,2022-08-04 02:49:34,christine.carter078@commerce.example.com
,2022-08-21,MXN,GBP,2.0734577714,ECB,Spot,2022-08-21 02:37:14,yesenia.arnold040@platform.example.com
,2022-08-18,EUR,SGD,0.6785896821,Reuters,Closing,2022-08-18 21:31:14,lance.williams029@platform.example.com
,2022-08-26,INR,AED,1.9418335778,Bloomberg,Spot,2022-08-26 05:01:37,maria.ashley046@analytics.example.com
,2022-08-18,EUR,MXN,0.5335156658,Internal FX,Daily,2022-08-18 12:28:32,jeffery.miller012@commerce.example.com
,2022-08-15,AED,SGD,1.0712845869,Internal FX,Spot,2022-08-15 19:23:51,john.mullins109@commerce.example.com
,2022-08-15,AED,USD,5.745797216,Reuters,Closing,2022-08-15 00:32:28,jimmy.washington028@commerce.example.com
,2022-08-22,CAD,GBP,0.4121428523,Internal FX,Spot,2022-08-22 23:09:06,kevin.mathews014@analytics.example.com
,2022-08-12,SGD,INR,0.9923144562,Reuters,Daily,2022-08-12 13:35:00,yolanda.vasquez005@platform.example.com
,2022-08-27,SGD,AUD,1.7466619647,Reuters,Daily,2022-08-27 02:34:53,ryan.steele043@commerce.example.com
,2022-08-17,JPY,AED,0.6112880351,Bloomberg,Daily,2022-08-17 20:47:42,renee.harvey080@dataops.example.com
,2022-08-11,AED,SGD,1.659513609,Internal FX,Spot,2022-08-11 19:57:53,james.proctor094@dataops.example.com
,2022-08-16,CAD,BRL,0.4731156087,Bloomberg,Closing,2022-08-16 17:58:07,stephen.clark001@analytics.example.com
,2022-08-17,JPY,AUD,1.0326242291,Reuters,Spot,2022-08-17 06:36:34,susan.rice083@commerce.example.com
,2022-08-13,GBP,AUD,0.186339299,Internal FX,Spot,2022-08-13 01:53:16,lance.williams029@platform.example.com
,2022-08-28,CAD,MXN,0.441579317,Internal FX,Spot,2022-08-28 04:48:23,christine.johnson056@commerce.example.com
,2022-08-28,SGD,MXN,2.9387790648,Bloomberg,Daily,2022-08-28 09:47:21,michelle.sims041@analytics.example.com
,2022-08-31,MXN,AED,0.5543648706,Bloomberg,Spot,2022-08-31 12:33:55,adam.gordon030@commerce.example.com
,2022-08-06,AED,SGD,1.1434905835,Internal FX,Spot,2022-08-06 17:05:44,michael.berger060@platform.example.com
,2022-08-20,SGD,BRL,1.0288773705,ECB,Spot,2022-08-20 11:49:35,yesenia.arnold040@platform.example.com
,2022-08-23,USD,BRL,2.0561904827,Reuters,Daily,2022-08-23 08:49:35,michelle.sims041@analytics.example.com
,2022-08-04,AED,CAD,1.3762009375,Reuters,Spot,2022-08-04 06:07:54,victoria.medina044@dataops.example.com
,2022-08-24,MXN,AUD,0.3595586646,Reuters,Daily,2022-08-24 22:12:37,micheal.chen050@dataops.example.com
,2022-08-25,GBP,CAD,0.8190801591,Reuters,Daily,2022-08-25 20:56:06,katelyn.pitts017@commerce.example.com
,2022-08-27,MXN,EUR,0.7332079432,ECB,Closing,2022-08-27 01:34:58,troy.boone097@platform.example.com
,2022-08-07,GBP,AUD,0.303150545,Internal FX,Closing,2022-08-07 19:57:53,joseph.johnson049@dataops.example.com
,2022-08-03,GBP,BRL,2.8049825889,ECB,Daily,2022-08-03 11:14:24,ashley.marks069@commerce.example.com
,2022-08-13,MXN,EUR,0.7047232168,Bloomberg,Spot,2022-08-13 07:44:24,jason.franklin045@dataops.example.com
,2022-08-22,AUD,USD,0.7552759269,Bloomberg,Daily,2022-08-22 14:48:33,jeffery.miller012@commerce.example.com
,2022-08-09,USD,EUR,1.3912357431,ECB,Closing,2022-08-09 18:12:17,joann.clark089@commerce.example.com
,2022-08-18,AED,SGD,1.0057334232,Internal FX,Closing,2022-08-18 18:46:02,sandra.hunter036@platform.example.com
,2022-08-06,EUR,BRL,0.8334293624,ECB,Closing,2022-08-06 17:59:47,stephen.daniels076@commerce.example.com
,2022-08-28,CAD,MXN,2.6135899138,Internal FX,Daily,2022-08-28 15:47:45,patrick.gonzalez035@dataops.example.com
,2022-08-27,JPY,BRL,1.6512829624,ECB,Daily,2022-08-27 19:47:42,susan.rice083@commerce.example.com
,2022-08-18,AED,USD,1.823215511,Internal FX,Spot,2022-08-18 01:48:34,peter.martinez098@platform.example.com
,2022-08-17,CAD,MXN,0.4364624138,Bloomberg,Closing,2022-08-17 10:20:34,victoria.medina044@dataops.example.com
,2022-08-08,SGD,JPY,0.8745710287,Reuters,Closing,2022-08-08 06:12:52,michelle.bender024@analytics.example.com
,2022-08-03,MXN,EUR,0.6922400499,ECB,Closing,2022-08-03 06:53:31,brandon.yu006@analytics.example.com
,2022-08-17,BRL,JPY,0.5563343423,Bloomberg,Daily,2022-08-17 12:23:35,eric.horton058@analytics.example.com
,2022-08-27,JPY,GBP,1.1699530737,Internal FX,Daily,2022-08-27 08:39:03,megan.cunningham013@commerce.example.com
,2022-08-06,AED,GBP,0.4918638418,ECB,Daily,2022-08-06 11:04:43,timothy.cameron104@commerce.example.com
,2022-08-22,MXN,EUR,2.6242920825,Bloomberg,Spot,2022-08-22 20:15:42,victoria.medina044@dataops.example.com
,2022-08-31,CAD,SGD,0.5310619187,Bloomberg,Spot,2022-08-31 09:35:05,stephen.daniels076@commerce.example.com
,2022-08-27,SGD,CAD,0.798309597,Internal FX,Closing,2022-08-27 21:00:09,jimmy.washington028@commerce.example.com
,2022-08-12,MXN,EUR,0.4550788462,Internal FX,Daily,2022-08-12 10:50:45,timothy.cameron104@commerce.example.com
,2022-08-01,BRL,JPY,0.2947351718,Internal FX,Closing,2022-08-01 23:37:35,lance.williams029@platform.example.com
,2022-08-04,EUR,JPY,0.8297494569,Bloomberg,Closing,2022-08-04 05:05:08,christine.johnson056@commerce.example.com
,2022-08-12,SGD,GBP,1.3273775726,Reuters,Daily,2022-08-12 06:59:34,katelyn.pitts017@commerce.example.com
,2022-08-31,SGD,BRL,0.8665578424,Internal FX,Closing,2022-08-31 21:14:31,kristen.bailey110@analytics.example.com
,2022-08-16,MXN,USD,0.6964073926,Internal FX,Spot,2022-08-16 05:57:46,peter.martinez098@platform.example.com
,2022-08-18,INR,EUR,0.138661947,Internal FX,Spot,2022-08-18 20:17:04,troy.boone097@platform.example.com
,2022-08-31,INR,BRL,1.2172759879,Reuters,Daily,2022-08-31 13:36:09,jeffery.miller012@commerce.example.com
,2022-08-28,CAD,AUD,0.5683567431,Bloomberg,Closing,2022-08-28 06:44:28,megan.cunningham013@commerce.example.com
,2022-08-24,INR,USD,1.2249364198,Internal FX,Spot,2022-08-24 03:19:12,amy.holmes103@dataops.example.com
,2022-08-13,INR,USD,0.7272248237,Reuters,Daily,2022-08-13 03:44:31,jennifer.hudson020@analytics.example.com
,2022-08-30,GBP,INR,0.9678547724,ECB,Spot,2022-08-30 22:28:35,katelyn.pitts017@commerce.example.com
,2022-08-11,AED,GBP,2.5237369821,Bloomberg,Daily,2022-08-11 03:57:23,andrea.cummings039@platform.example.com
,2022-08-14,MXN,INR,0.320408201,Reuters,Closing,2022-08-14 15:31:13,grace.gonzales099@dataops.example.com
,2022-08-04,BRL,SGD,3.4082362717,Reuters,Spot,2022-08-04 22:36:05,jason.franklin045@dataops.example.com
,2022-08-11,AUD,EUR,0.3724886019,Reuters,Spot,2022-08-11 05:51:22,craig.johnson106@analytics.example.com
,2022-08-17,MXN,BRL,4.4508959453,Reuters,Closing,2022-08-17 02:59:20,jason.franklin045@dataops.example.com
,2022-08-19,SGD,CAD,2.116807,Internal FX,Daily,2022-08-19 05:43:18,micheal.hall064@dataops.example.com
,2022-08-21,USD,JPY,2.2644131382,ECB,Closing,2022-08-21 16:30:20,victor.palmer071@platform.example.com
,2022-08-11,GBP,AED,1.0581087395,Reuters,Spot,2022-08-11 21:10:35,christine.carter078@commerce.example.com
,2022-08-12,SGD,USD,1.510816845,ECB,Spot,2022-08-12 03:32:37,adam.gordon030@commerce.example.com
,2022-08-25,EUR,SGD,0.140270105,Reuters,Closing,2022-08-25 22:13:36,jennifer.bauer068@analytics.example.com
,2022-08-07,CAD,SGD,3.8273436432,Reuters,Spot,2022-08-07 07:21:25,darren.anderson025@dataops.example.com
,2022-08-08,AUD,BRL,1.1970232281,Bloomberg,Spot,2022-08-08 01:50:55,micheal.hall064@dataops.example.com
,2022-08-08,EUR,USD,2.2407297455,Bloomberg,Closing,2022-08-08 23:35:16,stephen.clark001@analytics.example.com
,2022-08-01,BRL,SGD,0.5787794704,Bloomberg,Spot,2022-08-01 18:40:13,jennifer.hudson020@analytics.example.com
,2022-08-17,JPY,GBP,2.5926587509,Bloomberg,Spot,2022-08-17 03:20:49,sandra.hunter036@platform.example.com
,2022-08-02,USD,INR,1.8657896311,Reuters,Closing,2022-08-02 04:03:06,shawn.baxter004@dataops.example.com
,2022-08-22,JPY,MXN,2.193530633,Internal FX,Spot,2022-08-22 04:57:43,victoria.medina044@dataops.example.com
,2022-08-23,INR,AED,2.4264733317,ECB,Spot,2022-08-23 03:21:52,stephen.daniels076@commerce.example.com
,2022-08-16,EUR,MXN,1.2399992502,Bloomberg,Closing,2022-08-16 16:52:51,sandra.hunter036@platform.example.com
,2022-08-25,GBP,CAD,1.0893300325,Bloomberg,Closing,2022-08-25 14:33:11,timothy.cameron104@commerce.example.com
,2022-08-03,CAD,EUR,0.3875103312,ECB,Daily,2022-08-03 03:29:56,katelyn.pitts017@commerce.example.com
,2022-08-13,CAD,USD,1.4353181103,Internal FX,Closing,2022-08-13 00:49:18,brandon.yu006@analytics.example.com
,2022-08-21,AUD,GBP,0.6389947437,ECB,Closing,2022-08-21 16:27:49,kevin.mathews014@analytics.example.com
,2022-08-09,AED,MXN,1.3057579912,Bloomberg,Daily,2022-08-09 16:59:43,jeffery.miller012@commerce.example.com
,2022-08-17,INR,SGD,1.3479376503,ECB,Spot,2022-08-17 17:28:32,timothy.cannon081@analytics.example.com
,2022-08-31,SGD,INR,3.1131765324,Bloomberg,Closing,2022-08-31 06:13:10,tina.williams074@commerce.example.com
,2022-08-14,GBP,MXN,2.0254999081,Internal FX,Daily,2022-08-14 16:56:28,micheal.hall064@dataops.example.com
,2022-08-04,USD,AUD,0.603489113,Bloomberg,Spot,2022-08-04 04:05:29,michelle.bender024@analytics.example.com
,2022-08-09,GBP,EUR,0.4314782145,Reuters,Daily,2022-08-09 13:29:50,christine.johnson056@commerce.example.com
,2022-08-26,BRL,AED,0.3531085646,ECB,Daily,2022-08-26 21:36:28,victoria.medina044@dataops.example.com
,2022-08-15,INR,GBP,0.9690550386,Bloomberg,Daily,2022-08-15 04:15:00,katelyn.pitts017@commerce.example.com
,2022-08-29,AED,GBP,1.1050752234,Internal FX,Daily,2022-08-29 23:27:51,christine.carter078@commerce.example.com
,2022-08-09,SGD,JPY,1.7970008962,Reuters,Spot,2022-08-09 14:48:01,kelsey.taylor010@platform.example.com
,2022-08-28,MXN,GBP,0.6287521842,Bloomberg,Closing,2022-08-28 23:26:17,jimmy.washington028@commerce.example.com
,2022-08-17,SGD,JPY,0.0800580185,Bloomberg,Daily,2022-08-17 21:09:59,michael.johnson061@platform.example.com
,2022-08-22,GBP,BRL,0.6583737857,Bloomberg,Spot,2022-08-22 08:49:51,victor.palmer071@platform.example.com
,2022-08-07,INR,JPY,0.3968204139,ECB,Daily,2022-08-07 00:36:23,joann.clark089@commerce.example.com
,2022-08-08,EUR,CAD,0.5555699154,Reuters,Closing,2022-08-08 19:42:18,timothy.cameron104@commerce.example.com
,2022-08-11,GBP,AUD,0.4211642691,Bloomberg,Spot,2022-08-11 14:30:03,katelyn.pitts017@commerce.example.com
,2022-08-23,BRL,GBP,0.6882001364,Reuters,Closing,2022-08-23 19:36:59,lance.williams029@platform.example.com
,2022-08-05,INR,SGD,1.3778538143,ECB,Spot,2022-08-05 22:32:51,jason.franklin045@dataops.example.com
,2022-08-23,AED,GBP,1.8123291626,Bloomberg,Spot,2022-08-23 21:11:58,ashley.marks069@commerce.example.com
,2022-08-05,MXN,AED,2.3346669077,ECB,Spot,2022-08-05 20:59:27,renee.harvey080@dataops.example.com
,2022-08-20,AUD,CAD,0.5038014609,Reuters,Daily,2022-08-20 08:13:28,jennifer.hudson020@analytics.example.com
,2022-08-07,INR,USD,0.9461943243,Reuters,Spot,2022-08-07 09:53:08,micheal.chen050@dataops.example.com
,2022-08-17,GBP,SGD,0.990156046,Internal FX,Daily,2022-08-17 21:56:14,anita.garcia021@dataops.example.com
,2022-08-21,SGD,INR,1.3557661812,ECB,Daily,2022-08-21 00:53:21,troy.boone097@platform.example.com
,2022-08-04,AED,CAD,0.6406662868,Internal FX,Closing,2022-08-04 11:10:48,ashley.marks069@commerce.example.com
,2022-08-30,AED,INR,1.3897116783,Internal FX,Daily,2022-08-30 18:53:12,jason.franklin045@dataops.example.com
,2022-08-10,CAD,EUR,1.6569539448,Internal FX,Daily,2022-08-10 02:30:05,david.cabrera119@dataops.example.com
,2022-08-11,MXN,JPY,0.6829135408,Internal FX,Daily,2022-08-11 21:01:20,stephen.clark001@analytics.example.com
,2022-08-13,CAD,AED,1.0011913322,ECB,Closing,2022-08-13 01:07:13,adam.gordon030@commerce.example.com
,2022-08-12,AUD,JPY,0.2981180334,Bloomberg,Spot,2022-08-12 01:56:13,sylvia.diaz107@dataops.example.com
,2022-08-02,INR,JPY,0.4496286702,Internal FX,Closing,2022-08-02 17:50:43,tiffany.freeman101@analytics.example.com
,2022-08-15,INR,AUD,0.7146582101,Reuters,Spot,2022-08-15 04:43:01,andrew.ellis102@analytics.example.com
,2022-08-29,MXN,SGD,2.3491459242,Internal FX,Daily,2022-08-29 06:44:23,john.mullins109@commerce.example.com
,2022-08-11,JPY,AUD,0.8283928329,Bloomberg,Spot,2022-08-11 20:37:43,andrea.cummings039@platform.example.com
,2022-08-25,USD,MXN,1.1232622065,Internal FX,Daily,2022-08-25 02:07:43,timothy.cameron104@commerce.example.com
,2022-08-24,JPY,AUD,1.3760856397,Bloomberg,Spot,2022-08-24 01:51:59,eric.mullen052@dataops.example.com
,2022-08-13,AED,GBP,2.0283044574,Bloomberg,Daily,2022-08-13 14:45:46,timothy.cannon081@analytics.example.com
,2022-08-21,INR,JPY,2.7566015652,Bloomberg,Closing,2022-08-21 02:10:04,victoria.medina044@dataops.example.com
,2022-08-26,GBP,USD,0.7135343294,ECB,Spot,2022-08-26 13:17:35,christine.carter078@commerce.example.com
,2022-08-05,JPY,USD,0.3105488616,ECB,Closing,2022-08-05 23:50:48,victor.palmer071@platform.example.com
,2022-08-29,BRL,GBP,4.1922604747,ECB,Daily,2022-08-29 05:50:49,jennifer.bauer068@analytics.example.com
,2022-08-20,JPY,GBP,0.8022025253,Bloomberg,Daily,2022-08-20 07:01:53,adam.gordon030@commerce.example.com
,2022-08-03,INR,GBP,0.7598453268,Bloomberg,Closing,2022-08-03 18:32:46,andrea.cummings039@platform.example.com
,2022-08-17,MXN,JPY,1.2290308432,Reuters,Closing,2022-08-17 08:20:07,katelyn.pitts017@commerce.example.com
,2022-08-27,JPY,INR,0.4243980998,ECB,Spot,2022-08-27 08:31:55,jimmy.washington028@commerce.example.com
,2022-08-18,AED,GBP,0.3088947991,ECB,Spot,2022-08-18 14:19:59,alyssa.richards002@commerce.example.com
,2022-08-24,GBP,BRL,2.4439314315,Bloomberg,Daily,2022-08-24 09:20:21,jeffery.miller012@commerce.example.com
,2022-08-16,EUR,BRL,0.665848359,ECB,Closing,2022-08-16 08:39:34,tiffany.freeman101@analytics.example.com
,2022-08-26,INR,USD,0.3852320843,Internal FX,Daily,2022-08-26 23:20:48,taylor.cunningham023@commerce.example.com
,2022-08-17,CAD,AUD,0.2711204864,ECB,Closing,2022-08-17 12:59:57,patrick.gonzalez035@dataops.example.com
,2022-08-09,BRL,AUD,3.6977635274,Bloomberg,Daily,2022-08-09 05:11:32,brandi.carter038@dataops.example.com
,2022-08-13,SGD,GBP,1.2794185879,Bloomberg,Spot,2022-08-13 18:58:23,megan.cunningham013@commerce.example.com
,2022-08-31,BRL,USD,0.3238627224,Reuters,Closing,2022-08-31 17:33:13,katelyn.pitts017@commerce.example.com
,2022-08-05,GBP,AED,0.6175952509,Internal FX,Daily,2022-08-05 16:05:59,victor.palmer071@platform.example.com
,2022-08-31,SGD,JPY,2.2914826972,Reuters,Closing,2022-08-31 04:09:43,david.cabrera119@dataops.example.com
,2022-08-09,JPY,INR,3.7782196943,Reuters,Closing,2022-08-09 01:02:30,tiffany.freeman101@analytics.example.com
,2022-08-31,EUR,JPY,1.4201238482,Internal FX,Closing,2022-08-31 09:23:38,david.cabrera119@dataops.example.com
,2022-08-14,JPY,INR,0.6632753991,Reuters,Spot,2022-08-14 12:01:25,michael.berger060@platform.example.com
,2022-08-31,AUD,AED,2.0982408185,Reuters,Daily,2022-08-31 07:50:36,lance.williams029@platform.example.com
,2022-08-25,AED,INR,0.6320257173,ECB,Spot,2022-08-25 15:33:51,stephen.clark001@analytics.example.com
,2022-08-19,AUD,GBP,0.7997190682,Internal FX,Daily,2022-08-19 02:53:45,jennifer.hudson020@analytics.example.com
,2022-08-17,GBP,CAD,0.6039651895,Bloomberg,Closing,2022-08-17 23:12:32,ryan.steele043@commerce.example.com
,2022-08-30,EUR,AUD,1.9309945024,ECB,Closing,2022-08-30 16:47:01,sandra.hunter036@platform.example.com
,2022-08-12,JPY,INR,1.561874906,Internal FX,Daily,2022-08-12 19:03:52,amy.holmes103@dataops.example.com
,2022-08-31,EUR,CAD,0.726618731,ECB,Closing,2022-08-31 16:02:20,grace.gonzales099@dataops.example.com
,2022-08-16,GBP,SGD,3.8363824174,Reuters,Spot,2022-08-16 18:06:24,brian.taylor114@analytics.example.com
,2022-08-23,GBP,INR,0.3138893524,Reuters,Spot,2022-08-23 18:28:12,timothy.cannon081@analytics.example.com
,2022-08-23,CAD,MXN,2.3002852818,Internal FX,Spot,2022-08-23 09:24:38,timothy.cameron104@commerce.example.com
,2022-08-16,EUR,SGD,1.0577562404,Reuters,Daily,2022-08-16 05:51:38,yesenia.arnold040@platform.example.com
,2022-08-19,EUR,JPY,0.6025976685,Reuters,Daily,2022-08-19 01:50:37,jeffery.miller012@commerce.example.com
,2022-08-20,CAD,SGD,1.0280298523,ECB,Spot,2022-08-20 14:10:59,craig.johnson106@analytics.example.com
,2022-08-25,CAD,BRL,1.1142983057,Reuters,Daily,2022-08-25 09:48:31,christine.johnson056@commerce.example.com
,2022-08-25,AUD,USD,0.4444177446,Internal FX,Closing,2022-08-25 15:32:27,michelle.sims041@analytics.example.com
,2022-08-19,CAD,AUD,2.4537567073,Reuters,Daily,2022-08-19 22:01:22,joseph.johnson049@dataops.example.com
,2022-08-25,AED,BRL,0.2841821097,ECB,Spot,2022-08-25 01:17:40,andrew.ellis102@analytics.example.com
,2022-08-28,JPY,CAD,0.7009870433,ECB,Closing,2022-08-28 00:59:57,eric.horton058@analytics.example.com
,2022-08-27,SGD,EUR,1.2747374533,Internal FX,Spot,2022-08-27 02:41:46,adam.gordon030@commerce.example.com
,2022-08-05,CAD,SGD,0.6904715549,Bloomberg,Closing,2022-08-05 17:20:39,jennifer.hudson020@analytics.example.com
,2022-08-12,AED,CAD,1.6772829569,Bloomberg,Spot,2022-08-12 05:32:14,ryan.steele043@commerce.example.com
,2022-08-31,EUR,GBP,1.253004486,ECB,Closing,2022-08-31 23:04:42,timothy.cannon081@analytics.example.com
,2022-08-29,EUR,BRL,1.3961226599,ECB,Spot,2022-08-29 01:39:08,brian.taylor114@analytics.example.com
,2022-08-21,SGD,USD,0.6654187954,Internal FX,Daily,2022-08-21 07:38:32,brian.taylor114@analytics.example.com
,2022-08-18,BRL,AUD,0.6564072906,Bloomberg,Daily,2022-08-18 21:48:21,michelle.sims041@analytics.example.com
,2022-08-07,BRL,JPY,1.6808873254,ECB,Daily,2022-08-07 18:46:57,darren.anderson025@dataops.example.com
,2022-08-31,AUD,INR,0.162482206,Bloomberg,Spot,2022-08-31 06:22:26,grace.gonzales099@dataops.example.com
,2022-08-05,BRL,USD,0.2468909648,Internal FX,Daily,2022-08-05 21:39:54,kelsey.taylor010@platform.example.com
,2022-08-19,JPY,SGD,2.265590603,Internal FX,Closing,2022-08-19 13:13:12,micheal.hall064@dataops.example.com
,2022-08-24,SGD,AED,0.3849738078,ECB,Spot,2022-08-24 15:02:28,megan.cunningham013@commerce.example.com
,2022-08-28,CAD,AUD,1.3315481941,Bloomberg,Spot,2022-08-28 16:56:16,kelsey.taylor010@platform.example.com
,2022-08-22,JPY,SGD,1.420458951,ECB,Closing,2022-08-22 22:49:48,david.cabrera119@dataops.example.com
,2022-08-18,EUR,JPY,0.6081163065,Reuters,Daily,2022-08-18 02:26:54,kevin.mathews014@analytics.example.com
,2022-08-21,MXN,USD,0.6256903176,ECB,Closing,2022-08-21 17:18:15,michael.berger060@platform.example.com
,2022-08-06,EUR,AED,0.4571957312,ECB,Daily,2022-08-06 23:49:45,anita.garcia021@dataops.example.com
,2022-08-13,CAD,EUR,0.4676331491,Reuters,Spot,2022-08-13 20:34:41,michael.berger060@platform.example.com
,2022-08-04,GBP,MXN,1.6970994893,Bloomberg,Spot,2022-08-04 17:45:59,jeffery.miller012@commerce.example.com
,2022-08-24,USD,INR,0.9953327073,Internal FX,Spot,2022-08-24 23:41:32,susan.rice083@commerce.example.com
,2022-08-28,EUR,JPY,0.5884799025,Bloomberg,Spot,2022-08-28 03:48:43,ashley.marks069@commerce.example.com
,2022-08-17,AED,SGD,1.9121543551,Reuters,Spot,2022-08-17 03:40:56,katelyn.pitts017@commerce.example.com
,2022-08-22,SGD,AED,0.9935402834,Bloomberg,Closing,2022-08-22 02:13:44,brandon.yu006@analytics.example.com
,2022-08-18,AED,INR,1.2312034807,Bloomberg,Closing,2022-08-18 00:16:07,susan.rice083@commerce.example.com
,2022-08-14,JPY,SGD,0.6222430738,ECB,Closing,2022-08-14 01:06:02,jennifer.hudson020@analytics.example.com
,2022-08-07,MXN,INR,3.3972775753,Reuters,Daily,2022-08-07 03:32:12,craig.johnson106@analytics.example.com
,2022-08-29,INR,AED,6.3948015287,Internal FX,Spot,2022-08-29 19:18:22,brian.taylor114@analytics.example.com
,2022-08-18,BRL,AUD,0.9998705699,Reuters,Daily,2022-08-18 16:00:06,james.proctor094@dataops.example.com
,2022-08-27,INR,MXN,0.8000471558,Bloomberg,Daily,2022-08-27 08:07:30,michael.johnson061@platform.example.com
,2022-08-12,USD,INR,0.3306018062,ECB,Spot,2022-08-12 12:00:15,kelsey.taylor010@platform.example.com
,2022-08-22,AUD,GBP,0.6343097489,Reuters,Closing,2022-08-22 16:43:12,ashley.marks069@commerce.example.com
,2022-08-19,EUR,AED,1.2711470611,Bloomberg,Daily,2022-08-19 09:12:01,eric.mullen052@dataops.example.com
,2022-08-09,SGD,CAD,0.5221982123,Reuters,Spot,2022-08-09 17:35:37,eric.horton058@analytics.example.com
,2022-08-01,AUD,USD,2.0531372296,Reuters,Spot,2022-08-01 12:26:42,anita.garcia021@dataops.example.com
,2022-08-24,CAD,INR,0.5170745232,ECB,Spot,2022-08-24 16:36:56,brian.taylor114@analytics.example.com
,2022-08-02,SGD,AUD,1.3457508692,Bloomberg,Daily,2022-08-02 11:29:51,timothy.cannon081@analytics.example.com
,2022-08-26,INR,AED,1.2407040801,Reuters,Spot,2022-08-26 19:59:55,andrea.cummings039@platform.example.com
,2022-08-31,JPY,USD,5.7035430062,Reuters,Daily,2022-08-31 23:51:28,maria.ashley046@analytics.example.com
,2022-08-12,AUD,AED,1.3613780248,Reuters,Daily,2022-08-12 08:08:48,brandi.carter038@dataops.example.com
,2022-08-24,USD,BRL,1.1864826992,Reuters,Daily,2022-08-24 03:01:16,amy.holmes103@dataops.example.com
,2022-08-01,MXN,CAD,0.5214328835,Reuters,Closing,2022-08-01 17:02:24,micheal.chen050@dataops.example.com
,2022-08-16,INR,GBP,2.1042178131,ECB,Daily,2022-08-16 21:52:42,brandon.yu006@analytics.example.com
,2022-08-06,AUD,GBP,2.5797400344,Internal FX,Daily,2022-08-06 01:43:37,craig.johnson106@analytics.example.com
,2022-08-18,USD,BRL,0.7427466616,Internal FX,Closing,2022-08-18 03:47:23,anita.garcia021@dataops.example.com
,2022-08-12,SGD,AUD,2.0638785586,Reuters,Daily,2022-08-12 21:15:31,shawn.baxter004@dataops.example.com
,2022-08-31,INR,AUD,0.4297295732,Reuters,Closing,2022-08-31 06:15:50,chelsea.patel065@commerce.example.com
,2022-08-18,SGD,INR,0.5865576318,Reuters,Closing,2022-08-18 09:10:16,jennifer.hudson020@analytics.example.com
,2022-08-30,AED,AUD,0.3383506415,Bloomberg,Daily,2022-08-30 18:54:23,sandra.hunter036@platform.example.com
,2022-08-04,GBP,CAD,0.3591210556,ECB,Daily,2022-08-04 13:47:22,michael.johnson061@platform.example.com
,2022-08-07,INR,EUR,0.5231000268,Reuters,Spot,2022-08-07 01:15:40,eric.horton058@analytics.example.com
,2022-08-08,INR,AED,1.2304458052,Reuters,Spot,2022-08-08 04:38:29,brian.taylor114@analytics.example.com
,2022-08-03,INR,AED,1.2873035898,Internal FX,Closing,2022-08-03 01:37:28,anita.garcia021@dataops.example.com
,2022-08-22,BRL,INR,0.3750148637,Reuters,Daily,2022-08-22 20:33:16,troy.boone097@platform.example.com
,2022-08-23,AED,MXN,2.2651961826,ECB,Spot,2022-08-23 06:56:10,renee.harvey080@dataops.example.com
,2022-08-22,BRL,CAD,3.5517022531,Reuters,Daily,2022-08-22 19:14:13,jimmy.washington028@commerce.example.com
,2022-08-31,CAD,GBP,0.9826029112,Internal FX,Closing,2022-08-31 16:12:02,chelsea.patel065@commerce.example.com
,2022-08-17,AUD,SGD,0.8328147317,Reuters,Daily,2022-08-17 17:15:06,maria.ashley046@analytics.example.com
,2022-08-21,AUD,BRL,1.0188764763,ECB,Daily,2022-08-21 02:42:46,susan.rice083@commerce.example.com
,2022-08-13,USD,AUD,3.0783953536,Bloomberg,Closing,2022-08-13 02:13:09,jennifer.hudson020@analytics.example.com
,2022-08-14,EUR,USD,2.5068457072,ECB,Spot,2022-08-14 19:05:59,victor.palmer071@platform.example.com
,2022-08-23,USD,SGD,1.6241119287,Internal FX,Daily,2022-08-23 05:14:52,andrea.cummings039@platform.example.com
,2022-08-31,BRL,AED,2.4709035677,ECB,Spot,2022-08-31 16:52:29,lisa.kim091@platform.example.com
,2022-08-06,BRL,SGD,3.1764719975,Bloomberg,Daily,2022-08-06 00:32:23,tiffany.freeman101@analytics.example.com
,2022-08-31,AUD,EUR,0.2140593497,Internal FX,Closing,2022-08-31 14:49:52,tiffany.freeman101@analytics.example.com
,2022-08-14,BRL,GBP,0.3418128392,Internal FX,Daily,2022-08-14 22:59:54,christine.johnson056@commerce.example.com
,2022-08-05,SGD,JPY,0.5907460955,Bloomberg,Closing,2022-08-05 11:45:27,jason.franklin045@dataops.example.com
,2022-08-04,MXN,EUR,1.2063713241,Internal FX,Daily,2022-08-04 15:03:52,stephen.daniels076@commerce.example.com
,2022-08-25,EUR,SGD,0.6105040468,ECB,Closing,2022-08-25 05:05:57,yesenia.arnold040@platform.example.com
,2022-08-21,INR,CAD,1.4580565223,Reuters,Closing,2022-08-21 03:21:11,john.mullins109@commerce.example.com
,2022-08-02,AUD,AED,1.1687610888,Reuters,Spot,2022-08-02 22:37:08,amy.holmes103@dataops.example.com
,2022-08-26,INR,GBP,0.5886875441,Reuters,Spot,2022-08-26 15:32:11,maria.ashley046@analytics.example.com
,2022-08-24,GBP,INR,0.8048298346,ECB,Daily,2022-08-24 17:30:49,christine.carter078@commerce.example.com
,2022-08-11,MXN,CAD,2.719389287,Reuters,Closing,2022-08-11 16:53:21,tiffany.freeman101@analytics.example.com
,2022-08-08,BRL,AED,2.919816029,ECB,Spot,2022-08-08 01:33:28,ashley.marks069@commerce.example.com
,2022-08-03,BRL,CAD,3.4589400801,ECB,Spot,2022-08-03 22:25:08,katelyn.pitts017@commerce.example.com
,2022-08-19,USD,AED,0.7242211046,ECB,Spot,2022-08-19 05:00:24,victoria.medina044@dataops.example.com
,2022-08-12,AUD,EUR,0.4408882218,Internal FX,Daily,2022-08-12 02:01:51,sylvia.diaz107@dataops.example.com
,2022-08-01,CAD,EUR,3.5217840339,Reuters,Spot,2022-08-01 11:07:36,troy.boone097@platform.example.com
,2022-08-15,USD,AED,2.0399409306,Bloomberg,Daily,2022-08-15 11:25:17,katelyn.pitts017@commerce.example.com
,2022-08-17,INR,JPY,0.7670534625,Bloomberg,Daily,2022-08-17 01:30:34,jimmy.washington028@commerce.example.com
,2022-08-31,JPY,AED,1.2581323996,Reuters,Closing,2022-08-31 22:47:01,darren.anderson025@dataops.example.com
,2022-08-12,AED,MXN,4.1821082704,Bloomberg,Daily,2022-08-12 17:02:39,susan.rice083@commerce.example.com
,2022-08-14,BRL,JPY,0.298703241,Internal FX,Closing,2022-08-14 10:03:48,ashley.marks069@commerce.example.com
,2022-08-16,INR,AED,1.8588988763,Reuters,Spot,2022-08-16 23:26:26,michael.johnson061@platform.example.com
,2022-08-31,JPY,AED,0.4345855572,Internal FX,Daily,2022-08-31 16:42:31,adam.gordon030@commerce.example.com
,2022-08-03,AED,BRL,0.1753295054,Bloomberg,Closing,2022-08-03 06:18:07,timothy.cannon081@analytics.example.com
,2022-08-15,CAD,AED,1.2970912172,ECB,Daily,2022-08-15 20:13:56,michael.johnson061@platform.example.com
,2022-08-29,AED,JPY,1.4807434752,Bloomberg,Daily,2022-08-29 09:27:09,shawn.baxter004@dataops.example.com
,2022-08-23,USD,EUR,0.2562222762,Internal FX,Daily,2022-08-23 15:33:45,renee.harvey080@dataops.example.com
,2022-08-16,MXN,BRL,1.8147723198,Reuters,Daily,2022-08-16 06:53:41,timothy.cameron104@commerce.example.com
,2022-08-26,USD,EUR,1.3368415328,Bloomberg,Daily,2022-08-26 02:03:11,victoria.medina044@dataops.example.com
,2022-08-21,JPY,AUD,1.4836045986,ECB,Closing,2022-08-21 21:59:13,victor.palmer071@platform.example.com
,2022-08-05,EUR,JPY,1.9704299444,Internal FX,Daily,2022-08-05 22:41:43,joseph.johnson049@dataops.example.com
,2022-08-26,EUR,INR,2.4721478016,Reuters,Closing,2022-08-26 02:27:57,taylor.cunningham023@commerce.example.com
,2022-08-11,CAD,JPY,1.4705269243,Reuters,Closing,2022-08-11 19:04:24,katelyn.pitts017@commerce.example.com
,2022-08-11,GBP,AUD,0.7137324721,ECB,Spot,2022-08-11 18:42:44,christine.johnson056@commerce.example.com
,2022-08-08,SGD,USD,1.8933013088,Internal FX,Spot,2022-08-08 03:43:03,brandi.carter038@dataops.example.com
,2022-08-11,BRL,SGD,1.5094416644,Reuters,Daily,2022-08-11 11:36:17,ryan.steele043@commerce.example.com
,2022-08-20,INR,SGD,0.2927293257,Reuters,Daily,2022-08-20 22:15:02,chelsea.patel065@commerce.example.com
,2022-08-14,INR,USD,1.3258105343,Internal FX,Closing,2022-08-14 11:36:54,kevin.mathews014@analytics.example.com
,2022-08-03,USD,EUR,0.1586494537,Reuters,Spot,2022-08-03 13:46:17,chelsea.patel065@commerce.example.com
,2022-08-23,USD,EUR,0.544131739,Internal FX,Daily,2022-08-23 22:57:17,ashley.marks069@commerce.example.com
,2022-08-01,CAD,EUR,2.0576901444,Bloomberg,Spot,2022-08-01 18:01:25,taylor.cunningham023@commerce.example.com
,2022-08-16,JPY,BRL,0.8968197883,Internal FX,Daily,2022-08-16 14:35:49,yesenia.arnold040@platform.example.com
,2022-08-13,BRL,AUD,4.0815675816,Bloomberg,Daily,2022-08-13 23:27:03,christine.johnson056@commerce.example.com
,2022-08-11,GBP,BRL,3.2976595625,Reuters,Spot,2022-08-11 16:38:05,jennifer.atkins003@platform.example.com
,2022-08-22,USD,SGD,0.8574084039,ECB,Daily,2022-08-22 12:10:07,james.proctor094@dataops.example.com
,2022-08-15,INR,AED,0.5455593064,Bloomberg,Spot,2022-08-15 03:36:28,brandi.carter038@dataops.example.com
,2022-08-24,GBP,JPY,0.6013793814,Internal FX,Daily,2022-08-24 21:47:52,lisa.kim091@platform.example.com
,2022-08-05,USD,BRL,0.9877114554,ECB,Daily,2022-08-05 14:50:34,tina.williams074@commerce.example.com
,2022-08-20,USD,GBP,0.6487825878,Internal FX,Closing,2022-08-20 13:23:59,troy.boone097@platform.example.com
,2022-08-29,AUD,USD,0.4929634584,Internal FX,Daily,2022-08-29 10:43:05,jason.franklin045@dataops.example.com
,2022-08-02,INR,AED,0.846884855,Bloomberg,Daily,2022-08-02 17:40:44,james.proctor094@dataops.example.com
,2022-08-22,USD,BRL,0.3887012826,Bloomberg,Closing,2022-08-22 16:28:54,victor.palmer071@platform.example.com
,2022-08-16,AUD,BRL,0.6767371693,ECB,Spot,2022-08-16 17:33:04,michael.berger060@platform.example.com
,2022-08-13,EUR,GBP,1.8478911798,ECB,Daily,2022-08-13 08:18:13,stephen.daniels076@commerce.example.com
,2022-08-19,BRL,JPY,1.8658111508,Internal FX,Closing,2022-08-19 09:46:05,michelle.sims041@analytics.example.com
,2022-08-06,AUD,AED,0.4098615353,Reuters,Spot,2022-08-06 00:58:29,michael.johnson061@platform.example.com
,2022-08-12,AUD,AED,3.4044837669,Bloomberg,Spot,2022-08-12 04:10:37,amy.holmes103@dataops.example.com
,2022-08-14,INR,EUR,0.846707798,Internal FX,Daily,2022-08-14 14:59:37,timothy.cameron104@commerce.example.com
,2022-08-01,SGD,INR,1.664439411,ECB,Daily,2022-08-01 01:31:16,kevin.mathews014@analytics.example.com
,2022-08-07,EUR,CAD,0.7391150427,ECB,Daily,2022-08-07 23:09:16,anita.garcia021@dataops.example.com
,2022-08-30,GBP,BRL,2.3001884936,Internal FX,Spot,2022-08-30 11:33:44,lisa.kim091@platform.example.com
,2022-08-12,AUD,BRL,1.7129167038,Reuters,Daily,2022-08-12 04:15:21,michael.berger060@platform.example.com
,2022-08-13,INR,CAD,8.3547518993,ECB,Closing,2022-08-13 10:07:07,taylor.cunningham023@commerce.example.com
,2022-08-20,JPY,SGD,1.3437310675,Internal FX,Daily,2022-08-20 11:51:42,brandon.yu006@analytics.example.com
,2022-08-16,SGD,GBP,0.233327468,Reuters,Spot,2022-08-16 22:48:55,maria.ashley046@analytics.example.com
,2022-08-16,SGD,AUD,0.550383105,ECB,Spot,2022-08-16 23:41:15,michelle.sims041@analytics.example.com
,2022-08-18,AED,MXN,0.1120294065,Bloomberg,Daily,2022-08-18 10:48:51,timothy.cameron104@commerce.example.com
,2022-08-08,GBP,AED,0.8024878328,Internal FX,Daily,2022-08-08 04:51:00,brandon.yu006@analytics.example.com
,2022-08-08,INR,JPY,0.7916711896,Internal FX,Spot,2022-08-08 02:42:19,stephen.clark001@analytics.example.com
,2022-08-24,INR,MXN,0.3725358722,Internal FX,Spot,2022-08-24 18:18:40,adam.gordon030@commerce.example.com
,2022-08-24,MXN,EUR,2.2005256875,ECB,Daily,2022-08-24 03:07:37,victor.palmer071@platform.example.com
,2022-08-15,JPY,GBP,1.3792439925,ECB,Daily,2022-08-15 06:18:35,peter.martinez098@platform.example.com
,2022-08-22,JPY,SGD,0.2600324273,Reuters,Daily,2022-08-22 16:07:59,victoria.medina044@dataops.example.com
,2022-08-31,CAD,INR,1.5032570485,Internal FX,Daily,2022-08-31 16:20:02,timothy.cameron104@commerce.example.com
,2022-08-19,BRL,JPY,0.649703723,Internal FX,Closing,2022-08-19 13:16:56,andrew.ellis102@analytics.example.com
,2022-08-24,JPY,CAD,1.5478962045,Bloomberg,Closing,2022-08-24 03:11:51,maria.ashley046@analytics.example.com
,2022-08-02,AUD,SGD,0.4914145904,Reuters,Closing,2022-08-02 05:31:22,joseph.johnson049@dataops.example.com
,2022-08-07,JPY,BRL,0.545932044,Internal FX,Closing,2022-08-07 23:42:00,yolanda.vasquez005@platform.example.com
,2022-08-28,AED,SGD,1.4083875991,Bloomberg,Daily,2022-08-28 14:36:19,jennifer.atkins003@platform.example.com
,2022-08-11,CAD,SGD,0.2560811005,Bloomberg,Spot,2022-08-11 11:09:42,amy.holmes103@dataops.example.com
,2022-08-04,AUD,AED,0.8400318337,Reuters,Closing,2022-08-04 15:22:59,maria.ashley046@analytics.example.com
,2022-08-17,AUD,EUR,0.6745047753,ECB,Closing,2022-08-17 17:01:57,michelle.bender024@analytics.example.com
,2022-08-01,AED,USD,0.8317863085,Internal FX,Daily,2022-08-01 15:37:18,ashley.marks069@commerce.example.com
,2022-08-31,SGD,MXN,0.635593341,Bloomberg,Spot,2022-08-31 03:10:55,alyssa.richards002@commerce.example.com
,2022-08-02,BRL,JPY,1.0762755808,Bloomberg,Closing,2022-08-02 17:36:44,jennifer.hudson020@analytics.example.com
,2022-08-02,USD,CAD,0.4596148221,Bloomberg,Closing,2022-08-02 12:39:15,jeffery.miller012@commerce.example.com
,2022-08-23,BRL,AED,4.6759471392,Reuters,Closing,2022-08-23 13:59:05,katelyn.pitts017@commerce.example.com
,2022-08-21,CAD,USD,2.6606894614,ECB,Closing,2022-08-21 05:33:45,kelsey.taylor010@platform.example.com
,2022-08-23,EUR,AUD,0.9083889351,Reuters,Spot,2022-08-23 05:43:25,troy.boone097@platform.example.com
,2022-08-05,AED,JPY,0.8670102898,Bloomberg,Daily,2022-08-05 01:29:50,james.proctor094@dataops.example.com
,2022-08-25,MXN,INR,0.54694433,Bloomberg,Spot,2022-08-25 11:02:50,joann.clark089@commerce.example.com
,2022-08-21,MXN,JPY,2.9245450868,Internal FX,Closing,2022-08-21 11:52:23,timothy.cameron104@commerce.example.com
,2022-08-16,EUR,BRL,0.6221064808,Internal FX,Daily,2022-08-16 15:29:27,yesenia.arnold040@platform.example.com
,2022-08-21,USD,BRL,2.0303423831,Bloomberg,Closing,2022-08-21 14:22:34,yesenia.arnold040@platform.example.com
,2022-08-29,JPY,EUR,0.5910659951,Internal FX,Closing,2022-08-29 19:22:51,adam.gordon030@commerce.example.com
,2022-08-04,USD,MXN,1.1515959006,Internal FX,Closing,2022-08-04 07:53:29,eric.horton058@analytics.example.com
,2022-08-17,CAD,MXN,0.8316855613,Reuters,Daily,2022-08-17 06:34:40,shawn.baxter004@dataops.example.com
,2022-08-08,MXN,EUR,4.8706192546,Bloomberg,Daily,2022-08-08 20:10:52,christine.carter078@commerce.example.com
,2022-08-03,GBP,SGD,0.519962773,Internal FX,Spot,2022-08-03 02:44:39,grace.gonzales099@dataops.example.com
,2022-08-12,AED,MXN,1.6465100734,ECB,Spot,2022-08-12 23:07:30,stephen.daniels076@commerce.example.com
,2022-08-20,CAD,INR,1.2165352336,Reuters,Closing,2022-08-20 03:42:58,lance.williams029@platform.example.com
,2022-08-27,EUR,INR,0.433495479,Reuters,Closing,2022-08-27 00:11:57,megan.cunningham013@commerce.example.com
,2022-08-08,AED,BRL,1.8093295687,Bloomberg,Closing,2022-08-08 12:40:11,brandon.yu006@analytics.example.com
,2022-08-28,AED,BRL,1.6554404077,ECB,Daily,2022-08-28 01:50:55,andrea.cummings039@platform.example.com
,2022-08-15,AED,MXN,1.322713985,Reuters,Daily,2022-08-15 10:40:43,kevin.mathews014@analytics.example.com
,2022-08-27,INR,AUD,0.5289059878,ECB,Closing,2022-08-27 06:26:01,alyssa.richards002@commerce.example.com
,2022-08-20,CAD,USD,0.4231739318,Bloomberg,Spot,2022-08-20 22:42:42,jeffery.miller012@commerce.example.com
,2022-08-10,SGD,MXN,1.4482103821,Reuters,Closing,2022-08-10 22:44:16,alyssa.richards002@commerce.example.com
,2022-08-26,JPY,SGD,0.6071327772,Internal FX,Daily,2022-08-26 19:27:49,michelle.bender024@analytics.example.com
,2022-08-24,CAD,MXN,0.1570172426,Bloomberg,Daily,2022-08-24 19:06:14,david.cabrera119@dataops.example.com
,2022-08-03,BRL,CAD,1.1634370186,Reuters,Closing,2022-08-03 13:48:13,megan.cunningham013@commerce.example.com
,2022-08-15,INR,JPY,0.5546693043,Internal FX,Daily,2022-08-15 16:58:36,timothy.cannon081@analytics.example.com
,2022-08-26,AED,CAD,0.9805137147,ECB,Closing,2022-08-26 19:17:26,timothy.cannon081@analytics.example.com
,2022-08-05,GBP,BRL,0.4220083138,Bloomberg,Daily,2022-08-05 15:45:29,timothy.cameron104@commerce.example.com
,2022-08-30,EUR,AUD,0.7805573276,Reuters,Closing,2022-08-30 12:56:56,adam.gordon030@commerce.example.com
,2022-08-11,CAD,GBP,1.2621183745,Bloomberg,Closing,2022-08-11 05:15:00,kelsey.taylor010@platform.example.com
,2022-08-04,BRL,JPY,0.8749907045,Bloomberg,Closing,2022-08-04 06:01:49,joann.clark089@commerce.example.com
,2022-08-20,USD,AED,2.0162429633,Reuters,Daily,2022-08-20 11:45:02,joann.clark089@commerce.example.com
,2022-08-07,CAD,MXN,1.2623099867,Reuters,Spot,2022-08-07 00:06:00,jason.franklin045@dataops.example.com
,2022-08-01,AUD,MXN,1.0694043895,Reuters,Daily,2022-08-01 18:36:35,james.proctor094@dataops.example.com
,2022-08-05,CAD,SGD,0.519582867,Reuters,Spot,2022-08-05 17:21:33,brandon.yu006@analytics.example.com
,2022-08-04,SGD,AED,0.20476477,ECB,Closing,2022-08-04 14:23:26,david.cabrera119@dataops.example.com
,2022-08-27,SGD,INR,0.7870205316,Reuters,Daily,2022-08-27 00:25:07,eric.horton058@analytics.example.com
,2022-08-12,SGD,CAD,1.2651334229,Internal FX,Closing,2022-08-12 19:03:15,susan.rice083@commerce.example.com
,2022-08-26,JPY,EUR,1.4112741165,Bloomberg,Spot,2022-08-26 05:55:06,patrick.gonzalez035@dataops.example.com
,2022-08-28,SGD,AUD,1.4178986265,Reuters,Spot,2022-08-28 10:38:27,jason.franklin045@dataops.example.com
,2022-08-28,USD,JPY,2.6930009998,Reuters,Daily,2022-08-28 22:01:54,katelyn.pitts017@commerce.example.com
,2022-08-02,USD,INR,5.5508697716,ECB,Daily,2022-08-02 21:17:47,brian.taylor114@analytics.example.com
,2022-08-06,JPY,INR,0.5231387105,ECB,Daily,2022-08-06 01:08:39,renee.harvey080@dataops.example.com
,2022-08-16,CAD,AUD,0.6938823888,ECB,Spot,2022-08-16 13:15:20,adam.gordon030@commerce.example.com
,2022-08-09,JPY,USD,1.7490769497,ECB,Spot,2022-08-09 17:33:26,victor.palmer071@platform.example.com
,2022-08-31,JPY,EUR,0.5010069947,Internal FX,Spot,2022-08-31 01:38:28,taylor.cunningham023@commerce.example.com
,2022-08-03,AUD,INR,2.0246991043,Reuters,Spot,2022-08-03 00:08:33,victor.palmer071@platform.example.com
,2022-08-05,INR,EUR,0.6942894276,Bloomberg,Closing,2022-08-05 10:12:33,brian.taylor114@analytics.example.com
,2022-08-08,GBP,MXN,0.6066712274,Reuters,Spot,2022-08-08 12:13:05,brandon.yu006@analytics.example.com
,2022-08-17,JPY,MXN,0.7071444924,ECB,Daily,2022-08-17 05:26:45,stephen.clark001@analytics.example.com
,2022-08-06,EUR,BRL,0.5537198899,Bloomberg,Closing,2022-08-06 06:09:32,megan.cunningham013@commerce.example.com
,2022-08-03,EUR,BRL,0.1818268373,Internal FX,Spot,2022-08-03 03:38:07,michelle.sims041@analytics.example.com
,2022-08-28,INR,JPY,0.9959319658,Bloomberg,Closing,2022-08-28 21:29:15,stephen.daniels076@commerce.example.com
,2022-08-09,AUD,USD,0.632969884,ECB,Daily,2022-08-09 19:44:57,shawn.baxter004@dataops.example.com
,2022-08-19,AUD,BRL,2.3166479181,Bloomberg,Closing,2022-08-19 22:30:36,victor.palmer071@platform.example.com
,2022-08-08,GBP,CAD,5.0590194536,Reuters,Closing,2022-08-08 18:06:28,jennifer.hudson020@analytics.example.com
,2022-08-18,EUR,JPY,0.5502550618,Reuters,Daily,2022-08-18 15:44:46,joann.clark089@commerce.example.com
,2022-08-28,AUD,GBP,0.4829277851,Reuters,Daily,2022-08-28 23:31:27,yesenia.arnold040@platform.example.com
,2022-08-19,MXN,USD,0.261506601,Internal FX,Spot,2022-08-19 08:11:31,darren.anderson025@dataops.example.com
,2022-08-31,CAD,USD,1.9257991542,Internal FX,Closing,2022-08-31 01:33:09,brian.taylor114@analytics.example.com
,2022-08-02,INR,BRL,0.8923494215,Internal FX,Closing,2022-08-02 14:19:04,susan.rice083@commerce.example.com
,2022-08-18,AED,JPY,2.183440967,Bloomberg,Daily,2022-08-18 19:14:45,brandon.yu006@analytics.example.com
,2022-08-07,BRL,USD,0.9307537842,ECB,Daily,2022-08-07 19:06:28,michael.berger060@platform.example.com
,2022-08-22,SGD,AUD,0.726577158,Internal FX,Daily,2022-08-22 21:21:48,tina.williams074@commerce.example.com
,2022-08-19,BRL,GBP,2.2207696469,Internal FX,Closing,2022-08-19 11:16:44,jason.franklin045@dataops.example.com
,2022-08-02,JPY,AED,1.7307790717,ECB,Daily,2022-08-02 15:41:55,joann.clark089@commerce.example.com
,2022-08-28,AUD,USD,1.5546494457,Internal FX,Daily,2022-08-28 21:09:22,jennifer.hudson020@analytics.example.com
,2022-08-06,BRL,CAD,0.8180211138,ECB,Daily,2022-08-06 11:41:32,tina.williams074@commerce.example.com
,2022-08-19,USD,JPY,0.8698679331,ECB,Closing,2022-08-19 22:37:04,eric.horton058@analytics.example.com
,2022-08-17,AED,AUD,0.9270391084,Reuters,Closing,2022-08-17 08:29:49,brian.taylor114@analytics.example.com
,2022-08-03,JPY,CAD,0.2241001677,Reuters,Spot,2022-08-03 00:10:27,darren.anderson025@dataops.example.com
,2022-08-23,JPY,USD,0.9195047797,ECB,Daily,2022-08-23 01:58:34,christine.carter078@commerce.example.com
,2022-08-07,CAD,MXN,1.2134821041,ECB,Spot,2022-08-07 10:34:23,shawn.baxter004@dataops.example.com
,2022-08-21,EUR,JPY,0.3111136502,ECB,Daily,2022-08-21 00:39:26,sylvia.diaz107@dataops.example.com
,2022-08-03,AUD,MXN,5.7435663188,Bloomberg,Daily,2022-08-03 03:07:04,joann.clark089@commerce.example.com
,2022-08-06,JPY,USD,2.5267535597,Bloomberg,Spot,2022-08-06 23:46:31,anita.garcia021@dataops.example.com
,2022-08-31,BRL,JPY,0.5322751494,Reuters,Closing,2022-08-31 10:48:46,grace.gonzales099@dataops.example.com
,2022-08-11,AED,MXN,1.3663787126,Reuters,Daily,2022-08-11 02:16:45,micheal.chen050@dataops.example.com
,2022-08-13,JPY,GBP,0.7309886317,Bloomberg,Spot,2022-08-13 08:55:50,eric.mullen052@dataops.example.com
,2022-08-01,GBP,MXN,0.36164223,Internal FX,Spot,2022-08-01 22:06:56,jennifer.hudson020@analytics.example.com
,2022-08-23,BRL,USD,0.7958099574,Bloomberg,Daily,2022-08-23 23:31:09,ryan.steele043@commerce.example.com
,2022-08-02,INR,CAD,7.1904915788,Internal FX,Daily,2022-08-02 16:09:21,sylvia.diaz107@dataops.example.com
,2022-08-02,JPY,BRL,0.7816481208,Reuters,Spot,2022-08-02 10:55:11,micheal.hall064@dataops.example.com
,2022-08-05,SGD,JPY,0.6807466305,Internal FX,Closing,2022-08-05 01:52:47,adam.gordon030@commerce.example.com
,2022-08-08,CAD,GBP,0.6770009795,Reuters,Closing,2022-08-08 13:51:36,adam.gordon030@commerce.example.com
,2022-08-13,BRL,INR,0.4765366176,Bloomberg,Closing,2022-08-13 17:19:57,sylvia.diaz107@dataops.example.com
,2022-08-06,EUR,MXN,1.8500556832,Reuters,Closing,2022-08-06 19:12:39,joann.clark089@commerce.example.com
,2022-08-02,AUD,GBP,0.4936198284,Reuters,Closing,2022-08-02 03:57:11,joseph.johnson049@dataops.example.com
,2022-08-23,AUD,GBP,0.4166924181,ECB,Daily,2022-08-23 15:57:52,darren.anderson025@dataops.example.com
,2022-08-15,AUD,EUR,1.1367616796,Internal FX,Closing,2022-08-15 00:51:47,sandra.hunter036@platform.example.com
,2022-08-09,AED,BRL,0.5279267756,Internal FX,Closing,2022-08-09 08:20:27,katelyn.pitts017@commerce.example.com
,2022-08-20,AED,BRL,1.6897530879,Bloomberg,Spot,2022-08-20 02:31:34,alyssa.richards002@commerce.example.com
,2022-08-10,USD,EUR,1.9038121755,Bloomberg,Spot,2022-08-10 18:10:29,timothy.cameron104@commerce.example.com
,2022-08-07,EUR,SGD,0.6023131661,ECB,Spot,2022-08-07 05:49:38,christine.carter078@commerce.example.com
,2022-08-27,EUR,CAD,0.5769494799,Bloomberg,Closing,2022-08-27 21:07:50,jennifer.atkins003@platform.example.com
,2022-08-01,INR,BRL,1.287607201,Reuters,Daily,2022-08-01 00:21:05,brandon.yu006@analytics.example.com
,2022-08-10,EUR,USD,1.7165466983,Reuters,Daily,2022-08-10 11:26:02,jennifer.bauer068@analytics.example.com
,2022-08-27,BRL,GBP,1.0246167382,ECB,Closing,2022-08-27 14:55:33,kelsey.taylor010@platform.example.com
,2022-08-16,JPY,CAD,0.5960376963,ECB,Closing,2022-08-16 11:29:54,patrick.gonzalez035@dataops.example.com
,2022-08-29,AED,EUR,0.5595054076,Reuters,Daily,2022-08-29 01:23:49,taylor.cunningham023@commerce.example.com
,2022-08-26,EUR,CAD,1.2779541764,ECB,Spot,2022-08-26 13:40:21,tiffany.freeman101@analytics.example.com
,2022-08-18,USD,MXN,0.6606849672,ECB,Closing,2022-08-18 15:06:45,andrea.cummings039@platform.example.com
,2022-08-29,GBP,USD,2.4958940654,Reuters,Closing,2022-08-29 01:28:54,michelle.sims041@analytics.example.com
,2022-08-01,EUR,INR,0.6509576888,ECB,Daily,2022-08-01 06:56:25,victoria.medina044@dataops.example.com
,2022-08-23,EUR,GBP,1.4808547476,Reuters,Spot,2022-08-23 22:29:05,jennifer.hudson020@analytics.example.com
,2022-08-21,AUD,CAD,1.6026197337,Internal FX,Closing,2022-08-21 18:45:55,andrea.cummings039@platform.example.com
,2022-08-19,BRL,INR,0.9663476941,Reuters,Spot,2022-08-19 22:04:20,ryan.steele043@commerce.example.com
,2022-08-19,SGD,AUD,0.6234093025,Internal FX,Daily,2022-08-19 18:53:12,megan.cunningham013@commerce.example.com
,2022-08-12,INR,USD,4.0489166439,Bloomberg,Closing,2022-08-12 12:28:21,jimmy.washington028@commerce.example.com
,2022-08-31,GBP,MXN,0.5164695193,Internal FX,Spot,2022-08-31 11:36:56,alyssa.richards002@commerce.example.com
,2022-08-17,GBP,SGD,1.7428700556,Bloomberg,Daily,2022-08-17 04:13:09,james.proctor094@dataops.example.com
,2022-08-10,BRL,USD,1.477987797,Internal FX,Closing,2022-08-10 18:48:49,amy.holmes103@dataops.example.com
,2022-08-12,JPY,AED,0.6416019407,Bloomberg,Daily,2022-08-12 17:43:11,alyssa.richards002@commerce.example.com
,2022-08-12,BRL,CAD,2.7637347327,Reuters,Daily,2022-08-12 14:01:34,tina.williams074@commerce.example.com
,2022-08-11,MXN,AUD,0.3413890712,Reuters,Closing,2022-08-11 14:00:56,john.mullins109@commerce.example.com
,2022-08-22,CAD,AUD,1.2123014342,ECB,Spot,2022-08-22 01:32:54,yolanda.vasquez005@platform.example.com
,2022-08-13,INR,EUR,2.3570017678,Bloomberg,Daily,2022-08-13 08:50:57,tiffany.freeman101@analytics.example.com
,2022-08-23,GBP,CAD,1.6229514452,Reuters,Daily,2022-08-23 12:41:25,john.mullins109@commerce.example.com
,2022-08-26,BRL,GBP,1.3231598632,Reuters,Daily,2022-08-26 01:46:32,brian.taylor114@analytics.example.com
,2022-08-01,MXN,USD,0.2771154688,Reuters,Closing,2022-08-01 12:40:44,stephen.daniels076@commerce.example.com
,2022-08-13,EUR,JPY,0.3224853705,Bloomberg,Closing,2022-08-13 04:31:34,sylvia.diaz107@dataops.example.com
,2022-08-20,MXN,BRL,1.4894751538,Bloomberg,Daily,2022-08-20 00:43:35,eric.horton058@analytics.example.com
,2022-08-03,USD,JPY,1.2932691599,Internal FX,Daily,2022-08-03 00:02:39,tina.williams074@commerce.example.com
,2022-08-09,CAD,EUR,1.1650606921,Bloomberg,Spot,2022-08-09 15:47:44,grace.gonzales099@dataops.example.com
,2022-08-27,AED,JPY,1.1489046931,Bloomberg,Spot,2022-08-27 11:40:27,andrea.cummings039@platform.example.com
,2022-08-04,GBP,SGD,0.9755925066,ECB,Closing,2022-08-04 08:41:11,andrew.ellis102@analytics.example.com
,2022-08-16,AED,INR,0.4632593047,ECB,Spot,2022-08-16 12:18:33,megan.cunningham013@commerce.example.com
,2022-08-07,GBP,MXN,0.7863009719,ECB,Closing,2022-08-07 12:22:29,stephen.clark001@analytics.example.com
,2022-08-27,SGD,CAD,0.1879275728,Bloomberg,Daily,2022-08-27 21:26:32,taylor.cunningham023@commerce.example.com
,2022-08-12,JPY,AED,0.9626034587,Bloomberg,Spot,2022-08-12 02:12:44,jimmy.washington028@commerce.example.com
,2022-08-24,AUD,JPY,2.5156650694,Internal FX,Spot,2022-08-24 19:48:18,tina.williams074@commerce.example.com
,2022-08-06,MXN,USD,1.5807240703,Internal FX,Daily,2022-08-06 18:38:46,anita.garcia021@dataops.example.com
,2022-08-10,AED,CAD,1.487365758,Reuters,Spot,2022-08-10 07:32:46,tiffany.freeman101@analytics.example.com
,2022-08-24,INR,EUR,0.385855947,Internal FX,Daily,2022-08-24 17:40:01,amy.holmes103@dataops.example.com
,2022-08-14,SGD,AUD,0.2590702837,Bloomberg,Daily,2022-08-14 22:18:16,sandra.hunter036@platform.example.com
,2022-08-29,INR,SGD,0.5640819436,Bloomberg,Spot,2022-08-29 01:55:39,renee.harvey080@dataops.example.com
,2022-08-18,CAD,BRL,0.8312963099,Bloomberg,Spot,2022-08-18 10:12:59,lance.williams029@platform.example.com
,2022-08-26,MXN,USD,0.918544599,Bloomberg,Spot,2022-08-26 17:08:19,jimmy.washington028@commerce.example.com
,2022-08-03,CAD,JPY,1.1335498058,Internal FX,Closing,2022-08-03 03:43:02,grace.gonzales099@dataops.example.com
,2022-08-03,JPY,INR,3.8480860975,ECB,Closing,2022-08-03 22:37:45,eric.mullen052@dataops.example.com
,2022-08-14,CAD,INR,1.4092123499,Internal FX,Spot,2022-08-14 17:16:52,renee.harvey080@dataops.example.com
,2022-08-18,AUD,GBP,0.132990827,ECB,Spot,2022-08-18 12:58:17,maria.ashley046@analytics.example.com
,2022-08-07,GBP,CAD,0.6825019221,Reuters,Daily,2022-08-07 11:06:37,chelsea.patel065@commerce.example.com
,2022-08-26,BRL,CAD,0.4210318426,Internal FX,Daily,2022-08-26 11:05:04,yolanda.vasquez005@platform.example.com
,2022-08-29,EUR,CAD,1.7532939613,Internal FX,Closing,2022-08-29 23:19:34,amy.holmes103@dataops.example.com
,2022-08-31,AED,AUD,1.7518343101,Bloomberg,Spot,2022-08-31 08:26:58,troy.boone097@platform.example.com
,2022-08-20,MXN,INR,0.9695515602,Reuters,Daily,2022-08-20 23:02:51,david.cabrera119@dataops.example.com
,2022-08-16,GBP,EUR,0.1556096437,Internal FX,Closing,2022-08-16 02:42:06,maria.ashley046@analytics.example.com
,2022-08-02,GBP,BRL,0.5232864864,Internal FX,Spot,2022-08-02 00:47:28,renee.harvey080@dataops.example.com
,2022-08-26,AUD,AED,1.1759755146,Internal FX,Spot,2022-08-26 18:35:43,joseph.johnson049@dataops.example.com
,2022-08-02,EUR,GBP,0.4422786581,Bloomberg,Spot,2022-08-02 12:50:28,michelle.bender024@analytics.example.com
,2022-08-04,AED,MXN,0.8419568689,ECB,Daily,2022-08-04 02:04:01,ryan.steele043@commerce.example.com
,2022-08-12,JPY,CAD,0.9154389985,Reuters,Spot,2022-08-12 18:36:01,troy.boone097@platform.example.com
,2022-08-25,BRL,MXN,0.4044508417,ECB,Daily,2022-08-25 17:41:23,andrew.ellis102@analytics.example.com
,2022-08-19,MXN,USD,1.0476424178,Reuters,Closing,2022-08-19 08:25:50,darren.anderson025@dataops.example.com
,2022-08-03,BRL,AUD,0.4215606821,Bloomberg,Daily,2022-08-03 17:52:37,brandi.carter038@dataops.example.com
,2022-08-04,AUD,JPY,0.3652908842,ECB,Closing,2022-08-04 13:20:55,eric.mullen052@dataops.example.com
,2022-08-16,EUR,AED,0.769661059,Bloomberg,Daily,2022-08-16 11:29:21,eric.horton058@analytics.example.com
,2022-08-05,JPY,AED,0.6514831368,ECB,Closing,2022-08-05 09:38:25,victoria.medina044@dataops.example.com
,2022-08-13,CAD,INR,3.2237941704,Bloomberg,Daily,2022-08-13 15:24:03,amy.holmes103@dataops.example.com
,2022-08-27,BRL,EUR,2.2350228274,ECB,Spot,2022-08-27 20:53:56,stephen.clark001@analytics.example.com
,2022-08-17,JPY,GBP,1.8912716608,Reuters,Daily,2022-08-17 14:25:58,eric.mullen052@dataops.example.com
,2022-08-09,GBP,AUD,0.5968416235,Bloomberg,Daily,2022-08-09 04:51:27,david.cabrera119@dataops.example.com
,2022-08-05,GBP,MXN,1.1795070941,ECB,Closing,2022-08-05 20:38:44,craig.johnson106@analytics.example.com
,2022-08-09,MXN,GBP,2.1187531299,ECB,Spot,2022-08-09 17:43:21,yolanda.vasquez005@platform.example.com
,2022-08-03,CAD,INR,1.9589852083,ECB,Closing,2022-08-03 02:34:49,christine.johnson056@commerce.example.com
,2022-08-04,MXN,CAD,0.7838489922,Reuters,Daily,2022-08-04 23:09:59,craig.johnson106@analytics.example.com
,2022-08-16,INR,AED,0.5894415497,Internal FX,Daily,2022-08-16 15:08:29,darren.anderson025@dataops.example.com
,2022-08-23,INR,MXN,0.5162831244,ECB,Closing,2022-08-23 15:10:04,megan.cunningham013@commerce.example.com
,2022-08-10,BRL,AED,0.3995213647,Bloomberg,Spot,2022-08-10 12:50:05,brian.taylor114@analytics.example.com
,2022-08-22,GBP,CAD,0.6740351372,Reuters,Spot,2022-08-22 10:54:57,michael.johnson061@platform.example.com
,2022-08-29,SGD,CAD,0.3458218668,Internal FX,Daily,2022-08-29 07:50:45,craig.johnson106@analytics.example.com
,2022-08-23,AUD,AED,1.0911712927,Reuters,Daily,2022-08-23 15:28:21,joann.clark089@commerce.example.com
,2022-08-12,JPY,CAD,0.6187427841,Internal FX,Daily,2022-08-12 14:30:13,maria.ashley046@analytics.example.com
,2022-08-03,BRL,INR,0.5229209876,Internal FX,Spot,2022-08-03 05:52:08,patrick.gonzalez035@dataops.example.com
,2022-08-27,AED,AUD,0.8174812705,ECB,Closing,2022-08-27 01:16:44,victor.palmer071@platform.example.com
,2022-08-02,MXN,AUD,0.2187302559,ECB,Daily,2022-08-02 13:22:57,eric.mullen052@dataops.example.com
,2022-08-20,JPY,USD,0.5240635053,Bloomberg,Spot,2022-08-20 16:28:45,michael.berger060@platform.example.com
,2022-08-08,USD,GBP,0.5778441842,Bloomberg,Spot,2022-08-08 10:53:51,joann.clark089@commerce.example.com
,2022-08-20,INR,EUR,1.4184867204,Internal FX,Daily,2022-08-20 18:33:51,jennifer.bauer068@analytics.example.com
,2022-08-06,INR,JPY,0.698358281,Reuters,Daily,2022-08-06 05:09:50,jennifer.bauer068@analytics.example.com
,2022-08-20,CAD,BRL,1.3684069192,Internal FX,Daily,2022-08-20 16:24:09,joseph.johnson049@dataops.example.com
,2022-08-06,AED,SGD,0.3693275633,Bloomberg,Closing,2022-08-06 16:48:52,patrick.gonzalez035@dataops.example.com
,2022-08-29,AUD,SGD,1.9050847554,Internal FX,Closing,2022-08-29 18:01:44,brian.taylor114@analytics.example.com
,2022-08-01,SGD,BRL,0.8853658633,ECB,Spot,2022-08-01 14:25:23,joann.clark089@commerce.example.com
,2022-08-20,AUD,CAD,1.0415180682,Bloomberg,Closing,2022-08-20 15:40:16,victor.palmer071@platform.example.com
,2022-08-25,GBP,BRL,1.2545355695,Bloomberg,Spot,2022-08-25 04:33:25,jeffery.miller012@commerce.example.com
,2022-08-07,JPY,BRL,1.3706683515,ECB,Daily,2022-08-07 01:11:44,jimmy.washington028@commerce.example.com
,2022-08-02,SGD,BRL,0.3010866822,ECB,Daily,2022-08-02 02:46:49,victor.palmer071@platform.example.com
,2022-08-24,BRL,CAD,2.577523885,Bloomberg,Closing,2022-08-24 14:12:57,kelsey.taylor010@platform.example.com
,2022-08-22,SGD,INR,1.8006311419,Reuters,Closing,2022-08-22 08:28:40,alyssa.richards002@commerce.example.com
,2022-08-21,CAD,AUD,2.7491963001,Reuters,Closing,2022-08-21 02:22:05,jennifer.bauer068@analytics.example.com
,2022-08-08,AED,BRL,2.2620464506,Reuters,Closing,2022-08-08 21:10:17,stephen.clark001@analytics.example.com
,2022-08-09,BRL,AED,0.2920129879,Bloomberg,Spot,2022-08-09 14:59:16,andrea.cummings039@platform.example.com
,2022-08-04,INR,MXN,0.2584701396,Reuters,Daily,2022-08-04 00:19:25,yesenia.arnold040@platform.example.com
,2022-08-19,CAD,SGD,1.7670919284,ECB,Closing,2022-08-19 15:23:19,jimmy.washington028@commerce.example.com
,2022-08-26,MXN,BRL,0.3516788771,Reuters,Closing,2022-08-26 06:10:39,brian.taylor114@analytics.example.com
,2022-08-30,AUD,GBP,0.9530980023,Reuters,Closing,2022-08-30 02:28:24,kristen.bailey110@analytics.example.com
,2022-08-21,JPY,BRL,0.9635322164,Reuters,Closing,2022-08-21 20:50:37,jason.franklin045@dataops.example.com
,2022-08-17,INR,CAD,0.5058965481,Internal FX,Spot,2022-08-17 09:12:28,maria.ashley046@analytics.example.com
,2022-08-20,GBP,CAD,0.7505508515,ECB,Closing,2022-08-20 18:28:51,jennifer.atkins003@platform.example.com
,2022-08-26,MXN,AED,1.3860126096,Bloomberg,Spot,2022-08-26 22:45:00,chelsea.patel065@commerce.example.com
,2022-08-18,CAD,AED,0.5704063824,Bloomberg,Daily,2022-08-18 19:25:12,eric.mullen052@dataops.example.com
,2022-08-18,AED,BRL,2.725252131,ECB,Closing,2022-08-18 21:05:32,eric.horton058@analytics.example.com
,2022-08-12,INR,AUD,0.2317406039,Reuters,Closing,2022-08-12 12:23:12,troy.boone097@platform.example.com
,2022-08-20,AED,USD,1.3217010149,Internal FX,Closing,2022-08-20 08:08:35,brian.taylor114@analytics.example.com
,2022-08-07,USD,GBP,3.1991527278,Bloomberg,Daily,2022-08-07 02:26:43,kevin.mathews014@analytics.example.com
,2022-08-22,BRL,SGD,0.8742031408,Internal FX,Closing,2022-08-22 13:16:36,victoria.medina044@dataops.example.com
,2022-08-29,GBP,INR,1.8740909437,ECB,Daily,2022-08-29 14:30:58,susan.rice083@commerce.example.com
,2022-08-27,JPY,AED,2.6416630631,ECB,Closing,2022-08-27 10:20:02,david.cabrera119@dataops.example.com
,2022-08-31,SGD,JPY,3.7256665547,Bloomberg,Spot,2022-08-31 04:28:01,brandi.carter038@dataops.example.com
,2022-08-22,GBP,BRL,0.5559644443,Reuters,Closing,2022-08-22 19:11:24,lance.williams029@platform.example.com
,2022-08-24,SGD,MXN,0.2008481952,Reuters,Daily,2022-08-24 06:08:57,david.cabrera119@dataops.example.com
,2022-08-15,GBP,JPY,1.3243139682,Bloomberg,Spot,2022-08-15 10:59:47,peter.martinez098@platform.example.com
,2022-08-05,EUR,CAD,1.7907156182,Internal FX,Closing,2022-08-05 02:45:13,jason.franklin045@dataops.example.com
,2022-08-21,CAD,BRL,2.932831887,Internal FX,Closing,2022-08-21 22:13:45,christine.johnson056@commerce.example.com
,2022-08-30,CAD,AUD,2.4210702231,Reuters,Spot,2022-08-30 11:02:25,lisa.kim091@platform.example.com
,2022-08-22,JPY,BRL,0.2581033168,Internal FX,Daily,2022-08-22 21:09:04,darren.anderson025@dataops.example.com
,2022-08-14,JPY,INR,0.8666123798,Internal FX,Closing,2022-08-14 22:41:04,james.proctor094@dataops.example.com
,2022-08-26,SGD,GBP,2.0790695743,Reuters,Daily,2022-08-26 18:02:24,joseph.johnson049@dataops.example.com
,2022-08-10,AUD,MXN,1.9271950159,ECB,Closing,2022-08-10 16:30:49,john.mullins109@commerce.example.com
,2022-08-30,AED,JPY,0.8977941361,Internal FX,Closing,2022-08-30 20:50:41,amy.holmes103@dataops.example.com
,2022-08-22,GBP,MXN,3.7481360539,ECB,Spot,2022-08-22 05:07:11,alyssa.richards002@commerce.example.com
,2022-08-09,JPY,AED,3.1879223023,Bloomberg,Spot,2022-08-09 17:05:07,brandon.yu006@analytics.example.com
,2022-08-10,AUD,CAD,2.8462336828,Internal FX,Daily,2022-08-10 22:54:39,amy.holmes103@dataops.example.com
,2022-08-17,GBP,INR,0.8754191664,Reuters,Spot,2022-08-17 05:14:47,ryan.steele043@commerce.example.com
,2022-08-19,JPY,CAD,1.618970886,Reuters,Spot,2022-08-19 02:01:34,tina.williams074@commerce.example.com
,2022-08-10,AED,CAD,0.7060234118,Bloomberg,Closing,2022-08-10 16:37:02,timothy.cannon081@analytics.example.com
,2022-08-31,MXN,BRL,0.9071207776,Bloomberg,Spot,2022-08-31 11:18:02,shawn.baxter004@dataops.example.com
,2022-08-19,CAD,USD,2.8717857742,ECB,Spot,2022-08-19 03:54:10,joann.clark089@commerce.example.com
,2022-08-26,AED,EUR,0.9967322598,ECB,Daily,2022-08-26 08:34:03,andrea.cummings039@platform.example.com
,2022-08-26,CAD,JPY,3.7595515093,Bloomberg,Daily,2022-08-26 14:31:48,megan.cunningham013@commerce.example.com
,2022-08-10,MXN,USD,0.588054514,Bloomberg,Closing,2022-08-10 01:38:49,victor.palmer071@platform.example.com
,2022-08-14,SGD,BRL,2.7970377166,Reuters,Spot,2022-08-14 09:21:19,stephen.clark001@analytics.example.com
,2022-08-10,MXN,JPY,0.7358809392,Bloomberg,Daily,2022-08-10 16:32:01,maria.ashley046@analytics.example.com
,2022-08-02,BRL,MXN,1.2624523332,Internal FX,Spot,2022-08-02 06:26:07,stephen.clark001@analytics.example.com
,2022-08-28,USD,BRL,1.9592892839,Reuters,Closing,2022-08-28 20:19:09,jennifer.bauer068@analytics.example.com
,2022-08-07,INR,USD,1.4139083754,ECB,Spot,2022-08-07 23:48:29,chelsea.patel065@commerce.example.com
,2022-08-05,JPY,MXN,0.5471178439,ECB,Spot,2022-08-05 20:56:47,kelsey.taylor010@platform.example.com
,2022-08-01,USD,MXN,2.1634099183,Internal FX,Closing,2022-08-01 08:48:04,shawn.baxter004@dataops.example.com
,2022-08-04,JPY,USD,1.0077056168,Bloomberg,Spot,2022-08-04 11:58:31,micheal.hall064@dataops.example.com
,2022-08-11,SGD,AED,0.520092134,Reuters,Daily,2022-08-11 02:25:15,victor.palmer071@platform.example.com
,2022-08-15,EUR,AUD,0.5756177097,Reuters,Daily,2022-08-15 03:02:13,craig.johnson106@analytics.example.com
,2022-08-14,EUR,CAD,0.4873222456,ECB,Spot,2022-08-14 22:09:12,brian.taylor114@analytics.example.com
,2022-08-29,JPY,AUD,1.4960525925,Internal FX,Daily,2022-08-29 22:08:37,victoria.medina044@dataops.example.com
,2022-08-16,SGD,CAD,1.4969661466,ECB,Spot,2022-08-16 11:26:22,brian.taylor114@analytics.example.com
,2022-08-12,BRL,AUD,0.9814763889,ECB,Closing,2022-08-12 07:41:40,andrea.cummings039@platform.example.com
,2022-08-17,CAD,AED,0.4814457871,Internal FX,Closing,2022-08-17 03:42:38,timothy.cameron104@commerce.example.com
,2022-08-03,BRL,INR,2.8621410703,Bloomberg,Spot,2022-08-03 10:57:28,grace.gonzales099@dataops.example.com
,2022-08-31,GBP,BRL,1.6144847635,Reuters,Closing,2022-08-31 07:39:05,james.proctor094@dataops.example.com
,2022-08-29,AED,MXN,0.6502768439,Reuters,Daily,2022-08-29 14:01:11,eric.horton058@analytics.example.com
,2022-08-22,CAD,JPY,1.7867580115,ECB,Spot,2022-08-22 11:46:24,patrick.gonzalez035@dataops.example.com
,2022-08-17,SGD,EUR,1.1002670241,ECB,Spot,2022-08-17 12:46:29,peter.martinez098@platform.example.com
,2022-08-12,USD,EUR,0.6662001305,Internal FX,Daily,2022-08-12 00:59:01,stephen.clark001@analytics.example.com
,2022-08-14,USD,GBP,0.3114003482,Internal FX,Daily,2022-08-14 00:40:45,brandi.carter038@dataops.example.com
,2022-08-05,JPY,CAD,3.5038337097,Bloomberg,Spot,2022-08-05 01:45:57,timothy.cameron104@commerce.example.com
,2022-08-17,MXN,SGD,0.4728921404,ECB,Closing,2022-08-17 07:36:48,andrew.ellis102@analytics.example.com
,2022-08-16,AED,AUD,1.6523035848,Bloomberg,Daily,2022-08-16 21:09:39,michael.berger060@platform.example.com
,2022-08-02,USD,MXN,2.5551759916,ECB,Spot,2022-08-02 17:00:06,timothy.cannon081@analytics.example.com
,2022-08-04,AED,CAD,0.2846607047,Reuters,Daily,2022-08-04 21:16:14,stephen.clark001@analytics.example.com
,2022-08-15,JPY,BRL,1.1049165061,ECB,Daily,2022-08-15 14:44:57,victor.palmer071@platform.example.com
,2022-08-05,AED,USD,0.9856148479,ECB,Closing,2022-08-05 20:40:15,tina.williams074@commerce.example.com
,2022-08-01,USD,JPY,2.1197533952,ECB,Closing,2022-08-01 10:06:51,jimmy.washington028@commerce.example.com
,2022-08-12,SGD,USD,1.8219124956,Bloomberg,Closing,2022-08-12 00:21:48,timothy.cannon081@analytics.example.com
,2022-08-12,GBP,USD,1.4898784819,Reuters,Spot,2022-08-12 08:04:40,eric.mullen052@dataops.example.com
,2022-08-08,GBP,MXN,0.5910727658,Reuters,Closing,2022-08-08 16:56:03,sylvia.diaz107@dataops.example.com
,2022-08-22,CAD,EUR,0.3025301128,ECB,Spot,2022-08-22 12:51:57,joseph.johnson049@dataops.example.com
,2022-08-17,USD,BRL,2.4954696651,ECB,Closing,2022-08-17 11:28:29,taylor.cunningham023@commerce.example.com
,2022-08-23,BRL,USD,0.4288315597,Internal FX,Daily,2022-08-23 13:26:57,brian.taylor114@analytics.example.com
,2022-08-10,INR,AED,1.2607512307,Reuters,Spot,2022-08-10 09:55:18,jason.franklin045@dataops.example.com
,2022-08-31,GBP,SGD,3.2407909379,ECB,Closing,2022-08-31 19:40:16,alyssa.richards002@commerce.example.com
,2022-08-02,BRL,AUD,2.2136447579,Bloomberg,Daily,2022-08-02 01:00:38,brandon.yu006@analytics.example.com
,2022-08-30,GBP,USD,1.2044302519,Bloomberg,Daily,2022-08-30 19:24:25,lance.williams029@platform.example.com
,2022-08-17,SGD,MXN,0.2248694085,Bloomberg,Closing,2022-08-17 00:06:44,ashley.marks069@commerce.example.com
,2022-08-30,JPY,CAD,0.9820822202,ECB,Daily,2022-08-30 12:16:54,grace.gonzales099@dataops.example.com
,2022-08-27,USD,AED,0.5223832915,Reuters,Closing,2022-08-27 08:16:40,susan.rice083@commerce.example.com
,2022-08-24,USD,CAD,0.8337507694,Bloomberg,Closing,2022-08-24 10:07:37,alyssa.richards002@commerce.example.com
,2022-08-22,JPY,INR,1.0084669482,Internal FX,Daily,2022-08-22 02:07:50,jennifer.atkins003@platform.example.com
,2022-08-04,MXN,SGD,0.5961418262,Internal FX,Spot,2022-08-04 12:49:20,michael.berger060@platform.example.com
,2022-08-30,INR,MXN,0.5258472147,Bloomberg,Daily,2022-08-30 22:04:25,timothy.cannon081@analytics.example.com
,2022-08-22,EUR,JPY,1.450950505,Bloomberg,Daily,2022-08-22 15:19:37,micheal.chen050@dataops.example.com
,2022-08-31,BRL,CAD,0.2995486884,Internal FX,Closing,2022-08-31 00:56:29,grace.gonzales099@dataops.example.com
,2022-08-20,BRL,JPY,0.8919195645,Reuters,Spot,2022-08-20 10:38:21,anita.garcia021@dataops.example.com
,2022-08-07,SGD,BRL,0.450747058,Bloomberg,Closing,2022-08-07 22:59:30,jimmy.washington028@commerce.example.com
,2022-08-11,EUR,SGD,0.3276130126,Internal FX,Daily,2022-08-11 20:52:00,victoria.medina044@dataops.example.com
,2022-08-23,AED,USD,1.274750192,Internal FX,Daily,2022-08-23 02:17:20,tiffany.freeman101@analytics.example.com
,2022-08-12,CAD,JPY,0.4220994761,Internal FX,Daily,2022-08-12 18:55:29,stephen.daniels076@commerce.example.com
,2022-08-28,CAD,GBP,0.9981322181,Bloomberg,Closing,2022-08-28 16:45:30,brian.taylor114@analytics.example.com
,2022-08-26,USD,AUD,1.4241758683,ECB,Closing,2022-08-26 12:34:59,eric.mullen052@dataops.example.com
,2022-08-30,SGD,BRL,0.3840033928,Internal FX,Daily,2022-08-30 02:40:34,christine.johnson056@commerce.example.com
,2022-08-20,INR,AED,1.737438466,Reuters,Closing,2022-08-20 20:40:54,david.cabrera119@dataops.example.com
,2022-08-22,EUR,JPY,0.7442452973,ECB,Daily,2022-08-22 22:34:03,ryan.steele043@commerce.example.com
,2022-08-05,AED,MXN,1.0180000437,ECB,Closing,2022-08-05 11:05:23,victoria.medina044@dataops.example.com
,2022-08-12,USD,GBP,3.3297139777,Internal FX,Spot,2022-08-12 10:32:28,eric.mullen052@dataops.example.com
,2022-08-23,CAD,AED,4.2689772908,ECB,Spot,2022-08-23 17:40:00,andrea.cummings039@platform.example.com
,2022-08-10,CAD,USD,0.6534475183,Bloomberg,Closing,2022-08-10 00:50:50,chelsea.patel065@commerce.example.com
,2022-08-31,SGD,JPY,1.9884974247,Reuters,Closing,2022-08-31 22:58:39,kelsey.taylor010@platform.example.com
,2022-08-18,GBP,SGD,0.2711148779,Reuters,Daily,2022-08-18 08:31:21,eric.horton058@analytics.example.com
,2022-08-06,GBP,MXN,2.0817856671,Internal FX,Closing,2022-08-06 10:48:49,michelle.bender024@analytics.example.com
,2022-08-26,MXN,CAD,1.3774911334,ECB,Daily,2022-08-26 08:26:38,micheal.chen050@dataops.example.com
,2022-08-31,AUD,AED,0.6509289447,Bloomberg,Daily,2022-08-31 04:58:12,peter.martinez098@platform.example.com
,2022-08-30,INR,AED,9.4091378951,Internal FX,Spot,2022-08-30 09:28:01,brandi.carter038@dataops.example.com
,2022-08-17,BRL,CAD,1.3425945887,Internal FX,Spot,2022-08-17 16:02:56,taylor.cunningham023@commerce.example.com
,2022-08-26,JPY,GBP,3.1148625807,Bloomberg,Daily,2022-08-26 23:08:50,jennifer.bauer068@analytics.example.com
,2022-08-10,MXN,SGD,3.152452749,Bloomberg,Daily,2022-08-10 13:43:25,amy.holmes103@dataops.example.com
,2022-08-11,AUD,EUR,2.5292335114,ECB,Spot,2022-08-11 20:52:48,stephen.clark001@analytics.example.com
,2022-08-25,SGD,USD,0.5587892642,Bloomberg,Spot,2022-08-25 15:11:08,taylor.cunningham023@commerce.example.com
,2022-08-22,BRL,USD,1.1282667662,Reuters,Spot,2022-08-22 08:01:28,ashley.marks069@commerce.example.com
,2022-08-25,USD,SGD,1.7422891371,Reuters,Closing,2022-08-25 20:52:36,darren.anderson025@dataops.example.com
,2022-08-18,MXN,AUD,1.0928429332,ECB,Daily,2022-08-18 15:07:46,micheal.hall064@dataops.example.com
,2022-08-26,JPY,CAD,3.2177353666,ECB,Daily,2022-08-26 02:48:35,yolanda.vasquez005@platform.example.com
,2022-08-08,INR,USD,1.2849245066,ECB,Daily,2022-08-08 01:42:40,lance.williams029@platform.example.com
,2022-08-04,SGD,AED,0.9541961621,Bloomberg,Spot,2022-08-04 22:43:56,yesenia.arnold040@platform.example.com
,2022-08-14,SGD,AUD,1.0483230699,Bloomberg,Closing,2022-08-14 15:38:20,andrea.cummings039@platform.example.com
,2022-08-05,CAD,AED,0.315362562,Internal FX,Spot,2022-08-05 04:14:18,ashley.marks069@commerce.example.com
,2022-08-01,INR,BRL,0.8782842143,ECB,Spot,2022-08-01 16:55:16,joseph.johnson049@dataops.example.com
,2022-08-18,INR,CAD,0.8708822812,Reuters,Daily,2022-08-18 20:11:39,chelsea.patel065@commerce.example.com
,2022-08-18,USD,GBP,1.1778633423,Internal FX,Daily,2022-08-18 09:23:40,michelle.bender024@analytics.example.com
,2022-08-04,JPY,USD,0.6167251896,Internal FX,Daily,2022-08-04 23:50:33,jason.franklin045@dataops.example.com
,2022-08-09,JPY,EUR,1.5421180802,Internal FX,Daily,2022-08-09 09:21:24,susan.rice083@commerce.example.com
,2022-08-25,MXN,GBP,1.1642368483,ECB,Closing,2022-08-25 19:03:00,tina.williams074@commerce.example.com
,2022-08-21,USD,INR,3.4436883496,Bloomberg,Spot,2022-08-21 20:23:16,timothy.cannon081@analytics.example.com
,2022-08-19,SGD,CAD,0.2726626435,ECB,Daily,2022-08-19 12:14:22,shawn.baxter004@dataops.example.com
,2022-08-18,GBP,AED,0.6509856741,Reuters,Daily,2022-08-18 12:45:44,john.mullins109@commerce.example.com
,2022-08-04,CAD,AUD,0.5053629929,Bloomberg,Daily,2022-08-04 20:38:50,stephen.daniels076@commerce.example.com
,2022-08-05,EUR,INR,1.5547156335,ECB,Closing,2022-08-05 20:30:07,timothy.cannon081@analytics.example.com
,2022-08-15,SGD,BRL,0.8615862179,Reuters,Daily,2022-08-15 20:03:26,tina.williams074@commerce.example.com
,2022-08-02,INR,MXN,3.3262201389,Bloomberg,Daily,2022-08-02 01:15:19,timothy.cannon081@analytics.example.com
,2022-08-22,CAD,USD,0.6483560416,Bloomberg,Daily,2022-08-22 15:02:53,jeffery.miller012@commerce.example.com
,2022-08-26,SGD,JPY,1.3768755664,Internal FX,Spot,2022-08-26 10:01:57,timothy.cannon081@analytics.example.com
,2022-08-19,CAD,GBP,1.2256710937,Reuters,Daily,2022-08-19 07:02:44,craig.johnson106@analytics.example.com
,2022-08-29,BRL,GBP,0.6811508311,ECB,Daily,2022-08-29 19:05:50,christine.carter078@commerce.example.com
,2022-08-23,AUD,AED,1.0467335885,Reuters,Daily,2022-08-23 14:43:48,jason.franklin045@dataops.example.com
,2022-08-11,GBP,AED,0.6486016362,ECB,Spot,2022-08-11 21:03:18,stephen.clark001@analytics.example.com
,2022-08-14,USD,MXN,1.452828285,Bloomberg,Daily,2022-08-14 18:47:33,chelsea.patel065@commerce.example.com
,2022-08-27,USD,MXN,1.0129624545,Reuters,Spot,2022-08-27 05:20:14,katelyn.pitts017@commerce.example.com
,2022-08-25,USD,SGD,0.5616275651,Internal FX,Spot,2022-08-25 21:29:33,kelsey.taylor010@platform.example.com
,2022-08-30,SGD,INR,6.0603335833,Internal FX,Closing,2022-08-30 14:12:37,christine.carter078@commerce.example.com
,2022-08-04,BRL,INR,1.9693199357,Bloomberg,Daily,2022-08-04 02:45:06,alyssa.richards002@commerce.example.com
,2022-08-30,SGD,JPY,1.1282838719,Reuters,Spot,2022-08-30 21:13:32,megan.cunningham013@commerce.example.com
,2022-08-05,EUR,AED,0.4639328785,Reuters,Closing,2022-08-05 09:10:53,eric.horton058@analytics.example.com
,2022-08-30,GBP,AUD,1.0844665683,Reuters,Daily,2022-08-30 22:16:18,jimmy.washington028@commerce.example.com
,2022-08-09,GBP,USD,6.4802647501,ECB,Daily,2022-08-09 17:55:44,jimmy.washington028@commerce.example.com
,2022-08-07,GBP,USD,0.9973454175,Reuters,Daily,2022-08-07 02:54:46,troy.boone097@platform.example.com
,2022-08-10,JPY,MXN,1.5776814932,ECB,Closing,2022-08-10 13:42:52,joseph.johnson049@dataops.example.com
,2022-08-12,EUR,AUD,0.8318855316,ECB,Closing,2022-08-12 03:48:25,jimmy.washington028@commerce.example.com
,2022-08-15,JPY,BRL,1.43352709,ECB,Spot,2022-08-15 08:49:14,michelle.bender024@analytics.example.com
,2022-08-22,CAD,USD,0.3732268728,Reuters,Spot,2022-08-22 10:33:57,michelle.sims041@analytics.example.com
,2022-08-10,JPY,EUR,1.185723091,Reuters,Daily,2022-08-10 09:56:08,alyssa.richards002@commerce.example.com
,2022-08-03,SGD,USD,0.7236290328,Internal FX,Spot,2022-08-03 13:08:26,megan.cunningham013@commerce.example.com
,2022-08-07,INR,USD,0.5783374157,Bloomberg,Daily,2022-08-07 02:17:47,darren.anderson025@dataops.example.com
,2022-08-24,INR,AED,0.5487975023,Internal FX,Spot,2022-08-24 02:02:01,jimmy.washington028@commerce.example.com
,2022-08-28,JPY,CAD,3.6594592769,ECB,Daily,2022-08-28 13:30:22,timothy.cameron104@commerce.example.com
,2022-08-22,INR,CAD,1.6979967855,Bloomberg,Spot,2022-08-22 22:51:13,jimmy.washington028@commerce.example.com
,2022-08-22,MXN,USD,0.5066010128,Bloomberg,Daily,2022-08-22 01:06:14,lance.williams029@platform.example.com
,2022-08-23,JPY,MXN,0.9001042406,Internal FX,Closing,2022-08-23 12:24:07,sylvia.diaz107@dataops.example.com
,2022-08-27,AED,USD,0.7924372725,Internal FX,Spot,2022-08-27 08:42:20,taylor.cunningham023@commerce.example.com
,2022-08-06,EUR,GBP,3.3920760318,Bloomberg,Spot,2022-08-06 08:00:03,micheal.chen050@dataops.example.com
,2022-08-07,CAD,SGD,2.9762654705,Internal FX,Spot,2022-08-07 02:18:12,timothy.cameron104@commerce.example.com
,2022-08-25,INR,JPY,0.1313155833,ECB,Daily,2022-08-25 22:00:49,jennifer.atkins003@platform.example.com
,2022-08-18,BRL,INR,1.2791224624,Bloomberg,Spot,2022-08-18 13:13:40,micheal.hall064@dataops.example.com
,2022-08-28,SGD,GBP,0.8790469759,ECB,Spot,2022-08-28 20:42:29,jennifer.bauer068@analytics.example.com
,2022-08-22,EUR,AUD,0.7787638747,Internal FX,Closing,2022-08-22 05:34:03,peter.martinez098@platform.example.com
,2022-08-21,JPY,MXN,1.9866430879,Reuters,Closing,2022-08-21 22:11:59,taylor.cunningham023@commerce.example.com
,2022-08-05,AUD,USD,2.7591255158,Reuters,Spot,2022-08-05 06:46:45,brian.taylor114@analytics.example.com
,2022-08-21,EUR,AED,1.29332264,Reuters,Daily,2022-08-21 06:18:04,renee.harvey080@dataops.example.com
,2022-08-01,CAD,AED,2.0941693057,Internal FX,Closing,2022-08-01 18:43:17,christine.johnson056@commerce.example.com
,2022-08-04,SGD,CAD,1.1164774888,Internal FX,Spot,2022-08-04 04:03:56,john.mullins109@commerce.example.com
,2022-08-25,AUD,AED,0.9554815047,ECB,Spot,2022-08-25 02:48:54,joseph.johnson049@dataops.example.com
,2022-08-21,BRL,AUD,1.9918231819,Internal FX,Closing,2022-08-21 03:50:23,kelsey.taylor010@platform.example.com
,2022-08-11,AED,CAD,0.3226639468,Reuters,Daily,2022-08-11 11:26:34,jeffery.miller012@commerce.example.com
,2022-08-23,USD,JPY,0.7191286827,Reuters,Daily,2022-08-23 08:13:02,adam.gordon030@commerce.example.com
,2022-08-17,GBP,EUR,1.0468205898,Reuters,Daily,2022-08-17 05:07:27,michael.johnson061@platform.example.com
,2022-08-01,AUD,GBP,11.808822477,Bloomberg,Closing,2022-08-01 07:02:59,craig.johnson106@analytics.example.com
,2022-08-12,GBP,INR,0.3563629351,Internal FX,Daily,2022-08-12 16:02:35,grace.gonzales099@dataops.example.com
,2022-08-27,JPY,BRL,1.0111976132,Internal FX,Closing,2022-08-27 10:20:32,kelsey.taylor010@platform.example.com
,2022-08-23,CAD,INR,0.4955567834,Reuters,Daily,2022-08-23 22:42:39,peter.martinez098@platform.example.com
,2022-08-31,MXN,INR,0.470496881,Internal FX,Closing,2022-08-31 22:16:49,taylor.cunningham023@commerce.example.com
,2022-08-18,USD,GBP,1.0294395881,ECB,Daily,2022-08-18 08:24:47,craig.johnson106@analytics.example.com
,2022-08-01,JPY,AUD,1.6940780135,Internal FX,Spot,2022-08-01 23:31:08,renee.harvey080@dataops.example.com
,2022-08-14,MXN,BRL,1.6885384816,Reuters,Spot,2022-08-14 04:21:07,tina.williams074@commerce.example.com
,2022-08-10,SGD,EUR,0.5996432421,Bloomberg,Closing,2022-08-10 18:36:09,ryan.steele043@commerce.example.com
,2022-08-25,AUD,AED,1.5145658792,Bloomberg,Spot,2022-08-25 14:48:35,brian.taylor114@analytics.example.com
,2022-08-05,GBP,AUD,0.9178777201,ECB,Daily,2022-08-05 01:05:02,patrick.gonzalez035@dataops.example.com
,2022-08-19,AED,SGD,0.9522441003,ECB,Closing,2022-08-19 10:25:24,kelsey.taylor010@platform.example.com
,2022-08-09,EUR,GBP,0.272718084,ECB,Closing,2022-08-09 00:54:55,lance.williams029@platform.example.com
,2022-08-13,BRL,AUD,1.1100481713,Internal FX,Closing,2022-08-13 03:31:42,victor.palmer071@platform.example.com
,2022-08-16,MXN,JPY,0.3692037725,ECB,Closing,2022-08-16 19:47:27,chelsea.patel065@commerce.example.com
,2022-08-20,GBP,JPY,1.9728092195,Bloomberg,Spot,2022-08-20 19:20:10,sylvia.diaz107@dataops.example.com
,2022-08-12,EUR,AED,0.5997944158,Bloomberg,Daily,2022-08-12 19:55:44,timothy.cameron104@commerce.example.com
,2022-08-30,AUD,SGD,0.1930481924,Bloomberg,Spot,2022-08-30 00:26:16,kevin.mathews014@analytics.example.com
,2022-08-17,AUD,AED,0.7642385652,Internal FX,Daily,2022-08-17 10:39:56,stephen.clark001@analytics.example.com
,2022-08-31,JPY,CAD,0.6285397531,ECB,Closing,2022-08-31 15:31:39,alyssa.richards002@commerce.example.com
,2022-08-09,USD,SGD,1.2033246136,Bloomberg,Spot,2022-08-09 16:01:51,christine.carter078@commerce.example.com
,2022-08-19,USD,AED,2.7253612659,Reuters,Closing,2022-08-19 06:17:26,michelle.bender024@analytics.example.com
,2022-08-08,EUR,SGD,0.5670789224,Bloomberg,Closing,2022-08-08 11:05:36,jennifer.bauer068@analytics.example.com
,2022-08-21,EUR,MXN,1.0249478586,Internal FX,Daily,2022-08-21 09:23:46,ashley.marks069@commerce.example.com
,2022-08-13,JPY,AUD,2.3192862221,Bloomberg,Spot,2022-08-13 04:33:31,susan.rice083@commerce.example.com
,2022-08-06,USD,AED,1.3756702959,Bloomberg,Daily,2022-08-06 12:20:26,jason.franklin045@dataops.example.com
,2022-08-23,CAD,SGD,1.3671959498,ECB,Spot,2022-08-23 21:44:27,jimmy.washington028@commerce.example.com
,2022-08-25,GBP,CAD,3.2747284233,ECB,Closing,2022-08-25 10:09:57,michelle.bender024@analytics.example.com
,2022-08-11,GBP,AUD,0.8358706382,Bloomberg,Spot,2022-08-11 08:26:10,anita.garcia021@dataops.example.com
,2022-08-11,EUR,USD,1.4097123228,ECB,Closing,2022-08-11 16:42:44,katelyn.pitts017@commerce.example.com
,2022-08-13,SGD,JPY,0.3077494577,Internal FX,Spot,2022-08-13 13:23:26,eric.mullen052@dataops.example.com
,2022-08-30,INR,AUD,1.5012070306,Bloomberg,Spot,2022-08-30 16:53:49,jennifer.bauer068@analytics.example.com
,2022-08-18,INR,SGD,1.1607492218,Bloomberg,Daily,2022-08-18 08:21:53,victor.palmer071@platform.example.com
,2022-08-07,MXN,GBP,0.6462424386,Internal FX,Closing,2022-08-07 09:10:41,michelle.sims041@analytics.example.com
,2022-08-25,EUR,INR,1.8860580168,Internal FX,Daily,2022-08-25 00:29:51,andrew.ellis102@analytics.example.com
,2022-08-29,INR,JPY,2.6102219324,Internal FX,Spot,2022-08-29 22:37:50,taylor.cunningham023@commerce.example.com
,2022-08-10,MXN,GBP,1.2557117472,Reuters,Spot,2022-08-10 06:45:39,stephen.daniels076@commerce.example.com
,2022-08-11,CAD,JPY,0.7686404826,Reuters,Daily,2022-08-11 09:46:31,eric.mullen052@dataops.example.com
,2022-08-20,EUR,CAD,1.2309008797,Internal FX,Daily,2022-08-20 03:51:31,andrew.ellis102@analytics.example.com
,2022-08-18,EUR,GBP,1.6323665264,Bloomberg,Daily,2022-08-18 21:55:18,andrew.ellis102@analytics.example.com
,2022-08-01,INR,GBP,0.9776877539,Bloomberg,Daily,2022-08-01 06:54:14,brandi.carter038@dataops.example.com
,2022-08-26,USD,BRL,1.898125723,Bloomberg,Daily,2022-08-26 05:19:24,yesenia.arnold040@platform.example.com
,2022-08-12,SGD,EUR,4.2157386563,Internal FX,Daily,2022-08-12 15:28:37,eric.horton058@analytics.example.com
,2022-08-30,BRL,AED,0.3833594888,Bloomberg,Daily,2022-08-30 23:51:59,renee.harvey080@dataops.example.com
,2022-08-21,INR,AED,2.2580418361,Internal FX,Daily,2022-08-21 04:34:33,john.mullins109@commerce.example.com
,2022-08-23,GBP,EUR,0.5104255568,Bloomberg,Spot,2022-08-23 04:27:24,renee.harvey080@dataops.example.com
,2022-08-01,EUR,GBP,0.5756615908,ECB,Closing,2022-08-01 05:37:10,jennifer.atkins003@platform.example.com
,2022-08-14,BRL,USD,2.7798915096,Bloomberg,Daily,2022-08-14 12:29:35,david.cabrera119@dataops.example.com
,2022-08-14,INR,GBP,1.8190512808,Bloomberg,Daily,2022-08-14 21:25:14,sandra.hunter036@platform.example.com
,2022-08-05,BRL,INR,0.4187196901,ECB,Spot,2022-08-05 16:24:43,jennifer.hudson020@analytics.example.com
,2022-08-26,BRL,CAD,1.1050869818,ECB,Daily,2022-08-26 16:16:39,amy.holmes103@dataops.example.com
,2022-08-26,EUR,INR,1.3845288888,Internal FX,Daily,2022-08-26 16:01:28,david.cabrera119@dataops.example.com
,2022-08-14,CAD,AUD,1.1135985372,Internal FX,Closing,2022-08-14 03:05:28,christine.carter078@commerce.example.com
,2022-08-08,AUD,JPY,0.8911855889,ECB,Daily,2022-08-08 12:10:34,jimmy.washington028@commerce.example.com
,2022-08-27,AUD,JPY,0.8554747709,Reuters,Spot,2022-08-27 17:29:59,renee.harvey080@dataops.example.com
,2022-08-21,GBP,CAD,1.5149745056,Reuters,Closing,2022-08-21 01:07:46,tiffany.freeman101@analytics.example.com
,2022-08-10,MXN,USD,0.785975306,Bloomberg,Closing,2022-08-10 13:28:30,michelle.bender024@analytics.example.com
,2022-08-27,EUR,JPY,1.4871821536,Bloomberg,Spot,2022-08-27 04:31:18,joseph.johnson049@dataops.example.com
,2022-08-11,GBP,BRL,0.803713359,Bloomberg,Spot,2022-08-11 03:38:12,david.cabrera119@dataops.example.com
,2022-08-01,USD,GBP,0.9836143573,ECB,Daily,2022-08-01 11:17:46,adam.gordon030@commerce.example.com
,2022-08-27,EUR,CAD,1.9283272148,Reuters,Daily,2022-08-27 13:17:25,james.proctor094@dataops.example.com
,2022-08-15,GBP,AED,4.3142882376,Bloomberg,Daily,2022-08-15 00:25:31,victor.palmer071@platform.example.com
,2022-08-05,INR,AED,1.0970612634,Internal FX,Daily,2022-08-05 08:43:38,jeffery.miller012@commerce.example.com
,2022-08-31,MXN,JPY,0.3961850635,Internal FX,Spot,2022-08-31 20:19:31,brandi.carter038@dataops.example.com
,2022-08-25,CAD,AUD,0.6670985522,ECB,Daily,2022-08-25 19:06:47,yesenia.arnold040@platform.example.com
,2022-08-03,EUR,CAD,0.8168335841,ECB,Daily,2022-08-03 02:05:13,jason.franklin045@dataops.example.com
,2022-08-16,AED,BRL,0.5502643354,ECB,Daily,2022-08-16 22:22:01,andrew.ellis102@analytics.example.com
,2022-08-13,AUD,MXN,0.67223271,Bloomberg,Spot,2022-08-13 18:34:50,renee.harvey080@dataops.example.com
,2022-08-22,SGD,GBP,1.2031590398,Internal FX,Spot,2022-08-22 11:16:57,victoria.medina044@dataops.example.com
,2022-08-10,USD,INR,0.9017671739,Internal FX,Spot,2022-08-10 10:12:01,megan.cunningham013@commerce.example.com
,2022-08-30,SGD,AED,1.4303901089,ECB,Daily,2022-08-30 04:34:06,brian.taylor114@analytics.example.com
,2022-08-23,JPY,INR,0.823656076,Reuters,Spot,2022-08-23 10:31:32,stephen.daniels076@commerce.example.com
,2022-08-15,USD,BRL,0.5675287376,Internal FX,Daily,2022-08-15 20:08:06,kevin.mathews014@analytics.example.com
,2022-08-08,CAD,EUR,0.3919830521,Reuters,Closing,2022-08-08 08:05:07,lisa.kim091@platform.example.com
,2022-08-15,JPY,CAD,0.8957036679,ECB,Spot,2022-08-15 10:59:53,lance.williams029@platform.example.com
,2022-08-15,AUD,SGD,0.7010368925,Bloomberg,Spot,2022-08-15 10:00:40,micheal.hall064@dataops.example.com
,2022-08-09,JPY,GBP,2.2985398925,Internal FX,Closing,2022-08-09 12:32:56,jennifer.bauer068@analytics.example.com
,2022-08-10,USD,CAD,1.1938582503,ECB,Spot,2022-08-10 21:12:11,jason.franklin045@dataops.example.com
,2022-08-22,USD,AED,2.0944685864,Reuters,Closing,2022-08-22 23:58:39,victor.palmer071@platform.example.com
,2022-08-19,SGD,CAD,5.5749716011,Internal FX,Spot,2022-08-19 00:06:59,maria.ashley046@analytics.example.com
,2022-08-27,GBP,INR,1.2411539439,ECB,Spot,2022-08-27 14:47:16,joann.clark089@commerce.example.com
,2022-08-27,AED,GBP,1.6397766057,Bloomberg,Closing,2022-08-27 07:47:10,joseph.johnson049@dataops.example.com
,2022-08-20,INR,AED,0.5908209436,Internal FX,Daily,2022-08-20 19:20:40,david.cabrera119@dataops.example.com
,2022-08-27,JPY,MXN,0.4352718072,Internal FX,Spot,2022-08-27 10:57:17,alyssa.richards002@commerce.example.com
,2022-08-18,USD,INR,0.6556948501,Internal FX,Daily,2022-08-18 19:54:44,lance.williams029@platform.example.com
,2022-08-05,GBP,BRL,0.8776401052,Reuters,Spot,2022-08-05 11:05:25,eric.mullen052@dataops.example.com
,2022-08-03,GBP,INR,1.4275702867,Reuters,Closing,2022-08-03 15:23:40,lance.williams029@platform.example.com
,2022-08-26,INR,CAD,1.7769049514,Bloomberg,Daily,2022-08-26 21:05:45,michael.johnson061@platform.example.com
,2022-08-23,CAD,INR,0.7808517272,Bloomberg,Daily,2022-08-23 10:46:07,craig.johnson106@analytics.example.com
,2022-08-29,EUR,CAD,2.1091803401,Bloomberg,Closing,2022-08-29 09:30:33,victor.palmer071@platform.example.com
,2022-08-31,USD,CAD,2.3218563019,ECB,Closing,2022-08-31 11:35:25,michael.berger060@platform.example.com
,2022-08-20,EUR,SGD,1.7742021833,ECB,Spot,2022-08-20 17:19:24,lance.williams029@platform.example.com
,2022-08-19,MXN,CAD,0.9089599316,Internal FX,Daily,2022-08-19 11:41:29,kevin.mathews014@analytics.example.com
,2022-08-17,MXN,AED,2.2708656591,Internal FX,Daily,2022-08-17 18:01:11,lance.williams029@platform.example.com
,2022-08-20,GBP,INR,0.5611275912,Bloomberg,Daily,2022-08-20 09:21:11,stephen.daniels076@commerce.example.com
,2022-08-21,MXN,AED,0.4737287412,Internal FX,Daily,2022-08-21 19:35:50,tiffany.freeman101@analytics.example.com
,2022-08-09,CAD,MXN,0.4906473865,Internal FX,Spot,2022-08-09 02:55:18,troy.boone097@platform.example.com
,2022-08-22,INR,MXN,0.6944336131,ECB,Daily,2022-08-22 12:29:08,jennifer.bauer068@analytics.example.com
,2022-08-31,CAD,AUD,0.6401453339,Internal FX,Spot,2022-08-31 06:41:11,jennifer.bauer068@analytics.example.com
,2022-08-30,SGD,AUD,2.7974382438,Reuters,Spot,2022-08-30 12:31:50,chelsea.patel065@commerce.example.com
,2022-08-27,GBP,INR,1.8091717393,ECB,Closing,2022-08-27 01:51:22,michelle.sims041@analytics.example.com
,2022-08-22,CAD,EUR,2.8473849167,Internal FX,Daily,2022-08-22 16:15:55,victor.palmer071@platform.example.com
,2022-08-04,MXN,BRL,3.3067035481,Bloomberg,Closing,2022-08-04 07:06:57,joann.clark089@commerce.example.com
,2022-08-31,AED,MXN,1.8311802785,Bloomberg,Closing,2022-08-31 05:49:37,anita.garcia021@dataops.example.com
,2022-08-07,MXN,EUR,1.2092189628,Bloomberg,Spot,2022-08-07 23:55:06,joann.clark089@commerce.example.com
,2022-08-01,BRL,CAD,0.5929836089,ECB,Closing,2022-08-01 04:54:52,jennifer.bauer068@analytics.example.com
,2022-08-07,INR,CAD,1.4674268494,Bloomberg,Daily,2022-08-07 17:16:56,ashley.marks069@commerce.example.com
,2022-08-08,USD,SGD,0.6536732959,ECB,Closing,2022-08-08 09:21:38,victoria.medina044@dataops.example.com
,2022-08-08,USD,GBP,2.9569992309,ECB,Spot,2022-08-08 01:44:39,shawn.baxter004@dataops.example.com
,2022-08-26,AUD,JPY,0.3263778883,Reuters,Closing,2022-08-26 00:16:24,andrea.cummings039@platform.example.com
,2022-08-07,AUD,JPY,0.4026083971,ECB,Closing,2022-08-07 14:08:05,susan.rice083@commerce.example.com
,2022-08-12,MXN,AED,1.4436155209,Bloomberg,Daily,2022-08-12 12:18:03,tiffany.freeman101@analytics.example.com
,2022-08-13,CAD,BRL,1.6453543864,ECB,Daily,2022-08-13 19:10:56,tina.williams074@commerce.example.com
,2022-08-07,MXN,EUR,2.7234025162,Bloomberg,Spot,2022-08-07 00:36:09,micheal.hall064@dataops.example.com
,2022-08-25,GBP,MXN,0.5480263822,ECB,Closing,2022-08-25 00:33:07,eric.mullen052@dataops.example.com
,2022-08-30,JPY,CAD,2.3336209754,Internal FX,Closing,2022-08-30 09:54:04,christine.carter078@commerce.example.com
,2022-08-06,MXN,AUD,0.9684349246,Bloomberg,Closing,2022-08-06 05:07:47,susan.rice083@commerce.example.com
,2022-08-06,CAD,SGD,0.8656083476,Reuters,Daily,2022-08-06 11:19:12,micheal.hall064@dataops.example.com
,2022-08-10,MXN,BRL,0.3791971348,Bloomberg,Daily,2022-08-10 21:54:47,michelle.sims041@analytics.example.com
,2022-08-23,GBP,SGD,0.8632842895,ECB,Closing,2022-08-23 07:57:44,david.cabrera119@dataops.example.com
,2022-08-24,JPY,INR,0.5810885008,Bloomberg,Daily,2022-08-24 02:27:42,katelyn.pitts017@commerce.example.com
,2022-08-13,MXN,JPY,2.0189666106,Reuters,Daily,2022-08-13 06:14:21,timothy.cameron104@commerce.example.com
,2022-08-02,INR,JPY,1.8624704667,Internal FX,Spot,2022-08-02 16:16:24,grace.gonzales099@dataops.example.com
,2022-08-26,GBP,EUR,0.8610093102,Internal FX,Daily,2022-08-26 18:01:47,michelle.bender024@analytics.example.com
,2022-08-06,INR,CAD,1.0124087601,Reuters,Closing,2022-08-06 05:07:23,stephen.clark001@analytics.example.com
,2022-08-31,AED,JPY,1.3737124946,ECB,Spot,2022-08-31 13:55:03,yesenia.arnold040@platform.example.com
,2022-08-02,CAD,AUD,0.5659442556,ECB,Daily,2022-08-02 05:11:34,eric.horton058@analytics.example.com
,2022-08-01,BRL,JPY,0.456664723,Internal FX,Closing,2022-08-01 21:20:41,brandi.carter038@dataops.example.com
,2022-08-16,AED,BRL,1.5465876727,Reuters,Daily,2022-08-16 20:57:51,jimmy.washington028@commerce.example.com
,2022-08-17,USD,BRL,1.2735530428,Internal FX,Closing,2022-08-17 09:54:16,renee.harvey080@dataops.example.com
,2022-08-29,SGD,CAD,0.85473277,Internal FX,Closing,2022-08-29 12:52:22,craig.johnson106@analytics.example.com
,2022-08-01,SGD,USD,0.5090291748,Internal FX,Daily,2022-08-01 18:51:49,jason.franklin045@dataops.example.com
,2022-08-07,BRL,AED,1.5033624343,Bloomberg,Closing,2022-08-07 15:48:17,sylvia.diaz107@dataops.example.com
,2022-08-16,INR,AUD,0.9194205959,Bloomberg,Spot,2022-08-16 21:28:29,joann.clark089@commerce.example.com
,2022-08-05,INR,CAD,3.3763390086,Internal FX,Closing,2022-08-05 04:02:08,michelle.bender024@analytics.example.com
,2022-08-16,GBP,CAD,1.1846456436,ECB,Daily,2022-08-16 18:53:27,amy.holmes103@dataops.example.com
,2022-08-08,MXN,EUR,0.4014586926,Reuters,Spot,2022-08-08 12:05:08,lisa.kim091@platform.example.com
,2022-08-29,INR,AED,1.9068649869,Reuters,Closing,2022-08-29 08:31:36,brandon.yu006@analytics.example.com
,2022-08-12,SGD,JPY,2.4105100475,ECB,Spot,2022-08-12 20:02:24,timothy.cannon081@analytics.example.com
,2022-08-04,BRL,SGD,1.126812614,ECB,Daily,2022-08-04 19:19:30,eric.mullen052@dataops.example.com
,2022-08-04,AED,USD,0.1158661671,Bloomberg,Spot,2022-08-04 21:50:31,brian.taylor114@analytics.example.com
,2022-08-31,JPY,MXN,0.6110085131,Reuters,Closing,2022-08-31 03:38:29,david.cabrera119@dataops.example.com
,2022-08-18,USD,JPY,0.2425226703,Internal FX,Spot,2022-08-18 00:12:00,peter.martinez098@platform.example.com
,2022-08-24,AUD,USD,0.4977180682,ECB,Spot,2022-08-24 23:58:18,lance.williams029@platform.example.com
,2022-08-20,GBP,EUR,0.8289771761,Bloomberg,Spot,2022-08-20 05:32:11,micheal.chen050@dataops.example.com
,2022-08-31,INR,JPY,0.5460996506,Bloomberg,Closing,2022-08-31 01:56:33,yolanda.vasquez005@platform.example.com
,2022-08-12,AED,SGD,0.984747833,Bloomberg,Daily,2022-08-12 11:31:43,andrew.ellis102@analytics.example.com
,2022-08-28,BRL,EUR,1.5038582356,Bloomberg,Closing,2022-08-28 10:01:23,susan.rice083@commerce.example.com
,2022-08-24,SGD,AUD,0.6293204922,Bloomberg,Daily,2022-08-24 01:34:45,shawn.baxter004@dataops.example.com
,2022-08-11,BRL,GBP,1.2975662594,ECB,Daily,2022-08-11 14:38:18,eric.mullen052@dataops.example.com
,2022-08-31,SGD,GBP,0.374129425,ECB,Spot,2022-08-31 16:30:18,micheal.hall064@dataops.example.com
,2022-08-20,EUR,INR,0.1885445208,Bloomberg,Spot,2022-08-20 13:47:02,michelle.bender024@analytics.example.com
,2022-08-13,CAD,MXN,0.3231802927,Internal FX,Spot,2022-08-13 07:26:27,lisa.kim091@platform.example.com
,2022-08-04,GBP,JPY,0.343118412,Internal FX,Spot,2022-08-04 13:33:23,kelsey.taylor010@platform.example.com
,2022-08-08,AUD,GBP,1.0321630372,Reuters,Spot,2022-08-08 01:13:44,lance.williams029@platform.example.com
,2022-08-08,EUR,INR,0.8607446627,Bloomberg,Daily,2022-08-08 15:41:18,john.mullins109@commerce.example.com
,2022-08-21,CAD,INR,1.9008501901,Internal FX,Daily,2022-08-21 21:20:05,sylvia.diaz107@dataops.example.com
,2022-08-17,JPY,GBP,0.3542596844,Reuters,Spot,2022-08-17 21:40:05,shawn.baxter004@dataops.example.com
,2022-08-11,EUR,INR,2.0958033788,ECB,Daily,2022-08-11 23:20:18,jennifer.hudson020@analytics.example.com
,2022-08-27,EUR,AUD,8.4754603143,Internal FX,Closing,2022-08-27 08:11:39,michelle.sims041@analytics.example.com
,2022-08-05,EUR,AED,0.8615612057,Bloomberg,Daily,2022-08-05 10:53:04,yesenia.arnold040@platform.example.com
,2022-08-14,BRL,GBP,2.0333857185,Bloomberg,Daily,2022-08-14 18:23:54,james.proctor094@dataops.example.com
,2022-08-10,SGD,MXN,1.1615905728,ECB,Spot,2022-08-10 00:22:55,troy.boone097@platform.example.com
,2022-08-26,AUD,GBP,1.6028303406,Reuters,Daily,2022-08-26 06:43:46,lisa.kim091@platform.example.com
,2022-08-25,BRL,AED,0.776094397,Bloomberg,Spot,2022-08-25 14:34:19,peter.martinez098@platform.example.com
,2022-08-04,GBP,INR,2.8133473238,ECB,Daily,2022-08-04 03:05:39,shawn.baxter004@dataops.example.com
,2022-08-31,MXN,EUR,1.4088612945,Internal FX,Spot,2022-08-31 13:49:15,troy.boone097@platform.example.com
,2022-08-17,USD,AUD,3.9264772685,Reuters,Closing,2022-08-17 13:12:54,lance.williams029@platform.example.com
,2022-08-24,MXN,USD,0.7653898969,Bloomberg,Daily,2022-08-24 11:44:51,sylvia.diaz107@dataops.example.com
,2022-08-12,USD,BRL,3.063216364,ECB,Closing,2022-08-12 17:42:51,michael.berger060@platform.example.com
,2022-08-23,AUD,GBP,0.4466470234,Bloomberg,Daily,2022-08-23 18:14:37,maria.ashley046@analytics.example.com
,2022-08-26,MXN,USD,0.8330025328,Internal FX,Spot,2022-08-26 01:27:15,timothy.cameron104@commerce.example.com
,2022-08-26,CAD,MXN,0.450527949,Bloomberg,Daily,2022-08-26 18:45:40,brian.taylor114@analytics.example.com
,2022-08-04,GBP,AED,1.7143764616,ECB,Spot,2022-08-04 13:02:49,susan.rice083@commerce.example.com
,2022-08-19,EUR,GBP,0.4410353651,Internal FX,Daily,2022-08-19 23:03:26,ryan.steele043@commerce.example.com
,2022-08-03,AED,MXN,2.8822870553,ECB,Spot,2022-08-03 09:40:22,susan.rice083@commerce.example.com
,2022-08-17,INR,GBP,3.3003119641,Reuters,Spot,2022-08-17 23:56:51,brandi.carter038@dataops.example.com
,2022-08-28,JPY,BRL,1.0696151145,Reuters,Spot,2022-08-28 03:01:54,ashley.marks069@commerce.example.com
,2022-08-07,INR,EUR,1.4852001749,Bloomberg,Daily,2022-08-07 12:14:54,alyssa.richards002@commerce.example.com
,2022-08-05,BRL,CAD,1.3239624729,Internal FX,Spot,2022-08-05 22:39:40,lance.williams029@platform.example.com
,2022-08-10,EUR,MXN,1.3109396097,Bloomberg,Spot,2022-08-10 15:22:14,jennifer.bauer068@analytics.example.com
,2022-08-11,JPY,SGD,0.9842272354,Bloomberg,Daily,2022-08-11 08:40:23,michelle.bender024@analytics.example.com
,2022-08-15,BRL,AED,0.3382397524,Bloomberg,Closing,2022-08-15 01:20:18,lisa.kim091@platform.example.com
,2022-08-08,USD,EUR,0.9698267117,ECB,Closing,2022-08-08 06:15:47,timothy.cannon081@analytics.example.com
,2022-08-06,INR,AED,3.4627104001,ECB,Daily,2022-08-06 23:31:35,andrea.cummings039@platform.example.com
,2022-08-20,GBP,INR,0.5849083276,Internal FX,Closing,2022-08-20 22:25:02,kevin.mathews014@analytics.example.com
,2022-08-15,AED,BRL,1.2232624645,Internal FX,Spot,2022-08-15 13:04:53,andrew.ellis102@analytics.example.com
,2022-08-17,CAD,INR,4.6188472847,Internal FX,Spot,2022-08-17 18:04:43,kevin.mathews014@analytics.example.com
,2022-08-27,SGD,JPY,1.6294321407,Internal FX,Closing,2022-08-27 23:07:28,micheal.chen050@dataops.example.com
,2022-08-07,BRL,MXN,1.7145920617,Reuters,Daily,2022-08-07 18:24:16,michael.berger060@platform.example.com
,2022-08-07,MXN,INR,1.320216887,Internal FX,Spot,2022-08-07 12:15:27,jeffery.miller012@commerce.example.com
,2022-08-07,MXN,CAD,1.7326122921,Internal FX,Closing,2022-08-07 21:39:16,megan.cunningham013@commerce.example.com
,2022-08-19,GBP,AUD,0.8950917121,ECB,Daily,2022-08-19 15:30:06,taylor.cunningham023@commerce.example.com
,2022-08-23,USD,CAD,0.7442847314,Reuters,Daily,2022-08-23 16:01:03,katelyn.pitts017@commerce.example.com
,2022-08-31,JPY,SGD,2.2927528214,Bloomberg,Daily,2022-08-31 17:03:10,patrick.gonzalez035@dataops.example.com
,2022-08-22,SGD,CAD,0.4662307149,ECB,Spot,2022-08-22 17:16:03,yesenia.arnold040@platform.example.com
,2022-08-29,CAD,GBP,0.6548565766,Internal FX,Closing,2022-08-29 09:25:16,tina.williams074@commerce.example.com
,2022-08-17,BRL,AUD,0.8466909038,Reuters,Closing,2022-08-17 10:15:50,stephen.daniels076@commerce.example.com
,2022-08-10,EUR,GBP,0.671316175,Reuters,Closing,2022-08-10 01:52:42,sylvia.diaz107@dataops.example.com
,2022-08-18,JPY,AED,1.5464587405,Internal FX,Closing,2022-08-18 19:06:55,michelle.bender024@analytics.example.com
,2022-08-12,EUR,CAD,3.0046744175,Internal FX,Spot,2022-08-12 00:58:36,timothy.cannon081@analytics.example.com
,2022-08-24,EUR,AED,1.171136661,ECB,Spot,2022-08-24 12:50:39,timothy.cameron104@commerce.example.com
,2022-08-13,CAD,GBP,1.5678683875,Internal FX,Daily,2022-08-13 04:45:48,kelsey.taylor010@platform.example.com
,2022-08-10,GBP,AUD,0.6500997146,ECB,Closing,2022-08-10 17:02:38,anita.garcia021@dataops.example.com
,2022-08-12,BRL,USD,1.4603004041,Internal FX,Spot,2022-08-12 00:51:22,eric.horton058@analytics.example.com
,2022-08-09,BRL,AED,1.3963236298,ECB,Daily,2022-08-09 10:10:06,michelle.bender024@analytics.example.com
,2022-08-26,INR,AED,0.5722001156,Bloomberg,Daily,2022-08-26 20:12:45,christine.johnson056@commerce.example.com
,2022-08-09,EUR,MXN,1.5306389257,ECB,Spot,2022-08-09 23:01:38,jennifer.atkins003@platform.example.com
,2022-08-23,AED,INR,3.73773115,ECB,Spot,2022-08-23 23:52:59,michael.johnson061@platform.example.com
,2022-08-09,JPY,MXN,0.4966565262,Reuters,Daily,2022-08-09 06:57:50,michelle.sims041@analytics.example.com
,2022-08-02,BRL,GBP,1.4764712512,Bloomberg,Closing,2022-08-02 09:38:34,michael.berger060@platform.example.com
,2022-08-21,GBP,CAD,1.697252894,Reuters,Daily,2022-08-21 06:45:17,timothy.cannon081@analytics.example.com
,2022-08-19,BRL,EUR,0.1487161437,Internal FX,Spot,2022-08-19 20:20:23,kevin.mathews014@analytics.example.com
,2022-08-02,EUR,INR,1.6829286025,Internal FX,Closing,2022-08-02 19:38:23,james.proctor094@dataops.example.com
,2022-08-13,AUD,CAD,0.6638466886,ECB,Daily,2022-08-13 04:54:24,chelsea.patel065@commerce.example.com
,2022-08-09,AED,SGD,3.498292959,Bloomberg,Closing,2022-08-09 00:35:10,amy.holmes103@dataops.example.com
,2022-08-25,USD,SGD,1.8777425015,Bloomberg,Closing,2022-08-25 01:29:36,brian.taylor114@analytics.example.com
,2022-08-12,AUD,EUR,1.6947725556,Bloomberg,Closing,2022-08-12 07:35:07,adam.gordon030@commerce.example.com
,2022-08-21,BRL,CAD,1.1539088207,Reuters,Spot,2022-08-21 06:26:12,stephen.daniels076@commerce.example.com
,2022-08-11,USD,AED,4.7704866304,Bloomberg,Closing,2022-08-11 10:08:17,jason.franklin045@dataops.example.com
,2022-08-02,EUR,INR,2.391229839,Bloomberg,Spot,2022-08-02 08:58:05,andrea.cummings039@platform.example.com
,2022-08-03,EUR,INR,1.6889263897,Bloomberg,Closing,2022-08-03 05:37:43,jimmy.washington028@commerce.example.com
,2022-08-05,MXN,AED,2.3390562106,Internal FX,Spot,2022-08-05 09:30:08,renee.harvey080@dataops.example.com
,2022-08-21,EUR,CAD,1.0601206204,Reuters,Daily,2022-08-21 02:02:19,adam.gordon030@commerce.example.com
,2022-08-23,GBP,SGD,5.5229503312,Internal FX,Spot,2022-08-23 16:20:46,brian.taylor114@analytics.example.com
,2022-08-29,AUD,USD,1.700530687,Reuters,Daily,2022-08-29 21:12:16,victoria.medina044@dataops.example.com
,2022-08-13,JPY,BRL,1.5422788714,Reuters,Daily,2022-08-13 04:08:22,troy.boone097@platform.example.com
,2022-08-05,JPY,EUR,0.6138534981,Internal FX,Daily,2022-08-05 17:03:35,lance.williams029@platform.example.com
,2022-08-27,EUR,MXN,0.2707052689,Bloomberg,Closing,2022-08-27 01:06:02,alyssa.richards002@commerce.example.com
,2022-08-02,INR,AUD,1.3379703618,ECB,Closing,2022-08-02 12:40:50,ashley.marks069@commerce.example.com
,2022-08-26,INR,CAD,1.0257340618,Reuters,Daily,2022-08-26 08:27:33,christine.carter078@commerce.example.com
,2022-08-01,USD,AUD,0.9529270637,Bloomberg,Daily,2022-08-01 09:14:32,brian.taylor114@analytics.example.com
,2022-08-06,AUD,CAD,0.9097349498,Reuters,Closing,2022-08-06 21:02:25,lisa.kim091@platform.example.com
,2022-08-17,BRL,AUD,2.8874904854,ECB,Closing,2022-08-17 20:17:25,maria.ashley046@analytics.example.com
,2022-08-03,AED,GBP,1.170104748,ECB,Daily,2022-08-03 22:58:45,andrea.cummings039@platform.example.com
,2022-08-15,MXN,SGD,0.2664670802,Bloomberg,Daily,2022-08-15 00:16:52,lisa.kim091@platform.example.com
,2022-08-30,AED,SGD,2.0305713823,Bloomberg,Daily,2022-08-30 04:20:23,joann.clark089@commerce.example.com
,2022-08-26,INR,AUD,1.4864907,Bloomberg,Closing,2022-08-26 09:21:57,megan.cunningham013@commerce.example.com
,2022-08-07,AUD,JPY,0.523454545,Reuters,Daily,2022-08-07 04:36:16,troy.boone097@platform.example.com
,2022-08-31,JPY,MXN,0.13595363,Internal FX,Closing,2022-08-31 04:17:27,amy.holmes103@dataops.example.com
,2022-08-11,AED,EUR,0.3336181417,Reuters,Spot,2022-08-11 07:45:39,joann.clark089@commerce.example.com
,2022-08-20,USD,JPY,0.7400407214,Reuters,Closing,2022-08-20 17:41:34,lisa.kim091@platform.example.com
,2022-08-15,BRL,AED,1.0780582845,Bloomberg,Daily,2022-08-15 10:09:08,joseph.johnson049@dataops.example.com
,2022-08-17,BRL,GBP,0.9008911988,ECB,Daily,2022-08-17 04:06:38,michael.johnson061@platform.example.com
,2022-08-04,USD,CAD,2.4908439282,ECB,Daily,2022-08-04 00:56:00,taylor.cunningham023@commerce.example.com
,2022-08-08,JPY,EUR,0.6556224332,Internal FX,Spot,2022-08-08 06:46:04,jason.franklin045@dataops.example.com
,2022-08-07,USD,AUD,1.411511267,Internal FX,Daily,2022-08-07 04:11:16,katelyn.pitts017@commerce.example.com
,2022-08-01,MXN,AED,0.6987064221,ECB,Closing,2022-08-01 03:18:30,stephen.daniels076@commerce.example.com
,2022-08-09,AUD,AED,0.3579341975,ECB,Closing,2022-08-09 03:44:29,michael.berger060@platform.example.com
,2022-08-29,GBP,JPY,2.2965576427,ECB,Spot,2022-08-29 10:30:18,ryan.steele043@commerce.example.com
,2022-08-22,AUD,INR,0.1934269427,Bloomberg,Closing,2022-08-22 02:16:13,sandra.hunter036@platform.example.com
,2022-08-18,AED,BRL,2.0608724165,Reuters,Closing,2022-08-18 02:38:34,jennifer.hudson020@analytics.example.com
,2022-08-11,BRL,INR,0.273845592,Internal FX,Spot,2022-08-11 13:55:11,troy.boone097@platform.example.com
,2022-08-26,EUR,MXN,0.2844522051,Bloomberg,Spot,2022-08-26 14:58:37,lance.williams029@platform.example.com
,2022-08-31,MXN,JPY,1.1872448777,ECB,Daily,2022-08-31 17:18:46,micheal.chen050@dataops.example.com
,2022-08-30,USD,BRL,1.2789628237,Internal FX,Spot,2022-08-30 17:05:44,jennifer.hudson020@analytics.example.com
,2022-08-16,EUR,INR,1.1027298086,Internal FX,Spot,2022-08-16 07:04:36,lance.williams029@platform.example.com
,2022-08-20,INR,MXN,0.6813541019,Reuters,Spot,2022-08-20 12:54:09,eric.mullen052@dataops.example.com
,2022-08-18,CAD,AED,0.9071542837,Reuters,Closing,2022-08-18 10:40:40,yolanda.vasquez005@platform.example.com
,2022-08-25,EUR,BRL,0.5490031117,Bloomberg,Closing,2022-08-25 13:07:41,sylvia.diaz107@dataops.example.com
,2022-08-27,MXN,SGD,1.2668764017,Bloomberg,Spot,2022-08-27 13:30:27,michael.johnson061@platform.example.com
,2022-08-19,BRL,JPY,1.1160709575,Bloomberg,Spot,2022-08-19 16:52:14,jimmy.washington028@commerce.example.com
,2022-08-17,MXN,INR,6.0319974085,Bloomberg,Daily,2022-08-17 20:18:20,christine.carter078@commerce.example.com
,2022-08-13,BRL,JPY,0.3294004455,Bloomberg,Closing,2022-08-13 19:31:39,jason.franklin045@dataops.example.com
,2022-08-12,JPY,INR,0.5949125579,Internal FX,Spot,2022-08-12 16:08:13,amy.holmes103@dataops.example.com
,2022-08-02,AED,SGD,2.1462339742,ECB,Spot,2022-08-02 21:53:07,christine.carter078@commerce.example.com
,2022-08-18,USD,SGD,2.4153358844,Bloomberg,Daily,2022-08-18 02:06:48,timothy.cannon081@analytics.example.com
,2022-08-22,USD,SGD,0.9803353282,Internal FX,Closing,2022-08-22 19:50:12,maria.ashley046@analytics.example.com
,2022-08-15,AED,EUR,1.1853696872,Bloomberg,Daily,2022-08-15 03:58:38,amy.holmes103@dataops.example.com
,2022-08-31,CAD,INR,1.1352768682,Reuters,Closing,2022-08-31 07:34:23,troy.boone097@platform.example.com
,2022-08-14,INR,AED,1.6139512497,Internal FX,Closing,2022-08-14 07:59:08,grace.gonzales099@dataops.example.com
,2022-08-21,BRL,INR,0.6694453923,Internal FX,Daily,2022-08-21 00:33:33,renee.harvey080@dataops.example.com
,2022-08-05,GBP,INR,0.9264515856,Internal FX,Daily,2022-08-05 07:34:51,micheal.hall064@dataops.example.com
,2022-08-29,EUR,AED,0.4798619459,Internal FX,Closing,2022-08-29 23:18:24,victor.palmer071@platform.example.com
,2022-08-28,AUD,CAD,0.3979464172,Bloomberg,Closing,2022-08-28 09:41:17,craig.johnson106@analytics.example.com
,2022-08-14,CAD,SGD,3.3136773009,Reuters,Daily,2022-08-14 00:09:45,kelsey.taylor010@platform.example.com
,2022-08-07,INR,AED,0.7294796383,Internal FX,Daily,2022-08-07 19:08:50,megan.cunningham013@commerce.example.com
,2022-08-10,AUD,BRL,2.1327167962,Reuters,Closing,2022-08-10 05:09:55,sylvia.diaz107@dataops.example.com
,2022-08-28,INR,JPY,1.3768954814,Bloomberg,Daily,2022-08-28 12:15:14,peter.martinez098@platform.example.com
,2022-08-25,SGD,USD,1.1588355967,Reuters,Daily,2022-08-25 03:20:17,christine.carter078@commerce.example.com
,2022-08-27,USD,EUR,2.4435679333,Reuters,Daily,2022-08-27 13:12:00,kevin.mathews014@analytics.example.com
,2022-08-09,AUD,BRL,0.6632568051,ECB,Daily,2022-08-09 00:46:17,peter.martinez098@platform.example.com
,2022-08-11,SGD,BRL,0.7584672381,Bloomberg,Closing,2022-08-11 00:04:06,troy.boone097@platform.example.com
,2022-08-08,EUR,AUD,3.1008531542,ECB,Daily,2022-08-08 02:11:49,christine.carter078@commerce.example.com
,2022-08-02,CAD,AED,1.1966491724,Reuters,Spot,2022-08-02 18:43:35,joann.clark089@commerce.example.com
,2022-08-08,USD,EUR,1.1151513147,ECB,Spot,2022-08-08 13:25:41,shawn.baxter004@dataops.example.com
,2022-08-24,GBP,AED,2.5591099584,ECB,Daily,2022-08-24 03:42:56,jennifer.hudson020@analytics.example.com
,2022-08-23,GBP,USD,3.4864025478,ECB,Daily,2022-08-23 21:03:09,shawn.baxter004@dataops.example.com
,2022-08-16,SGD,AUD,0.4648135883,Bloomberg,Daily,2022-08-16 03:45:55,michael.johnson061@platform.example.com
,2022-08-04,BRL,GBP,10.6086814241,Reuters,Spot,2022-08-04 17:33:25,craig.johnson106@analytics.example.com
,2022-08-27,INR,EUR,2.7706768698,Internal FX,Daily,2022-08-27 15:45:53,jason.franklin045@dataops.example.com
,2022-08-27,BRL,JPY,0.4983129958,Internal FX,Daily,2022-08-27 06:25:11,troy.boone097@platform.example.com
,2022-08-05,CAD,USD,1.0961938134,Reuters,Closing,2022-08-05 09:45:21,lance.williams029@platform.example.com
,2022-08-19,SGD,BRL,8.5101869637,Internal FX,Closing,2022-08-19 02:38:49,micheal.chen050@dataops.example.com
,2022-08-28,INR,AUD,0.7020619501,Internal FX,Daily,2022-08-28 09:36:22,eric.horton058@analytics.example.com
,2022-08-04,CAD,SGD,0.8867478751,Bloomberg,Spot,2022-08-04 06:26:35,victoria.medina044@dataops.example.com
,2022-08-17,BRL,EUR,1.2004347173,Reuters,Spot,2022-08-17 01:59:12,jeffery.miller012@commerce.example.com
,2022-08-16,MXN,JPY,0.8444040939,Bloomberg,Spot,2022-08-16 18:03:28,peter.martinez098@platform.example.com
,2022-08-15,SGD,GBP,1.4697332524,Internal FX,Closing,2022-08-15 04:53:35,jennifer.atkins003@platform.example.com
,2022-08-05,MXN,BRL,1.1810563413,Reuters,Daily,2022-08-05 23:21:07,stephen.daniels076@commerce.example.com
,2022-08-10,MXN,JPY,0.6455407827,Reuters,Daily,2022-08-10 12:05:06,ryan.steele043@commerce.example.com
,2022-08-19,EUR,USD,0.329613738,Internal FX,Closing,2022-08-19 10:41:35,lance.williams029@platform.example.com
,2022-08-17,SGD,AUD,0.6906997305,ECB,Spot,2022-08-17 03:38:35,lisa.kim091@platform.example.com
,2022-08-28,AED,SGD,1.0813043325,Bloomberg,Closing,2022-08-28 02:57:00,megan.cunningham013@commerce.example.com
,2022-08-08,INR,AED,0.2144945335,Internal FX,Spot,2022-08-08 15:35:10,brian.taylor114@analytics.example.com
,2022-08-01,EUR,USD,1.9766160884,Internal FX,Spot,2022-08-01 23:04:05,eric.horton058@analytics.example.com
,2022-08-27,CAD,MXN,0.414089376,Internal FX,Spot,2022-08-27 05:39:17,tiffany.freeman101@analytics.example.com
,2022-08-25,AUD,EUR,1.191792149,Bloomberg,Spot,2022-08-25 13:36:27,joann.clark089@commerce.example.com
,2022-08-07,MXN,EUR,1.8972288566,Reuters,Closing,2022-08-07 20:13:27,brandon.yu006@analytics.example.com
,2022-08-04,BRL,EUR,0.9271099947,Internal FX,Closing,2022-08-04 07:12:44,micheal.hall064@dataops.example.com
,2022-08-12,GBP,SGD,1.9434871247,ECB,Daily,2022-08-12 18:23:19,jimmy.washington028@commerce.example.com
,2022-08-27,MXN,BRL,1.9364080831,Bloomberg,Daily,2022-08-27 05:33:58,tiffany.freeman101@analytics.example.com
,2022-08-04,SGD,JPY,1.6431331449,Internal FX,Spot,2022-08-04 07:15:26,yesenia.arnold040@platform.example.com
,2022-08-18,SGD,EUR,1.2616238802,Bloomberg,Spot,2022-08-18 07:42:54,andrew.ellis102@analytics.example.com
,2022-08-05,GBP,CAD,0.4535631269,Internal FX,Daily,2022-08-05 22:05:50,jennifer.bauer068@analytics.example.com
,2022-08-29,BRL,AUD,0.6405361523,Reuters,Daily,2022-08-29 06:33:15,eric.mullen052@dataops.example.com
,2022-08-18,JPY,BRL,0.5169877847,Internal FX,Daily,2022-08-18 07:26:53,brian.taylor114@analytics.example.com
,2022-08-30,AUD,GBP,1.0135387986,Internal FX,Spot,2022-08-30 16:08:07,alyssa.richards002@commerce.example.com
,2022-08-07,AED,INR,0.2387210834,Reuters,Spot,2022-08-07 09:58:18,brian.taylor114@analytics.example.com
,2022-08-12,EUR,SGD,0.770198787,ECB,Spot,2022-08-12 23:54:52,amy.holmes103@dataops.example.com
,2022-08-23,SGD,INR,0.2931983094,ECB,Closing,2022-08-23 11:54:39,grace.gonzales099@dataops.example.com
,2022-08-28,SGD,EUR,0.5873677898,Reuters,Daily,2022-08-28 02:24:41,patrick.gonzalez035@dataops.example.com
,2022-08-05,AUD,SGD,0.3319666588,ECB,Closing,2022-08-05 01:25:28,brandi.carter038@dataops.example.com
,2022-08-04,AED,BRL,1.7173284281,Internal FX,Spot,2022-08-04 16:27:06,alyssa.richards002@commerce.example.com
,2022-08-02,EUR,AUD,0.6005321253,Bloomberg,Spot,2022-08-02 04:02:17,chelsea.patel065@commerce.example.com
,2022-08-19,AED,INR,1.6151775951,Reuters,Closing,2022-08-19 21:52:53,joann.clark089@commerce.example.com
,2022-08-10,CAD,EUR,1.1896504145,Reuters,Closing,2022-08-10 02:08:21,anita.garcia021@dataops.example.com
,2022-08-18,BRL,MXN,1.0491913092,Internal FX,Spot,2022-08-18 23:25:07,megan.cunningham013@commerce.example.com
,2022-08-02,BRL,JPY,2.2995150895,Reuters,Closing,2022-08-02 15:33:00,joseph.johnson049@dataops.example.com
,2022-08-12,SGD,AUD,0.9678090045,Internal FX,Closing,2022-08-12 03:28:47,grace.gonzales099@dataops.example.com
,2022-08-03,JPY,EUR,0.3359432572,Reuters,Closing,2022-08-03 15:16:33,yesenia.arnold040@platform.example.com
,2022-08-04,MXN,SGD,0.6271423049,Bloomberg,Closing,2022-08-04 06:25:00,chelsea.patel065@commerce.example.com
,2022-08-28,INR,SGD,0.3167864603,ECB,Closing,2022-08-28 16:28:14,jennifer.atkins003@platform.example.com
,2022-08-16,EUR,AED,0.171275664,Internal FX,Spot,2022-08-16 02:45:12,brian.taylor114@analytics.example.com
,2022-08-15,USD,GBP,0.6863438751,Internal FX,Daily,2022-08-15 07:48:25,craig.johnson106@analytics.example.com
,2022-08-23,GBP,USD,2.8267568304,Reuters,Closing,2022-08-23 07:06:07,jennifer.hudson020@analytics.example.com
,2022-08-25,USD,CAD,1.2141603708,ECB,Spot,2022-08-25 03:45:54,victor.palmer071@platform.example.com
,2022-08-06,JPY,MXN,0.9140351801,Reuters,Closing,2022-08-06 10:03:43,timothy.cameron104@commerce.example.com
,2022-08-17,MXN,INR,1.1340149247,ECB,Spot,2022-08-17 09:58:48,jennifer.bauer068@analytics.example.com
,2022-08-03,AUD,MXN,1.0602469612,Reuters,Daily,2022-08-03 11:57:45,jennifer.hudson020@analytics.example.com
,2022-08-25,GBP,CAD,0.7045134642,ECB,Closing,2022-08-25 16:09:13,jason.franklin045@dataops.example.com
,2022-08-27,GBP,BRL,1.4813131519,Internal FX,Spot,2022-08-27 19:11:58,christine.johnson056@commerce.example.com
,2022-08-19,AED,INR,0.7305561108,Bloomberg,Spot,2022-08-19 20:58:48,grace.gonzales099@dataops.example.com
,2022-08-08,CAD,USD,0.8270917536,Bloomberg,Closing,2022-08-08 20:44:41,joann.clark089@commerce.example.com
,2022-08-01,EUR,AED,0.643978468,ECB,Spot,2022-08-01 13:59:43,kelsey.taylor010@platform.example.com
,2022-08-07,INR,MXN,0.3545623679,Internal FX,Daily,2022-08-07 01:44:02,ryan.steele043@commerce.example.com
,2022-08-22,USD,JPY,1.0403407594,Internal FX,Spot,2022-08-22 05:51:20,andrew.ellis102@analytics.example.com
,2022-08-28,GBP,USD,0.4062379243,Reuters,Spot,2022-08-28 18:40:20,darren.anderson025@dataops.example.com
,2022-08-28,INR,JPY,0.2368627551,ECB,Daily,2022-08-28 05:17:41,renee.harvey080@dataops.example.com
,2022-08-03,AUD,BRL,0.5795619735,Internal FX,Daily,2022-08-03 22:13:33,eric.horton058@analytics.example.com
,2022-08-16,CAD,GBP,1.0068242163,Reuters,Closing,2022-08-16 21:04:36,darren.anderson025@dataops.example.com
,2022-08-27,AUD,GBP,0.4448740245,Reuters,Daily,2022-08-27 07:42:41,joseph.johnson049@dataops.example.com
,2022-08-08,MXN,BRL,0.930351145,Reuters,Spot,2022-08-08 08:17:13,ryan.steele043@commerce.example.com
,2022-08-23,BRL,AED,0.2876428987,ECB,Closing,2022-08-23 19:35:28,eric.mullen052@dataops.example.com
,2022-08-26,JPY,USD,1.4192417336,Internal FX,Spot,2022-08-26 06:53:06,jennifer.atkins003@platform.example.com
,2022-08-09,CAD,AUD,1.9503406907,Reuters,Spot,2022-08-09 10:11:47,sylvia.diaz107@dataops.example.com
,2022-08-29,EUR,CAD,0.4354957545,Reuters,Daily,2022-08-29 17:51:27,brandi.carter038@dataops.example.com
,2022-08-20,AUD,GBP,3.5461435156,ECB,Daily,2022-08-20 05:50:00,amy.holmes103@dataops.example.com
,2022-08-20,USD,CAD,1.1232095794,ECB,Closing,2022-08-20 22:24:36,timothy.cameron104@commerce.example.com
,2022-08-06,BRL,AUD,1.0038214456,Reuters,Daily,2022-08-06 00:57:58,micheal.chen050@dataops.example.com
,2022-08-19,AED,EUR,3.2748449941,Internal FX,Daily,2022-08-19 11:48:43,brian.taylor114@analytics.example.com
,2022-08-31,SGD,JPY,0.8747380225,Internal FX,Closing,2022-08-31 16:29:40,victoria.medina044@dataops.example.com
,2022-08-10,INR,JPY,0.5506604637,ECB,Daily,2022-08-10 00:10:14,eric.mullen052@dataops.example.com
,2022-08-16,CAD,INR,5.0869197494,ECB,Spot,2022-08-16 09:46:17,taylor.cunningham023@commerce.example.com
,2022-08-01,BRL,JPY,2.5615703371,Bloomberg,Closing,2022-08-01 13:01:13,brandon.yu006@analytics.example.com
,2022-08-21,AUD,GBP,1.1171770623,Reuters,Daily,2022-08-21 18:04:01,lisa.kim091@platform.example.com
,2022-08-08,GBP,INR,0.3456891559,ECB,Daily,2022-08-08 03:15:16,jeffery.miller012@commerce.example.com
,2022-08-18,JPY,INR,0.1487487305,Internal FX,Daily,2022-08-18 21:40:34,stephen.clark001@analytics.example.com
,2022-08-31,SGD,MXN,1.5663300308,Reuters,Closing,2022-08-31 04:41:41,timothy.cameron104@commerce.example.com
,2022-08-21,EUR,JPY,0.5372886381,Internal FX,Daily,2022-08-21 21:55:09,patrick.gonzalez035@dataops.example.com
,2022-08-05,CAD,INR,0.4156877828,Bloomberg,Spot,2022-08-05 16:52:50,stephen.daniels076@commerce.example.com
,2022-08-06,GBP,SGD,0.7849556736,Bloomberg,Daily,2022-08-06 14:58:58,patrick.gonzalez035@dataops.example.com
,2022-08-23,JPY,INR,1.3770288399,Internal FX,Closing,2022-08-23 02:25:30,jennifer.atkins003@platform.example.com
,2022-08-27,INR,EUR,0.69161316,Bloomberg,Spot,2022-08-27 17:56:28,peter.martinez098@platform.example.com
,2022-08-27,AED,AUD,2.5009485237,Reuters,Daily,2022-08-27 13:31:18,victoria.medina044@dataops.example.com
,2022-08-06,INR,BRL,1.9349325341,Internal FX,Closing,2022-08-06 13:05:39,jason.franklin045@dataops.example.com
,2022-08-09,MXN,EUR,0.6030870814,Bloomberg,Closing,2022-08-09 06:28:18,shawn.baxter004@dataops.example.com
,2022-08-08,INR,AED,1.0372859375,Bloomberg,Closing,2022-08-08 23:27:09,troy.boone097@platform.example.com
,2022-08-05,AED,MXN,0.7794076338,Bloomberg,Daily,2022-08-05 19:16:06,timothy.cannon081@analytics.example.com
,2022-08-26,MXN,AED,1.8980206173,Internal FX,Daily,2022-08-26 11:04:23,anita.garcia021@dataops.example.com
,2022-08-29,JPY,AUD,0.6559958971,Reuters,Daily,2022-08-29 02:57:58,james.proctor094@dataops.example.com
,2022-08-10,USD,EUR,1.826024924,ECB,Closing,2022-08-10 15:21:42,tiffany.freeman101@analytics.example.com
,2022-08-22,GBP,SGD,1.2068089528,Internal FX,Closing,2022-08-22 22:35:43,micheal.hall064@dataops.example.com
,2022-08-14,BRL,SGD,0.586454523,Reuters,Closing,2022-08-14 06:06:50,yesenia.arnold040@platform.example.com
,2022-08-12,JPY,MXN,0.5515341485,Bloomberg,Closing,2022-08-12 21:58:19,lance.williams029@platform.example.com
,2022-08-14,USD,CAD,0.6034522977,ECB,Closing,2022-08-14 12:10:07,renee.harvey080@dataops.example.com
,2022-08-17,INR,AUD,0.8781306385,Bloomberg,Closing,2022-08-17 15:05:20,sylvia.diaz107@dataops.example.com
,2022-08-01,CAD,AUD,2.2892254938,ECB,Closing,2022-08-01 05:44:20,alyssa.richards002@commerce.example.com
,2022-08-22,MXN,AUD,0.8377651493,Reuters,Daily,2022-08-22 04:20:52,patrick.gonzalez035@dataops.example.com
,2022-08-06,SGD,JPY,0.8910640979,Bloomberg,Closing,2022-08-06 03:32:31,kevin.mathews014@analytics.example.com
,2022-08-26,AUD,MXN,1.4747285671,ECB,Closing,2022-08-26 03:11:36,maria.ashley046@analytics.example.com
,2022-08-10,BRL,AED,0.3844850301,Internal FX,Closing,2022-08-10 05:05:45,jeffery.miller012@commerce.example.com
,2022-08-31,BRL,USD,0.6174293252,Reuters,Closing,2022-08-31 18:31:42,jennifer.bauer068@analytics.example.com
,2022-08-28,BRL,SGD,1.310104138,Internal FX,Spot,2022-08-28 18:36:53,shawn.baxter004@dataops.example.com
,2022-08-01,BRL,AUD,1.2542878629,Internal FX,Daily,2022-08-01 18:15:08,timothy.cameron104@commerce.example.com
,2022-08-14,AUD,MXN,3.3676939847,Bloomberg,Daily,2022-08-14 12:22:15,yolanda.vasquez005@platform.example.com
,2022-08-27,CAD,INR,0.8276422032,ECB,Closing,2022-08-27 09:36:38,victoria.medina044@dataops.example.com
,2022-08-25,GBP,AED,1.1510808171,ECB,Closing,2022-08-25 14:54:27,stephen.clark001@analytics.example.com
,2022-08-02,EUR,INR,0.5764065078,Bloomberg,Spot,2022-08-02 12:07:56,brandon.yu006@analytics.example.com
,2022-08-28,SGD,EUR,1.6926689356,Reuters,Daily,2022-08-28 06:39:43,susan.rice083@commerce.example.com
,2022-08-13,JPY,EUR,0.639881519,Reuters,Closing,2022-08-13 00:40:15,kevin.mathews014@analytics.example.com
,2022-08-11,USD,AUD,1.5154824017,Bloomberg,Spot,2022-08-11 17:54:28,brandi.carter038@dataops.example.com
,2022-08-14,MXN,USD,1.5081266603,Bloomberg,Daily,2022-08-14 18:09:44,lance.williams029@platform.example.com
,2022-08-23,BRL,AUD,0.3031093592,Reuters,Daily,2022-08-23 03:55:30,jennifer.bauer068@analytics.example.com
,2022-08-25,INR,USD,3.4216446898,ECB,Daily,2022-08-25 23:59:58,lance.williams029@platform.example.com
,2022-08-27,AUD,MXN,0.4857756168,Reuters,Spot,2022-08-27 03:46:18,michael.johnson061@platform.example.com
,2022-08-22,INR,GBP,0.5271406266,Internal FX,Closing,2022-08-22 16:44:46,tiffany.freeman101@analytics.example.com
,2022-08-03,MXN,INR,1.4615743188,Reuters,Daily,2022-08-03 10:52:45,andrew.ellis102@analytics.example.com
,2022-08-01,CAD,GBP,0.3417204886,Internal FX,Daily,2022-08-01 06:29:25,adam.gordon030@commerce.example.com
,2022-08-22,SGD,BRL,0.4112923305,Reuters,Daily,2022-08-22 20:58:33,tiffany.freeman101@analytics.example.com
,2022-08-29,AUD,BRL,0.6458527239,Internal FX,Daily,2022-08-29 20:17:10,grace.gonzales099@dataops.example.com
,2022-08-29,CAD,AED,1.4129337566,Reuters,Spot,2022-08-29 13:10:52,peter.martinez098@platform.example.com
,2022-08-10,SGD,AUD,0.1857553577,ECB,Spot,2022-08-10 17:20:44,michael.johnson061@platform.example.com
,2022-08-11,EUR,CAD,0.7609573313,ECB,Closing,2022-08-11 07:41:51,brian.taylor114@analytics.example.com
,2022-08-06,EUR,GBP,2.8162411704,Bloomberg,Daily,2022-08-06 21:56:06,ryan.steele043@commerce.example.com
,2022-08-25,GBP,MXN,0.3353711891,Bloomberg,Closing,2022-08-25 16:44:36,tiffany.freeman101@analytics.example.com
,2022-08-18,MXN,SGD,0.6018798565,Internal FX,Daily,2022-08-18 04:26:51,tina.williams074@commerce.example.com
,2022-08-04,AUD,EUR,1.7146244266,ECB,Daily,2022-08-04 14:13:29,yesenia.arnold040@platform.example.com
,2022-08-23,MXN,INR,1.0314096223,Bloomberg,Daily,2022-08-23 15:42:38,shawn.baxter004@dataops.example.com
,2022-08-24,CAD,BRL,0.9612011827,ECB,Daily,2022-08-24 16:09:00,stephen.daniels076@commerce.example.com
,2022-08-23,MXN,SGD,1.6740717483,Reuters,Spot,2022-08-23 13:54:57,grace.gonzales099@dataops.example.com
,2022-08-14,MXN,CAD,0.6094481908,Reuters,Closing,2022-08-14 03:03:43,sylvia.diaz107@dataops.example.com
,2022-08-18,GBP,AUD,1.4947725944,ECB,Closing,2022-08-18 03:45:37,susan.rice083@commerce.example.com
,2022-08-25,INR,CAD,1.4752799467,ECB,Closing,2022-08-25 13:30:24,tina.williams074@commerce.example.com
,2022-08-12,EUR,JPY,0.5469045316,Reuters,Closing,2022-08-12 06:36:38,sylvia.diaz107@dataops.example.com
,2022-08-01,GBP,USD,0.5359013649,ECB,Daily,2022-08-01 01:25:20,michael.johnson061@platform.example.com
,2022-08-14,GBP,INR,3.2375335178,Internal FX,Closing,2022-08-14 20:13:41,kelsey.taylor010@platform.example.com
,2022-08-31,USD,BRL,2.3333699011,ECB,Spot,2022-08-31 04:38:02,john.mullins109@commerce.example.com
,2022-08-12,AED,USD,2.1404743148,Internal FX,Daily,2022-08-12 04:50:13,jimmy.washington028@commerce.example.com
,2022-08-09,EUR,JPY,0.4691842629,ECB,Closing,2022-08-09 21:39:46,tiffany.freeman101@analytics.example.com
,2022-08-15,INR,BRL,1.143960342,Bloomberg,Daily,2022-08-15 00:35:14,eric.mullen052@dataops.example.com
,2022-08-20,CAD,GBP,1.1968625411,Reuters,Daily,2022-08-20 22:51:56,michael.johnson061@platform.example.com
,2022-08-21,MXN,BRL,1.5186688228,Reuters,Closing,2022-08-21 15:24:47,yolanda.vasquez005@platform.example.com
,2022-08-01,AED,GBP,0.824899117,Internal FX,Closing,2022-08-01 02:06:20,christine.johnson056@commerce.example.com
,2022-08-07,SGD,GBP,0.7183897342,Reuters,Daily,2022-08-07 19:47:31,jennifer.bauer068@analytics.example.com
,2022-08-28,USD,EUR,4.1842502251,Internal FX,Daily,2022-08-28 09:00:11,jimmy.washington028@commerce.example.com
,2022-08-09,JPY,EUR,2.8786351374,Reuters,Spot,2022-08-09 12:41:46,lance.williams029@platform.example.com
,2022-08-05,MXN,EUR,0.8436596709,Reuters,Daily,2022-08-05 22:13:28,amy.holmes103@dataops.example.com
,2022-08-08,BRL,INR,2.7519476475,ECB,Daily,2022-08-08 18:48:30,tina.williams074@commerce.example.com
,2022-08-07,AUD,INR,0.9205870821,ECB,Closing,2022-08-07 15:21:57,brandon.yu006@analytics.example.com
,2022-08-23,EUR,USD,1.4719366713,Bloomberg,Spot,2022-08-23 21:44:41,peter.martinez098@platform.example.com
,2022-08-11,BRL,MXN,0.7260259504,Reuters,Closing,2022-08-11 00:56:27,lance.williams029@platform.example.com
,2022-08-18,GBP,CAD,0.4287026621,Internal FX,Spot,2022-08-18 07:30:35,craig.johnson106@analytics.example.com
,2022-08-30,GBP,AUD,0.8285932172,Bloomberg,Spot,2022-08-30 06:28:33,timothy.cameron104@commerce.example.com
,2022-08-10,USD,GBP,2.335153978,Bloomberg,Spot,2022-08-10 19:50:06,tiffany.freeman101@analytics.example.com
,2022-08-21,GBP,AUD,0.7919807284,Bloomberg,Spot,2022-08-21 14:27:24,timothy.cameron104@commerce.example.com
,2022-08-29,CAD,BRL,1.2463357141,ECB,Closing,2022-08-29 06:43:06,christine.carter078@commerce.example.com
,2022-08-18,USD,INR,0.4676468275,Internal FX,Daily,2022-08-18 21:04:48,joseph.johnson049@dataops.example.com
,2022-08-23,MXN,JPY,0.4005715322,Bloomberg,Closing,2022-08-23 09:08:20,maria.ashley046@analytics.example.com
,2022-08-13,INR,EUR,0.7794689936,Bloomberg,Daily,2022-08-13 17:04:16,jennifer.atkins003@platform.example.com
,2022-08-09,INR,EUR,1.2194005074,ECB,Spot,2022-08-09 03:06:59,jennifer.hudson020@analytics.example.com
,2022-08-09,INR,JPY,1.6691602075,Bloomberg,Closing,2022-08-09 00:35:05,micheal.hall064@dataops.example.com
,2022-08-16,INR,USD,3.1766434445,Internal FX,Spot,2022-08-16 12:49:20,james.proctor094@dataops.example.com
,2022-08-01,SGD,GBP,0.1620461435,Internal FX,Daily,2022-08-01 22:28:31,darren.anderson025@dataops.example.com
,2022-08-23,GBP,MXN,0.5832239835,Internal FX,Closing,2022-08-23 07:29:28,amy.holmes103@dataops.example.com
,2022-08-04,BRL,GBP,2.7735695069,ECB,Spot,2022-08-04 11:52:34,megan.cunningham013@commerce.example.com
,2022-08-15,JPY,GBP,0.573893357,ECB,Daily,2022-08-15 08:54:41,christine.carter078@commerce.example.com
,2022-08-05,SGD,BRL,1.8491448754,ECB,Spot,2022-08-05 04:46:48,tiffany.freeman101@analytics.example.com
,2022-08-05,AED,BRL,1.1378953887,Internal FX,Daily,2022-08-05 11:54:23,craig.johnson106@analytics.example.com
,2022-08-31,BRL,SGD,0.8362229143,Reuters,Daily,2022-08-31 18:50:35,patrick.gonzalez035@dataops.example.com
,2022-08-28,BRL,GBP,0.8282998353,ECB,Closing,2022-08-28 21:18:30,craig.johnson106@analytics.example.com
,2022-08-21,AED,AUD,0.402435535,Reuters,Spot,2022-08-21 22:38:44,kevin.mathews014@analytics.example.com
,2022-08-25,JPY,GBP,1.4595266089,Internal FX,Closing,2022-08-25 23:15:29,ashley.marks069@commerce.example.com
,2022-08-18,GBP,USD,0.7243952357,Reuters,Daily,2022-08-18 05:13:02,jennifer.hudson020@analytics.example.com
,2022-08-14,AUD,USD,4.4635113554,ECB,Spot,2022-08-14 23:58:38,micheal.chen050@dataops.example.com
,2022-08-29,AUD,CAD,1.6291112517,Bloomberg,Closing,2022-08-29 22:19:42,eric.mullen052@dataops.example.com
,2022-08-06,CAD,AUD,0.598178803,Internal FX,Spot,2022-08-06 21:28:33,michelle.bender024@analytics.example.com
,2022-08-06,GBP,AED,0.2158952696,Internal FX,Spot,2022-08-06 12:34:50,james.proctor094@dataops.example.com
,2022-08-12,SGD,AUD,0.5900492372,ECB,Spot,2022-08-12 21:20:00,stephen.clark001@analytics.example.com
,2022-08-18,BRL,SGD,0.6670600256,Bloomberg,Daily,2022-08-18 09:09:40,craig.johnson106@analytics.example.com
,2022-08-28,EUR,INR,1.8184178538,Bloomberg,Daily,2022-08-28 08:03:23,jeffery.miller012@commerce.example.com
,2022-08-06,AED,CAD,1.4727287055,Bloomberg,Spot,2022-08-06 10:29:56,kelsey.taylor010@platform.example.com
,2022-08-26,AED,GBP,3.0209027562,Internal FX,Spot,2022-08-26 06:57:35,grace.gonzales099@dataops.example.com
,2022-08-30,AED,CAD,5.7263971386,ECB,Daily,2022-08-30 07:19:08,lisa.kim091@platform.example.com
,2022-08-15,USD,JPY,1.4223636542,Internal FX,Daily,2022-08-15 16:43:16,maria.ashley046@analytics.example.com
,2022-08-15,GBP,AUD,1.7341388261,Bloomberg,Closing,2022-08-15 16:00:25,eric.horton058@analytics.example.com
,2022-08-03,INR,BRL,0.6367290009,ECB,Closing,2022-08-03 01:40:07,brandi.carter038@dataops.example.com
,2022-08-05,EUR,AUD,0.8160368497,ECB,Daily,2022-08-05 23:27:52,lisa.kim091@platform.example.com
,2022-08-08,BRL,AED,0.714182316,Internal FX,Spot,2022-08-08 05:16:28,victor.palmer071@platform.example.com
,2022-08-28,INR,EUR,0.5316871787,Internal FX,Closing,2022-08-28 17:39:05,anita.garcia021@dataops.example.com
,2022-08-24,AED,JPY,1.2473095631,ECB,Closing,2022-08-24 02:13:47,kelsey.taylor010@platform.example.com
,2022-08-22,MXN,GBP,3.9249752612,ECB,Daily,2022-08-22 19:52:51,john.mullins109@commerce.example.com
,2022-08-31,BRL,JPY,0.9786641996,Reuters,Closing,2022-08-31 06:29:41,jimmy.washington028@commerce.example.com
,2022-08-30,BRL,SGD,1.3731342393,Reuters,Daily,2022-08-30 19:25:18,timothy.cameron104@commerce.example.com
,2022-08-26,USD,AUD,0.4927624328,ECB,Daily,2022-08-26 10:43:37,timothy.cannon081@analytics.example.com
,2022-08-23,SGD,CAD,0.8888897084,Internal FX,Spot,2022-08-23 04:22:48,david.cabrera119@dataops.example.com
,2022-08-17,GBP,JPY,0.9800820331,ECB,Daily,2022-08-17 07:21:16,ryan.steele043@commerce.example.com
,2022-08-26,BRL,SGD,1.9247126367,ECB,Spot,2022-08-26 19:02:42,timothy.cameron104@commerce.example.com
,2022-08-16,AUD,INR,0.4171891181,Bloomberg,Spot,2022-08-16 21:26:59,joseph.johnson049@dataops.example.com
,2022-08-27,INR,GBP,1.4325511758,Bloomberg,Spot,2022-08-27 12:52:30,lance.williams029@platform.example.com
,2022-08-13,GBP,INR,3.6628420879,Internal FX,Daily,2022-08-13 22:13:37,andrew.ellis102@analytics.example.com
,2022-08-14,EUR,JPY,1.7176752775,ECB,Daily,2022-08-14 07:14:54,troy.boone097@platform.example.com
,2022-08-15,CAD,SGD,0.5833877621,Bloomberg,Daily,2022-08-15 12:59:11,victor.palmer071@platform.example.com
,2022-08-27,EUR,USD,1.0451799287,Reuters,Closing,2022-08-27 10:35:39,victor.palmer071@platform.example.com
,2022-08-27,JPY,MXN,1.4900159741,Internal FX,Closing,2022-08-27 13:00:22,andrew.ellis102@analytics.example.com
,2022-08-21,SGD,JPY,1.1807456384,ECB,Closing,2022-08-21 23:32:33,sandra.hunter036@platform.example.com
,2022-08-23,EUR,AUD,1.5902100221,Bloomberg,Spot,2022-08-23 08:56:05,lance.williams029@platform.example.com
,2022-08-27,INR,GBP,0.7336952026,Reuters,Closing,2022-08-27 02:53:27,brandi.carter038@dataops.example.com
,2022-08-29,CAD,GBP,0.6840527979,Reuters,Spot,2022-08-29 01:45:04,timothy.cameron104@commerce.example.com
,2022-08-17,JPY,SGD,2.0097223365,Bloomberg,Daily,2022-08-17 06:19:51,grace.gonzales099@dataops.example.com
,2022-08-12,USD,JPY,0.8929873782,Internal FX,Daily,2022-08-12 00:39:41,grace.gonzales099@dataops.example.com
,2022-08-10,AED,GBP,2.6545085738,ECB,Closing,2022-08-10 10:58:12,amy.holmes103@dataops.example.com
,2022-08-04,SGD,GBP,0.4897493371,Reuters,Spot,2022-08-04 03:52:53,stephen.daniels076@commerce.example.com
,2022-08-10,USD,BRL,2.827511562,Reuters,Closing,2022-08-10 06:41:06,tina.williams074@commerce.example.com
,2022-08-10,USD,AED,1.9470158218,ECB,Closing,2022-08-10 10:11:19,darren.anderson025@dataops.example.com
,2022-08-29,USD,SGD,0.7236142571,Bloomberg,Daily,2022-08-29 22:57:06,eric.horton058@analytics.example.com
,2022-08-13,CAD,EUR,0.322136231,ECB,Closing,2022-08-13 23:25:48,peter.martinez098@platform.example.com
,2022-08-22,SGD,AUD,1.4426827349,Internal FX,Daily,2022-08-22 18:58:38,jason.franklin045@dataops.example.com
,2022-08-21,BRL,EUR,2.4823625414,Internal FX,Daily,2022-08-21 00:21:55,jeffery.miller012@commerce.example.com
,2022-08-11,GBP,SGD,0.9938091058,Reuters,Daily,2022-08-11 15:35:13,timothy.cameron104@commerce.example.com
,2022-08-13,EUR,GBP,0.9519060483,Reuters,Closing,2022-08-13 19:39:35,andrea.cummings039@platform.example.com
,2022-08-05,AUD,CAD,1.0377271379,Bloomberg,Daily,2022-08-05 20:08:41,troy.boone097@platform.example.com
,2022-08-28,SGD,GBP,1.6141561079,Reuters,Closing,2022-08-28 05:00:36,kevin.mathews014@analytics.example.com
,2022-08-06,SGD,BRL,0.9778628141,Reuters,Closing,2022-08-06 08:57:30,christine.johnson056@commerce.example.com
,2022-08-21,JPY,GBP,0.7904705783,ECB,Closing,2022-08-21 21:26:51,christine.carter078@commerce.example.com
,2022-08-12,USD,CAD,1.2574844461,ECB,Spot,2022-08-12 17:14:53,brandon.yu006@analytics.example.com
,2022-08-07,EUR,INR,1.3405766163,Bloomberg,Daily,2022-08-07 06:01:44,stephen.daniels076@commerce.example.com
,2022-08-25,JPY,BRL,0.4822054303,Reuters,Closing,2022-08-25 15:06:22,grace.gonzales099@dataops.example.com
,2022-08-12,GBP,AED,1.6339607416,Bloomberg,Daily,2022-08-12 13:43:54,andrew.ellis102@analytics.example.com
,2022-08-13,AED,MXN,2.3930002977,Reuters,Closing,2022-08-13 03:01:41,adam.gordon030@commerce.example.com
,2022-08-27,MXN,INR,0.3191007029,Bloomberg,Closing,2022-08-27 14:46:38,ryan.steele043@commerce.example.com
,2022-08-17,USD,INR,1.7644460968,Bloomberg,Daily,2022-08-17 18:42:17,brandi.carter038@dataops.example.com
,2022-08-31,SGD,EUR,1.1583221306,ECB,Closing,2022-08-31 08:16:00,sandra.hunter036@platform.example.com
,2022-08-08,CAD,MXN,1.6589201344,ECB,Spot,2022-08-08 09:21:52,timothy.cannon081@analytics.example.com
,2022-08-27,EUR,INR,0.7609849142,ECB,Closing,2022-08-27 16:02:42,jennifer.atkins003@platform.example.com
,2022-08-09,SGD,CAD,1.2821335069,ECB,Closing,2022-08-09 20:21:39,shawn.baxter004@dataops.example.com
,2022-08-26,AED,MXN,1.7321109308,Internal FX,Spot,2022-08-26 09:14:52,peter.martinez098@platform.example.com
,2022-08-01,CAD,USD,1.4614012456,ECB,Spot,2022-08-01 13:59:19,troy.boone097@platform.example.com
,2022-08-28,USD,AUD,2.5047466604,Reuters,Closing,2022-08-28 20:04:53,peter.martinez098@platform.example.com
,2022-08-09,SGD,MXN,0.8887854868,Internal FX,Spot,2022-08-09 20:22:19,jimmy.washington028@commerce.example.com
,2022-08-08,MXN,AUD,1.1556298524,ECB,Closing,2022-08-08 01:15:43,susan.rice083@commerce.example.com
,2022-08-30,INR,USD,0.769497945,Reuters,Spot,2022-08-30 02:30:39,brian.taylor114@analytics.example.com
,2022-08-07,USD,AUD,0.8905870533,ECB,Closing,2022-08-07 02:42:21,david.cabrera119@dataops.example.com
,2022-08-09,AUD,AED,0.7742436441,Reuters,Closing,2022-08-09 00:48:30,brandon.yu006@analytics.example.com
,2022-08-19,GBP,INR,1.69388975,Internal FX,Spot,2022-08-19 07:29:02,lisa.kim091@platform.example.com
,2022-08-03,JPY,BRL,0.5124367192,ECB,Closing,2022-08-03 08:46:25,jeffery.miller012@commerce.example.com
,2022-08-23,EUR,AED,0.6074778976,Internal FX,Daily,2022-08-23 21:48:46,brandon.yu006@analytics.example.com
,2022-08-01,AED,JPY,1.9385493244,Reuters,Closing,2022-08-01 14:44:29,craig.johnson106@analytics.example.com
,2022-08-16,MXN,BRL,0.3374135689,Reuters,Closing,2022-08-16 11:03:01,david.cabrera119@dataops.example.com
,2022-08-31,SGD,AED,0.4008656514,Bloomberg,Spot,2022-08-31 03:30:03,jimmy.washington028@commerce.example.com
,2022-08-17,JPY,MXN,1.8045676163,Internal FX,Closing,2022-08-17 06:30:45,kelsey.taylor010@platform.example.com
,2022-08-07,AUD,EUR,0.3121450113,Reuters,Closing,2022-08-07 13:58:40,shawn.baxter004@dataops.example.com
,2022-08-29,BRL,SGD,0.2613590071,ECB,Spot,2022-08-29 12:48:41,taylor.cunningham023@commerce.example.com
,2022-08-17,SGD,USD,0.9101723446,Bloomberg,Closing,2022-08-17 12:20:53,alyssa.richards002@commerce.example.com
,2022-08-13,EUR,AUD,0.3155574309,ECB,Closing,2022-08-13 15:47:41,chelsea.patel065@commerce.example.com
,2022-08-11,JPY,MXN,1.3688159146,Bloomberg,Daily,2022-08-11 11:10:37,eric.mullen052@dataops.example.com
,2022-08-16,JPY,BRL,1.0617666074,Internal FX,Spot,2022-08-16 23:35:00,andrew.ellis102@analytics.example.com
,2022-08-17,GBP,USD,5.1025095218,Reuters,Closing,2022-08-17 04:25:13,michelle.sims041@analytics.example.com
,2022-08-27,CAD,BRL,0.647486607,Reuters,Closing,2022-08-27 06:38:38,micheal.hall064@dataops.example.com
,2022-08-08,AED,CAD,1.2937144664,ECB,Closing,2022-08-08 19:34:21,jeffery.miller012@commerce.example.com
,2022-08-18,USD,GBP,0.966308389,Internal FX,Spot,2022-08-18 05:00:39,lance.williams029@platform.example.com
,2022-08-15,SGD,USD,0.5098646987,Bloomberg,Daily,2022-08-15 21:47:55,katelyn.pitts017@commerce.example.com
,2022-08-03,GBP,BRL,1.5951322607,Reuters,Spot,2022-08-03 10:00:29,john.mullins109@commerce.example.com
,2022-08-05,BRL,JPY,1.709217155,Bloomberg,Spot,2022-08-05 21:26:31,brian.taylor114@analytics.example.com
,2022-08-12,JPY,AED,1.8345539078,Reuters,Spot,2022-08-12 15:59:37,taylor.cunningham023@commerce.example.com
,2022-08-24,INR,USD,1.9191679527,Bloomberg,Closing,2022-08-24 23:00:44,jimmy.washington028@commerce.example.com
,2022-08-28,JPY,CAD,1.5207877566,Internal FX,Closing,2022-08-28 14:04:52,eric.horton058@analytics.example.com
,2022-08-14,BRL,JPY,1.3779211403,Reuters,Daily,2022-08-14 02:30:44,jennifer.atkins003@platform.example.com
,2022-08-24,CAD,USD,0.8317668531,ECB,Spot,2022-08-24 16:50:24,amy.holmes103@dataops.example.com
,2022-08-08,CAD,MXN,1.0442614596,Internal FX,Daily,2022-08-08 05:33:19,micheal.chen050@dataops.example.com
,2022-08-28,EUR,AUD,2.591442347,Reuters,Closing,2022-08-28 16:47:18,ashley.marks069@commerce.example.com
,2022-08-29,BRL,INR,1.4774518119,ECB,Daily,2022-08-29 21:14:34,michelle.bender024@analytics.example.com
,2022-08-20,MXN,JPY,2.125901196,Reuters,Daily,2022-08-20 12:46:35,james.proctor094@dataops.example.com
,2022-08-29,INR,MXN,2.0900586412,Internal FX,Spot,2022-08-29 22:57:30,katelyn.pitts017@commerce.example.com
,2022-08-12,BRL,USD,0.638015569,Reuters,Closing,2022-08-12 01:25:37,taylor.cunningham023@commerce.example.com
,2022-08-30,SGD,BRL,0.9651186269,Bloomberg,Spot,2022-08-30 03:13:01,brandon.yu006@analytics.example.com
,2022-08-24,EUR,BRL,4.0411197968,ECB,Spot,2022-08-24 19:27:30,jason.franklin045@dataops.example.com
,2022-08-18,AUD,GBP,1.6704900445,Internal FX,Closing,2022-08-18 08:16:25,alyssa.richards002@commerce.example.com
,2022-08-25,CAD,INR,0.4502926598,Reuters,Closing,2022-08-25 00:33:28,katelyn.pitts017@commerce.example.com
,2022-08-27,EUR,INR,2.0397182232,Reuters,Daily,2022-08-27 22:22:31,michael.berger060@platform.example.com
,2022-08-25,BRL,AED,1.5646386445,Reuters,Spot,2022-08-25 22:47:41,shawn.baxter004@dataops.example.com
,2022-08-21,BRL,AUD,1.5157144636,Internal FX,Closing,2022-08-21 17:28:27,david.cabrera119@dataops.example.com
,2022-08-27,USD,JPY,0.7216081091,ECB,Spot,2022-08-27 01:36:32,timothy.cannon081@analytics.example.com
,2022-08-12,AUD,INR,0.5285248874,ECB,Spot,2022-08-12 12:13:56,brian.taylor114@analytics.example.com
,2022-08-22,INR,SGD,1.8039962533,Internal FX,Spot,2022-08-22 15:09:23,eric.mullen052@dataops.example.com
,2022-08-19,BRL,SGD,1.4939037961,Internal FX,Daily,2022-08-19 01:17:05,micheal.chen050@dataops.example.com
,2022-08-21,BRL,EUR,0.3375351453,ECB,Spot,2022-08-21 19:05:22,christine.johnson056@commerce.example.com
,2022-08-25,JPY,EUR,0.3947939612,Reuters,Closing,2022-08-25 22:10:00,jason.franklin045@dataops.example.com
,2022-08-17,SGD,CAD,2.6055816275,ECB,Closing,2022-08-17 01:11:22,jeffery.miller012@commerce.example.com
,2022-08-22,GBP,EUR,0.8134120196,Bloomberg,Closing,2022-08-22 10:09:17,stephen.clark001@analytics.example.com
,2022-08-24,SGD,USD,1.2249221914,Reuters,Closing,2022-08-24 11:29:00,eric.horton058@analytics.example.com
,2022-08-04,AED,AUD,2.5740251331,ECB,Daily,2022-08-04 02:20:28,michael.berger060@platform.example.com
,2022-08-12,CAD,EUR,2.9868099996,ECB,Spot,2022-08-12 18:57:28,stephen.daniels076@commerce.example.com
,2022-08-08,USD,GBP,0.7038481375,Reuters,Closing,2022-08-08 22:38:45,jeffery.miller012@commerce.example.com
,2022-08-26,USD,EUR,0.7532202345,ECB,Daily,2022-08-26 19:36:05,michael.johnson061@platform.example.com
,2022-08-19,BRL,SGD,0.5445369922,ECB,Closing,2022-08-19 17:03:56,david.cabrera119@dataops.example.com
,2022-08-19,INR,BRL,1.2883312097,Internal FX,Spot,2022-08-19 17:49:32,andrew.ellis102@analytics.example.com
,2022-08-22,JPY,MXN,2.0162061864,Internal FX,Spot,2022-08-22 23:15:01,grace.gonzales099@dataops.example.com
,2022-08-25,SGD,INR,0.4887068233,Reuters,Closing,2022-08-25 16:05:33,jennifer.bauer068@analytics.example.com
,2022-08-03,SGD,AED,0.7980595275,Bloomberg,Spot,2022-08-03 23:36:32,craig.johnson106@analytics.example.com
,2022-08-23,AED,CAD,2.2487030283,ECB,Closing,2022-08-23 11:58:47,jeffery.miller012@commerce.example.com
,2022-08-16,AUD,GBP,0.7770440458,ECB,Daily,2022-08-16 04:35:18,stephen.clark001@analytics.example.com
,2022-08-30,CAD,SGD,0.3980386696,Bloomberg,Closing,2022-08-30 23:11:16,timothy.cannon081@analytics.example.com
,2022-08-02,EUR,JPY,0.8751115754,Reuters,Daily,2022-08-02 00:45:39,kelsey.taylor010@platform.example.com
,2022-08-15,AUD,BRL,1.8495503479,Reuters,Spot,2022-08-15 07:53:58,megan.cunningham013@commerce.example.com
,2022-08-27,GBP,USD,0.6065101193,ECB,Closing,2022-08-27 15:14:03,stephen.clark001@analytics.example.com
,2022-08-10,GBP,AED,1.515345943,Bloomberg,Closing,2022-08-10 22:53:23,alyssa.richards002@commerce.example.com
,2022-08-07,USD,CAD,2.5244721729,Reuters,Daily,2022-08-07 00:46:48,lance.williams029@platform.example.com
,2022-08-01,GBP,SGD,2.2669143238,Bloomberg,Daily,2022-08-01 13:10:19,lisa.kim091@platform.example.com
,2022-08-19,SGD,BRL,3.2351329289,Reuters,Spot,2022-08-19 02:46:15,brian.taylor114@analytics.example.com
,2022-08-21,EUR,AED,1.8769397841,Internal FX,Daily,2022-08-21 21:58:25,joseph.johnson049@dataops.example.com
,2022-08-19,EUR,SGD,0.7697838362,Reuters,Daily,2022-08-19 14:42:49,katelyn.pitts017@commerce.example.com
,2022-08-13,AUD,CAD,0.3803207818,Bloomberg,Closing,2022-08-13 00:44:31,megan.cunningham013@commerce.example.com
,2022-08-04,SGD,EUR,1.0461256067,ECB,Closing,2022-08-04 02:37:29,eric.mullen052@dataops.example.com
,2022-08-19,SGD,INR,1.9583910269,Bloomberg,Closing,2022-08-19 20:43:00,jennifer.bauer068@analytics.example.com
,2022-08-19,MXN,USD,2.0322842479,Internal FX,Spot,2022-08-19 18:06:22,craig.johnson106@analytics.example.com
,2022-08-11,BRL,EUR,0.7893473333,ECB,Daily,2022-08-11 07:45:56,lisa.kim091@platform.example.com
,2022-08-21,CAD,MXN,0.6986387601,Reuters,Spot,2022-08-21 22:31:10,eric.mullen052@dataops.example.com
,2022-08-24,JPY,USD,0.664033181,ECB,Closing,2022-08-24 23:07:47,victoria.medina044@dataops.example.com
,2022-08-10,CAD,GBP,1.3046908184,Reuters,Spot,2022-08-10 13:54:44,michael.berger060@platform.example.com
,2022-08-04,JPY,INR,0.5291902576,Bloomberg,Closing,2022-08-04 23:14:19,sylvia.diaz107@dataops.example.com
,2022-08-09,AUD,BRL,0.5319141093,Bloomberg,Daily,2022-08-09 18:31:48,jennifer.bauer068@analytics.example.com
,2022-08-17,AUD,USD,0.4944561049,Internal FX,Closing,2022-08-17 21:31:01,grace.gonzales099@dataops.example.com
,2022-08-28,AUD,INR,1.9747546859,ECB,Closing,2022-08-28 07:21:56,jason.franklin045@dataops.example.com
,2022-08-04,AED,USD,0.4252211942,Reuters,Daily,2022-08-04 23:48:39,timothy.cannon081@analytics.example.com
,2022-08-13,JPY,EUR,1.3020940972,Internal FX,Daily,2022-08-13 17:08:30,katelyn.pitts017@commerce.example.com
,2022-08-27,AUD,AED,0.8030190825,Internal FX,Closing,2022-08-27 22:29:53,christine.johnson056@commerce.example.com
,2022-08-04,CAD,EUR,1.2990362643,Bloomberg,Spot,2022-08-04 20:55:52,john.mullins109@commerce.example.com
,2022-08-02,BRL,AED,2.4415284924,Internal FX,Spot,2022-08-02 13:21:10,stephen.clark001@analytics.example.com
,2022-08-17,BRL,CAD,3.0875926885,Internal FX,Daily,2022-08-17 04:00:32,alyssa.richards002@commerce.example.com
,2022-08-24,MXN,EUR,0.2194523682,Bloomberg,Closing,2022-08-24 21:12:57,grace.gonzales099@dataops.example.com
,2022-08-07,GBP,INR,1.7137967541,ECB,Closing,2022-08-07 18:29:01,eric.horton058@analytics.example.com
,2022-08-19,SGD,CAD,0.5192935107,Internal FX,Spot,2022-08-19 21:44:22,jennifer.bauer068@analytics.example.com
,2022-08-13,AUD,MXN,0.2538169022,Internal FX,Daily,2022-08-13 00:28:43,james.proctor094@dataops.example.com
,2022-08-18,SGD,INR,0.8939116919,Bloomberg,Spot,2022-08-18 20:58:40,kevin.mathews014@analytics.example.com
,2022-08-26,EUR,AED,0.8993348446,Reuters,Spot,2022-08-26 09:50:50,andrew.ellis102@analytics.example.com
,2022-08-14,AUD,GBP,1.0970633554,Bloomberg,Daily,2022-08-14 16:52:50,ashley.marks069@commerce.example.com
,2022-08-07,CAD,MXN,0.4695004209,Bloomberg,Closing,2022-08-07 02:11:13,yolanda.vasquez005@platform.example.com
,2022-08-15,CAD,INR,2.3252319254,ECB,Closing,2022-08-15 13:40:39,david.cabrera119@dataops.example.com
,2022-08-21,INR,EUR,1.1382758805,ECB,Daily,2022-08-21 14:55:27,brandi.carter038@dataops.example.com
,2022-08-07,BRL,CAD,0.4227639725,Bloomberg,Spot,2022-08-07 02:37:34,christine.carter078@commerce.example.com
,2022-08-30,AED,CAD,0.6539585345,Internal FX,Closing,2022-08-30 21:35:33,andrew.ellis102@analytics.example.com
,2022-08-04,GBP,AED,0.8318654585,ECB,Daily,2022-08-04 03:51:46,jason.franklin045@dataops.example.com
,2022-08-14,GBP,INR,0.4073117995,Reuters,Closing,2022-08-14 09:55:21,adam.gordon030@commerce.example.com
,2022-08-09,AUD,AED,1.2822068133,Internal FX,Closing,2022-08-09 14:32:15,tina.williams074@commerce.example.com
,2022-08-16,AED,EUR,1.7810511115,Internal FX,Daily,2022-08-16 00:25:18,darren.anderson025@dataops.example.com
,2022-08-27,USD,SGD,0.714470192,Bloomberg,Closing,2022-08-27 06:25:24,maria.ashley046@analytics.example.com
,2022-08-29,AED,BRL,0.4977072972,Bloomberg,Daily,2022-08-29 03:46:19,jennifer.hudson020@analytics.example.com
,2022-08-15,INR,BRL,0.371541224,ECB,Spot,2022-08-15 16:26:46,jennifer.hudson020@analytics.example.com
,2022-08-08,MXN,AUD,0.5885037965,Reuters,Spot,2022-08-08 08:14:46,jennifer.bauer068@analytics.example.com
,2022-08-20,GBP,BRL,0.9617221277,ECB,Daily,2022-08-20 17:12:55,shawn.baxter004@dataops.example.com
,2022-08-21,MXN,AUD,1.0121183082,Reuters,Daily,2022-08-21 12:27:34,michelle.bender024@analytics.example.com
,2022-08-24,AED,BRL,1.6309541448,ECB,Daily,2022-08-24 12:37:07,eric.horton058@analytics.example.com
,2022-08-30,MXN,SGD,1.7021028576,Reuters,Daily,2022-08-30 22:44:45,kelsey.taylor010@platform.example.com
,2022-08-19,AUD,USD,1.161368833,Bloomberg,Closing,2022-08-19 02:35:16,anita.garcia021@dataops.example.com
,2022-08-30,AED,USD,1.3160933694,Reuters,Closing,2022-08-30 01:46:59,jeffery.miller012@commerce.example.com
,2022-08-08,EUR,BRL,1.4280000216,Internal FX,Spot,2022-08-08 20:39:19,lisa.kim091@platform.example.com
,2022-08-12,BRL,AED,2.548523613,Internal FX,Closing,2022-08-12 21:25:03,joseph.johnson049@dataops.example.com
,2022-08-13,BRL,MXN,0.5675748919,Reuters,Spot,2022-08-13 04:14:29,michelle.bender024@analytics.example.com
,2022-08-27,MXN,EUR,0.9505038235,ECB,Daily,2022-08-27 22:45:07,lance.williams029@platform.example.com
,2022-08-26,INR,CAD,1.3464845757,ECB,Daily,2022-08-26 17:14:08,taylor.cunningham023@commerce.example.com
,2022-08-27,JPY,AUD,1.7413521251,Reuters,Spot,2022-08-27 15:14:14,john.mullins109@commerce.example.com
,2022-08-20,USD,MXN,0.8556700593,ECB,Daily,2022-08-20 19:21:09,timothy.cameron104@commerce.example.com
,2022-08-22,AUD,BRL,1.4185734246,Reuters,Daily,2022-08-22 14:30:40,stephen.clark001@analytics.example.com
,2022-08-11,SGD,INR,0.7856686673,ECB,Closing,2022-08-11 21:05:48,susan.rice083@commerce.example.com
,2022-08-20,MXN,CAD,1.8732516368,Reuters,Daily,2022-08-20 21:26:24,maria.ashley046@analytics.example.com
,2022-08-09,USD,SGD,0.1544711793,Internal FX,Spot,2022-08-09 13:19:50,peter.martinez098@platform.example.com
,2022-08-08,AED,USD,0.5750184653,ECB,Spot,2022-08-08 03:29:41,anita.garcia021@dataops.example.com
,2022-08-09,AED,BRL,3.7410571754,Bloomberg,Daily,2022-08-09 23:12:43,eric.mullen052@dataops.example.com
,2022-08-30,MXN,BRL,0.4384855617,ECB,Spot,2022-08-30 09:06:47,darren.anderson025@dataops.example.com
,2022-08-11,INR,CAD,1.0889385066,Bloomberg,Daily,2022-08-11 00:52:29,brandon.yu006@analytics.example.com
,2022-08-22,JPY,USD,1.1994378038,Internal FX,Spot,2022-08-22 04:58:48,darren.anderson025@dataops.example.com
,2022-08-26,SGD,AED,1.2547083766,Internal FX,Spot,2022-08-26 15:02:17,yesenia.arnold040@platform.example.com
,2022-08-11,SGD,USD,0.5210231496,ECB,Closing,2022-08-11 04:22:56,eric.horton058@analytics.example.com
,2022-08-03,USD,JPY,0.664755981,Reuters,Daily,2022-08-03 01:30:35,jeffery.miller012@commerce.example.com
,2022-08-08,GBP,BRL,0.4424902405,ECB,Spot,2022-08-08 07:46:26,patrick.gonzalez035@dataops.example.com
,2022-08-05,AUD,BRL,1.0417847453,Reuters,Daily,2022-08-05 03:01:29,victor.palmer071@platform.example.com
,2022-08-24,AUD,USD,1.76278226,ECB,Spot,2022-08-24 06:27:42,victoria.medina044@dataops.example.com
,2022-08-09,INR,MXN,0.569440862,ECB,Spot,2022-08-09 03:24:04,michael.johnson061@platform.example.com
,2022-08-07,SGD,AED,1.0527509926,Bloomberg,Spot,2022-08-07 05:10:05,john.mullins109@commerce.example.com
,2022-08-19,AUD,JPY,0.5076180804,Bloomberg,Daily,2022-08-19 03:54:25,craig.johnson106@analytics.example.com
,2022-08-02,AUD,AED,0.7935531213,Bloomberg,Spot,2022-08-02 13:26:44,kelsey.taylor010@platform.example.com
,2022-08-25,EUR,SGD,1.1777583797,Reuters,Spot,2022-08-25 18:13:01,joann.clark089@commerce.example.com
,2022-08-26,MXN,AUD,0.6299580537,Internal FX,Spot,2022-08-26 18:48:39,peter.martinez098@platform.example.com
,2022-08-18,JPY,INR,0.7206801457,ECB,Closing,2022-08-18 08:14:02,micheal.hall064@dataops.example.com
,2022-08-26,GBP,AED,2.3513733335,Reuters,Spot,2022-08-26 15:14:46,brandon.yu006@analytics.example.com
,2022-08-22,INR,BRL,0.4282538044,ECB,Closing,2022-08-22 06:20:59,john.mullins109@commerce.example.com
,2022-08-13,JPY,INR,0.9678425378,Reuters,Spot,2022-08-13 04:55:53,michael.johnson061@platform.example.com
,2022-08-04,BRL,EUR,1.8865606759,Reuters,Daily,2022-08-04 04:19:06,eric.mullen052@dataops.example.com
,2022-08-28,INR,EUR,0.5504293275,Bloomberg,Spot,2022-08-28 10:07:09,ashley.marks069@commerce.example.com
,2022-08-08,MXN,EUR,2.1253114064,ECB,Closing,2022-08-08 21:13:41,brandi.carter038@dataops.example.com
,2022-08-15,EUR,AUD,1.6428668858,Internal FX,Daily,2022-08-15 02:44:31,james.proctor094@dataops.example.com
,2022-08-03,MXN,BRL,2.3419273691,ECB,Closing,2022-08-03 08:57:48,joseph.johnson049@dataops.example.com
,2022-08-23,GBP,EUR,1.1626232927,ECB,Closing,2022-08-23 17:26:05,christine.carter078@commerce.example.com
,2022-08-14,JPY,EUR,0.4660100279,Bloomberg,Closing,2022-08-14 09:27:01,jennifer.bauer068@analytics.example.com
,2022-08-29,BRL,USD,2.3258133774,Internal FX,Closing,2022-08-29 05:43:21,joann.clark089@commerce.example.com
,2022-08-18,INR,BRL,1.2349567144,Internal FX,Closing,2022-08-18 13:56:05,eric.horton058@analytics.example.com
,2022-08-29,BRL,MXN,0.3578299306,ECB,Closing,2022-08-29 18:40:16,jennifer.hudson020@analytics.example.com
,2022-08-24,GBP,EUR,0.3899838729,Bloomberg,Daily,2022-08-24 10:44:50,jeffery.miller012@commerce.example.com
,2022-08-27,BRL,MXN,1.3704912014,Reuters,Closing,2022-08-27 06:40:51,micheal.hall064@dataops.example.com
,2022-08-05,AED,INR,2.9228514045,Reuters,Daily,2022-08-05 23:25:12,christine.carter078@commerce.example.com
,2022-08-18,JPY,EUR,0.7393338104,Internal FX,Spot,2022-08-18 05:57:06,timothy.cameron104@commerce.example.com
,2022-08-21,BRL,INR,0.3543466531,Internal FX,Daily,2022-08-21 07:59:53,michael.johnson061@platform.example.com
,2022-08-21,CAD,USD,3.0598558898,ECB,Closing,2022-08-21 21:51:09,joseph.johnson049@dataops.example.com
,2022-08-04,CAD,GBP,0.2951105241,Internal FX,Closing,2022-08-04 04:02:31,jeffery.miller012@commerce.example.com
,2022-08-28,JPY,INR,0.6997643332,ECB,Closing,2022-08-28 17:06:19,timothy.cameron104@commerce.example.com
,2022-08-24,GBP,AED,1.8918833747,Bloomberg,Spot,2022-08-24 11:49:58,timothy.cameron104@commerce.example.com
,2022-08-04,AUD,EUR,0.5217567431,Reuters,Closing,2022-08-04 22:04:48,andrea.cummings039@platform.example.com
,2022-08-15,AED,JPY,1.437089575,Reuters,Closing,2022-08-15 10:43:42,joseph.johnson049@dataops.example.com
,2022-08-06,EUR,AUD,1.1064128047,Internal FX,Daily,2022-08-06 03:35:12,victor.palmer071@platform.example.com
,2022-08-17,USD,GBP,0.5732581068,Reuters,Closing,2022-08-17 14:21:41,chelsea.patel065@commerce.example.com
,2022-08-14,INR,MXN,0.3279168059,Internal FX,Daily,2022-08-14 21:41:37,michael.johnson061@platform.example.com
,2022-08-14,AUD,SGD,0.6347639265,Bloomberg,Spot,2022-08-14 15:20:30,ryan.steele043@commerce.example.com
,2022-08-13,SGD,EUR,5.3045414826,Internal FX,Spot,2022-08-13 20:48:41,victoria.medina044@dataops.example.com
,2022-08-08,BRL,CAD,0.715050455,Internal FX,Spot,2022-08-08 00:18:45,micheal.chen050@dataops.example.com
,2022-08-16,AED,BRL,0.7509584099,ECB,Daily,2022-08-16 00:54:31,kevin.mathews014@analytics.example.com
,2022-08-12,SGD,GBP,5.0202496335,Internal FX,Spot,2022-08-12 06:11:53,kelsey.taylor010@platform.example.com
,2022-08-12,GBP,CAD,0.7835410183,Internal FX,Closing,2022-08-12 22:28:52,megan.cunningham013@commerce.example.com
,2022-08-04,MXN,GBP,2.5859766917,Reuters,Closing,2022-08-04 19:52:31,tina.williams074@commerce.example.com
,2022-08-09,GBP,JPY,0.4246752987,Reuters,Closing,2022-08-09 16:12:47,christine.carter078@commerce.example.com
,2022-08-09,CAD,SGD,0.6661633877,Internal FX,Spot,2022-08-09 21:30:16,micheal.chen050@dataops.example.com
,2022-08-19,MXN,BRL,2.0924309892,Reuters,Spot,2022-08-19 20:47:37,megan.cunningham013@commerce.example.com
,2022-08-03,AUD,EUR,1.6444171366,Reuters,Daily,2022-08-03 21:15:02,maria.ashley046@analytics.example.com
,2022-08-13,GBP,MXN,0.7189168556,Reuters,Closing,2022-08-13 14:06:48,chelsea.patel065@commerce.example.com
,2022-08-30,SGD,INR,0.6578033539,Internal FX,Closing,2022-08-30 08:04:10,megan.cunningham013@commerce.example.com
,2022-08-11,BRL,INR,1.93845548,Bloomberg,Closing,2022-08-11 15:14:32,alyssa.richards002@commerce.example.com
,2022-08-01,CAD,SGD,0.3565625316,ECB,Closing,2022-08-01 17:05:21,amy.holmes103@dataops.example.com
,2022-08-14,JPY,CAD,0.6255585466,Reuters,Daily,2022-08-14 07:19:28,victor.palmer071@platform.example.com
,2022-08-05,MXN,USD,2.0668636333,Bloomberg,Spot,2022-08-05 16:03:39,micheal.chen050@dataops.example.com
,2022-08-25,USD,AUD,0.5300443601,Internal FX,Closing,2022-08-25 04:42:43,taylor.cunningham023@commerce.example.com
,2022-08-02,INR,JPY,2.6748730007,Bloomberg,Spot,2022-08-02 23:48:55,alyssa.richards002@commerce.example.com
,2022-08-28,EUR,GBP,0.4188771449,Reuters,Spot,2022-08-28 20:44:45,lance.williams029@platform.example.com
,2022-08-08,AUD,JPY,1.8566835948,ECB,Daily,2022-08-08 05:12:55,maria.ashley046@analytics.example.com
,2022-08-14,GBP,USD,0.9208462432,Reuters,Spot,2022-08-14 08:15:07,brian.taylor114@analytics.example.com
,2022-08-12,AED,INR,0.7716965406,Internal FX,Spot,2022-08-12 02:58:34,john.mullins109@commerce.example.com
,2022-08-22,SGD,MXN,0.3460023339,ECB,Spot,2022-08-22 17:21:01,micheal.chen050@dataops.example.com
,2022-08-28,AUD,SGD,0.647780648,ECB,Daily,2022-08-28 11:05:00,tiffany.freeman101@analytics.example.com
,2022-08-26,CAD,GBP,2.1157477145,ECB,Daily,2022-08-26 06:36:45,chelsea.patel065@commerce.example.com
,2022-08-12,EUR,AED,1.4064734418,ECB,Spot,2022-08-12 01:46:43,adam.gordon030@commerce.example.com
,2022-08-20,AUD,SGD,1.3410313457,Bloomberg,Spot,2022-08-20 12:56:40,jason.franklin045@dataops.example.com
,2022-08-04,INR,EUR,2.0966089603,Bloomberg,Closing,2022-08-04 18:20:50,james.proctor094@dataops.example.com
,2022-08-05,SGD,AED,2.2622442307,Internal FX,Closing,2022-08-05 17:26:45,shawn.baxter004@dataops.example.com
,2022-08-25,AUD,INR,2.335228043,Reuters,Daily,2022-08-25 23:04:05,micheal.hall064@dataops.example.com
,2022-08-06,GBP,INR,0.7376941924,Internal FX,Spot,2022-08-06 01:29:25,renee.harvey080@dataops.example.com
,2022-08-29,INR,CAD,0.3058840716,ECB,Daily,2022-08-29 09:32:52,victoria.medina044@dataops.example.com
,2022-08-02,SGD,USD,1.847722711,Bloomberg,Daily,2022-08-02 20:08:10,amy.holmes103@dataops.example.com
,2022-08-07,USD,INR,2.4818048544,Bloomberg,Spot,2022-08-07 14:09:20,joann.clark089@commerce.example.com
,2022-08-14,USD,MXN,0.9679219214,Reuters,Daily,2022-08-14 07:41:28,jennifer.atkins003@platform.example.com
,2022-08-03,CAD,MXN,0.5528628706,Bloomberg,Closing,2022-08-03 09:53:15,victor.palmer071@platform.example.com
,2022-08-14,JPY,GBP,1.346025712,ECB,Daily,2022-08-14 22:53:57,brandi.carter038@dataops.example.com
,2022-08-27,SGD,AUD,3.0953266178,Reuters,Spot,2022-08-27 03:07:14,renee.harvey080@dataops.example.com
,2022-08-02,EUR,AUD,0.7797465485,Reuters,Spot,2022-08-02 23:29:49,victor.palmer071@platform.example.com
,2022-08-30,EUR,AED,1.398604617,Bloomberg,Daily,2022-08-30 22:25:40,yesenia.arnold040@platform.example.com
,2022-08-04,USD,EUR,4.0392052727,Bloomberg,Daily,2022-08-04 05:41:39,jimmy.washington028@commerce.example.com
,2022-08-08,USD,JPY,1.019504456,ECB,Spot,2022-08-08 17:41:24,brian.taylor114@analytics.example.com
,2022-08-25,AED,JPY,2.1966118896,Internal FX,Spot,2022-08-25 12:39:17,victor.palmer071@platform.example.com
,2022-08-21,CAD,AED,2.6492115095,Bloomberg,Closing,2022-08-21 21:58:40,lisa.kim091@platform.example.com
,2022-08-31,CAD,AED,0.3493217479,Internal FX,Spot,2022-08-31 15:43:53,patrick.gonzalez035@dataops.example.com
,2022-08-24,BRL,AED,0.4427959839,Reuters,Closing,2022-08-24 22:54:10,susan.rice083@commerce.example.com
,2022-08-20,SGD,USD,2.4034126841,Bloomberg,Closing,2022-08-20 23:47:56,kevin.mathews014@analytics.example.com
,2022-08-09,USD,AED,2.7887808869,Reuters,Closing,2022-08-09 17:36:23,michelle.sims041@analytics.example.com
,2022-08-22,GBP,SGD,0.7643624914,ECB,Daily,2022-08-22 16:55:39,james.proctor094@dataops.example.com
,2022-08-17,EUR,CAD,0.5376141749,Bloomberg,Closing,2022-08-17 23:05:03,david.cabrera119@dataops.example.com
,2022-08-16,USD,INR,2.8985787327,Bloomberg,Closing,2022-08-16 16:37:29,taylor.cunningham023@commerce.example.com
,2022-08-03,MXN,CAD,0.4069575632,Reuters,Closing,2022-08-03 23:33:44,craig.johnson106@analytics.example.com
,2022-08-04,SGD,GBP,0.4136553101,Internal FX,Daily,2022-08-04 09:52:22,joann.clark089@commerce.example.com
,2022-08-25,INR,CAD,1.0889615996,Internal FX,Closing,2022-08-25 18:24:23,lisa.kim091@platform.example.com
,2022-08-11,USD,EUR,0.7432296852,ECB,Daily,2022-08-11 16:29:45,michael.johnson061@platform.example.com
,2022-08-09,SGD,USD,1.1774585997,Bloomberg,Closing,2022-08-09 11:31:20,michelle.bender024@analytics.example.com
,2022-08-26,GBP,EUR,0.750412286,ECB,Daily,2022-08-26 12:13:16,jennifer.bauer068@analytics.example.com
,2022-08-28,AED,JPY,2.0170017573,Reuters,Closing,2022-08-28 18:27:54,stephen.daniels076@commerce.example.com
,2022-08-23,AED,CAD,0.789006735,Internal FX,Daily,2022-08-23 21:20:56,katelyn.pitts017@commerce.example.com
,2022-08-16,EUR,SGD,0.2975256055,Bloomberg,Daily,2022-08-16 21:57:16,lance.williams029@platform.example.com
,2022-08-25,MXN,EUR,2.3267329222,Reuters,Spot,2022-08-25 09:44:48,jimmy.washington028@commerce.example.com
,2022-08-11,BRL,EUR,1.9273010372,Internal FX,Spot,2022-08-11 04:06:24,darren.anderson025@dataops.example.com
,2022-08-10,AED,USD,0.8647855824,Bloomberg,Spot,2022-08-10 13:46:42,jimmy.washington028@commerce.example.com
,2022-08-21,MXN,SGD,0.6082417461,Internal FX,Spot,2022-08-21 03:43:20,troy.boone097@platform.example.com
,2022-08-19,USD,AUD,1.0278909179,Reuters,Daily,2022-08-19 22:18:37,jennifer.bauer068@analytics.example.com
,2022-08-03,INR,USD,0.7962774775,Internal FX,Daily,2022-08-03 06:44:13,jennifer.hudson020@analytics.example.com
,2022-08-10,USD,AED,0.6662912249,Bloomberg,Daily,2022-08-10 13:39:06,victoria.medina044@dataops.example.com
,2022-08-03,GBP,AUD,0.3849159754,Reuters,Spot,2022-08-03 19:49:43,katelyn.pitts017@commerce.example.com
,2022-08-30,CAD,EUR,0.9530110636,Bloomberg,Spot,2022-08-30 07:39:32,katelyn.pitts017@commerce.example.com
,2022-08-06,BRL,INR,2.5550655171,Reuters,Closing,2022-08-06 17:38:33,amy.holmes103@dataops.example.com
,2022-08-25,SGD,INR,0.3048017838,Reuters,Daily,2022-08-25 06:21:11,christine.johnson056@commerce.example.com
,2022-08-06,USD,MXN,0.3775918359,Bloomberg,Closing,2022-08-06 14:14:07,joseph.johnson049@dataops.example.com
,2022-08-06,JPY,GBP,0.4223529507,Internal FX,Spot,2022-08-06 13:02:22,maria.ashley046@analytics.example.com
,2022-08-24,USD,MXN,5.8368020258,ECB,Closing,2022-08-24 04:21:12,grace.gonzales099@dataops.example.com
,2022-08-18,USD,BRL,0.806010706,ECB,Spot,2022-08-18 16:43:20,craig.johnson106@analytics.example.com
,2022-08-05,SGD,BRL,1.0236935538,Internal FX,Closing,2022-08-05 16:15:28,grace.gonzales099@dataops.example.com
,2022-08-03,USD,INR,0.2690900763,Reuters,Daily,2022-08-03 07:42:14,amy.holmes103@dataops.example.com
,2022-08-20,SGD,GBP,2.2457947523,Bloomberg,Daily,2022-08-20 04:37:01,jennifer.hudson020@analytics.example.com
,2022-08-19,INR,GBP,2.2798706972,ECB,Closing,2022-08-19 15:33:56,micheal.hall064@dataops.example.com
,2022-08-25,INR,AUD,0.3784354333,ECB,Closing,2022-08-25 07:01:34,tina.williams074@commerce.example.com
,2022-08-10,MXN,AUD,2.1383817832,Internal FX,Closing,2022-08-10 01:23:20,stephen.daniels076@commerce.example.com
,2022-08-14,INR,AED,3.257928858,Reuters,Spot,2022-08-14 22:06:48,victor.palmer071@platform.example.com
,2022-08-26,INR,JPY,1.5703180848,Internal FX,Closing,2022-08-26 03:33:15,joann.clark089@commerce.example.com
,2022-08-13,SGD,JPY,0.4319186188,Bloomberg,Closing,2022-08-13 12:23:27,james.proctor094@dataops.example.com
,2022-08-28,GBP,SGD,1.6881718173,Internal FX,Daily,2022-08-28 04:23:20,darren.anderson025@dataops.example.com
,2022-08-10,MXN,SGD,0.6551396266,Bloomberg,Spot,2022-08-10 15:36:47,susan.rice083@commerce.example.com
,2022-08-27,MXN,GBP,0.8703033869,Bloomberg,Daily,2022-08-27 01:43:24,stephen.clark001@analytics.example.com
,2022-08-21,SGD,INR,1.5806112797,ECB,Spot,2022-08-21 10:48:35,timothy.cannon081@analytics.example.com
,2022-08-26,BRL,CAD,1.6406742922,Reuters,Spot,2022-08-26 00:40:48,adam.gordon030@commerce.example.com
,2022-08-02,BRL,JPY,0.3125393374,Reuters,Spot,2022-08-02 18:10:35,victoria.medina044@dataops.example.com
,2022-08-08,AED,GBP,2.8268537439,ECB,Spot,2022-08-08 21:05:49,michelle.bender024@analytics.example.com
,2022-08-07,MXN,GBP,0.4000337125,Reuters,Spot,2022-08-07 09:15:00,chelsea.patel065@commerce.example.com
,2022-08-30,BRL,CAD,0.9689761291,ECB,Daily,2022-08-30 16:37:21,joann.clark089@commerce.example.com
,2022-08-07,AUD,SGD,1.209926278,Internal FX,Daily,2022-08-07 11:32:54,jennifer.bauer068@analytics.example.com
,2022-08-15,CAD,EUR,1.2091343477,Bloomberg,Spot,2022-08-15 00:21:48,renee.harvey080@dataops.example.com
,2022-08-08,MXN,GBP,2.4807140405,ECB,Spot,2022-08-08 05:36:19,megan.cunningham013@commerce.example.com
,2022-08-03,JPY,AED,2.3718577308,Reuters,Spot,2022-08-03 03:45:42,yesenia.arnold040@platform.example.com
,2022-08-24,INR,JPY,0.7771674602,Reuters,Closing,2022-08-24 01:46:29,victor.palmer071@platform.example.com
,2022-08-24,BRL,SGD,0.3798558256,ECB,Closing,2022-08-24 10:52:33,michelle.bender024@analytics.example.com
,2022-08-25,AUD,AED,2.4502906123,Internal FX,Closing,2022-08-25 10:17:39,brandi.carter038@dataops.example.com
,2022-08-06,EUR,SGD,1.1414304613,ECB,Closing,2022-08-06 16:19:49,lisa.kim091@platform.example.com
,2022-08-04,USD,JPY,4.5455946985,Internal FX,Closing,2022-08-04 21:58:28,jennifer.hudson020@analytics.example.com
,2022-08-07,USD,SGD,1.0366909843,ECB,Closing,2022-08-07 18:07:51,susan.rice083@commerce.example.com
,2022-08-12,SGD,AUD,0.3471182007,Reuters,Daily,2022-08-12 00:09:06,john.mullins109@commerce.example.com
,2022-08-20,GBP,SGD,2.1721544565,ECB,Closing,2022-08-20 12:38:30,tiffany.freeman101@analytics.example.com
,2022-08-09,BRL,AUD,0.3265174938,Reuters,Closing,2022-08-09 14:54:40,tina.williams074@commerce.example.com
,2022-08-11,AUD,SGD,4.1608551481,Internal FX,Daily,2022-08-11 15:56:41,joann.clark089@commerce.example.com
,2022-08-08,USD,EUR,0.4598265637,ECB,Closing,2022-08-08 10:11:21,patrick.gonzalez035@dataops.example.com
,2022-08-30,MXN,CAD,1.3706129009,Reuters,Daily,2022-08-30 16:25:55,yolanda.vasquez005@platform.example.com
,2022-08-27,SGD,AUD,1.7122250817,Internal FX,Daily,2022-08-27 05:58:12,michael.berger060@platform.example.com
,2022-08-08,JPY,SGD,0.8431372066,Bloomberg,Spot,2022-08-08 19:51:39,jeffery.miller012@commerce.example.com
,2022-08-16,AED,GBP,2.5099242412,Internal FX,Spot,2022-08-16 18:31:46,jennifer.hudson020@analytics.example.com
,2022-08-31,EUR,BRL,0.7499520614,ECB,Spot,2022-08-31 19:47:49,sylvia.diaz107@dataops.example.com
,2022-08-18,JPY,USD,1.4159241796,Bloomberg,Spot,2022-08-18 00:48:20,eric.horton058@analytics.example.com
,2022-08-11,AUD,EUR,0.6272437501,Internal FX,Closing,2022-08-11 15:32:33,lisa.kim091@platform.example.com
,2022-08-07,AED,INR,0.5178135559,ECB,Daily,2022-08-07 06:31:05,brandon.yu006@analytics.example.com
,2022-08-07,SGD,AUD,0.4079112483,Bloomberg,Daily,2022-08-07 23:23:05,troy.boone097@platform.example.com
,2022-08-11,INR,SGD,2.3004434181,Internal FX,Daily,2022-08-11 20:33:09,katelyn.pitts017@commerce.example.com
,2022-08-06,SGD,MXN,1.1817522666,Reuters,Spot,2022-08-06 22:06:43,eric.horton058@analytics.example.com
,2022-08-07,EUR,SGD,0.3341833648,Internal FX,Spot,2022-08-07 09:58:14,christine.carter078@commerce.example.com
,2022-08-25,BRL,CAD,0.7219762792,Reuters,Spot,2022-08-25 03:24:43,katelyn.pitts017@commerce.example.com
,2022-08-08,INR,MXN,2.4075712793,Bloomberg,Spot,2022-08-08 12:19:03,tiffany.freeman101@analytics.example.com
,2022-08-21,MXN,INR,0.9670130226,Internal FX,Daily,2022-08-21 00:45:18,joseph.johnson049@dataops.example.com
,2022-08-12,GBP,AUD,0.5146485062,Internal FX,Closing,2022-08-12 07:46:56,megan.cunningham013@commerce.example.com
,2022-08-20,SGD,BRL,2.6494157414,ECB,Closing,2022-08-20 07:47:11,jason.franklin045@dataops.example.com
,2022-08-30,GBP,JPY,2.2669227948,Internal FX,Daily,2022-08-30 04:56:26,troy.boone097@platform.example.com
,2022-08-12,JPY,CAD,2.3108377216,ECB,Daily,2022-08-12 09:50:00,joseph.johnson049@dataops.example.com
,2022-08-15,EUR,AUD,1.5298905182,Bloomberg,Spot,2022-08-15 00:16:00,chelsea.patel065@commerce.example.com
,2022-08-03,SGD,AED,1.5798896884,Reuters,Spot,2022-08-03 17:56:01,brandi.carter038@dataops.example.com
,2022-08-07,USD,MXN,0.5218786485,ECB,Spot,2022-08-07 18:34:08,troy.boone097@platform.example.com
,2022-08-08,SGD,GBP,1.2560924814,ECB,Closing,2022-08-08 23:03:38,ryan.steele043@commerce.example.com
,2022-08-25,AED,EUR,0.6165125659,Reuters,Daily,2022-08-25 17:27:56,victoria.medina044@dataops.example.com
,2022-08-26,BRL,AUD,1.0247325309,Internal FX,Spot,2022-08-26 05:33:49,anita.garcia021@dataops.example.com
,2022-08-04,JPY,CAD,1.0958546533,Internal FX,Spot,2022-08-04 10:31:19,victoria.medina044@dataops.example.com
,2022-08-31,AUD,USD,3.3276254526,ECB,Daily,2022-08-31 16:19:29,kristen.bailey110@analytics.example.com
,2022-08-06,SGD,JPY,0.6554283993,Reuters,Closing,2022-08-06 18:54:56,shawn.baxter004@dataops.example.com
,2022-08-25,JPY,AED,1.6621315498,Bloomberg,Daily,2022-08-25 06:08:07,jennifer.atkins003@platform.example.com
,2022-08-09,JPY,INR,1.0927507011,Reuters,Closing,2022-08-09 13:30:41,darren.anderson025@dataops.example.com
,2022-08-31,MXN,EUR,5.3688486294,Bloomberg,Closing,2022-08-31 22:02:35,micheal.hall064@dataops.example.com
,2022-08-08,JPY,CAD,1.4108125092,ECB,Spot,2022-08-08 04:59:12,tiffany.freeman101@analytics.example.com
,2022-08-05,INR,AUD,0.8128435313,ECB,Spot,2022-08-05 21:04:56,kevin.mathews014@analytics.example.com
,2022-08-01,BRL,GBP,1.195135339,Internal FX,Closing,2022-08-01 11:28:24,brian.taylor114@analytics.example.com
,2022-08-29,GBP,CAD,4.457254455,Internal FX,Closing,2022-08-29 22:08:23,michelle.bender024@analytics.example.com
,2022-08-11,INR,AED,0.4072638656,Reuters,Closing,2022-08-11 03:01:53,chelsea.patel065@commerce.example.com
,2022-08-24,BRL,AED,0.6801828143,Internal FX,Spot,2022-08-24 17:40:48,stephen.clark001@analytics.example.com
,2022-08-29,EUR,CAD,1.6655067257,ECB,Daily,2022-08-29 03:13:46,lisa.kim091@platform.example.com
