campaign_record_id,campaign_id,campaign_name,campaign_type,channel,source,medium,country_code,region_name,start_date,end_date,budget_local,spend_local,local_currency,impressions,clicks,conversions,created_at,created_by
,CAMP-2026-03-000000,Back-to-School Fall Campaign,Launch,Organic,Meta,affiliate,MEX,North America,2026-03-28,2026-04-17,436335.38,337226.14,MXN,111354,6895,94,2026-03-28 00:14:21,victoria.medina044@dataops.example.com
,CAMP-2026-03-000001,Member Game Campaign,Flash Sale,Meta,Google,organic,GBR,Europe,2026-03-05,2026-03-20,424600.39,304777.97,GBP,157610,5943,234,2026-03-05 02:39:28,jack.smith053@analytics.example.com
,CAMP-2026-03-000002,Holiday Pick Campaign,Flash Sale,Google Ads,Partner,direct,NLD,Europe,2026-03-31,2026-04-05,62119.81,32857.3,EUR,209038,7526,452,2026-03-31 06:19:32,eric.mullen052@dataops.example.com
,CAMP-2026-03-000003,Back-to-School Deep Campaign,Seasonal,Organic,Partner,direct,USA,North America,2026-03-27,2026-05-01,331913.96,160139.37,USD,75163,1827,116,2026-03-27 17:43:33,alyssa.richards002@commerce.example.com
,CAMP-2026-03-000004,Back-to-School Stand Campaign,Retention,Email,Partner,organic,USA,North America,2026-03-17,2026-04-04,104888.18,72920.25,USD,150928,2909,209,2026-03-17 18:27:57,micheal.chen050@dataops.example.com
,CAMP-2026-03-000005,Member Imagine Campaign,Seasonal,Meta,Partner,organic,ESP,Europe,2026-03-06,2026-03-16,303130.54,225794.72,EUR,33446,2225,341,2026-03-06 20:21:11,dominic.hodges075@platform.example.com
,CAMP-2026-03-000006,Back-to-School Blood Campaign,Launch,Google Ads,Partner,affiliate,CAN,North America,2026-03-11,2026-03-17,107717.64,39795.61,CAD,281605,8707,253,2026-03-11 07:30:55,jennifer.hudson020@analytics.example.com
,CAMP-2026-03-000007,Holiday Enter Campaign,Brand,Affiliate,Partner,referral,USA,North America,2026-03-12,2026-03-23,403365.65,228229.0,USD,99093,5132,120,2026-03-12 03:01:49,anita.garcia021@dataops.example.com
,CAMP-2026-03-000008,Summer Carry Campaign,Launch,Display,Partner,cpc,NLD,Europe,2026-03-20,2026-04-15,336577.42,242979.77,EUR,133654,6584,636,2026-03-20 04:37:47,jeffery.miller012@commerce.example.com
,CAMP-2026-03-000009,Member Cultural Campaign,Flash Sale,Affiliate,Meta,referral,AUS,Oceania,2026-03-17,2026-04-15,483634.58,378706.06,AUD,111556,3618,517,2026-03-17 08:21:49,crystal.smith022@platform.example.com
,CAMP-2026-03-000010,Back-to-School Attorney Campaign,Performance,Google Ads,CRM,organic,USA,North America,2026-03-29,2026-04-09,430402.32,185352.3,USD,119550,7540,1316,2026-03-29 14:13:31,linda.daniels047@dataops.example.com
,CAMP-2026-03-000011,Growth Husband Campaign,Retention,Email,CRM,social,AUS,Oceania,2026-03-02,2026-03-05,174663.07,162208.02,AUD,69940,3437,357,2026-03-02 09:27:13,yesenia.arnold040@platform.example.com
,CAMP-2026-03-000012,Growth Occur Campaign,Seasonal,TikTok,CRM,affiliate,SGP,Asia,2026-03-04,2026-04-04,187386.99,63661.74,SGD,28992,1736,283,2026-03-04 04:32:41,taylor.cunningham023@commerce.example.com
,CAMP-2026-03-000013,Growth Cut Campaign,Launch,Google Ads,Google,cpc,BRA,South America,2026-03-13,2026-03-28,426799.96,260325.81,BRL,57375,4220,490,2026-03-13 22:52:00,renee.harvey080@dataops.example.com
,CAMP-2026-03-000014,Winter True Campaign,Brand,Display,TikTok,referral,AUS,Oceania,2026-03-16,2026-04-07,4155.6,2082.03,AUD,128133,9654,934,2026-03-16 11:28:17,benjamin.brooks117@dataops.example.com
,CAMP-2026-03-000015,Summer Animal Campaign,Seasonal,Meta,TikTok,cpc,USA,North America,2026-03-02,2026-03-29,52830.17,34937.17,USD,25204,595,42,2026-03-02 20:58:17,michelle.sims041@analytics.example.com
,CAMP-2026-03-000016,Winter Know Campaign,Performance,Meta,Partner,social,SGP,Asia,2026-03-19,2026-04-15,470466.1,245051.1,SGD,11434,629,21,2026-03-19 08:34:48,tara.hansen055@dataops.example.com
,CAMP-2026-03-000017,Back-to-School Create Campaign,Launch,Meta,CRM,social,ARE,Asia,2026-03-04,2026-04-06,83762.29,67214.66,AED,12367,148,17,2026-03-04 11:29:06,elizabeth.mullins042@platform.example.com
,CAMP-2026-03-000018,Member Everything Campaign,Seasonal,Affiliate,CRM,direct,DEU,Europe,2026-03-08,2026-03-11,281273.97,92204.25,EUR,31124,2466,108,2026-03-08 17:51:17,brandon.yu006@analytics.example.com
,CAMP-2026-03-000019,Holiday Radio Campaign,Brand,Organic,CRM,direct,GBR,Europe,2026-03-11,2026-03-19,193081.37,84468.85,GBP,236329,10710,471,2026-03-11 05:23:44,kevin.mathews014@analytics.example.com
,CAMP-2026-03-000020,Back-to-School Game Campaign,Retention,TikTok,Partner,cpc,SGP,Asia,2026-03-24,2026-04-15,17740.88,10243.4,SGD,125333,8652,1456,2026-03-24 07:59:28,joseph.johnson049@dataops.example.com
,CAMP-2026-03-000021,Summer Listen Campaign,Launch,Email,Google,referral,NLD,Europe,2026-03-08,2026-04-04,272935.14,263529.36,EUR,297302,8690,506,2026-03-08 05:09:31,joseph.johnson049@dataops.example.com
,CAMP-2026-03-000022,Holiday Yeah Campaign,Seasonal,Google Ads,Partner,social,JPN,Asia,2026-03-15,2026-03-24,175382.3,59044.72,JPY,39629,1104,157,2026-03-15 12:25:21,jeffery.miller012@commerce.example.com
,CAMP-2026-03-000023,Member Field Campaign,Retention,Google Ads,Partner,organic,CAN,North America,2026-03-31,2026-04-13,450862.93,455086.13,CAD,307489,8930,1526,2026-03-31 09:22:02,anita.garcia021@dataops.example.com
,CAMP-2026-03-000024,Winter Indeed Campaign,Flash Sale,Google Ads,TikTok,social,AUS,Oceania,2026-03-16,2026-04-17,260494.71,138108.55,AUD,47748,1798,57,2026-03-16 06:46:38,rebecca.white032@dataops.example.com
,CAMP-2026-03-000025,Growth Experience Campaign,Flash Sale,Meta,Meta,direct,ARE,Asia,2026-03-20,2026-03-24,12854.71,11716.39,AED,160575,12592,564,2026-03-20 12:52:29,raymond.pineda079@platform.example.com
,CAMP-2026-03-000026,Member Individual Campaign,Brand,Meta,Meta,referral,ITA,Europe,2026-03-22,2026-04-15,1952.91,1232.74,EUR,268969,10037,1771,2026-03-22 12:23:56,eric.mullen052@dataops.example.com
,CAMP-2026-03-000027,Winter Figure Campaign,Flash Sale,Organic,Meta,email,IND,Asia,2026-03-10,2026-03-15,375294.28,284940.59,INR,74378,5777,66,2026-03-10 15:57:03,adam.gordon030@commerce.example.com
,CAMP-2026-03-000028,Member Loss Campaign,Performance,Google Ads,Google,referral,NLD,Europe,2026-03-01,2026-03-05,427500.01,429899.13,EUR,16567,1188,195,2026-03-01 09:14:18,kevin.mathews014@analytics.example.com
,CAMP-2026-03-000029,Member Outside Campaign,Performance,Google Ads,Meta,cpc,IND,Asia,2026-03-24,2026-04-14,457434.48,210072.51,INR,292702,13642,1090,2026-03-24 13:31:27,christine.johnson056@commerce.example.com
,CAMP-2026-03-000030,Summer Also Campaign,Performance,Display,Meta,affiliate,NLD,Europe,2026-03-15,2026-03-31,460040.23,169405.27,EUR,17505,656,104,2026-03-15 14:34:42,samantha.villa073@commerce.example.com
,CAMP-2026-03-000031,Growth Commercial Campaign,Seasonal,Meta,TikTok,referral,GBR,Europe,2026-03-25,2026-04-08,234709.09,124621.5,GBP,13427,904,52,2026-03-25 03:34:59,chelsea.patel065@commerce.example.com
,CAMP-2026-03-000032,Growth Field Campaign,Flash Sale,TikTok,CRM,organic,ESP,Europe,2026-03-30,2026-04-20,249112.57,123236.86,EUR,19777,988,173,2026-03-30 12:07:30,kathleen.white007@analytics.example.com
,CAMP-2026-03-000033,Winter Hold Campaign,Brand,Affiliate,Partner,email,ITA,Europe,2026-03-21,2026-04-13,218070.42,170765.74,EUR,100856,7924,947,2026-03-21 05:23:13,jennifer.erickson018@platform.example.com
,CAMP-2026-03-000034,Winter Than Campaign,Seasonal,Email,Google,direct,GBR,Europe,2026-03-29,2026-04-06,197113.25,59501.85,GBP,100034,2248,317,2026-03-29 10:01:08,willie.long016@dataops.example.com
,CAMP-2026-03-000035,Member Site Campaign,Brand,Display,Partner,affiliate,IND,Asia,2026-03-18,2026-04-12,29794.26,24438.54,INR,147399,2964,387,2026-03-18 04:27:00,jennifer.yu037@dataops.example.com
,CAMP-2026-03-000036,Growth Make Campaign,Performance,Organic,CRM,social,ITA,Europe,2026-03-27,2026-04-11,240392.8,217201.58,EUR,341596,22380,2791,2026-03-27 14:05:04,jack.smith053@analytics.example.com
,CAMP-2026-03-000037,Member Attack Campaign,Retention,Google Ads,CRM,social,MEX,North America,2026-03-07,2026-03-22,5171.86,2068.77,MXN,28944,1616,195,2026-03-07 10:26:00,taylor.cunningham023@commerce.example.com
,CAMP-2026-03-000038,Growth Theory Campaign,Flash Sale,Affiliate,Partner,affiliate,AUS,Oceania,2026-03-25,2026-03-31,212113.31,136223.64,AUD,105359,7805,909,2026-03-25 16:52:53,adam.gordon030@commerce.example.com
,CAMP-2026-03-000039,Summer Something Campaign,Brand,Organic,CRM,direct,BRA,South America,2026-03-28,2026-04-30,452321.43,260680.85,BRL,82868,1040,85,2026-03-28 13:11:38,rebecca.white032@dataops.example.com
,CAMP-2026-03-000040,Growth Walk Campaign,Brand,Display,TikTok,cpc,SGP,Asia,2026-03-04,2026-04-08,147278.97,147320.1,SGD,283572,17476,3141,2026-03-04 10:04:38,jason.franklin045@dataops.example.com
,CAMP-2026-03-000041,Holiday Support Campaign,Flash Sale,TikTok,Google,cpc,ESP,Europe,2026-03-17,2026-04-09,168441.98,165640.54,EUR,261658,20515,3175,2026-03-17 15:13:27,brandon.yu006@analytics.example.com
,CAMP-2026-03-000042,Member Real Campaign,Brand,Email,Google,affiliate,BRA,South America,2026-03-29,2026-04-04,47558.1,40189.85,BRL,123855,7666,519,2026-03-29 16:27:38,raymond.pineda079@platform.example.com
,CAMP-2026-03-000043,Summer Face Campaign,Retention,Google Ads,Partner,cpc,FRA,Europe,2026-03-29,2026-04-24,271265.07,84759.19,EUR,52402,964,171,2026-03-29 16:20:58,victor.palmer071@platform.example.com
,CAMP-2026-03-000044,Back-to-School Scene Campaign,Brand,TikTok,CRM,social,ITA,Europe,2026-03-28,2026-04-08,260222.12,166127.77,EUR,15703,658,8,2026-03-28 03:33:00,troy.boone097@platform.example.com
,CAMP-2026-03-000045,Back-to-School Economic Campaign,Launch,Display,TikTok,referral,ITA,Europe,2026-03-08,2026-04-09,308472.39,104478.23,EUR,142596,2108,100,2026-03-08 04:28:32,richard.bradshaw051@platform.example.com
,CAMP-2026-03-000046,Summer Ask Campaign,Retention,TikTok,TikTok,cpc,ESP,Europe,2026-03-25,2026-04-11,492651.83,323519.87,EUR,108228,2428,105,2026-03-25 21:11:55,jack.smith053@analytics.example.com
,CAMP-2026-03-000047,Back-to-School Clearly Campaign,Launch,Email,Meta,direct,USA,North America,2026-03-13,2026-03-29,308208.51,158776.87,USD,342867,11765,172,2026-03-13 20:02:16,megan.cunningham013@commerce.example.com
,CAMP-2026-03-000048,Holiday Challenge Campaign,Performance,Organic,CRM,social,IND,Asia,2026-03-25,2026-04-18,338039.92,326775.01,INR,349291,22033,1289,2026-03-25 07:45:30,jonathan.jimenez057@platform.example.com
,CAMP-2026-03-000049,Member Sea Campaign,Brand,TikTok,TikTok,organic,NLD,Europe,2026-03-31,2026-04-03,144782.06,141299.76,EUR,248657,13622,2398,2026-03-31 15:05:08,tara.hansen055@dataops.example.com
,CAMP-2026-03-000050,Winter Trial Campaign,Brand,Email,Google,social,ARE,Asia,2026-03-01,2026-03-31,170385.31,95155.44,AED,3814,177,19,2026-03-01 04:05:12,taylor.cunningham023@commerce.example.com
,CAMP-2026-03-000051,Back-to-School Drive Campaign,Launch,Organic,Google,cpc,ARE,Asia,2026-03-12,2026-04-15,424371.73,322486.35,AED,209174,7973,925,2026-03-12 07:32:55,jennifer.atkins003@platform.example.com
,CAMP-2026-03-000052,Holiday Key Campaign,Retention,Email,Meta,social,NLD,Europe,2026-03-09,2026-03-14,118483.87,67443.59,EUR,380440,28123,1615,2026-03-09 04:11:08,oscar.owens072@analytics.example.com
,CAMP-2026-03-000053,Back-to-School Hold Campaign,Seasonal,Affiliate,Partner,organic,JPN,Asia,2026-03-14,2026-03-27,344505.39,179113.69,JPY,42345,2250,341,2026-03-14 12:04:25,sandra.hunter036@platform.example.com
,CAMP-2026-03-000054,Growth Authority Campaign,Seasonal,Google Ads,Partner,social,CAN,North America,2026-03-15,2026-03-24,320752.66,200459.13,CAD,386639,22178,1657,2026-03-15 05:34:50,adam.gordon030@commerce.example.com
,CAMP-2026-03-000055,Winter Paper Campaign,Flash Sale,Email,Google,social,NLD,Europe,2026-03-08,2026-03-13,444375.85,444843.26,EUR,51264,2735,244,2026-03-08 04:20:36,jennifer.erickson018@platform.example.com
,CAMP-2026-03-000056,Member Change Campaign,Performance,Display,TikTok,cpc,USA,North America,2026-03-07,2026-04-08,266373.38,104629.69,USD,46493,1888,296,2026-03-07 03:54:50,dominic.hodges075@platform.example.com
,CAMP-2026-03-000057,Growth Newspaper Campaign,Brand,TikTok,CRM,email,ARE,Asia,2026-03-28,2026-04-01,246187.75,204728.66,AED,53844,829,137,2026-03-28 01:16:06,susan.rice083@commerce.example.com
,CAMP-2026-03-000058,Winter Where Campaign,Brand,Affiliate,TikTok,social,SGP,Asia,2026-03-01,2026-03-18,89887.14,74263.0,SGD,47389,2958,458,2026-03-01 10:20:56,darren.anderson025@dataops.example.com
,CAMP-2026-03-000059,Summer City Campaign,Retention,Email,Partner,direct,USA,North America,2026-03-13,2026-03-22,403478.27,133170.79,USD,74142,5386,357,2026-03-13 14:00:18,curtis.williams033@dataops.example.com
,CAMP-2026-03-000060,Holiday Probably Campaign,Seasonal,TikTok,TikTok,email,ITA,Europe,2026-03-06,2026-04-10,26857.09,15323.23,EUR,549988,37670,5477,2026-03-06 06:58:49,michelle.sims041@analytics.example.com
,CAMP-2026-03-000061,Holiday The Campaign,Seasonal,Email,CRM,email,NLD,Europe,2026-03-06,2026-03-19,334512.78,287578.12,EUR,106880,4234,82,2026-03-06 02:40:45,benjamin.brooks117@dataops.example.com
,CAMP-2026-03-000062,Holiday With Campaign,Flash Sale,Google Ads,Google,organic,MEX,North America,2026-03-04,2026-03-18,195984.46,72689.3,MXN,103002,5190,883,2026-03-04 10:09:57,micheal.hall064@dataops.example.com
,CAMP-2026-03-000063,Holiday Prove Campaign,Performance,Organic,Partner,cpc,FRA,Europe,2026-03-26,2026-04-05,89233.98,40550.23,EUR,12498,686,67,2026-03-26 07:22:54,victoria.medina044@dataops.example.com
,CAMP-2026-03-000064,Summer Father Campaign,Performance,Email,Partner,affiliate,CAN,North America,2026-03-07,2026-03-19,73158.35,69935.4,CAD,200386,2196,258,2026-03-07 11:44:52,jennifer.atkins003@platform.example.com
,CAMP-2026-03-000065,Growth As Campaign,Seasonal,Affiliate,Meta,organic,FRA,Europe,2026-03-24,2026-04-11,414424.56,339685.96,EUR,77525,1075,46,2026-03-24 18:35:32,yolanda.vasquez005@platform.example.com
,CAMP-2026-03-000066,Back-to-School Woman Campaign,Seasonal,Display,Google,referral,ITA,Europe,2026-03-29,2026-04-20,183748.28,108558.88,EUR,42921,2312,253,2026-03-29 09:39:47,arthur.ortiz082@platform.example.com
,CAMP-2026-03-000067,Winter Kid Campaign,Flash Sale,Affiliate,CRM,affiliate,ARE,Asia,2026-03-07,2026-03-11,330908.44,157777.45,AED,94246,6997,308,2026-03-07 14:03:13,kristin.krueger034@analytics.example.com
,CAMP-2026-03-000068,Winter Situation Campaign,Seasonal,Email,Partner,social,DEU,Europe,2026-03-04,2026-03-20,297014.36,275886.1,EUR,49948,2434,383,2026-03-04 01:14:25,victor.palmer071@platform.example.com
,CAMP-2026-03-000069,Summer Marriage Campaign,Brand,Meta,CRM,direct,IND,Asia,2026-03-27,2026-04-19,375607.71,280488.13,INR,401934,18332,2788,2026-03-27 04:34:08,jennifer.shepherd015@analytics.example.com
,CAMP-2026-03-000070,Winter News Campaign,Brand,Display,Meta,social,MEX,North America,2026-03-23,2026-04-03,406155.01,124259.48,MXN,127855,8778,957,2026-03-23 15:59:17,kristin.krueger034@analytics.example.com
,CAMP-2026-03-000071,Summer Mr Campaign,Brand,Display,Meta,organic,NLD,Europe,2026-03-15,2026-04-15,203221.42,103917.47,EUR,21880,1710,266,2026-03-15 05:56:55,michael.johnson061@platform.example.com
,CAMP-2026-03-000072,Growth Everything Campaign,Launch,Email,CRM,referral,JPN,Asia,2026-03-16,2026-04-19,75667.57,76210.11,JPY,37796,1623,245,2026-03-16 10:48:45,brittany.rose019@commerce.example.com
,CAMP-2026-03-000073,Growth Direction Campaign,Brand,Email,CRM,organic,JPN,Asia,2026-03-22,2026-03-28,108872.04,91407.96,JPY,7341,260,4,2026-03-22 08:18:32,rebecca.white032@dataops.example.com
,CAMP-2026-03-000074,Winter Knowledge Campaign,Seasonal,Display,CRM,cpc,CAN,North America,2026-03-01,2026-03-05,357662.19,174379.14,CAD,31403,1836,154,2026-03-01 11:50:18,michael.brewer084@analytics.example.com
,CAMP-2026-03-000075,Growth Herself Campaign,Brand,Google Ads,TikTok,referral,ARE,Asia,2026-03-14,2026-04-07,462832.1,333002.57,AED,100297,4097,62,2026-03-14 09:48:49,megan.cunningham013@commerce.example.com
,CAMP-2026-03-000076,Member But Campaign,Seasonal,TikTok,Meta,social,GBR,Europe,2026-03-06,2026-03-30,328700.29,180514.36,GBP,157331,1859,78,2026-03-06 13:51:56,jack.smith053@analytics.example.com
,CAMP-2026-03-000077,Winter Among Campaign,Retention,Display,Partner,social,BRA,South America,2026-03-28,2026-04-09,359552.77,360210.98,BRL,82395,5940,218,2026-03-28 04:05:25,brandon.yu006@analytics.example.com
,CAMP-2026-03-000078,Back-to-School Toward Campaign,Performance,Email,Partner,affiliate,ARE,Asia,2026-03-26,2026-04-24,485161.25,325675.49,AED,116897,4112,388,2026-03-26 08:56:49,michelle.bender024@analytics.example.com
,CAMP-2026-03-000079,Growth Grow Campaign,Brand,Meta,TikTok,organic,NLD,Europe,2026-03-12,2026-03-28,180266.32,142829.64,EUR,83229,2077,290,2026-03-12 05:37:33,elizabeth.olsen066@platform.example.com
,CAMP-2026-03-000080,Growth Guess Campaign,Flash Sale,Affiliate,Meta,email,DEU,Europe,2026-03-26,2026-04-17,262940.36,106738.01,EUR,159410,1844,206,2026-03-26 15:49:46,nancy.gross008@dataops.example.com
,CAMP-2026-03-000081,Summer Reduce Campaign,Flash Sale,Affiliate,Meta,direct,NLD,Europe,2026-03-21,2026-04-01,25744.56,23340.01,EUR,194858,7842,114,2026-03-21 02:44:07,carol.bonilla067@analytics.example.com
,CAMP-2026-03-000082,Summer President Campaign,Retention,Organic,Partner,cpc,ARE,Asia,2026-03-17,2026-03-24,104475.3,37633.48,AED,84649,4287,728,2026-03-17 05:36:30,tara.hansen055@dataops.example.com
,CAMP-2026-03-000083,Winter Meet Campaign,Seasonal,Affiliate,Partner,cpc,ARE,Asia,2026-03-22,2026-04-22,72056.82,23021.07,AED,12917,279,37,2026-03-22 21:43:50,tina.williams074@commerce.example.com
,CAMP-2026-03-000084,Back-to-School There Campaign,Retention,Google Ads,Partner,organic,CAN,North America,2026-03-26,2026-04-22,494353.65,385100.38,CAD,88063,2446,281,2026-03-26 23:58:09,elizabeth.mullins042@platform.example.com
,CAMP-2026-03-000085,Back-to-School Support Campaign,Retention,Display,Partner,email,DEU,Europe,2026-03-08,2026-03-18,144305.52,128505.59,EUR,154278,10876,910,2026-03-08 15:08:20,rebecca.white032@dataops.example.com
,CAMP-2026-03-000086,Holiday Break Campaign,Brand,Display,Partner,organic,IND,Asia,2026-03-01,2026-03-21,308294.37,142010.17,INR,420560,17309,2021,2026-03-01 19:22:33,jennifer.hudson020@analytics.example.com
,CAMP-2026-03-000087,Holiday Total Campaign,Seasonal,TikTok,CRM,email,SGP,Asia,2026-03-20,2026-04-12,193137.13,194844.77,SGD,215301,6989,815,2026-03-20 09:33:46,michael.berger060@platform.example.com
,CAMP-2026-03-000088,Holiday Daughter Campaign,Flash Sale,TikTok,CRM,direct,AUS,Oceania,2026-03-20,2026-04-02,22948.93,14429.64,AUD,13169,207,25,2026-03-20 16:28:34,nicholas.wilson027@analytics.example.com
,CAMP-2026-03-000089,Summer Democrat Campaign,Retention,Organic,Google,email,CAN,North America,2026-03-20,2026-04-03,173393.11,92120.37,CAD,287565,5202,458,2026-03-20 02:30:25,jeffery.miller012@commerce.example.com
,CAMP-2026-03-000090,Winter Sign Campaign,Flash Sale,Meta,Partner,referral,CAN,North America,2026-03-14,2026-04-05,388084.96,163478.34,CAD,50179,3965,551,2026-03-14 09:15:44,eric.horton058@analytics.example.com
,CAMP-2026-03-000091,Member Group Campaign,Performance,Display,TikTok,email,DEU,Europe,2026-03-11,2026-04-11,166835.86,81516.86,EUR,103240,4050,552,2026-03-11 22:12:10,eric.horton058@analytics.example.com
,CAMP-2026-03-000092,Summer Rather Campaign,Flash Sale,Display,Partner,social,ESP,Europe,2026-03-24,2026-04-09,332378.57,221136.57,EUR,60573,1329,232,2026-03-24 05:38:39,arthur.ortiz082@platform.example.com
,CAMP-2026-03-000093,Winter Campaign Campaign,Performance,Affiliate,Google,organic,ARE,Asia,2026-03-17,2026-04-11,7599.27,2386.05,AED,68746,3346,144,2026-03-17 22:34:04,brandi.carter038@dataops.example.com
,CAMP-2026-03-000094,Back-to-School Everything Campaign,Seasonal,Meta,CRM,organic,ITA,Europe,2026-03-27,2026-04-02,276735.25,172688.23,EUR,164661,2085,62,2026-03-27 11:11:21,ryan.steele043@commerce.example.com
,CAMP-2026-03-000095,Summer Stand Campaign,Seasonal,Google Ads,CRM,social,IND,Asia,2026-03-29,2026-04-08,454678.56,415334.51,INR,121701,3974,647,2026-03-29 08:10:43,kimberly.harmon088@commerce.example.com
,CAMP-2026-03-000096,Growth Although Campaign,Launch,Email,Google,referral,NLD,Europe,2026-03-06,2026-03-30,356203.27,266636.86,EUR,120029,8718,1125,2026-03-06 13:46:52,elizabeth.mullins042@platform.example.com
,CAMP-2026-03-000097,Summer Base Campaign,Retention,Affiliate,Meta,direct,ESP,Europe,2026-03-21,2026-03-26,134238.73,109550.56,EUR,611487,41774,6849,2026-03-21 02:21:10,michelle.sims041@analytics.example.com
,CAMP-2026-03-000098,Holiday Far Campaign,Performance,Email,CRM,organic,GBR,Europe,2026-03-15,2026-04-11,334710.86,174961.13,GBP,196535,7778,436,2026-03-15 22:47:35,timothy.cannon081@analytics.example.com
,CAMP-2026-03-000099,Summer Success Campaign,Seasonal,Meta,TikTok,direct,BRA,South America,2026-03-23,2026-04-20,302033.96,292035.8,BRL,145728,1855,326,2026-03-23 08:31:32,crystal.smith022@platform.example.com
,CAMP-2026-03-000100,Member Significant Campaign,Flash Sale,Display,Google,organic,ITA,Europe,2026-03-13,2026-04-03,339378.96,301111.03,EUR,76373,5512,913,2026-03-13 00:23:33,jimmy.washington028@commerce.example.com
,CAMP-2026-03-000101,Holiday Care Campaign,Retention,Organic,TikTok,referral,SGP,Asia,2026-03-23,2026-04-02,188432.27,64451.28,SGD,181354,11564,1469,2026-03-23 07:32:44,susan.rice083@commerce.example.com
,CAMP-2026-03-000102,Member Community Campaign,Brand,Affiliate,Partner,social,MEX,North America,2026-03-10,2026-03-21,65637.71,52608.04,MXN,24182,329,33,2026-03-10 17:46:24,nancy.gross008@dataops.example.com
,CAMP-2026-03-000103,Winter Treat Campaign,Seasonal,Organic,Partner,email,JPN,Asia,2026-03-13,2026-04-17,142070.44,98492.08,JPY,162624,11466,1623,2026-03-13 03:49:59,katelyn.pitts017@commerce.example.com
,CAMP-2026-03-000104,Growth Yard Campaign,Retention,Meta,CRM,affiliate,CAN,North America,2026-03-04,2026-03-29,90670.15,66377.88,CAD,756201,7869,1156,2026-03-04 19:36:08,ryan.steele043@commerce.example.com
,CAMP-2026-03-000105,Growth Mean Campaign,Brand,TikTok,Partner,direct,FRA,Europe,2026-03-30,2026-04-19,258060.65,89217.13,EUR,262637,9114,209,2026-03-30 23:08:18,christine.carter078@commerce.example.com
,CAMP-2026-03-000106,Growth Everything Campaign,Performance,Google Ads,TikTok,referral,SGP,Asia,2026-03-19,2026-04-12,75149.75,68476.54,SGD,220406,5632,403,2026-03-19 09:27:19,victoria.medina044@dataops.example.com
,CAMP-2026-03-000107,Growth Voice Campaign,Retention,TikTok,Google,email,FRA,Europe,2026-03-03,2026-03-26,336312.95,210749.99,EUR,30712,826,139,2026-03-03 04:20:47,jennifer.atkins003@platform.example.com
,CAMP-2026-03-000108,Holiday For Campaign,Seasonal,Display,CRM,direct,USA,North America,2026-03-28,2026-04-15,436710.49,208055.58,USD,303391,11390,1498,2026-03-28 18:46:45,jennifer.erickson018@platform.example.com
,CAMP-2026-03-000109,Holiday Heavy Campaign,Performance,Google Ads,TikTok,organic,GBR,Europe,2026-03-30,2026-04-19,498386.6,270070.9,GBP,116163,2921,314,2026-03-30 09:16:10,linda.davis105@analytics.example.com
,CAMP-2026-03-000110,Back-to-School Seat Campaign,Retention,Email,Meta,social,USA,North America,2026-03-04,2026-03-10,346636.37,201249.38,USD,335560,7127,507,2026-03-04 02:13:48,yesenia.arnold040@platform.example.com
,CAMP-2026-03-000111,Summer Here Campaign,Performance,Google Ads,TikTok,referral,ESP,Europe,2026-03-10,2026-04-06,339367.34,177760.84,EUR,42104,557,61,2026-03-10 22:02:21,tina.williams074@commerce.example.com
,CAMP-2026-03-000112,Holiday Himself Campaign,Launch,TikTok,Google,affiliate,CAN,North America,2026-03-24,2026-04-17,329745.21,308578.82,CAD,177146,9470,957,2026-03-24 19:08:59,rebecca.white032@dataops.example.com
,CAMP-2026-03-000113,Back-to-School Low Campaign,Seasonal,Google Ads,Google,email,USA,North America,2026-03-19,2026-04-07,413124.76,385983.39,USD,71274,2081,293,2026-03-19 05:51:25,carol.bonilla067@analytics.example.com
,CAMP-2026-03-000114,Winter Team Campaign,Retention,Meta,TikTok,social,FRA,Europe,2026-03-09,2026-03-23,357492.92,364596.12,EUR,35861,2159,376,2026-03-09 05:23:49,ryan.steele043@commerce.example.com
,CAMP-2026-03-000115,Member Stop Campaign,Performance,Meta,Meta,affiliate,ITA,Europe,2026-03-23,2026-03-29,272921.48,252536.09,EUR,53456,2911,479,2026-03-23 16:09:06,timothy.cannon081@analytics.example.com
,CAMP-2026-03-000116,Holiday Design Campaign,Flash Sale,Display,Partner,organic,ITA,Europe,2026-03-07,2026-03-11,38270.5,15948.83,EUR,29767,2338,180,2026-03-07 02:17:52,judy.rogers086@platform.example.com
,CAMP-2026-03-000117,Member Game Campaign,Seasonal,Meta,CRM,social,ARE,Asia,2026-03-15,2026-04-12,48998.35,19260.99,AED,68904,1921,251,2026-03-15 04:08:27,kenneth.rodgers059@analytics.example.com
,CAMP-2026-03-000118,Growth Six Campaign,Launch,TikTok,Google,cpc,JPN,Asia,2026-03-15,2026-04-09,379231.3,279799.34,JPY,178520,4978,500,2026-03-15 18:28:14,jeffery.miller012@commerce.example.com
,CAMP-2026-03-000119,Summer These Campaign,Launch,Meta,Partner,affiliate,BRA,South America,2026-03-09,2026-03-19,108613.53,86034.55,BRL,102876,4290,369,2026-03-09 02:32:29,raymond.pineda079@platform.example.com
,CAMP-2026-03-000120,Holiday Figure Campaign,Launch,TikTok,Partner,affiliate,FRA,Europe,2026-03-01,2026-03-09,446375.1,373834.11,EUR,339313,6748,798,2026-03-01 19:15:33,kimberly.harmon088@commerce.example.com
,CAMP-2026-03-000121,Summer Wide Campaign,Retention,Email,Google,cpc,BRA,South America,2026-03-20,2026-04-23,323036.91,268922.55,BRL,14691,621,72,2026-03-20 06:16:25,dominic.hodges075@platform.example.com
,CAMP-2026-03-000122,Growth Result Campaign,Flash Sale,Google Ads,TikTok,cpc,FRA,Europe,2026-03-23,2026-03-31,160411.21,82831.54,EUR,118199,6237,626,2026-03-23 08:55:48,nicholas.wilson027@analytics.example.com
,CAMP-2026-03-000123,Growth Fear Campaign,Retention,Affiliate,TikTok,direct,USA,North America,2026-03-01,2026-03-13,216817.75,159941.94,USD,46678,3244,472,2026-03-01 18:35:47,stephen.jordan063@commerce.example.com
,CAMP-2026-03-000124,Back-to-School Economic Campaign,Brand,Organic,Partner,social,BRA,South America,2026-03-21,2026-04-02,271572.08,179229.81,BRL,449458,8731,484,2026-03-21 03:12:00,stephen.daniels076@commerce.example.com
,CAMP-2026-03-000125,Holiday Way Campaign,Flash Sale,Meta,TikTok,direct,NLD,Europe,2026-03-12,2026-04-06,334999.63,200051.12,EUR,126721,3609,525,2026-03-12 09:58:29,victor.palmer071@platform.example.com
,CAMP-2026-03-000126,Holiday Anything Campaign,Retention,Meta,Google,referral,IND,Asia,2026-03-13,2026-03-31,377453.32,168673.72,INR,185683,9472,902,2026-03-13 02:05:44,stephen.daniels076@commerce.example.com
,CAMP-2026-03-000127,Holiday Treatment Campaign,Retention,Email,Meta,organic,ARE,Asia,2026-03-04,2026-03-30,483162.68,178632.33,AED,297475,10410,1317,2026-03-04 13:21:04,jennifer.yu037@dataops.example.com
,CAMP-2026-03-000128,Summer Itself Campaign,Flash Sale,TikTok,CRM,social,USA,North America,2026-03-17,2026-03-22,24917.78,19979.64,USD,84254,3162,80,2026-03-17 21:57:07,brittany.rose019@commerce.example.com
,CAMP-2026-03-000129,Growth Significant Campaign,Launch,Meta,CRM,organic,IND,Asia,2026-03-10,2026-03-22,302556.23,102182.52,INR,36034,1763,54,2026-03-10 16:25:42,megan.cunningham013@commerce.example.com
,CAMP-2026-03-000130,Member Southern Campaign,Performance,Organic,TikTok,cpc,JPN,Asia,2026-03-03,2026-03-22,407900.09,277849.76,JPY,39849,2065,321,2026-03-03 16:32:08,eric.mullen052@dataops.example.com
,CAMP-2026-03-000131,Back-to-School Rather Campaign,Brand,TikTok,TikTok,referral,USA,North America,2026-03-03,2026-03-08,440932.24,355901.61,USD,182519,7236,79,2026-03-03 05:02:12,dominic.hodges075@platform.example.com
,CAMP-2026-03-000132,Holiday In Campaign,Seasonal,TikTok,CRM,affiliate,BRA,South America,2026-03-05,2026-04-01,166303.61,150549.83,BRL,42424,780,48,2026-03-05 19:01:15,jennifer.atkins003@platform.example.com
,CAMP-2026-03-000133,Summer Reveal Campaign,Retention,Meta,TikTok,referral,BRA,South America,2026-03-10,2026-03-17,64502.64,51552.22,BRL,64511,1030,103,2026-03-10 05:11:27,eric.mullen052@dataops.example.com
,CAMP-2026-03-000134,Growth True Campaign,Launch,Meta,CRM,direct,FRA,Europe,2026-03-28,2026-04-13,228785.67,148527.79,EUR,79391,1448,173,2026-03-28 16:07:48,raymond.pineda079@platform.example.com
,CAMP-2026-03-000135,Growth Within Campaign,Performance,Affiliate,Meta,organic,ARE,Asia,2026-03-21,2026-04-01,466899.74,195055.35,AED,72757,5325,517,2026-03-21 00:44:36,susan.rice083@commerce.example.com
,CAMP-2026-03-000136,Winter Particular Campaign,Brand,Meta,Google,direct,ITA,Europe,2026-03-19,2026-03-28,88909.22,90159.39,EUR,266403,16227,331,2026-03-19 17:28:40,chelsea.patel065@commerce.example.com
,CAMP-2026-03-000137,Holiday Agent Campaign,Launch,Google Ads,TikTok,direct,IND,Asia,2026-03-02,2026-03-08,291035.17,183087.04,INR,56444,3141,297,2026-03-02 05:04:09,kristin.krueger034@analytics.example.com
,CAMP-2026-03-000138,Member Between Campaign,Performance,TikTok,TikTok,referral,GBR,Europe,2026-03-30,2026-04-19,80483.71,48106.36,GBP,217596,12284,387,2026-03-30 01:27:04,michael.brewer084@analytics.example.com
,CAMP-2026-03-000139,Holiday Able Campaign,Flash Sale,Email,Partner,direct,IND,Asia,2026-03-03,2026-03-31,125545.35,76268.31,INR,166189,8520,136,2026-03-03 11:35:43,kelsey.taylor010@platform.example.com
,CAMP-2026-03-000140,Growth Everybody Campaign,Flash Sale,Display,Meta,referral,FRA,Europe,2026-03-26,2026-04-10,270394.02,268288.33,EUR,60655,1377,138,2026-03-26 11:30:47,christine.carter078@commerce.example.com
,CAMP-2026-03-000141,Summer Worry Campaign,Seasonal,Display,TikTok,email,JPN,Asia,2026-03-29,2026-04-28,225382.09,228786.09,JPY,141403,9310,1389,2026-03-29 05:12:32,shawn.baxter004@dataops.example.com
,CAMP-2026-03-000142,Holiday Particular Campaign,Brand,Email,TikTok,organic,NLD,Europe,2026-03-22,2026-04-11,143367.39,133111.34,EUR,122756,4187,535,2026-03-22 00:34:10,jennifer.shepherd015@analytics.example.com
,CAMP-2026-03-000143,Back-to-School She Campaign,Seasonal,Affiliate,Partner,social,DEU,Europe,2026-03-26,2026-04-26,114214.68,113335.39,EUR,6495,316,36,2026-03-26 04:11:01,chelsea.patel065@commerce.example.com
,CAMP-2026-03-000144,Holiday Than Campaign,Performance,Google Ads,Google,referral,MEX,North America,2026-03-05,2026-04-06,66677.28,37554.92,MXN,51038,3312,280,2026-03-05 10:26:44,tammy.smith009@platform.example.com
,CAMP-2026-03-000145,Back-to-School So Campaign,Retention,Affiliate,TikTok,social,DEU,Europe,2026-03-12,2026-03-30,70139.27,64962.91,EUR,70958,1629,29,2026-03-12 12:19:18,kathleen.white007@analytics.example.com
,CAMP-2026-03-000146,Member Me Campaign,Brand,Meta,Google,email,GBR,Europe,2026-03-29,2026-04-22,230812.59,204642.94,GBP,556611,25148,4500,2026-03-29 05:30:33,elizabeth.mullins042@platform.example.com
,CAMP-2026-03-000147,Holiday Spring Campaign,Brand,Email,Meta,social,ESP,Europe,2026-03-10,2026-04-13,227910.88,98305.13,EUR,21124,1617,264,2026-03-10 19:51:16,mary.jordan048@analytics.example.com
,CAMP-2026-03-000148,Growth During Campaign,Seasonal,Display,Google,referral,IND,Asia,2026-03-09,2026-03-24,190711.6,111738.26,INR,110384,4085,613,2026-03-09 03:15:34,nicholas.wilson027@analytics.example.com
,CAMP-2026-03-000149,Back-to-School Nation Campaign,Performance,Email,Google,social,JPN,Asia,2026-03-31,2026-04-21,133569.56,103936.89,JPY,148125,9406,1161,2026-03-31 03:49:15,jimmy.washington028@commerce.example.com
,CAMP-2026-03-000150,Winter Almost Campaign,Retention,Google Ads,CRM,email,FRA,Europe,2026-03-26,2026-04-09,44938.03,13779.56,EUR,75264,1111,128,2026-03-26 23:28:07,shawn.baxter004@dataops.example.com
,CAMP-2026-03-000151,Growth Establish Campaign,Retention,Email,CRM,email,ESP,Europe,2026-03-03,2026-03-07,421263.31,287339.04,EUR,24054,1020,22,2026-03-03 20:31:11,christine.johnson056@commerce.example.com
,CAMP-2026-03-000152,Winter Hospital Campaign,Retention,Organic,CRM,organic,JPN,Asia,2026-03-23,2026-04-01,209135.19,76281.86,JPY,79759,5549,755,2026-03-23 11:29:34,curtis.williams033@dataops.example.com
,CAMP-2026-03-000153,Back-to-School Say Campaign,Launch,Display,Partner,direct,ARE,Asia,2026-03-21,2026-04-03,297093.67,101919.76,AED,55428,862,30,2026-03-21 22:55:31,kenneth.rodgers059@analytics.example.com
,CAMP-2026-03-000154,Growth Decision Campaign,Flash Sale,Google Ads,TikTok,email,SGP,Asia,2026-03-08,2026-03-13,401374.36,298646.52,SGD,7030,558,7,2026-03-08 12:18:21,victoria.medina044@dataops.example.com
,CAMP-2026-03-000155,Winter West Campaign,Performance,Organic,TikTok,referral,ITA,Europe,2026-03-22,2026-04-15,443637.15,265515.0,EUR,129994,2947,446,2026-03-22 16:47:01,jason.franklin045@dataops.example.com
,CAMP-2026-03-000156,Holiday Well Campaign,Flash Sale,Display,Meta,organic,IND,Asia,2026-03-15,2026-04-02,156146.47,139121.68,INR,64382,3168,102,2026-03-15 09:25:18,russell.miller054@platform.example.com
,CAMP-2026-03-000157,Winter Return Campaign,Brand,Display,TikTok,email,ITA,Europe,2026-03-14,2026-03-25,412128.46,230659.37,EUR,23958,427,39,2026-03-14 15:18:30,mary.jordan048@analytics.example.com
,CAMP-2026-03-000158,Holiday Eye Campaign,Seasonal,Email,Partner,direct,SGP,Asia,2026-03-11,2026-04-02,30344.93,11548.25,SGD,479532,28627,1094,2026-03-11 01:23:11,alyssa.richards002@commerce.example.com
,CAMP-2026-03-000159,Holiday Star Campaign,Brand,Display,Meta,direct,GBR,Europe,2026-03-18,2026-04-09,241897.05,194398.08,GBP,51985,553,82,2026-03-18 13:18:43,lance.williams029@platform.example.com
,CAMP-2026-03-000160,Summer Morning Campaign,Retention,TikTok,Partner,organic,JPN,Asia,2026-03-12,2026-04-03,55775.28,23504.97,JPY,286904,7895,840,2026-03-12 19:00:34,jennifer.bauer068@analytics.example.com
,CAMP-2026-03-000161,Summer Support Campaign,Flash Sale,Meta,Meta,social,ITA,Europe,2026-03-09,2026-04-08,184160.5,144638.54,EUR,188957,12096,302,2026-03-09 05:39:37,lance.williams029@platform.example.com
,CAMP-2026-03-000162,Growth Gun Campaign,Brand,Email,Partner,cpc,MEX,North America,2026-03-09,2026-04-10,212636.17,106681.44,MXN,31324,513,9,2026-03-09 03:15:00,micheal.chen050@dataops.example.com
,CAMP-2026-03-000163,Member Reality Campaign,Retention,TikTok,CRM,cpc,USA,North America,2026-03-21,2026-04-10,121846.11,59677.67,USD,24102,908,148,2026-03-21 01:16:30,russell.miller054@platform.example.com
,CAMP-2026-03-000164,Back-to-School Rest Campaign,Seasonal,Email,Partner,organic,DEU,Europe,2026-03-27,2026-04-02,303399.13,126143.03,EUR,113449,8677,1060,2026-03-27 09:18:09,adam.gordon030@commerce.example.com
,CAMP-2026-03-000165,Growth Organization Campaign,Performance,Display,Partner,cpc,ARE,Asia,2026-03-24,2026-04-09,420863.42,409454.27,AED,18443,908,160,2026-03-24 23:52:58,elizabeth.mullins042@platform.example.com
,CAMP-2026-03-000166,Growth That Campaign,Retention,Display,TikTok,direct,IND,Asia,2026-03-31,2026-04-21,489239.44,414519.68,INR,196446,13657,1340,2026-03-31 12:56:09,arthur.ortiz082@platform.example.com
,CAMP-2026-03-000167,Summer Goal Campaign,Launch,Affiliate,Partner,direct,ARE,Asia,2026-03-05,2026-03-27,95429.01,54695.65,AED,166321,7555,435,2026-03-05 23:50:55,andrea.cummings039@platform.example.com
,CAMP-2026-03-000168,Winter Where Campaign,Retention,TikTok,Partner,affiliate,AUS,Oceania,2026-03-14,2026-04-18,25146.92,11532.9,AUD,124240,6851,1079,2026-03-14 19:19:01,jennifer.bauer068@analytics.example.com
,CAMP-2026-03-000169,Back-to-School His Campaign,Retention,Google Ads,Meta,affiliate,BRA,South America,2026-03-05,2026-03-27,133942.41,66934.03,BRL,21686,1062,16,2026-03-05 15:07:10,jennifer.yu037@dataops.example.com
,CAMP-2026-03-000170,Summer Population Campaign,Flash Sale,Meta,Google,organic,NLD,Europe,2026-03-11,2026-03-29,310686.44,105745.91,EUR,114545,8587,345,2026-03-11 13:49:40,tina.williams074@commerce.example.com
,CAMP-2026-03-000171,Back-to-School Box Campaign,Retention,Organic,Google,organic,BRA,South America,2026-03-18,2026-04-13,213997.81,136123.5,BRL,86678,6106,467,2026-03-18 06:11:06,jennifer.atkins003@platform.example.com
,CAMP-2026-03-000172,Summer Day Campaign,Retention,Meta,CRM,email,SGP,Asia,2026-03-04,2026-04-05,454576.98,273132.07,SGD,73265,4836,164,2026-03-04 00:57:55,brittany.rose019@commerce.example.com
,CAMP-2026-03-000173,Holiday Determine Campaign,Performance,Meta,Partner,email,NLD,Europe,2026-03-29,2026-04-14,193120.27,80692.48,EUR,20396,832,138,2026-03-29 11:43:11,nicholas.wilson027@analytics.example.com
,CAMP-2026-03-000174,Holiday Daughter Campaign,Retention,Google Ads,Partner,organic,AUS,Oceania,2026-03-11,2026-03-14,249305.09,154265.01,AUD,99063,4037,158,2026-03-11 18:12:33,willie.long016@dataops.example.com
,CAMP-2026-03-000175,Member Say Campaign,Launch,Display,Google,affiliate,AUS,Oceania,2026-03-23,2026-03-31,285736.11,121379.65,AUD,77913,3864,605,2026-03-23 21:46:35,kenneth.rodgers059@analytics.example.com
,CAMP-2026-03-000176,Member Position Campaign,Launch,Email,Partner,organic,ITA,Europe,2026-03-03,2026-03-29,236336.74,131641.23,EUR,57055,3539,623,2026-03-03 10:46:38,susan.rice083@commerce.example.com
,CAMP-2026-03-000177,Winter Similar Campaign,Flash Sale,Meta,CRM,affiliate,ARE,Asia,2026-03-01,2026-03-29,302000.65,99209.37,AED,71837,4421,593,2026-03-01 03:09:21,lance.williams029@platform.example.com
,CAMP-2026-03-000178,Holiday Improve Campaign,Seasonal,TikTok,Google,affiliate,AUS,Oceania,2026-03-07,2026-03-25,341024.87,167836.99,AUD,28987,2301,205,2026-03-07 23:36:45,kenneth.rodgers059@analytics.example.com
,CAMP-2026-03-000179,Winter Different Campaign,Retention,Organic,Google,social,ESP,Europe,2026-03-31,2026-04-07,11908.41,9375.54,EUR,26763,1468,156,2026-03-31 00:04:08,stephanie.miller092@analytics.example.com
,CAMP-2026-03-000180,Growth Song Campaign,Performance,Email,TikTok,referral,BRA,South America,2026-03-06,2026-03-23,134836.67,95353.66,BRL,51365,1201,140,2026-03-06 12:41:03,arthur.ortiz082@platform.example.com
,CAMP-2026-03-000181,Winter Land Campaign,Retention,TikTok,Google,organic,GBR,Europe,2026-03-16,2026-04-05,359607.51,237790.36,GBP,99827,6177,354,2026-03-16 12:09:03,kevin.mathews014@analytics.example.com
,CAMP-2026-03-000182,Growth Media Campaign,Retention,Affiliate,Meta,email,ARE,Asia,2026-03-17,2026-04-06,160080.26,148719.78,AED,619424,45099,3981,2026-03-17 17:59:07,michael.brewer084@analytics.example.com
,CAMP-2026-03-000183,Back-to-School Continue Campaign,Launch,TikTok,CRM,cpc,DEU,Europe,2026-03-29,2026-04-27,124636.18,58476.18,EUR,222126,6492,759,2026-03-29 19:45:21,anita.garcia021@dataops.example.com
,CAMP-2026-03-000184,Member Beyond Campaign,Launch,Email,Partner,social,FRA,Europe,2026-03-31,2026-04-16,359067.37,144059.94,EUR,120653,9207,1635,2026-03-31 12:00:05,darren.anderson025@dataops.example.com
,CAMP-2026-03-000185,Summer Them Campaign,Brand,Google Ads,TikTok,organic,FRA,Europe,2026-03-28,2026-04-12,49786.31,37313.44,EUR,24181,1858,289,2026-03-28 17:08:43,rebecca.white032@dataops.example.com
,CAMP-2026-03-000186,Summer Find Campaign,Seasonal,Display,CRM,affiliate,ESP,Europe,2026-03-21,2026-04-13,179876.33,156407.36,EUR,163485,7989,516,2026-03-21 11:57:21,michelle.bender024@analytics.example.com
,CAMP-2026-03-000187,Holiday Seem Campaign,Flash Sale,TikTok,Partner,social,CAN,North America,2026-03-24,2026-04-08,228362.33,161571.86,CAD,73234,1923,228,2026-03-24 20:29:56,michael.brewer084@analytics.example.com
,CAMP-2026-03-000188,Member Beautiful Campaign,Flash Sale,Email,Google,cpc,GBR,Europe,2026-03-06,2026-03-17,478465.09,239020.23,GBP,59556,3365,575,2026-03-06 12:34:47,jennifer.atkins003@platform.example.com
,CAMP-2026-03-000189,Winter Edge Campaign,Brand,TikTok,Google,referral,SGP,Asia,2026-03-20,2026-04-19,383768.07,194580.26,SGD,49854,2201,228,2026-03-20 22:12:11,allen.foster026@dataops.example.com
,CAMP-2026-03-000190,Holiday Particularly Campaign,Seasonal,Google Ads,Partner,email,USA,North America,2026-03-28,2026-04-20,278297.31,170666.38,USD,189250,6438,327,2026-03-28 16:25:03,tina.williams074@commerce.example.com
,CAMP-2026-03-000191,Winter Machine Campaign,Seasonal,Affiliate,Meta,email,GBR,Europe,2026-03-02,2026-03-29,199559.5,102045.08,GBP,29969,1678,64,2026-03-02 09:46:42,joseph.johnson049@dataops.example.com
,CAMP-2026-03-000192,Winter Deep Campaign,Seasonal,Meta,Meta,direct,MEX,North America,2026-03-08,2026-04-05,1626.52,1494.81,MXN,187368,14775,300,2026-03-08 10:02:48,jennifer.bauer068@analytics.example.com
,CAMP-2026-03-000193,Holiday Pull Campaign,Retention,Email,Google,email,GBR,Europe,2026-03-28,2026-05-01,84639.85,80065.7,GBP,108295,5870,364,2026-03-28 20:49:22,patrick.gonzalez035@dataops.example.com
,CAMP-2026-03-000194,Winter How Campaign,Seasonal,Meta,Meta,cpc,ESP,Europe,2026-03-12,2026-04-12,361618.6,338396.14,EUR,78808,1077,28,2026-03-12 03:09:01,yesenia.arnold040@platform.example.com
,CAMP-2026-03-000195,Summer Little Campaign,Launch,Affiliate,CRM,referral,DEU,Europe,2026-03-10,2026-03-27,199587.63,106336.29,EUR,34148,1966,224,2026-03-10 17:56:25,micheal.chen050@dataops.example.com
,CAMP-2026-03-000196,Holiday Your Campaign,Flash Sale,Affiliate,CRM,organic,FRA,Europe,2026-03-05,2026-04-07,419599.15,170200.53,EUR,238738,18027,1795,2026-03-05 05:18:55,micheal.hall064@dataops.example.com
,CAMP-2026-03-000197,Member Heart Campaign,Launch,Affiliate,TikTok,referral,FRA,Europe,2026-03-20,2026-03-28,316294.63,122478.59,EUR,323287,14890,765,2026-03-20 08:05:14,jonathan.jimenez057@platform.example.com
,CAMP-2026-03-000198,Member Hair Campaign,Brand,TikTok,Google,cpc,SGP,Asia,2026-03-04,2026-03-14,246784.12,197415.76,SGD,167310,10246,536,2026-03-04 18:35:53,anita.garcia021@dataops.example.com
,CAMP-2026-03-000199,Back-to-School Attack Campaign,Retention,Email,CRM,organic,MEX,North America,2026-03-24,2026-04-20,467429.66,436123.72,MXN,83568,4880,566,2026-03-24 08:50:02,eric.mullen052@dataops.example.com
,CAMP-2026-03-000200,Back-to-School Win Campaign,Seasonal,Organic,Meta,affiliate,ITA,Europe,2026-03-08,2026-04-07,245061.55,172039.84,EUR,316995,6203,328,2026-03-08 17:50:54,kathleen.white007@analytics.example.com
,CAMP-2026-03-000201,Back-to-School Month Campaign,Flash Sale,Affiliate,TikTok,email,DEU,Europe,2026-03-01,2026-04-02,137874.17,54568.23,EUR,171559,7160,279,2026-03-01 03:26:31,susan.rice083@commerce.example.com
,CAMP-2026-03-000202,Holiday Senior Campaign,Retention,Google Ads,Google,direct,ESP,Europe,2026-03-24,2026-04-01,354874.62,174459.16,EUR,54401,2041,122,2026-03-24 18:09:15,crystal.smith022@platform.example.com
,CAMP-2026-03-000203,Holiday Store Campaign,Brand,Display,Meta,affiliate,ESP,Europe,2026-03-03,2026-03-15,162335.85,98947.65,EUR,59383,2752,285,2026-03-03 19:42:24,jennifer.atkins003@platform.example.com
,CAMP-2026-03-000204,Member Business Campaign,Flash Sale,Display,Meta,organic,DEU,Europe,2026-03-15,2026-04-14,219761.01,190067.18,EUR,79677,5228,147,2026-03-15 00:10:22,raymond.pineda079@platform.example.com
,CAMP-2026-03-000205,Growth Front Campaign,Brand,Google Ads,Google,direct,MEX,North America,2026-03-24,2026-04-13,249265.09,83989.41,MXN,78896,6273,868,2026-03-24 07:38:36,elizabeth.olsen066@platform.example.com
,CAMP-2026-03-000206,Growth Difficult Campaign,Seasonal,TikTok,TikTok,email,ARE,Asia,2026-03-19,2026-03-28,48398.47,22894.32,AED,38209,859,105,2026-03-19 10:17:33,stephen.daniels076@commerce.example.com
,CAMP-2026-03-000207,Growth Morning Campaign,Flash Sale,Meta,Meta,email,CAN,North America,2026-03-03,2026-04-04,206039.46,115475.09,CAD,882708,34603,678,2026-03-03 04:35:29,adam.gordon030@commerce.example.com
,CAMP-2026-03-000208,Summer Particularly Campaign,Retention,Meta,TikTok,social,JPN,Asia,2026-03-17,2026-03-27,49319.23,45930.3,JPY,19326,1331,191,2026-03-17 14:48:41,yesenia.arnold040@platform.example.com
,CAMP-2026-03-000209,Summer Control Campaign,Seasonal,Organic,Google,cpc,ITA,Europe,2026-03-14,2026-04-14,405539.44,223683.39,EUR,39832,3120,274,2026-03-14 04:38:35,michael.brewer084@analytics.example.com
,CAMP-2026-03-000210,Back-to-School Or Campaign,Performance,TikTok,CRM,social,ITA,Europe,2026-03-06,2026-03-27,461455.33,210250.27,EUR,208047,9522,949,2026-03-06 07:21:17,dominic.hodges075@platform.example.com
,CAMP-2026-03-000211,Summer Teach Campaign,Performance,TikTok,CRM,cpc,ITA,Europe,2026-03-17,2026-04-07,389717.52,266430.55,EUR,78535,2683,224,2026-03-17 19:01:13,christine.johnson056@commerce.example.com
,CAMP-2026-03-000212,Growth Appear Campaign,Flash Sale,Meta,Meta,cpc,FRA,Europe,2026-03-12,2026-04-11,493819.04,316288.4,EUR,114871,7516,655,2026-03-12 19:24:51,kevin.mathews014@analytics.example.com
,CAMP-2026-03-000213,Growth Cell Campaign,Seasonal,Meta,TikTok,affiliate,BRA,South America,2026-03-04,2026-04-04,344819.77,309607.37,BRL,292978,7553,701,2026-03-04 15:02:22,nicholas.wilson027@analytics.example.com
,CAMP-2026-03-000214,Member Positive Campaign,Launch,Meta,CRM,email,SGP,Asia,2026-03-22,2026-03-25,121771.13,40118.12,SGD,271273,9417,828,2026-03-22 13:02:42,judy.rogers086@platform.example.com
,CAMP-2026-03-000215,Member Position Campaign,Performance,Display,Meta,referral,GBR,Europe,2026-03-26,2026-04-08,131601.39,91721.45,GBP,10033,270,30,2026-03-26 20:19:38,darren.anderson025@dataops.example.com
,CAMP-2026-03-000216,Member Big Campaign,Flash Sale,Affiliate,Google,organic,AUS,Oceania,2026-03-16,2026-04-12,296471.68,117982.45,AUD,112374,6562,810,2026-03-16 02:51:17,jennifer.atkins003@platform.example.com
,CAMP-2026-03-000217,Holiday Phone Campaign,Launch,Organic,CRM,social,ESP,Europe,2026-03-26,2026-04-25,245300.88,210562.23,EUR,250601,4201,160,2026-03-26 07:21:40,eric.horton058@analytics.example.com
,CAMP-2026-03-000218,Member Follow Campaign,Retention,Google Ads,TikTok,affiliate,ESP,Europe,2026-03-10,2026-03-16,51791.74,51955.68,EUR,93600,983,12,2026-03-10 07:38:35,samantha.villa073@commerce.example.com
,CAMP-2026-03-000219,Member Break Campaign,Performance,Email,Google,organic,CAN,North America,2026-03-19,2026-04-14,95161.92,71523.67,CAD,187510,8568,384,2026-03-19 15:59:20,timothy.cannon081@analytics.example.com
,CAMP-2026-03-000220,Back-to-School Section Campaign,Performance,Email,Meta,direct,AUS,Oceania,2026-03-08,2026-04-05,459619.4,424989.21,AUD,203065,11966,1401,2026-03-08 11:47:13,brandi.carter038@dataops.example.com
,CAMP-2026-03-000221,Growth The Campaign,Performance,Display,Partner,cpc,FRA,Europe,2026-03-18,2026-04-15,273422.5,160377.89,EUR,205033,5297,306,2026-03-18 06:22:46,chelsea.patel065@commerce.example.com
,CAMP-2026-03-000222,Back-to-School Pretty Campaign,Flash Sale,Affiliate,Google,cpc,ARE,Asia,2026-03-21,2026-04-25,87913.56,43825.84,AED,42002,1129,194,2026-03-21 21:05:01,michael.berger060@platform.example.com
,CAMP-2026-03-000223,Back-to-School Mouth Campaign,Performance,Email,TikTok,social,DEU,Europe,2026-03-05,2026-03-24,38553.55,25742.38,EUR,25051,1926,114,2026-03-05 23:05:37,shawn.baxter004@dataops.example.com
,CAMP-2026-03-000224,Summer Perform Campaign,Brand,Meta,Meta,organic,USA,North America,2026-03-17,2026-03-26,460628.27,158592.46,USD,39539,2432,278,2026-03-17 13:02:36,micheal.hall064@dataops.example.com
,CAMP-2026-03-000225,Growth Professor Campaign,Retention,Affiliate,Meta,direct,CAN,North America,2026-03-21,2026-03-26,179578.99,145594.92,CAD,29197,1875,232,2026-03-21 16:41:39,michael.berger060@platform.example.com
,CAMP-2026-03-000226,Back-to-School Candidate Campaign,Performance,Meta,Meta,email,AUS,Oceania,2026-03-29,2026-04-03,388851.05,194269.89,AUD,152682,4580,309,2026-03-29 16:29:10,anita.garcia021@dataops.example.com
,CAMP-2026-03-000227,Summer News Campaign,Brand,Affiliate,Google,email,GBR,Europe,2026-03-13,2026-03-26,415245.26,128444.76,GBP,261991,4394,638,2026-03-13 08:10:34,jennifer.hudson020@analytics.example.com
,CAMP-2026-03-000228,Growth Really Campaign,Seasonal,Affiliate,Google,social,BRA,South America,2026-03-09,2026-04-02,390288.66,313122.55,BRL,282337,19677,1860,2026-03-09 20:43:46,arthur.ortiz082@platform.example.com
,CAMP-2026-03-000229,Back-to-School Want Campaign,Seasonal,Meta,CRM,cpc,ESP,Europe,2026-03-03,2026-03-08,445763.69,170420.12,EUR,205118,15208,1083,2026-03-03 04:54:49,jack.smith053@analytics.example.com
,CAMP-2026-03-000230,Winter Friend Campaign,Brand,Email,Partner,social,BRA,South America,2026-03-14,2026-04-07,35545.04,33028.99,BRL,138950,8177,486,2026-03-14 11:38:17,lance.williams029@platform.example.com
,CAMP-2026-03-000231,Growth Seem Campaign,Seasonal,Google Ads,TikTok,affiliate,NLD,Europe,2026-03-15,2026-04-10,364609.64,125721.26,EUR,51410,3014,84,2026-03-15 06:11:54,benjamin.brooks117@dataops.example.com
,CAMP-2026-03-000232,Back-to-School Party Campaign,Brand,Email,Meta,social,MEX,North America,2026-03-12,2026-04-13,449845.05,393177.8,MXN,41424,1191,37,2026-03-12 17:12:53,kimberly.harmon088@commerce.example.com
,CAMP-2026-03-000233,Holiday Prove Campaign,Flash Sale,TikTok,TikTok,cpc,ARE,Asia,2026-03-25,2026-04-18,237237.92,165346.65,AED,758134,57046,8094,2026-03-25 00:49:39,adam.gordon030@commerce.example.com
,CAMP-2026-03-000234,Holiday Work Campaign,Brand,Organic,Google,direct,SGP,Asia,2026-03-23,2026-04-04,22289.04,9694.15,SGD,28649,2194,326,2026-03-23 15:26:35,yolanda.vasquez005@platform.example.com
,CAMP-2026-03-000235,Member No Campaign,Launch,Email,Partner,organic,SGP,Asia,2026-03-04,2026-03-29,180677.83,119616.43,SGD,21419,1101,81,2026-03-04 09:26:49,ashley.marks069@commerce.example.com
,CAMP-2026-03-000236,Growth Part Campaign,Flash Sale,Email,TikTok,organic,GBR,Europe,2026-03-12,2026-04-14,82673.61,53976.34,GBP,72279,5453,834,2026-03-12 07:15:47,lance.williams029@platform.example.com
,CAMP-2026-03-000237,Member Usually Campaign,Retention,TikTok,Google,organic,USA,North America,2026-03-08,2026-04-12,8929.88,3054.93,USD,38680,1852,138,2026-03-08 13:05:50,taylor.cunningham023@commerce.example.com
,CAMP-2026-03-000238,Growth Affect Campaign,Flash Sale,Google Ads,CRM,email,USA,North America,2026-03-06,2026-03-19,88569.9,66498.27,USD,44337,1501,135,2026-03-06 07:55:21,katelyn.pitts017@commerce.example.com
,CAMP-2026-03-000239,Growth During Campaign,Performance,Display,Partner,affiliate,CAN,North America,2026-03-09,2026-03-20,51930.76,37612.76,CAD,242035,14600,785,2026-03-09 09:58:48,taylor.cunningham023@commerce.example.com
,CAMP-2026-03-000240,Growth Identify Campaign,Launch,Meta,CRM,affiliate,NLD,Europe,2026-03-07,2026-03-11,174856.16,161068.34,EUR,16182,1063,99,2026-03-07 15:50:29,jason.franklin045@dataops.example.com
,CAMP-2026-03-000241,Member See Campaign,Performance,Affiliate,Partner,referral,GBR,Europe,2026-03-20,2026-03-25,384613.9,131224.51,GBP,112520,8438,123,2026-03-20 00:30:00,mary.jordan048@analytics.example.com
,CAMP-2026-03-000242,Winter Sport Campaign,Flash Sale,Meta,CRM,affiliate,MEX,North America,2026-03-29,2026-04-21,188241.48,136754.34,MXN,194984,13939,1798,2026-03-29 16:25:44,lance.williams029@platform.example.com
,CAMP-2026-03-000243,Growth Create Campaign,Performance,Display,CRM,email,DEU,Europe,2026-03-03,2026-04-02,138141.31,130485.53,EUR,55627,975,101,2026-03-03 21:13:15,jennifer.yu037@dataops.example.com
,CAMP-2026-03-000244,Winter Score Campaign,Performance,Display,Partner,direct,USA,North America,2026-03-28,2026-04-17,460945.64,370882.77,USD,49794,2272,135,2026-03-28 05:27:42,troy.boone097@platform.example.com
,CAMP-2026-03-000245,Summer Make Campaign,Brand,Display,Partner,referral,AUS,Oceania,2026-03-22,2026-03-30,229823.31,141378.57,AUD,180371,3028,145,2026-03-22 05:40:42,allen.foster026@dataops.example.com
,CAMP-2026-03-000246,Summer Option Campaign,Seasonal,Google Ads,Google,cpc,DEU,Europe,2026-03-31,2026-04-03,155568.99,82981.37,EUR,240284,18477,2305,2026-03-31 14:45:00,sandra.hunter036@platform.example.com
,CAMP-2026-03-000247,Member Old Campaign,Seasonal,Organic,CRM,referral,IND,Asia,2026-03-17,2026-03-30,100470.88,51640.63,INR,224672,7196,1044,2026-03-17 09:10:48,kimberly.harmon088@commerce.example.com
,CAMP-2026-03-000248,Summer Election Campaign,Seasonal,TikTok,Google,organic,CAN,North America,2026-03-08,2026-04-11,428068.78,279312.21,CAD,21486,1623,43,2026-03-08 06:03:13,yesenia.arnold040@platform.example.com
,CAMP-2026-03-000249,Winter Last Campaign,Flash Sale,Organic,Google,email,BRA,South America,2026-03-18,2026-04-07,311942.07,296727.37,BRL,85546,1866,319,2026-03-18 18:10:34,chelsea.patel065@commerce.example.com
,CAMP-2026-03-000250,Summer Interview Campaign,Retention,TikTok,Google,affiliate,ARE,Asia,2026-03-29,2026-04-01,20696.63,14522.09,AED,80064,5230,509,2026-03-29 23:48:45,adam.gordon030@commerce.example.com
,CAMP-2026-03-000251,Growth During Campaign,Flash Sale,Email,Meta,cpc,FRA,Europe,2026-03-03,2026-03-28,123546.35,61990.8,EUR,40529,3092,63,2026-03-03 22:52:32,linda.daniels047@dataops.example.com
,CAMP-2026-03-000252,Growth Anything Campaign,Launch,Organic,Meta,email,NLD,Europe,2026-03-13,2026-03-30,254114.08,193366.9,EUR,73751,2578,341,2026-03-13 22:49:03,andrea.cummings039@platform.example.com
,CAMP-2026-03-000253,Member Play Campaign,Launch,Email,CRM,email,JPN,Asia,2026-03-08,2026-03-16,80314.8,60779.39,JPY,87303,5913,103,2026-03-08 13:11:49,kristin.krueger034@analytics.example.com
,CAMP-2026-03-000254,Summer Popular Campaign,Performance,Display,Google,direct,SGP,Asia,2026-03-24,2026-04-10,73843.24,47586.2,SGD,348443,15914,2318,2026-03-24 11:01:18,jennifer.erickson018@platform.example.com
,CAMP-2026-03-000255,Winter Tough Campaign,Seasonal,Email,Meta,direct,DEU,Europe,2026-03-17,2026-04-10,457138.83,234177.27,EUR,77096,1535,128,2026-03-17 18:37:54,taylor.cunningham023@commerce.example.com
,CAMP-2026-03-000256,Back-to-School Probably Campaign,Seasonal,Google Ads,CRM,cpc,AUS,Oceania,2026-03-25,2026-04-14,92329.59,37238.71,AUD,111638,8055,172,2026-03-25 16:52:58,megan.cunningham013@commerce.example.com
,CAMP-2026-03-000257,Winter Stuff Campaign,Seasonal,Affiliate,TikTok,cpc,NLD,Europe,2026-03-22,2026-04-20,274006.45,236433.43,EUR,21114,695,100,2026-03-22 04:08:02,christine.carter078@commerce.example.com
,CAMP-2026-03-000258,Growth Clearly Campaign,Performance,Display,Partner,email,USA,North America,2026-03-11,2026-04-04,422452.81,236627.6,USD,191649,6691,1065,2026-03-11 14:50:44,brittany.rose019@commerce.example.com
,CAMP-2026-03-000259,Member Machine Campaign,Launch,Affiliate,TikTok,cpc,ESP,Europe,2026-03-25,2026-04-27,253196.82,102389.83,EUR,228856,13998,568,2026-03-25 16:56:17,jimmy.washington028@commerce.example.com
,CAMP-2026-03-000260,Back-to-School Form Campaign,Seasonal,Organic,CRM,social,ARE,Asia,2026-03-07,2026-03-11,27565.14,11979.38,AED,78915,5029,607,2026-03-07 21:26:26,jennifer.hudson020@analytics.example.com
,CAMP-2026-03-000261,Holiday Represent Campaign,Brand,Meta,Google,direct,MEX,North America,2026-03-15,2026-04-12,443458.69,379728.0,MXN,30327,1679,213,2026-03-15 08:12:21,jason.franklin045@dataops.example.com
,CAMP-2026-03-000262,Back-to-School Discuss Campaign,Flash Sale,Organic,TikTok,affiliate,BRA,South America,2026-03-23,2026-04-10,497407.64,154979.75,BRL,110840,8037,688,2026-03-23 18:34:52,nancy.gross008@dataops.example.com
,CAMP-2026-03-000263,Growth Finally Campaign,Performance,Email,CRM,referral,ITA,Europe,2026-03-23,2026-04-24,45070.54,21755.65,EUR,153950,10967,1754,2026-03-23 20:27:41,jonathan.jimenez057@platform.example.com
,CAMP-2026-03-000264,Growth Difficult Campaign,Launch,Display,Google,affiliate,MEX,North America,2026-03-20,2026-04-16,268620.29,120164.41,MXN,545532,24888,1795,2026-03-20 09:26:57,oscar.owens072@analytics.example.com
,CAMP-2026-03-000265,Summer Tell Campaign,Seasonal,Meta,Partner,social,ESP,Europe,2026-03-03,2026-03-12,242183.46,232815.46,EUR,164685,10920,1804,2026-03-03 17:19:23,crystal.smith022@platform.example.com
,CAMP-2026-03-000266,Holiday Example Campaign,Performance,Google Ads,Partner,direct,MEX,North America,2026-03-18,2026-04-04,23786.22,15014.04,MXN,115541,8252,1377,2026-03-18 15:26:33,tammy.smith009@platform.example.com
,CAMP-2026-03-000267,Holiday Detail Campaign,Retention,Display,TikTok,affiliate,GBR,Europe,2026-03-05,2026-03-12,347250.63,277845.57,GBP,804783,9103,977,2026-03-05 14:48:35,shawn.baxter004@dataops.example.com
,CAMP-2026-03-000268,Member Role Campaign,Brand,Organic,Partner,email,ESP,Europe,2026-03-18,2026-04-07,58040.2,54256.11,EUR,37597,2294,23,2026-03-18 23:53:53,maria.ashley046@analytics.example.com
,CAMP-2026-03-000269,Winter Or Campaign,Brand,Affiliate,Meta,direct,JPN,Asia,2026-03-21,2026-03-30,493732.59,477697.12,JPY,101144,5365,571,2026-03-21 12:48:19,oscar.owens072@analytics.example.com
,CAMP-2026-03-000270,Summer Quickly Campaign,Launch,Google Ads,CRM,affiliate,BRA,South America,2026-03-21,2026-04-04,174331.96,135282.63,BRL,126383,2418,103,2026-03-21 01:45:11,stephen.daniels076@commerce.example.com
,CAMP-2026-03-000271,Back-to-School Than Campaign,Performance,Meta,Meta,social,SGP,Asia,2026-03-11,2026-03-31,356751.63,219255.85,SGD,132761,7849,759,2026-03-11 20:14:33,christine.carter078@commerce.example.com
,CAMP-2026-03-000272,Growth Eye Campaign,Retention,Display,Partner,cpc,USA,North America,2026-03-14,2026-03-22,123052.06,87066.62,USD,63169,1285,49,2026-03-14 21:41:12,kevin.mathews014@analytics.example.com
,CAMP-2026-03-000273,Holiday Major Campaign,Launch,Display,TikTok,direct,NLD,Europe,2026-03-27,2026-04-17,196582.39,195438.93,EUR,23605,619,80,2026-03-27 16:23:54,brittany.rose019@commerce.example.com
,CAMP-2026-03-000274,Winter Especially Campaign,Seasonal,Affiliate,Meta,social,CAN,North America,2026-03-18,2026-04-22,269172.39,229780.03,CAD,446840,34504,5301,2026-03-18 14:28:16,denise.beck077@analytics.example.com
,CAMP-2026-03-000275,Winter Situation Campaign,Performance,Organic,TikTok,referral,GBR,Europe,2026-03-11,2026-04-09,345268.86,187495.3,GBP,84673,4707,64,2026-03-11 14:55:49,arthur.ortiz082@platform.example.com
,CAMP-2026-03-000276,Member Officer Campaign,Brand,Email,CRM,cpc,ITA,Europe,2026-03-08,2026-04-12,226055.77,192425.81,EUR,20209,1085,123,2026-03-08 10:43:40,kimberly.harmon088@commerce.example.com
,CAMP-2026-03-000277,Growth Yet Campaign,Seasonal,Display,TikTok,affiliate,IND,Asia,2026-03-23,2026-04-19,340246.51,236205.8,INR,147330,7397,461,2026-03-23 02:30:06,victor.palmer071@platform.example.com
,CAMP-2026-03-000278,Summer Such Campaign,Performance,Affiliate,Meta,cpc,NLD,Europe,2026-03-10,2026-04-01,223025.98,162084.45,EUR,337804,9130,1539,2026-03-10 21:17:37,denise.beck077@analytics.example.com
,CAMP-2026-03-000279,Member Number Campaign,Flash Sale,Affiliate,Google,social,ITA,Europe,2026-03-22,2026-03-25,228729.99,169100.78,EUR,528284,39137,4555,2026-03-22 14:58:10,stephen.daniels076@commerce.example.com
,CAMP-2026-03-000280,Summer Couple Campaign,Performance,Organic,Meta,direct,ARE,Asia,2026-03-06,2026-03-27,357617.04,107660.36,AED,239582,5952,673,2026-03-06 05:11:30,kristin.krueger034@analytics.example.com
,CAMP-2026-03-000281,Growth Realize Campaign,Flash Sale,TikTok,Partner,affiliate,GBR,Europe,2026-03-22,2026-03-28,283176.99,87043.36,GBP,91493,1517,63,2026-03-22 20:07:57,kelsey.taylor010@platform.example.com
,CAMP-2026-03-000282,Growth True Campaign,Seasonal,Meta,Meta,cpc,AUS,Oceania,2026-03-25,2026-04-03,225252.85,221040.72,AUD,225559,17462,1531,2026-03-25 18:32:32,adam.gordon030@commerce.example.com
,CAMP-2026-03-000283,Growth Forward Campaign,Performance,Meta,TikTok,affiliate,ARE,Asia,2026-03-25,2026-04-29,126932.25,61403.85,AED,309256,22090,694,2026-03-25 17:13:59,raymond.pineda079@platform.example.com
,CAMP-2026-03-000284,Growth Pm Campaign,Retention,Meta,Meta,affiliate,ARE,Asia,2026-03-07,2026-04-02,15909.18,15483.42,AED,116149,3840,233,2026-03-07 04:16:17,brandi.carter038@dataops.example.com
,CAMP-2026-03-000285,Holiday Structure Campaign,Retention,Organic,Partner,email,SGP,Asia,2026-03-04,2026-04-08,20746.2,20190.31,SGD,24025,1715,294,2026-03-04 08:53:00,mary.jordan048@analytics.example.com
,CAMP-2026-03-000286,Holiday Force Campaign,Retention,Display,CRM,direct,ARE,Asia,2026-03-21,2026-04-11,340738.02,169702.12,AED,60512,3210,237,2026-03-21 20:00:20,shawn.baxter004@dataops.example.com
,CAMP-2026-03-000287,Member Old Campaign,Brand,Email,Partner,affiliate,BRA,South America,2026-03-16,2026-03-22,70652.46,65761.87,BRL,19822,570,37,2026-03-16 09:33:14,patrick.gonzalez035@dataops.example.com
,CAMP-2026-03-000288,Back-to-School Choose Campaign,Retention,Organic,Meta,organic,BRA,South America,2026-03-27,2026-05-01,306662.6,237760.98,BRL,19769,444,54,2026-03-27 01:47:28,victoria.medina044@dataops.example.com
,CAMP-2026-03-000289,Member Most Campaign,Brand,Google Ads,TikTok,organic,ITA,Europe,2026-03-20,2026-03-28,74394.03,39457.11,EUR,107071,6500,798,2026-03-20 00:50:30,rachel.hall062@platform.example.com
,CAMP-2026-03-000290,Holiday Campaign Campaign,Brand,Email,Meta,email,NLD,Europe,2026-03-27,2026-04-08,494436.87,495498.66,EUR,227718,7564,1211,2026-03-27 17:49:15,timothy.cannon081@analytics.example.com
,CAMP-2026-03-000291,Holiday Without Campaign,Performance,TikTok,CRM,referral,IND,Asia,2026-03-18,2026-04-15,254285.76,139771.38,INR,33460,2075,265,2026-03-18 11:42:52,jennifer.shepherd015@analytics.example.com
,CAMP-2026-03-000292,Back-to-School Me Campaign,Performance,Organic,TikTok,affiliate,AUS,Oceania,2026-03-11,2026-04-03,327665.23,199902.44,AUD,34171,2250,73,2026-03-11 21:03:42,brandon.yu006@analytics.example.com
,CAMP-2026-03-000293,Summer Establish Campaign,Brand,Meta,CRM,referral,NLD,Europe,2026-03-23,2026-04-10,149928.13,83133.8,EUR,25668,678,109,2026-03-23 05:29:56,darren.anderson025@dataops.example.com
,CAMP-2026-03-000294,Back-to-School Movement Campaign,Retention,Organic,Meta,referral,MEX,North America,2026-03-26,2026-04-15,6582.91,2373.11,MXN,6221,229,32,2026-03-26 12:40:40,eric.horton058@analytics.example.com
,CAMP-2026-03-000295,Member Practice Campaign,Retention,Display,Meta,cpc,SGP,Asia,2026-03-21,2026-03-29,307022.93,219597.46,SGD,77847,4317,535,2026-03-21 02:55:29,alyssa.richards002@commerce.example.com
,CAMP-2026-03-000296,Holiday Opportunity Campaign,Seasonal,Affiliate,Partner,cpc,IND,Asia,2026-03-26,2026-04-30,41208.83,28162.54,INR,35800,2717,256,2026-03-26 07:00:38,kenneth.rodgers059@analytics.example.com
,CAMP-2026-03-000297,Holiday Him Campaign,Launch,Google Ads,CRM,referral,IND,Asia,2026-03-03,2026-03-14,219040.6,100936.39,INR,35121,1419,140,2026-03-03 10:41:13,willie.long016@dataops.example.com
,CAMP-2026-03-000298,Growth Produce Campaign,Retention,Meta,CRM,email,AUS,Oceania,2026-03-11,2026-03-15,274701.8,176525.37,AUD,12744,739,65,2026-03-11 09:55:30,rebecca.white032@dataops.example.com
,CAMP-2026-03-000299,Growth Prove Campaign,Seasonal,TikTok,CRM,social,CAN,North America,2026-03-11,2026-04-01,230031.05,93754.77,CAD,873698,57764,9089,2026-03-11 20:49:08,christine.carter078@commerce.example.com
,CAMP-2026-03-000300,Back-to-School Media Campaign,Brand,Affiliate,Partner,email,CAN,North America,2026-03-01,2026-03-25,257024.56,156448.76,CAD,135808,9405,598,2026-03-01 16:49:01,yolanda.vasquez005@platform.example.com
,CAMP-2026-03-000301,Growth Writer Campaign,Performance,Affiliate,Meta,affiliate,ITA,Europe,2026-03-15,2026-04-07,235271.3,74940.49,EUR,122941,8603,382,2026-03-15 11:00:56,joseph.griffin070@analytics.example.com
,CAMP-2026-03-000302,Winter Other Campaign,Flash Sale,TikTok,Partner,cpc,CAN,North America,2026-03-06,2026-03-31,345598.83,124895.92,CAD,117573,3274,125,2026-03-06 12:51:49,taylor.cunningham023@commerce.example.com
,CAMP-2026-03-000303,Back-to-School Boy Campaign,Retention,Meta,Meta,organic,IND,Asia,2026-03-28,2026-04-26,494303.09,181709.3,INR,108772,7527,1283,2026-03-28 21:55:44,tara.hansen055@dataops.example.com
,CAMP-2026-03-000304,Member Sound Campaign,Flash Sale,Google Ads,CRM,organic,NLD,Europe,2026-03-18,2026-04-07,116729.88,57559.82,EUR,83845,1131,158,2026-03-18 19:29:12,joseph.griffin070@analytics.example.com
,CAMP-2026-03-000305,Growth Because Campaign,Seasonal,Affiliate,Google,referral,AUS,Oceania,2026-03-24,2026-04-10,347426.84,118687.28,AUD,148424,9729,678,2026-03-24 05:41:21,timothy.cannon081@analytics.example.com
,CAMP-2026-03-000306,Summer Room Campaign,Seasonal,Meta,CRM,social,NLD,Europe,2026-03-15,2026-04-14,389508.65,157822.76,EUR,46222,3277,573,2026-03-15 06:14:08,michael.brewer084@analytics.example.com
,CAMP-2026-03-000307,Winter Few Campaign,Launch,Affiliate,CRM,cpc,AUS,Oceania,2026-03-30,2026-05-03,241851.39,200655.53,AUD,108337,6825,987,2026-03-30 20:50:26,crystal.smith022@platform.example.com
,CAMP-2026-03-000308,Member Along Campaign,Performance,Google Ads,Meta,direct,FRA,Europe,2026-03-15,2026-04-16,161756.41,113339.68,EUR,234541,8627,1161,2026-03-15 20:02:22,kimberly.harmon088@commerce.example.com
,CAMP-2026-03-000309,Growth By Campaign,Seasonal,Affiliate,Meta,social,AUS,Oceania,2026-03-05,2026-03-31,323340.19,195297.59,AUD,51748,2925,391,2026-03-05 06:26:39,michelle.bender024@analytics.example.com
,CAMP-2026-03-000310,Summer On Campaign,Flash Sale,Google Ads,TikTok,referral,FRA,Europe,2026-03-20,2026-04-16,296952.44,264306.78,EUR,36403,1702,131,2026-03-20 04:26:27,brandi.carter038@dataops.example.com
,CAMP-2026-03-000311,Summer Commercial Campaign,Launch,Meta,Partner,email,SGP,Asia,2026-03-14,2026-03-17,181573.5,162302.52,SGD,454269,8303,1352,2026-03-14 01:26:38,victor.palmer071@platform.example.com
,CAMP-2026-03-000312,Growth Along Campaign,Flash Sale,Affiliate,TikTok,email,NLD,Europe,2026-03-21,2026-04-21,442432.73,229681.07,EUR,74667,994,15,2026-03-21 19:33:31,christine.johnson056@commerce.example.com
,CAMP-2026-03-000313,Growth Lay Campaign,Brand,Email,Partner,affiliate,FRA,Europe,2026-03-09,2026-04-04,5801.81,1908.63,EUR,32225,1567,261,2026-03-09 02:01:11,allen.foster026@dataops.example.com
,CAMP-2026-03-000314,Summer Executive Campaign,Performance,TikTok,Partner,email,AUS,Oceania,2026-03-27,2026-04-09,367896.73,212720.9,AUD,142245,9596,1081,2026-03-27 17:35:35,megan.cunningham013@commerce.example.com
,CAMP-2026-03-000315,Growth Worry Campaign,Performance,Meta,TikTok,affiliate,MEX,North America,2026-03-08,2026-03-18,342672.81,182950.84,MXN,23313,1068,12,2026-03-08 08:59:23,linda.daniels047@dataops.example.com
,CAMP-2026-03-000316,Summer Low Campaign,Launch,Email,TikTok,cpc,GBR,Europe,2026-03-20,2026-04-05,352704.94,196658.6,GBP,90956,6627,1178,2026-03-20 05:47:08,kathleen.white007@analytics.example.com
,CAMP-2026-03-000317,Growth Sit Campaign,Launch,Meta,CRM,cpc,ESP,Europe,2026-03-22,2026-04-12,189875.62,73404.62,EUR,391603,4983,264,2026-03-22 10:18:03,jeffery.miller012@commerce.example.com
,CAMP-2026-03-000318,Growth Again Campaign,Retention,Display,TikTok,email,CAN,North America,2026-03-31,2026-04-24,323173.82,195604.44,CAD,119977,7296,1008,2026-03-31 00:21:27,christine.johnson056@commerce.example.com
,CAMP-2026-03-000319,Summer Happen Campaign,Performance,TikTok,Meta,organic,GBR,Europe,2026-03-19,2026-04-22,428269.66,319862.56,GBP,31683,1106,178,2026-03-19 19:48:03,stephen.jordan063@commerce.example.com
,CAMP-2026-03-000320,Winter Walk Campaign,Launch,Meta,Google,cpc,MEX,North America,2026-03-31,2026-04-20,243072.48,88039.0,MXN,72150,2908,286,2026-03-31 14:32:55,nancy.gross008@dataops.example.com
,CAMP-2026-03-000321,Growth Them Campaign,Brand,Display,Google,social,NLD,Europe,2026-03-07,2026-03-19,438302.6,410844.69,EUR,103956,1990,248,2026-03-07 04:13:10,elizabeth.olsen066@platform.example.com
,CAMP-2026-03-000322,Winter Mention Campaign,Flash Sale,Google Ads,Meta,direct,IND,Asia,2026-03-20,2026-04-07,365317.52,146295.63,INR,34545,432,13,2026-03-20 13:49:40,christine.johnson056@commerce.example.com
,CAMP-2026-03-000323,Back-to-School Safe Campaign,Launch,Affiliate,TikTok,affiliate,FRA,Europe,2026-03-19,2026-04-16,53337.66,28833.3,EUR,94243,2022,21,2026-03-19 22:09:11,tara.hansen055@dataops.example.com
,CAMP-2026-03-000324,Back-to-School See Campaign,Flash Sale,Display,CRM,affiliate,JPN,Asia,2026-03-14,2026-03-22,374274.16,208496.1,JPY,347342,6754,1182,2026-03-14 15:04:40,jeffery.miller012@commerce.example.com
,CAMP-2026-03-000325,Holiday Yourself Campaign,Performance,Email,Meta,email,IND,Asia,2026-03-07,2026-04-07,267096.89,156718.05,INR,75296,3386,387,2026-03-07 04:52:55,dominic.hodges075@platform.example.com
,CAMP-2026-03-000326,Member Forward Campaign,Retention,Display,TikTok,referral,SGP,Asia,2026-03-27,2026-04-10,289399.47,186666.42,SGD,76007,3632,577,2026-03-27 14:41:33,jennifer.hudson020@analytics.example.com
,CAMP-2026-03-000327,Growth Sell Campaign,Retention,Email,CRM,organic,JPN,Asia,2026-03-10,2026-03-28,100363.19,62662.53,JPY,25895,907,69,2026-03-10 02:10:25,stephanie.miller092@analytics.example.com
,CAMP-2026-03-000328,Winter Politics Campaign,Seasonal,Display,CRM,social,IND,Asia,2026-03-16,2026-03-27,462695.39,381580.07,INR,251526,16333,662,2026-03-16 10:17:58,elizabeth.olsen066@platform.example.com
,CAMP-2026-03-000329,Growth Recent Campaign,Flash Sale,Email,TikTok,direct,ARE,Asia,2026-03-31,2026-04-11,300955.57,228848.56,AED,29645,1855,252,2026-03-31 12:10:33,micheal.chen050@dataops.example.com
,CAMP-2026-03-000330,Back-to-School Step Campaign,Flash Sale,Organic,CRM,referral,AUS,Oceania,2026-03-09,2026-03-21,313417.6,214676.74,AUD,37372,1397,166,2026-03-09 17:34:10,jack.smith053@analytics.example.com
,CAMP-2026-03-000331,Growth Despite Campaign,Retention,Email,Meta,direct,AUS,Oceania,2026-03-30,2026-05-02,382658.4,233150.55,AUD,61711,4721,49,2026-03-30 17:21:52,yolanda.vasquez005@platform.example.com
,CAMP-2026-03-000332,Growth Box Campaign,Seasonal,TikTok,Google,social,GBR,Europe,2026-03-19,2026-04-02,109612.03,54456.95,GBP,153781,7853,958,2026-03-19 05:40:50,michael.brewer084@analytics.example.com
,CAMP-2026-03-000333,Growth Office Campaign,Seasonal,Organic,Meta,social,IND,Asia,2026-03-19,2026-03-26,62769.1,59030.91,INR,74335,1047,49,2026-03-19 11:29:12,darren.anderson025@dataops.example.com
,CAMP-2026-03-000334,Holiday Help Campaign,Performance,Organic,Partner,direct,DEU,Europe,2026-03-21,2026-04-06,204181.7,164991.63,EUR,560556,36574,1038,2026-03-21 06:08:15,susan.rice083@commerce.example.com
,CAMP-2026-03-000335,Growth Size Campaign,Brand,Meta,CRM,organic,DEU,Europe,2026-03-23,2026-04-14,301794.45,143335.21,EUR,206069,9586,266,2026-03-23 08:32:09,stephanie.miller092@analytics.example.com
,CAMP-2026-03-000336,Growth Which Campaign,Brand,Meta,Meta,email,AUS,Oceania,2026-03-22,2026-04-15,302271.47,208193.05,AUD,287391,4778,573,2026-03-22 07:33:18,brandi.carter038@dataops.example.com
,CAMP-2026-03-000337,Back-to-School Center Campaign,Brand,Google Ads,Google,organic,IND,Asia,2026-03-28,2026-04-24,60721.22,59717.76,INR,16635,179,26,2026-03-28 10:39:30,maria.ashley046@analytics.example.com
,CAMP-2026-03-000338,Member Record Campaign,Flash Sale,Organic,TikTok,social,NLD,Europe,2026-03-24,2026-04-25,307987.77,120268.52,EUR,53404,3363,86,2026-03-24 05:59:26,ashley.marks069@commerce.example.com
,CAMP-2026-03-000339,Back-to-School Watch Campaign,Flash Sale,Meta,Partner,organic,BRA,South America,2026-03-22,2026-04-16,308352.37,277541.35,BRL,28912,561,55,2026-03-22 18:17:29,arthur.ortiz082@platform.example.com
,CAMP-2026-03-000340,Winter Leg Campaign,Retention,Google Ads,Meta,affiliate,JPN,Asia,2026-03-30,2026-04-27,371066.08,261864.47,JPY,83960,4689,704,2026-03-30 18:21:11,oscar.owens072@analytics.example.com
,CAMP-2026-03-000341,Winter Event Campaign,Seasonal,TikTok,Google,cpc,AUS,Oceania,2026-03-02,2026-03-16,4387.31,3534.08,AUD,103787,6163,435,2026-03-02 18:19:28,andrea.cummings039@platform.example.com
,CAMP-2026-03-000342,Holiday Republican Campaign,Flash Sale,Organic,Google,direct,NLD,Europe,2026-03-01,2026-03-13,439024.99,356212.03,EUR,52774,4169,737,2026-03-01 10:35:26,rebecca.white032@dataops.example.com
,CAMP-2026-03-000343,Back-to-School Analysis Campaign,Launch,Affiliate,Partner,organic,GBR,Europe,2026-03-24,2026-04-07,434388.49,398657.81,GBP,85587,6015,302,2026-03-24 00:43:31,kimberly.harmon088@commerce.example.com
,CAMP-2026-03-000344,Holiday Top Campaign,Brand,Meta,Google,social,DEU,Europe,2026-03-28,2026-04-21,96082.83,44091.87,EUR,36236,960,86,2026-03-28 11:12:01,alyssa.richards002@commerce.example.com
,CAMP-2026-03-000345,Growth Field Campaign,Launch,Google Ads,CRM,email,MEX,North America,2026-03-25,2026-04-25,218647.64,148740.92,MXN,86520,4387,584,2026-03-25 13:14:12,shawn.baxter004@dataops.example.com
,CAMP-2026-03-000346,Member Consider Campaign,Performance,TikTok,TikTok,referral,AUS,Oceania,2026-03-09,2026-04-13,353743.1,229200.27,AUD,9973,697,109,2026-03-09 10:41:38,adam.gordon030@commerce.example.com
,CAMP-2026-03-000347,Summer Computer Campaign,Launch,Meta,Google,email,MEX,North America,2026-03-29,2026-04-28,184159.53,114024.24,MXN,92615,4685,289,2026-03-29 11:37:56,dominic.hodges075@platform.example.com
,CAMP-2026-03-000348,Member Discover Campaign,Brand,TikTok,Partner,affiliate,ESP,Europe,2026-03-21,2026-04-11,180234.17,83881.92,EUR,82185,4558,750,2026-03-21 03:34:12,eric.mullen052@dataops.example.com
,CAMP-2026-03-000349,Winter Western Campaign,Seasonal,Meta,CRM,referral,SGP,Asia,2026-03-31,2026-04-21,284096.99,278483.8,SGD,108319,5081,909,2026-03-31 08:25:20,jeffery.miller012@commerce.example.com
,CAMP-2026-03-000350,Back-to-School Here Campaign,Brand,Meta,CRM,email,USA,North America,2026-03-03,2026-03-23,120750.95,101606.22,USD,281121,5688,489,2026-03-03 19:31:50,joseph.griffin070@analytics.example.com
,CAMP-2026-03-000351,Member Clear Campaign,Performance,Meta,Meta,email,GBR,Europe,2026-03-02,2026-03-08,221420.29,137244.02,GBP,32209,995,104,2026-03-02 00:45:24,benjamin.brooks117@dataops.example.com
,CAMP-2026-03-000352,Holiday Pattern Campaign,Launch,TikTok,Google,organic,AUS,Oceania,2026-03-09,2026-04-02,475140.08,301699.15,AUD,177655,12871,1397,2026-03-09 14:44:33,darren.anderson025@dataops.example.com
,CAMP-2026-03-000353,Member Own Campaign,Launch,TikTok,Google,social,NLD,Europe,2026-03-01,2026-03-06,146117.09,133614.82,EUR,109040,8057,1289,2026-03-01 07:55:20,timothy.cannon081@analytics.example.com
,CAMP-2026-03-000354,Winter Eight Campaign,Performance,TikTok,CRM,affiliate,USA,North America,2026-03-31,2026-05-05,320285.27,144446.27,USD,94188,4635,584,2026-03-31 01:32:43,lance.williams029@platform.example.com
,CAMP-2026-03-000355,Holiday Civil Campaign,Performance,Display,Meta,cpc,IND,Asia,2026-03-29,2026-04-11,18247.49,6474.53,INR,65804,1022,156,2026-03-29 19:34:41,victor.palmer071@platform.example.com
,CAMP-2026-03-000356,Member Sport Campaign,Retention,Email,CRM,affiliate,ESP,Europe,2026-03-12,2026-04-01,294673.55,99337.7,EUR,200551,5847,668,2026-03-12 00:32:35,allen.foster026@dataops.example.com
,CAMP-2026-03-000357,Winter Build Campaign,Retention,Meta,Partner,social,JPN,Asia,2026-03-08,2026-04-08,397190.97,337374.8,JPY,194281,5663,310,2026-03-08 12:28:34,raymond.pineda079@platform.example.com
,CAMP-2026-03-000358,Summer Travel Campaign,Performance,Affiliate,Meta,cpc,CAN,North America,2026-03-11,2026-03-21,448073.68,356059.14,CAD,167560,9654,402,2026-03-11 12:12:18,jimmy.washington028@commerce.example.com
,CAMP-2026-03-000359,Summer Record Campaign,Performance,Display,CRM,cpc,FRA,Europe,2026-03-27,2026-04-02,303891.01,215783.96,EUR,76839,3821,508,2026-03-27 03:12:57,troy.boone097@platform.example.com
,CAMP-2026-03-000360,Back-to-School Free Campaign,Brand,Organic,CRM,direct,USA,North America,2026-03-22,2026-03-25,446940.17,340637.1,USD,14705,278,6,2026-03-22 18:19:47,willie.long016@dataops.example.com
,CAMP-2026-03-000361,Growth Here Campaign,Retention,Meta,Meta,direct,FRA,Europe,2026-03-29,2026-04-21,341647.46,191023.74,EUR,98962,2600,159,2026-03-29 07:46:34,nicholas.wilson027@analytics.example.com
,CAMP-2026-03-000362,Winter Whom Campaign,Retention,TikTok,Google,organic,DEU,Europe,2026-03-24,2026-04-11,259629.04,162465.22,EUR,54452,899,17,2026-03-24 22:48:49,russell.miller054@platform.example.com
,CAMP-2026-03-000363,Holiday Certainly Campaign,Brand,Meta,Partner,cpc,DEU,Europe,2026-03-16,2026-03-28,286604.42,265029.34,EUR,155078,9943,693,2026-03-16 03:17:14,russell.miller054@platform.example.com
,CAMP-2026-03-000364,Summer He Campaign,Brand,Email,Partner,referral,IND,Asia,2026-03-24,2026-04-26,412374.61,133721.13,INR,78600,3878,675,2026-03-24 13:38:01,stephen.clark001@analytics.example.com
,CAMP-2026-03-000365,Member Step Campaign,Brand,Email,Google,affiliate,MEX,North America,2026-03-29,2026-04-18,247515.57,111178.62,MXN,62646,4237,716,2026-03-29 11:30:56,raymond.davis085@analytics.example.com
,CAMP-2026-03-000366,Back-to-School Sound Campaign,Retention,Meta,TikTok,email,ARE,Asia,2026-03-02,2026-03-30,63693.69,41969.38,AED,52312,3811,409,2026-03-02 04:08:21,alyssa.richards002@commerce.example.com
,CAMP-2026-03-000367,Member Believe Campaign,Retention,Organic,CRM,cpc,ESP,Europe,2026-03-06,2026-03-09,228206.72,189686.32,EUR,598717,12048,1764,2026-03-06 04:52:35,christine.johnson056@commerce.example.com
,CAMP-2026-03-000368,Summer Half Campaign,Flash Sale,Affiliate,TikTok,email,ARE,Asia,2026-03-26,2026-04-09,444886.31,173998.13,AED,107186,1976,216,2026-03-26 19:09:00,arthur.ortiz082@platform.example.com
,CAMP-2026-03-000369,Growth Production Campaign,Launch,Display,Meta,cpc,DEU,Europe,2026-03-16,2026-04-20,199479.8,129853.46,EUR,100393,7339,467,2026-03-16 23:50:36,elizabeth.olsen066@platform.example.com
,CAMP-2026-03-000370,Summer Teach Campaign,Flash Sale,Google Ads,CRM,affiliate,FRA,Europe,2026-03-29,2026-04-04,249771.97,74948.69,EUR,230779,2567,214,2026-03-29 15:42:58,brandi.carter038@dataops.example.com
,CAMP-2026-03-000371,Growth Until Campaign,Launch,Meta,Google,affiliate,BRA,South America,2026-03-31,2026-05-05,283259.45,202062.1,BRL,112787,2422,337,2026-03-31 19:07:01,stephen.daniels076@commerce.example.com
,CAMP-2026-03-000372,Back-to-School Family Campaign,Launch,Meta,Meta,referral,DEU,Europe,2026-03-04,2026-03-10,122717.23,89784.79,EUR,226332,13695,262,2026-03-04 12:59:02,alyssa.richards002@commerce.example.com
,CAMP-2026-03-000373,Member Group Campaign,Launch,Display,Google,social,JPN,Asia,2026-03-30,2026-04-23,58494.4,49550.1,JPY,319945,20021,1074,2026-03-30 06:20:32,sandra.hunter036@platform.example.com
,CAMP-2026-03-000374,Growth Specific Campaign,Seasonal,Google Ads,CRM,organic,MEX,North America,2026-03-11,2026-04-14,45781.76,32540.25,MXN,172774,11982,1741,2026-03-11 14:06:19,michael.johnson061@platform.example.com
,CAMP-2026-03-000375,Holiday Take Campaign,Flash Sale,Affiliate,Partner,email,DEU,Europe,2026-03-01,2026-03-06,14627.44,11041.3,EUR,62965,2311,196,2026-03-01 02:33:53,allen.foster026@dataops.example.com
,CAMP-2026-03-000376,Winter Protect Campaign,Launch,TikTok,Partner,affiliate,DEU,Europe,2026-03-02,2026-03-31,185603.82,95862.79,EUR,191459,7138,860,2026-03-02 09:50:53,ryan.steele043@commerce.example.com
,CAMP-2026-03-000377,Back-to-School Dinner Campaign,Seasonal,Organic,CRM,cpc,MEX,North America,2026-03-24,2026-04-03,309300.87,93045.76,MXN,72857,1241,220,2026-03-24 01:33:49,jimmy.washington028@commerce.example.com
,CAMP-2026-03-000378,Holiday Personal Campaign,Seasonal,Google Ads,Partner,email,ARE,Asia,2026-03-12,2026-04-09,80988.74,45955.78,AED,79695,1034,137,2026-03-12 11:38:45,linda.daniels047@dataops.example.com
,CAMP-2026-03-000379,Back-to-School Treatment Campaign,Brand,TikTok,CRM,affiliate,ITA,Europe,2026-03-23,2026-04-13,375566.52,357180.42,EUR,5927,101,2,2026-03-23 19:33:59,jeffery.miller012@commerce.example.com
,CAMP-2026-03-000380,Back-to-School Weight Campaign,Performance,Google Ads,CRM,email,JPN,Asia,2026-03-25,2026-04-04,461761.4,367817.66,JPY,159882,5144,849,2026-03-25 01:32:46,sandra.hunter036@platform.example.com
,CAMP-2026-03-000381,Summer Probably Campaign,Launch,Display,Google,social,USA,North America,2026-03-04,2026-03-23,41601.14,16032.61,USD,19923,247,7,2026-03-04 22:15:01,christine.carter078@commerce.example.com
,CAMP-2026-03-000382,Back-to-School Probably Campaign,Launch,Meta,Partner,referral,FRA,Europe,2026-03-21,2026-03-31,139135.53,106980.49,EUR,93128,3665,148,2026-03-21 15:47:30,anita.garcia021@dataops.example.com
,CAMP-2026-03-000383,Summer Push Campaign,Launch,Email,Google,social,SGP,Asia,2026-03-20,2026-04-08,45969.68,39571.21,SGD,17635,382,34,2026-03-20 06:17:23,andrea.cummings039@platform.example.com
,CAMP-2026-03-000384,Growth Travel Campaign,Seasonal,Meta,Partner,cpc,JPN,Asia,2026-03-18,2026-04-14,95861.14,52111.6,JPY,205048,14906,1792,2026-03-18 01:49:19,eric.horton058@analytics.example.com
,CAMP-2026-03-000385,Member Staff Campaign,Launch,Display,Partner,cpc,JPN,Asia,2026-03-31,2026-04-21,464067.53,336622.53,JPY,72522,837,28,2026-03-31 22:32:45,victoria.medina044@dataops.example.com
,CAMP-2026-03-000386,Back-to-School Poor Campaign,Performance,Meta,CRM,cpc,DEU,Europe,2026-03-30,2026-04-04,155130.27,153488.81,EUR,130452,2998,308,2026-03-30 23:11:13,russell.miller054@platform.example.com
,CAMP-2026-03-000387,Summer Song Campaign,Brand,Display,CRM,direct,BRA,South America,2026-03-31,2026-05-03,68771.36,33823.12,BRL,278380,14038,2257,2026-03-31 20:06:56,brittany.rose019@commerce.example.com
,CAMP-2026-03-000388,Growth Whether Campaign,Brand,Organic,TikTok,cpc,USA,North America,2026-03-28,2026-04-14,309486.73,255449.14,USD,460812,21857,3295,2026-03-28 22:59:38,kenneth.rodgers059@analytics.example.com
,CAMP-2026-03-000389,Holiday Age Campaign,Launch,Email,Google,social,BRA,South America,2026-03-24,2026-04-12,56960.1,51294.01,BRL,84946,4695,474,2026-03-24 03:29:00,jonathan.jimenez057@platform.example.com
,CAMP-2026-03-000390,Summer These Campaign,Performance,Email,TikTok,referral,AUS,Oceania,2026-03-22,2026-04-26,92016.5,62800.46,AUD,170131,3235,274,2026-03-22 22:10:59,carol.bonilla067@analytics.example.com
,CAMP-2026-03-000391,Summer Population Campaign,Flash Sale,TikTok,TikTok,organic,ESP,Europe,2026-03-25,2026-04-12,138262.23,58737.06,EUR,195923,5786,192,2026-03-25 01:08:37,kelsey.taylor010@platform.example.com
,CAMP-2026-03-000392,Growth Down Campaign,Flash Sale,TikTok,Google,social,ESP,Europe,2026-03-19,2026-03-23,71854.34,72259.09,EUR,71819,4225,305,2026-03-19 08:34:26,yolanda.vasquez005@platform.example.com
,CAMP-2026-03-000393,Summer Speech Campaign,Seasonal,Organic,Google,referral,CAN,North America,2026-03-05,2026-03-19,254138.29,90404.32,CAD,6266,380,13,2026-03-05 10:17:38,kevin.mathews014@analytics.example.com
,CAMP-2026-03-000394,Back-to-School Particular Campaign,Performance,Affiliate,Meta,social,NLD,Europe,2026-03-23,2026-04-15,454819.91,347404.49,EUR,54837,2771,140,2026-03-23 10:10:20,ryan.steele043@commerce.example.com
,CAMP-2026-03-000395,Growth Watch Campaign,Seasonal,Affiliate,TikTok,organic,SGP,Asia,2026-03-02,2026-03-16,326493.51,201337.31,SGD,82015,5594,801,2026-03-02 08:47:09,jennifer.shepherd015@analytics.example.com
,CAMP-2026-03-000396,Back-to-School Fire Campaign,Launch,Organic,Google,email,ITA,Europe,2026-03-01,2026-03-09,179870.5,87963.97,EUR,28991,1542,81,2026-03-01 12:27:40,micheal.chen050@dataops.example.com
,CAMP-2026-03-000397,Member Appear Campaign,Performance,TikTok,TikTok,referral,AUS,Oceania,2026-03-06,2026-04-03,213276.37,203931.51,AUD,45727,1692,187,2026-03-06 01:16:00,raymond.davis085@analytics.example.com
,CAMP-2026-03-000398,Winter Phone Campaign,Brand,Email,TikTok,affiliate,ITA,Europe,2026-03-16,2026-03-22,142033.62,82116.98,EUR,220764,2398,408,2026-03-16 10:26:16,stephanie.miller092@analytics.example.com
,CAMP-2026-03-000399,Back-to-School Or Campaign,Performance,TikTok,CRM,email,NLD,Europe,2026-03-15,2026-04-09,244737.85,146813.29,EUR,53914,1872,279,2026-03-15 12:05:32,jason.franklin045@dataops.example.com
,CAMP-2026-03-000400,Winter Right Campaign,Performance,Meta,Partner,affiliate,BRA,South America,2026-03-18,2026-04-19,341429.58,169650.05,BRL,67701,3418,471,2026-03-18 17:53:33,christine.carter078@commerce.example.com
,CAMP-2026-03-000401,Summer Operation Campaign,Launch,Organic,Google,referral,USA,North America,2026-03-07,2026-03-11,403325.83,227529.12,USD,84179,1607,72,2026-03-07 08:13:17,kenneth.rodgers059@analytics.example.com
,CAMP-2026-03-000402,Member Board Campaign,Flash Sale,TikTok,TikTok,direct,ITA,Europe,2026-03-22,2026-04-16,410118.9,313025.24,EUR,36951,2379,111,2026-03-22 21:40:21,rachel.hall062@platform.example.com
,CAMP-2026-03-000403,Holiday Realize Campaign,Launch,Affiliate,TikTok,cpc,AUS,Oceania,2026-03-02,2026-03-12,311570.69,236903.36,AUD,129190,4765,170,2026-03-02 08:11:33,adam.gordon030@commerce.example.com
,CAMP-2026-03-000404,Member Especially Campaign,Retention,Email,TikTok,affiliate,FRA,Europe,2026-03-07,2026-03-30,216423.5,100757.38,EUR,84046,3694,56,2026-03-07 13:20:53,kenneth.rodgers059@analytics.example.com
,CAMP-2026-03-000405,Back-to-School Place Campaign,Flash Sale,Display,Partner,affiliate,ITA,Europe,2026-03-30,2026-04-21,69582.98,56507.36,EUR,43584,2655,322,2026-03-30 14:29:05,linda.davis105@analytics.example.com
,CAMP-2026-03-000406,Holiday Amount Campaign,Performance,Meta,Google,referral,IND,Asia,2026-03-16,2026-03-30,244504.58,191383.5,INR,797443,62432,2082,2026-03-16 08:25:04,stephen.daniels076@commerce.example.com
,CAMP-2026-03-000407,Member Be Campaign,Retention,Google Ads,TikTok,email,IND,Asia,2026-03-21,2026-04-13,178189.22,155361.22,INR,35178,582,18,2026-03-21 15:54:47,tammy.smith009@platform.example.com
,CAMP-2026-03-000408,Member Whether Campaign,Performance,Organic,Meta,email,ESP,Europe,2026-03-12,2026-04-04,249952.66,223598.84,EUR,117865,6789,76,2026-03-12 21:50:28,curtis.williams033@dataops.example.com
,CAMP-2026-03-000409,Back-to-School Bill Campaign,Brand,Affiliate,Meta,affiliate,JPN,Asia,2026-03-04,2026-03-19,149785.54,62657.91,JPY,22276,504,84,2026-03-04 01:57:34,michael.brewer084@analytics.example.com
,CAMP-2026-03-000410,Holiday Election Campaign,Brand,Google Ads,CRM,referral,SGP,Asia,2026-03-14,2026-03-29,373636.06,288142.65,SGD,106900,6287,244,2026-03-14 00:40:23,tina.williams074@commerce.example.com
,CAMP-2026-03-000411,Summer Time Campaign,Launch,Google Ads,TikTok,organic,BRA,South America,2026-03-20,2026-04-09,427407.97,337717.38,BRL,63856,3867,402,2026-03-20 16:59:06,michael.johnson061@platform.example.com
,CAMP-2026-03-000412,Winter Close Campaign,Brand,Affiliate,Google,social,DEU,Europe,2026-03-16,2026-03-27,59120.95,26471.4,EUR,22987,873,13,2026-03-16 16:41:40,jennifer.hudson020@analytics.example.com
,CAMP-2026-03-000413,Growth Shake Campaign,Flash Sale,Affiliate,Meta,affiliate,FRA,Europe,2026-03-14,2026-04-15,130928.9,44065.07,EUR,283482,19737,489,2026-03-14 14:18:35,brittany.barber031@commerce.example.com
,CAMP-2026-03-000414,Growth Risk Campaign,Brand,Display,CRM,direct,NLD,Europe,2026-03-31,2026-04-20,434810.08,262542.73,EUR,181216,3869,63,2026-03-31 09:40:48,jonathan.jimenez057@platform.example.com
,CAMP-2026-03-000415,Winter Deal Campaign,Performance,Meta,Google,organic,NLD,Europe,2026-03-06,2026-04-10,114089.08,66498.68,EUR,226666,6967,236,2026-03-06 03:26:19,jeffery.miller012@commerce.example.com
,CAMP-2026-03-000416,Growth Offer Campaign,Flash Sale,TikTok,Partner,email,BRA,South America,2026-03-23,2026-04-06,192739.58,61487.23,BRL,91857,7153,110,2026-03-23 14:01:18,shawn.baxter004@dataops.example.com
,CAMP-2026-03-000417,Winter Firm Campaign,Performance,Meta,TikTok,organic,MEX,North America,2026-03-06,2026-04-04,104036.19,79016.47,MXN,139371,8637,925,2026-03-06 09:39:35,katelyn.pitts017@commerce.example.com
,CAMP-2026-03-000418,Winter Poor Campaign,Seasonal,Affiliate,Google,referral,JPN,Asia,2026-03-21,2026-04-08,157485.95,109765.7,JPY,99555,4074,123,2026-03-21 07:05:47,kenneth.rodgers059@analytics.example.com
,CAMP-2026-03-000419,Summer Land Campaign,Brand,Meta,Google,email,MEX,North America,2026-03-24,2026-04-23,164076.11,53478.89,MXN,85675,4496,274,2026-03-24 00:56:46,kathleen.white007@analytics.example.com
,CAMP-2026-03-000420,Growth Week Campaign,Brand,Organic,Partner,cpc,GBR,Europe,2026-03-23,2026-04-20,497298.31,227533.07,GBP,42426,2520,149,2026-03-23 13:47:37,kelsey.taylor010@platform.example.com
,CAMP-2026-03-000421,Holiday Option Campaign,Brand,Meta,Google,affiliate,ARE,Asia,2026-03-02,2026-03-06,341085.8,148324.34,AED,90707,2129,325,2026-03-02 18:42:01,michelle.sims041@analytics.example.com
,CAMP-2026-03-000422,Growth Raise Campaign,Retention,TikTok,Partner,referral,IND,Asia,2026-03-17,2026-04-05,30065.01,22153.82,INR,116871,6159,743,2026-03-17 11:15:20,tammy.smith009@platform.example.com
,CAMP-2026-03-000423,Back-to-School Owner Campaign,Launch,Display,TikTok,organic,USA,North America,2026-03-09,2026-04-13,379247.2,244723.21,USD,829034,65156,10587,2026-03-09 15:59:15,jeffery.miller012@commerce.example.com
,CAMP-2026-03-000424,Summer Nor Campaign,Retention,Google Ads,TikTok,direct,IND,Asia,2026-03-30,2026-05-04,212996.85,72671.25,INR,55386,1310,168,2026-03-30 14:05:11,mary.jordan048@analytics.example.com
,CAMP-2026-03-000425,Back-to-School Executive Campaign,Brand,Email,CRM,email,IND,Asia,2026-03-17,2026-04-11,219092.25,116533.67,INR,26932,1414,72,2026-03-17 18:56:02,brian.banks011@platform.example.com
,CAMP-2026-03-000426,Summer Senior Campaign,Launch,Email,CRM,referral,NLD,Europe,2026-03-18,2026-03-25,167381.29,89103.8,EUR,74516,2873,435,2026-03-18 14:33:35,elizabeth.mullins042@platform.example.com
,CAMP-2026-03-000427,Back-to-School Task Campaign,Performance,Affiliate,TikTok,direct,SGP,Asia,2026-03-17,2026-04-04,76153.95,39789.35,SGD,64169,2494,354,2026-03-17 02:32:31,kimberly.harmon088@commerce.example.com
,CAMP-2026-03-000428,Back-to-School Game Campaign,Performance,Google Ads,Meta,affiliate,USA,North America,2026-03-08,2026-04-03,201226.08,173286.85,USD,7056,80,9,2026-03-08 13:47:26,brittany.rose019@commerce.example.com
,CAMP-2026-03-000429,Summer Magazine Campaign,Performance,TikTok,Partner,organic,IND,Asia,2026-03-10,2026-03-31,212225.34,105293.92,INR,101155,2101,115,2026-03-10 07:31:08,joseph.griffin070@analytics.example.com
,CAMP-2026-03-000430,Member Same Campaign,Launch,Meta,Meta,cpc,JPN,Asia,2026-03-30,2026-04-19,420013.82,270175.09,JPY,32826,827,89,2026-03-30 17:18:27,kevin.mathews014@analytics.example.com
,CAMP-2026-03-000431,Winter Arrive Campaign,Seasonal,Display,Meta,referral,ESP,Europe,2026-03-05,2026-04-05,131485.55,51907.2,EUR,903609,70607,1636,2026-03-05 04:14:37,willie.long016@dataops.example.com
,CAMP-2026-03-000432,Back-to-School Identify Campaign,Performance,Organic,TikTok,social,ESP,Europe,2026-03-06,2026-03-18,363243.31,335690.62,EUR,8983,355,16,2026-03-06 17:54:32,kimberly.harmon088@commerce.example.com
,CAMP-2026-03-000433,Winter Miss Campaign,Flash Sale,Email,CRM,social,BRA,South America,2026-03-18,2026-04-01,494097.75,452305.16,BRL,196696,10833,1314,2026-03-18 06:28:09,ashley.marks069@commerce.example.com
,CAMP-2026-03-000434,Growth Tell Campaign,Retention,Meta,Meta,organic,AUS,Oceania,2026-03-01,2026-03-29,6592.94,5373.63,AUD,407022,13492,1686,2026-03-01 13:41:58,richard.bradshaw051@platform.example.com
,CAMP-2026-03-000435,Holiday Nice Campaign,Seasonal,Display,CRM,cpc,ITA,Europe,2026-03-01,2026-03-26,212928.38,200383.92,EUR,50308,3250,235,2026-03-01 19:42:34,andrea.cummings039@platform.example.com
,CAMP-2026-03-000436,Back-to-School Already Campaign,Seasonal,Display,Partner,organic,USA,North America,2026-03-16,2026-04-09,427780.48,326439.23,USD,145882,2553,318,2026-03-16 22:35:18,jack.smith053@analytics.example.com
,CAMP-2026-03-000437,Holiday Region Campaign,Seasonal,TikTok,TikTok,affiliate,JPN,Asia,2026-03-18,2026-04-11,174243.07,78046.73,JPY,91208,4246,644,2026-03-18 12:44:14,elizabeth.mullins042@platform.example.com
,CAMP-2026-03-000438,Member Lose Campaign,Seasonal,Email,Meta,cpc,SGP,Asia,2026-03-03,2026-03-21,95229.87,65564.72,SGD,61980,625,13,2026-03-03 03:51:17,jeffery.miller012@commerce.example.com
,CAMP-2026-03-000439,Growth Pattern Campaign,Retention,Display,Meta,referral,JPN,Asia,2026-03-30,2026-04-15,424140.53,159907.95,JPY,167182,12408,243,2026-03-30 11:33:20,shawn.baxter004@dataops.example.com
,CAMP-2026-03-000440,Summer Big Campaign,Launch,TikTok,TikTok,direct,USA,North America,2026-03-25,2026-04-26,129408.01,94717.96,USD,35631,2184,236,2026-03-25 23:42:03,ryan.steele043@commerce.example.com
,CAMP-2026-03-000441,Back-to-School Many Campaign,Seasonal,Meta,Meta,email,BRA,South America,2026-03-03,2026-03-31,93834.81,74656.85,BRL,11915,724,37,2026-03-03 02:57:56,stephen.jordan063@commerce.example.com
,CAMP-2026-03-000442,Summer Myself Campaign,Brand,Affiliate,Google,affiliate,FRA,Europe,2026-03-15,2026-03-30,390501.31,241910.84,EUR,28973,1204,97,2026-03-15 16:28:48,adam.gordon030@commerce.example.com
,CAMP-2026-03-000443,Member Here Campaign,Launch,Organic,Google,email,AUS,Oceania,2026-03-27,2026-04-02,470648.9,147038.75,AUD,54733,1629,181,2026-03-27 10:29:12,tara.hansen055@dataops.example.com
,CAMP-2026-03-000444,Growth Edge Campaign,Performance,Email,TikTok,social,NLD,Europe,2026-03-21,2026-04-25,463291.28,189344.04,EUR,101679,4746,206,2026-03-21 08:40:29,judy.rogers086@platform.example.com
,CAMP-2026-03-000445,Holiday Finish Campaign,Brand,Display,Google,referral,ARE,Asia,2026-03-10,2026-03-24,325972.78,324716.26,AED,97664,4299,144,2026-03-10 06:45:24,tina.williams074@commerce.example.com
,CAMP-2026-03-000446,Growth At Campaign,Brand,TikTok,Partner,referral,AUS,Oceania,2026-03-21,2026-03-29,420991.97,260227.01,AUD,105857,8260,296,2026-03-21 02:02:57,jeffery.miller012@commerce.example.com
,CAMP-2026-03-000447,Winter Idea Campaign,Brand,Google Ads,CRM,affiliate,AUS,Oceania,2026-03-09,2026-03-26,236210.98,208123.8,AUD,195856,3946,611,2026-03-09 21:02:14,tammy.smith009@platform.example.com
,CAMP-2026-03-000448,Back-to-School Month Campaign,Retention,Google Ads,Google,direct,AUS,Oceania,2026-03-17,2026-04-20,105516.37,85746.86,AUD,75074,4667,262,2026-03-17 01:12:57,arthur.ortiz082@platform.example.com
,CAMP-2026-03-000449,Member Military Campaign,Retention,Organic,TikTok,direct,JPN,Asia,2026-03-19,2026-04-05,199210.0,62017.11,JPY,44163,1709,284,2026-03-19 06:35:18,maria.ashley046@analytics.example.com
,CAMP-2026-03-000450,Winter Writer Campaign,Brand,Affiliate,Google,affiliate,MEX,North America,2026-03-24,2026-04-11,69188.7,37515.44,MXN,78157,3667,654,2026-03-24 06:55:44,eric.mullen052@dataops.example.com
,CAMP-2026-03-000451,Holiday Note Campaign,Retention,Email,TikTok,referral,AUS,Oceania,2026-03-23,2026-04-14,5168.93,3962.11,AUD,80173,1269,52,2026-03-23 09:25:47,jonathan.jimenez057@platform.example.com
,CAMP-2026-03-000452,Member These Campaign,Brand,Google Ads,Partner,direct,BRA,South America,2026-03-08,2026-03-31,341704.54,177193.4,BRL,118175,4395,333,2026-03-08 15:09:00,linda.davis105@analytics.example.com
,CAMP-2026-03-000453,Member Buy Campaign,Seasonal,Display,Partner,email,AUS,Oceania,2026-03-08,2026-04-08,164542.22,92945.05,AUD,518153,12000,726,2026-03-08 07:30:34,patrick.gonzalez035@dataops.example.com
,CAMP-2026-03-000454,Summer Since Campaign,Brand,Organic,Google,email,GBR,Europe,2026-03-26,2026-04-17,279369.74,245049.6,GBP,54918,1153,42,2026-03-26 17:45:12,richard.bradshaw051@platform.example.com
,CAMP-2026-03-000455,Winter Level Campaign,Performance,TikTok,TikTok,cpc,ESP,Europe,2026-03-12,2026-04-08,146808.38,118666.33,EUR,167767,9967,1396,2026-03-12 16:44:46,stephanie.miller092@analytics.example.com
,CAMP-2026-03-000456,Winter Man Campaign,Performance,Meta,Meta,direct,IND,Asia,2026-03-20,2026-03-23,169575.81,127383.84,INR,99615,3022,253,2026-03-20 23:18:16,michael.johnson061@platform.example.com
,CAMP-2026-03-000457,Back-to-School Product Campaign,Retention,Display,Partner,direct,SGP,Asia,2026-03-16,2026-04-09,346373.98,238762.58,SGD,51510,2537,79,2026-03-16 03:56:36,judy.rogers086@platform.example.com
,CAMP-2026-03-000458,Member Second Campaign,Flash Sale,Affiliate,CRM,organic,MEX,North America,2026-03-14,2026-04-12,103706.02,44121.38,MXN,54860,1776,189,2026-03-14 17:23:00,tina.williams074@commerce.example.com
,CAMP-2026-03-000459,Member Difficult Campaign,Launch,Display,Google,email,FRA,Europe,2026-03-13,2026-03-16,349934.85,166866.79,EUR,120314,4413,769,2026-03-13 23:34:57,raymond.pineda079@platform.example.com
,CAMP-2026-03-000460,Holiday Rather Campaign,Flash Sale,Google Ads,TikTok,affiliate,FRA,Europe,2026-03-23,2026-04-02,403382.14,244424.82,EUR,66839,1906,142,2026-03-23 16:41:38,jimmy.washington028@commerce.example.com
,CAMP-2026-03-000461,Growth Agree Campaign,Flash Sale,Affiliate,CRM,direct,GBR,Europe,2026-03-29,2026-04-01,258159.03,231077.52,GBP,15771,596,7,2026-03-29 01:18:12,micheal.hall064@dataops.example.com
,CAMP-2026-03-000462,Back-to-School None Campaign,Seasonal,TikTok,TikTok,email,NLD,Europe,2026-03-13,2026-04-14,449892.32,205924.02,EUR,196011,4862,341,2026-03-13 04:28:24,micheal.chen050@dataops.example.com
,CAMP-2026-03-000463,Holiday Need Campaign,Performance,TikTok,Meta,direct,ITA,Europe,2026-03-03,2026-03-20,374074.92,197581.9,EUR,75435,4395,247,2026-03-03 04:31:29,sandra.hunter036@platform.example.com
,CAMP-2026-03-000464,Summer Imagine Campaign,Launch,Email,CRM,social,IND,Asia,2026-03-29,2026-04-14,236821.11,218569.56,INR,66271,4034,447,2026-03-29 08:17:34,jonathan.jimenez057@platform.example.com
,CAMP-2026-03-000465,Winter Become Campaign,Seasonal,Meta,CRM,organic,CAN,North America,2026-03-26,2026-04-15,261833.05,138695.43,CAD,39996,2277,30,2026-03-26 04:04:50,kevin.mathews014@analytics.example.com
,CAMP-2026-03-000466,Winter Evening Campaign,Brand,Meta,CRM,organic,DEU,Europe,2026-03-16,2026-04-11,233760.15,182491.1,EUR,74405,5054,143,2026-03-16 22:56:51,denise.beck077@analytics.example.com
,CAMP-2026-03-000467,Back-to-School Western Campaign,Seasonal,Organic,Partner,affiliate,FRA,Europe,2026-03-25,2026-03-30,235143.42,129270.45,EUR,56533,2636,440,2026-03-25 23:36:07,jonathan.jimenez057@platform.example.com
,CAMP-2026-03-000468,Summer Poor Campaign,Performance,Organic,Partner,social,ITA,Europe,2026-03-04,2026-03-15,164906.31,150283.98,EUR,139749,6867,218,2026-03-04 08:03:58,troy.boone097@platform.example.com
,CAMP-2026-03-000469,Summer Continue Campaign,Seasonal,Meta,Meta,affiliate,JPN,Asia,2026-03-18,2026-04-15,338443.55,242873.5,JPY,87215,1437,193,2026-03-18 07:59:19,taylor.cunningham023@commerce.example.com
,CAMP-2026-03-000470,Growth Picture Campaign,Launch,Email,CRM,direct,NLD,Europe,2026-03-30,2026-04-05,418885.33,132716.35,EUR,347074,3803,356,2026-03-30 08:47:48,andrea.cummings039@platform.example.com
,CAMP-2026-03-000471,Member Big Campaign,Retention,Meta,CRM,social,ESP,Europe,2026-03-13,2026-04-04,191761.43,189037.78,EUR,78859,2823,397,2026-03-13 16:03:19,michael.brewer084@analytics.example.com
,CAMP-2026-03-000472,Winter Claim Campaign,Performance,TikTok,CRM,email,BRA,South America,2026-03-05,2026-04-02,76694.53,72913.72,BRL,213944,5606,536,2026-03-05 21:57:20,ryan.steele043@commerce.example.com
,CAMP-2026-03-000473,Winter Ground Campaign,Flash Sale,Google Ads,Google,referral,GBR,Europe,2026-03-26,2026-04-04,234664.65,206608.98,GBP,115687,3780,309,2026-03-26 11:15:46,rachel.hall062@platform.example.com
,CAMP-2026-03-000474,Winter Rest Campaign,Brand,Display,TikTok,email,USA,North America,2026-03-27,2026-04-18,105049.71,99994.44,USD,62744,3241,543,2026-03-27 07:40:29,stephanie.miller092@analytics.example.com
,CAMP-2026-03-000475,Member Tax Campaign,Performance,Meta,Partner,email,SGP,Asia,2026-03-16,2026-04-07,459082.76,433545.0,SGD,29522,322,47,2026-03-16 06:35:26,raymond.davis085@analytics.example.com
,CAMP-2026-03-000476,Holiday Official Campaign,Launch,Display,Meta,affiliate,JPN,Asia,2026-03-25,2026-03-28,315610.7,293589.78,JPY,31064,425,42,2026-03-25 19:26:25,michael.brewer084@analytics.example.com
,CAMP-2026-03-000477,Holiday Change Campaign,Performance,Google Ads,CRM,affiliate,AUS,Oceania,2026-03-08,2026-03-16,153601.19,110447.1,AUD,179888,4360,400,2026-03-08 07:19:28,darren.anderson025@dataops.example.com
,CAMP-2026-03-000478,Growth Season Campaign,Seasonal,Organic,CRM,cpc,MEX,North America,2026-03-15,2026-03-24,469918.42,144483.59,MXN,62774,2239,132,2026-03-15 09:41:25,jason.franklin045@dataops.example.com
,CAMP-2026-03-000479,Member There Campaign,Seasonal,Google Ads,Partner,email,ITA,Europe,2026-03-31,2026-04-25,208630.86,154887.83,EUR,13602,875,39,2026-03-31 06:02:49,ashley.marks069@commerce.example.com
,CAMP-2026-03-000480,Winter Just Campaign,Seasonal,Email,CRM,organic,JPN,Asia,2026-03-29,2026-04-07,319222.86,211754.68,JPY,29167,2223,304,2026-03-29 22:35:41,lance.williams029@platform.example.com
,CAMP-2026-03-000481,Summer Meet Campaign,Launch,Display,Partner,referral,NLD,Europe,2026-03-12,2026-03-16,311017.41,139469.59,EUR,83952,6666,199,2026-03-12 07:56:21,alyssa.richards002@commerce.example.com
,CAMP-2026-03-000482,Member Down Campaign,Retention,Email,Google,email,SGP,Asia,2026-03-06,2026-03-17,462920.85,408450.58,SGD,43446,2888,34,2026-03-06 03:49:36,michael.johnson061@platform.example.com
,CAMP-2026-03-000483,Holiday Challenge Campaign,Brand,TikTok,TikTok,organic,ARE,Asia,2026-03-10,2026-04-12,214384.29,120510.2,AED,32410,527,89,2026-03-10 03:59:23,joseph.griffin070@analytics.example.com
,CAMP-2026-03-000484,Member Effect Campaign,Brand,Organic,Partner,email,CAN,North America,2026-03-18,2026-03-31,32796.47,25920.08,CAD,51240,3691,458,2026-03-18 07:13:04,anita.garcia021@dataops.example.com
,CAMP-2026-03-000485,Growth Consider Campaign,Retention,Google Ads,TikTok,affiliate,BRA,South America,2026-03-27,2026-04-09,406491.55,126248.39,BRL,445090,8285,568,2026-03-27 13:14:57,eric.mullen052@dataops.example.com
,CAMP-2026-03-000486,Growth Firm Campaign,Flash Sale,TikTok,TikTok,referral,CAN,North America,2026-03-30,2026-05-04,202547.04,110678.65,CAD,74335,4437,757,2026-03-30 18:46:16,crystal.smith022@platform.example.com
,CAMP-2026-03-000487,Growth Great Campaign,Brand,Google Ads,CRM,social,ESP,Europe,2026-03-17,2026-03-20,244405.08,102780.71,EUR,70379,1806,126,2026-03-17 22:13:06,samantha.villa073@commerce.example.com
,CAMP-2026-03-000488,Winter Agree Campaign,Brand,Meta,Meta,email,SGP,Asia,2026-03-11,2026-04-03,466674.75,308559.31,SGD,82713,1061,133,2026-03-11 03:45:43,brittany.rose019@commerce.example.com
,CAMP-2026-03-000489,Summer Result Campaign,Brand,Email,Google,cpc,ESP,Europe,2026-03-10,2026-04-07,38436.73,13749.99,EUR,9317,550,20,2026-03-10 00:54:22,ashley.marks069@commerce.example.com
,CAMP-2026-03-000490,Back-to-School Economy Campaign,Seasonal,Google Ads,Google,cpc,ARE,Asia,2026-03-05,2026-03-26,25292.37,16867.57,AED,161236,8480,659,2026-03-05 04:14:05,allen.foster026@dataops.example.com
,CAMP-2026-03-000491,Summer Size Campaign,Performance,Email,Google,affiliate,GBR,Europe,2026-03-10,2026-03-26,217057.9,69618.93,GBP,590561,12457,197,2026-03-10 08:05:57,willie.long016@dataops.example.com
,CAMP-2026-03-000492,Winter Attorney Campaign,Brand,Email,TikTok,social,ESP,Europe,2026-03-12,2026-04-15,461769.14,349103.26,EUR,97492,5080,306,2026-03-12 01:18:25,nancy.gross008@dataops.example.com
,CAMP-2026-03-000493,Summer Why Campaign,Seasonal,Affiliate,Meta,social,BRA,South America,2026-03-17,2026-03-26,41179.25,36844.03,BRL,1094720,52922,7125,2026-03-17 08:19:37,yolanda.vasquez005@platform.example.com
,CAMP-2026-03-000494,Winter Chair Campaign,Seasonal,Organic,Partner,referral,USA,North America,2026-03-01,2026-03-25,141198.46,118977.2,USD,235993,15751,258,2026-03-01 07:18:27,timothy.cannon081@analytics.example.com
,CAMP-2026-03-000495,Holiday Open Campaign,Seasonal,Display,Google,referral,NLD,Europe,2026-03-05,2026-03-31,150488.53,45340.16,EUR,182485,14088,1709,2026-03-05 07:31:28,jennifer.hudson020@analytics.example.com
,CAMP-2026-03-000496,Summer Son Campaign,Performance,Google Ads,CRM,social,CAN,North America,2026-03-31,2026-05-01,284333.74,123840.22,CAD,24201,1013,156,2026-03-31 10:43:34,andrea.cummings039@platform.example.com
,CAMP-2026-03-000497,Back-to-School Present Campaign,Retention,Display,CRM,social,GBR,Europe,2026-03-19,2026-03-26,245553.17,118138.22,GBP,122707,7782,461,2026-03-19 16:13:04,raymond.pineda079@platform.example.com
,CAMP-2026-03-000498,Summer Heart Campaign,Launch,TikTok,Partner,affiliate,USA,North America,2026-03-20,2026-04-07,428265.51,386649.81,USD,62475,1308,144,2026-03-20 08:06:30,michelle.sims041@analytics.example.com
,CAMP-2026-03-000499,Growth Course Campaign,Performance,Meta,TikTok,cpc,SGP,Asia,2026-03-15,2026-04-03,110684.44,45708.6,SGD,82419,1205,92,2026-03-15 02:38:08,kristin.krueger034@analytics.example.com
,CAMP-2026-03-000500,Holiday Effect Campaign,Retention,Affiliate,TikTok,referral,NLD,Europe,2026-03-25,2026-04-11,419033.66,130182.5,EUR,155253,4878,855,2026-03-25 05:53:18,joseph.johnson049@dataops.example.com
,CAMP-2026-03-000501,Growth Money Campaign,Performance,Affiliate,TikTok,referral,USA,North America,2026-03-23,2026-04-01,218582.79,191843.23,USD,171773,12731,1416,2026-03-23 16:43:17,eric.horton058@analytics.example.com
,CAMP-2026-03-000502,Summer We Campaign,Performance,Organic,TikTok,organic,SGP,Asia,2026-03-09,2026-03-27,97147.92,51095.12,SGD,61937,2631,96,2026-03-09 10:03:04,curtis.williams033@dataops.example.com
,CAMP-2026-03-000503,Holiday Produce Campaign,Brand,Email,Partner,email,AUS,Oceania,2026-03-17,2026-04-13,113856.77,110755.83,AUD,39732,688,54,2026-03-17 11:35:59,ashley.marks069@commerce.example.com
,CAMP-2026-03-000504,Growth Too Campaign,Retention,Organic,TikTok,affiliate,AUS,Oceania,2026-03-16,2026-04-14,281963.48,183260.5,AUD,147795,7812,545,2026-03-16 23:37:58,brittany.barber031@commerce.example.com
,CAMP-2026-03-000505,Holiday Keep Campaign,Seasonal,Organic,Google,email,NLD,Europe,2026-03-07,2026-03-26,480306.23,168214.53,EUR,30958,2225,258,2026-03-07 09:36:33,russell.miller054@platform.example.com
,CAMP-2026-03-000506,Winter Already Campaign,Seasonal,Affiliate,Meta,organic,ARE,Asia,2026-03-30,2026-04-12,94207.16,79845.31,AED,24808,703,74,2026-03-30 13:15:47,jack.smith053@analytics.example.com
,CAMP-2026-03-000507,Summer Foot Campaign,Retention,Affiliate,Partner,email,CAN,North America,2026-03-14,2026-04-05,9780.84,7609.59,CAD,118497,8626,559,2026-03-14 17:36:55,kenneth.rodgers059@analytics.example.com
,CAMP-2026-03-000508,Holiday Water Campaign,Seasonal,Email,CRM,direct,ESP,Europe,2026-03-15,2026-04-07,194003.23,103298.98,EUR,44111,1575,96,2026-03-15 19:03:24,crystal.smith022@platform.example.com
,CAMP-2026-03-000509,Holiday Style Campaign,Brand,Email,TikTok,direct,BRA,South America,2026-03-20,2026-03-23,82456.79,60494.96,BRL,84786,5203,224,2026-03-20 11:15:21,michael.brewer084@analytics.example.com
,CAMP-2026-03-000510,Member Imagine Campaign,Brand,TikTok,Google,organic,AUS,Oceania,2026-03-31,2026-05-04,405126.15,267772.49,AUD,71858,1113,182,2026-03-31 22:19:39,ryan.steele043@commerce.example.com
,CAMP-2026-03-000511,Back-to-School None Campaign,Seasonal,Email,TikTok,direct,MEX,North America,2026-03-05,2026-03-17,27053.13,14127.39,MXN,225842,13407,1286,2026-03-05 21:43:32,michael.johnson061@platform.example.com
,CAMP-2026-03-000512,Growth Whole Campaign,Retention,Organic,CRM,referral,ESP,Europe,2026-03-13,2026-04-02,440269.43,417974.0,EUR,348715,20183,890,2026-03-13 06:05:16,dominic.hodges075@platform.example.com
,CAMP-2026-03-000513,Back-to-School Eat Campaign,Retention,Display,TikTok,cpc,AUS,Oceania,2026-03-31,2026-04-07,133378.61,134529.73,AUD,1629128,79453,10244,2026-03-31 04:43:50,andrea.cummings039@platform.example.com
,CAMP-2026-03-000514,Growth Area Campaign,Performance,Organic,TikTok,direct,ITA,Europe,2026-03-09,2026-03-13,410182.69,375192.07,EUR,51782,1363,242,2026-03-09 03:40:43,samantha.villa073@commerce.example.com
,CAMP-2026-03-000515,Summer Manager Campaign,Performance,Email,TikTok,direct,SGP,Asia,2026-03-27,2026-04-21,264759.53,149010.18,SGD,93417,4021,486,2026-03-27 20:30:22,crystal.smith022@platform.example.com
,CAMP-2026-03-000516,Growth Seat Campaign,Flash Sale,Organic,CRM,affiliate,ARE,Asia,2026-03-16,2026-04-11,235949.02,105178.16,AED,144465,6149,826,2026-03-16 15:58:51,carol.bonilla067@analytics.example.com
,CAMP-2026-03-000517,Member Here Campaign,Seasonal,Meta,Google,organic,FRA,Europe,2026-03-16,2026-04-09,410925.27,219435.8,EUR,146290,6976,159,2026-03-16 03:11:44,benjamin.brooks117@dataops.example.com
,CAMP-2026-03-000518,Growth Situation Campaign,Brand,Google Ads,Google,affiliate,AUS,Oceania,2026-03-12,2026-04-05,366039.73,253812.29,AUD,58135,4321,544,2026-03-12 00:25:55,eric.horton058@analytics.example.com
,CAMP-2026-03-000519,Back-to-School Culture Campaign,Seasonal,Affiliate,Partner,email,SGP,Asia,2026-03-04,2026-03-14,308008.1,313636.21,SGD,369581,8440,1477,2026-03-04 08:52:09,alyssa.richards002@commerce.example.com
,CAMP-2026-03-000520,Back-to-School Continue Campaign,Seasonal,Email,TikTok,affiliate,JPN,Asia,2026-03-15,2026-04-03,328362.38,301195.04,JPY,31487,2213,278,2026-03-15 08:32:21,raymond.davis085@analytics.example.com
,CAMP-2026-03-000521,Winter Finally Campaign,Retention,Google Ads,CRM,social,DEU,Europe,2026-03-28,2026-04-10,117185.29,53850.98,EUR,239513,9530,163,2026-03-28 12:36:58,timothy.cannon081@analytics.example.com
,CAMP-2026-03-000522,Holiday Discussion Campaign,Seasonal,Google Ads,Google,organic,CAN,North America,2026-03-04,2026-04-01,242189.89,157023.51,CAD,114678,8238,959,2026-03-04 10:06:49,nicholas.wilson027@analytics.example.com
,CAMP-2026-03-000523,Winter Audience Campaign,Seasonal,Affiliate,Meta,affiliate,USA,North America,2026-03-17,2026-04-13,434961.14,147381.28,USD,118747,1661,39,2026-03-17 16:41:55,stephanie.miller092@analytics.example.com
,CAMP-2026-03-000524,Winter Rule Campaign,Retention,Affiliate,Google,cpc,CAN,North America,2026-03-03,2026-03-06,340853.65,224202.12,CAD,92105,4314,525,2026-03-03 20:21:02,kathleen.white007@analytics.example.com
,CAMP-2026-03-000525,Winter Beat Campaign,Brand,Google Ads,TikTok,direct,ESP,Europe,2026-03-18,2026-04-22,106423.74,34765.57,EUR,9374,220,17,2026-03-18 21:30:13,micheal.chen050@dataops.example.com
,CAMP-2026-03-000526,Winter Expect Campaign,Performance,Google Ads,CRM,affiliate,ITA,Europe,2026-03-22,2026-03-26,471576.23,450936.39,EUR,116996,5586,610,2026-03-22 15:45:14,raymond.davis085@analytics.example.com
,CAMP-2026-03-000527,Growth Occur Campaign,Seasonal,Affiliate,Meta,social,JPN,Asia,2026-03-28,2026-04-18,136817.89,85570.19,JPY,109607,6684,336,2026-03-28 06:57:01,renee.harvey080@dataops.example.com
,CAMP-2026-03-000528,Winter Free Campaign,Seasonal,Google Ads,Partner,direct,AUS,Oceania,2026-03-17,2026-04-01,388614.94,226286.82,AUD,600518,27163,2257,2026-03-17 18:04:37,linda.davis105@analytics.example.com
,CAMP-2026-03-000529,Holiday Dog Campaign,Retention,Organic,Google,affiliate,ARE,Asia,2026-03-02,2026-03-23,277950.87,228939.31,AED,93972,2356,273,2026-03-02 07:50:28,kathleen.white007@analytics.example.com
,CAMP-2026-03-000530,Holiday Middle Campaign,Retention,Organic,CRM,organic,ITA,Europe,2026-03-01,2026-03-11,67102.44,45816.37,EUR,53934,1804,143,2026-03-01 08:36:44,arthur.ortiz082@platform.example.com
,CAMP-2026-03-000531,Winter Point Campaign,Retention,TikTok,Meta,cpc,GBR,Europe,2026-03-14,2026-04-10,226638.56,134372.65,GBP,33077,2088,290,2026-03-14 03:19:35,jennifer.yu037@dataops.example.com
,CAMP-2026-03-000532,Back-to-School Including Campaign,Retention,Meta,Partner,organic,GBR,Europe,2026-03-20,2026-04-13,218146.41,184985.83,GBP,10998,846,53,2026-03-20 12:29:58,timothy.cannon081@analytics.example.com
,CAMP-2026-03-000533,Back-to-School Son Campaign,Seasonal,Email,CRM,organic,JPN,Asia,2026-03-21,2026-04-17,83472.66,58069.74,JPY,160956,4238,705,2026-03-21 12:13:39,brittany.rose019@commerce.example.com
,CAMP-2026-03-000534,Winter Maintain Campaign,Seasonal,Display,Partner,social,FRA,Europe,2026-03-12,2026-04-05,25136.23,8394.59,EUR,76839,4332,195,2026-03-12 17:24:50,christine.johnson056@commerce.example.com
,CAMP-2026-03-000535,Growth Side Campaign,Performance,TikTok,Google,affiliate,GBR,Europe,2026-03-10,2026-04-08,40699.37,36244.24,GBP,127427,4811,353,2026-03-10 05:57:57,adam.gordon030@commerce.example.com
,CAMP-2026-03-000536,Back-to-School Quite Campaign,Launch,Email,Google,referral,CAN,North America,2026-03-26,2026-04-11,117451.56,102574.89,CAD,49073,825,20,2026-03-26 01:42:10,arthur.ortiz082@platform.example.com
,CAMP-2026-03-000537,Holiday Pull Campaign,Seasonal,Google Ads,TikTok,social,CAN,North America,2026-03-03,2026-03-08,286889.19,198210.23,CAD,124400,2194,99,2026-03-03 21:16:04,adam.gordon030@commerce.example.com
,CAMP-2026-03-000538,Back-to-School Analysis Campaign,Performance,TikTok,Meta,cpc,MEX,North America,2026-03-17,2026-03-31,48186.68,41621.08,MXN,23760,1432,32,2026-03-17 01:27:47,micheal.hall064@dataops.example.com
,CAMP-2026-03-000539,Member General Campaign,Brand,TikTok,TikTok,social,NLD,Europe,2026-03-26,2026-03-30,333570.7,147839.85,EUR,34298,2027,290,2026-03-26 00:08:43,rebecca.white032@dataops.example.com
,CAMP-2026-03-000540,Back-to-School Receive Campaign,Seasonal,Email,Google,affiliate,AUS,Oceania,2026-03-26,2026-04-09,490602.71,309575.64,AUD,1029486,55738,3883,2026-03-26 12:24:57,ashley.marks069@commerce.example.com
,CAMP-2026-03-000541,Summer Discussion Campaign,Launch,Meta,Meta,email,ESP,Europe,2026-03-03,2026-03-30,418379.95,150711.64,EUR,128194,9362,935,2026-03-03 00:39:00,oscar.owens072@analytics.example.com
,CAMP-2026-03-000542,Summer Wish Campaign,Retention,Meta,CRM,direct,DEU,Europe,2026-03-30,2026-04-18,56787.45,53181.83,EUR,369699,26878,4082,2026-03-30 10:22:34,jennifer.bauer068@analytics.example.com
,CAMP-2026-03-000543,Summer Ahead Campaign,Flash Sale,Organic,CRM,direct,ARE,Asia,2026-03-14,2026-04-06,364466.42,299094.03,AED,20690,1109,143,2026-03-14 04:37:31,curtis.williams033@dataops.example.com
,CAMP-2026-03-000544,Member Food Campaign,Retention,Display,Google,social,SGP,Asia,2026-03-08,2026-03-11,416324.85,413858.66,SGD,108519,6371,585,2026-03-08 06:39:10,jennifer.shepherd015@analytics.example.com
,CAMP-2026-03-000545,Winter Character Campaign,Brand,TikTok,TikTok,email,DEU,Europe,2026-03-05,2026-03-29,364889.43,369348.1,EUR,766761,38585,1790,2026-03-05 13:48:19,russell.miller054@platform.example.com
,CAMP-2026-03-000546,Holiday Around Campaign,Seasonal,Display,Partner,direct,MEX,North America,2026-03-30,2026-04-07,191534.81,76688.74,MXN,37550,1257,45,2026-03-30 17:42:25,raymond.pineda079@platform.example.com
,CAMP-2026-03-000547,Holiday Threat Campaign,Flash Sale,TikTok,Meta,cpc,NLD,Europe,2026-03-02,2026-03-08,209347.98,81897.46,EUR,109767,8516,1235,2026-03-02 15:58:54,linda.davis105@analytics.example.com
,CAMP-2026-03-000548,Back-to-School Including Campaign,Launch,TikTok,Partner,direct,AUS,Oceania,2026-03-13,2026-04-05,425952.77,351654.15,AUD,46230,3514,531,2026-03-13 23:23:40,kenneth.rodgers059@analytics.example.com
,CAMP-2026-03-000549,Holiday Well Campaign,Performance,Email,CRM,cpc,IND,Asia,2026-03-10,2026-04-04,191683.07,75705.36,INR,48814,1133,160,2026-03-10 09:01:43,rachel.hall062@platform.example.com
,CAMP-2026-03-000550,Winter Board Campaign,Performance,Google Ads,TikTok,cpc,CAN,North America,2026-03-26,2026-04-30,85419.61,64096.28,CAD,122649,1996,185,2026-03-26 22:36:33,darren.anderson025@dataops.example.com
,CAMP-2026-03-000551,Holiday Pm Campaign,Seasonal,Affiliate,Google,cpc,MEX,North America,2026-03-08,2026-04-02,188648.44,174374.57,MXN,206800,4345,698,2026-03-08 06:22:06,michael.johnson061@platform.example.com
,CAMP-2026-03-000552,Winter Read Campaign,Retention,Display,Partner,cpc,MEX,North America,2026-03-19,2026-04-12,452003.57,148126.13,MXN,65819,3278,502,2026-03-19 18:18:06,brandon.yu006@analytics.example.com
,CAMP-2026-03-000553,Growth Difficult Campaign,Retention,Organic,Meta,affiliate,JPN,Asia,2026-03-23,2026-04-20,35360.64,22754.05,JPY,66832,1269,134,2026-03-23 15:05:52,taylor.cunningham023@commerce.example.com
,CAMP-2026-03-000554,Back-to-School Recently Campaign,Seasonal,TikTok,CRM,affiliate,DEU,Europe,2026-03-14,2026-04-05,382359.81,163524.26,EUR,48404,3152,190,2026-03-14 16:41:36,jennifer.bauer068@analytics.example.com
,CAMP-2026-03-000555,Growth Notice Campaign,Performance,Affiliate,CRM,direct,JPN,Asia,2026-03-11,2026-04-11,451324.56,237743.04,JPY,262983,5066,149,2026-03-11 08:13:46,lance.williams029@platform.example.com
,CAMP-2026-03-000556,Summer Believe Campaign,Retention,Google Ads,Google,direct,SGP,Asia,2026-03-24,2026-04-14,193890.89,100816.61,SGD,100005,1016,116,2026-03-24 23:32:00,jennifer.shepherd015@analytics.example.com
,CAMP-2026-03-000557,Holiday Public Campaign,Launch,Affiliate,Partner,social,IND,Asia,2026-03-21,2026-04-21,50556.03,33012.87,INR,421155,33350,2131,2026-03-21 15:49:55,adam.gordon030@commerce.example.com
,CAMP-2026-03-000558,Member Second Campaign,Launch,Organic,Meta,referral,ITA,Europe,2026-03-22,2026-04-13,246285.75,120919.43,EUR,88658,898,19,2026-03-22 17:55:46,linda.davis105@analytics.example.com
,CAMP-2026-03-000559,Back-to-School Scientist Campaign,Seasonal,Affiliate,Google,affiliate,ARE,Asia,2026-03-19,2026-03-24,302896.65,261310.92,AED,123775,2924,380,2026-03-19 05:46:05,jennifer.yu037@dataops.example.com
,CAMP-2026-03-000560,Holiday Section Campaign,Performance,Display,CRM,social,IND,Asia,2026-03-26,2026-04-26,185372.31,87386.49,INR,93020,3616,579,2026-03-26 22:31:48,michael.brewer084@analytics.example.com
,CAMP-2026-03-000561,Holiday Out Campaign,Launch,Display,CRM,direct,SGP,Asia,2026-03-27,2026-04-19,483938.36,198710.92,SGD,549911,40879,2006,2026-03-27 06:39:20,yolanda.vasquez005@platform.example.com
,CAMP-2026-03-000562,Holiday Region Campaign,Brand,TikTok,Meta,email,SGP,Asia,2026-03-02,2026-03-17,394208.37,274293.75,SGD,103728,3268,439,2026-03-02 09:59:25,nancy.gross008@dataops.example.com
,CAMP-2026-03-000563,Summer Pm Campaign,Brand,Affiliate,Meta,social,JPN,Asia,2026-03-13,2026-04-06,435395.8,398798.65,JPY,90330,2244,74,2026-03-13 14:16:48,ashley.marks069@commerce.example.com
,CAMP-2026-03-000564,Winter By Campaign,Brand,Google Ads,Meta,cpc,USA,North America,2026-03-16,2026-03-28,98374.08,78292.32,USD,233388,6083,175,2026-03-16 10:59:39,yesenia.arnold040@platform.example.com
,CAMP-2026-03-000565,Holiday Appear Campaign,Flash Sale,Email,Partner,direct,JPN,Asia,2026-03-08,2026-04-05,152450.76,118872.82,JPY,321791,16551,731,2026-03-08 14:31:29,michael.johnson061@platform.example.com
,CAMP-2026-03-000566,Back-to-School At Campaign,Retention,Meta,TikTok,organic,BRA,South America,2026-03-06,2026-03-18,437957.03,268546.21,BRL,91266,7276,178,2026-03-06 09:13:29,oscar.owens072@analytics.example.com
,CAMP-2026-03-000567,Member Necessary Campaign,Brand,Affiliate,Google,referral,NLD,Europe,2026-03-18,2026-03-23,340548.12,264701.94,EUR,29481,679,93,2026-03-18 20:26:20,jack.smith053@analytics.example.com
,CAMP-2026-03-000568,Holiday Us Campaign,Performance,Affiliate,Meta,email,MEX,North America,2026-03-11,2026-04-02,399474.84,214098.15,MXN,62118,3985,477,2026-03-11 16:21:58,raymond.davis085@analytics.example.com
,CAMP-2026-03-000569,Holiday Tax Campaign,Flash Sale,TikTok,Meta,cpc,ESP,Europe,2026-03-09,2026-03-29,158251.11,61022.0,EUR,548456,35558,5190,2026-03-09 20:24:04,elizabeth.mullins042@platform.example.com
,CAMP-2026-03-000570,Member Rate Campaign,Launch,Email,CRM,direct,MEX,North America,2026-03-21,2026-04-06,2913.77,1265.23,MXN,66850,1446,148,2026-03-21 14:22:50,nancy.gross008@dataops.example.com
,CAMP-2026-03-000571,Summer Television Campaign,Brand,Google Ads,CRM,direct,GBR,Europe,2026-03-06,2026-03-12,48390.28,35063.49,GBP,40470,2904,392,2026-03-06 23:39:10,dominic.hodges075@platform.example.com
,CAMP-2026-03-000572,Holiday Affect Campaign,Brand,Display,TikTok,email,DEU,Europe,2026-03-11,2026-03-28,428417.23,203018.5,EUR,150191,1849,257,2026-03-11 07:42:45,micheal.chen050@dataops.example.com
,CAMP-2026-03-000573,Back-to-School Candidate Campaign,Performance,Affiliate,Meta,organic,ITA,Europe,2026-03-16,2026-03-27,90642.97,79927.88,EUR,57759,4620,218,2026-03-16 16:26:51,katelyn.pitts017@commerce.example.com
,CAMP-2026-03-000574,Summer Course Campaign,Retention,Organic,Partner,social,ESP,Europe,2026-03-10,2026-03-21,160443.67,153976.47,EUR,23214,285,8,2026-03-10 12:34:51,willie.long016@dataops.example.com
,CAMP-2026-03-000575,Member Ten Campaign,Flash Sale,Organic,Google,direct,FRA,Europe,2026-03-09,2026-03-30,114209.36,68457.16,EUR,14977,663,92,2026-03-09 23:12:09,brandi.carter038@dataops.example.com
,CAMP-2026-03-000576,Member Stage Campaign,Flash Sale,Meta,Meta,direct,ARE,Asia,2026-03-21,2026-03-31,336514.09,325238.58,AED,102693,2486,181,2026-03-21 12:53:56,jack.smith053@analytics.example.com
,CAMP-2026-03-000577,Member Onto Campaign,Seasonal,Google Ads,CRM,organic,NLD,Europe,2026-03-12,2026-03-16,338228.4,288128.28,EUR,41901,2828,395,2026-03-12 13:27:37,katelyn.pitts017@commerce.example.com
,CAMP-2026-03-000578,Summer Fine Campaign,Seasonal,Google Ads,TikTok,social,DEU,Europe,2026-03-01,2026-03-30,328589.01,264062.27,EUR,23362,1849,59,2026-03-01 18:29:14,jason.franklin045@dataops.example.com
,CAMP-2026-03-000579,Growth Because Campaign,Retention,Meta,Partner,cpc,ESP,Europe,2026-03-12,2026-04-16,58785.26,43263.61,EUR,23176,1811,315,2026-03-12 09:57:16,crystal.smith022@platform.example.com
,CAMP-2026-03-000580,Holiday Fly Campaign,Seasonal,Organic,Meta,cpc,JPN,Asia,2026-03-10,2026-04-04,1799.94,999.08,JPY,193486,4395,561,2026-03-10 14:26:44,ryan.steele043@commerce.example.com
,CAMP-2026-03-000581,Member Star Campaign,Retention,Email,Partner,referral,USA,North America,2026-03-20,2026-04-21,221171.09,74155.75,USD,143688,8043,177,2026-03-20 03:22:16,shawn.baxter004@dataops.example.com
,CAMP-2026-03-000582,Back-to-School Entire Campaign,Brand,Email,Meta,social,IND,Asia,2026-03-28,2026-04-01,2897.98,2447.45,INR,397674,13931,1375,2026-03-28 11:12:52,oscar.owens072@analytics.example.com
,CAMP-2026-03-000583,Member Study Campaign,Retention,TikTok,Partner,organic,AUS,Oceania,2026-03-28,2026-04-01,344676.57,188244.59,AUD,47620,588,53,2026-03-28 05:38:13,arthur.ortiz082@platform.example.com
,CAMP-2026-03-000584,Winter Oil Campaign,Flash Sale,Display,Google,referral,FRA,Europe,2026-03-01,2026-03-29,54641.8,27242.58,EUR,65141,4089,145,2026-03-01 15:54:11,jennifer.bauer068@analytics.example.com
,CAMP-2026-03-000585,Back-to-School Anyone Campaign,Brand,Google Ads,TikTok,cpc,MEX,North America,2026-03-05,2026-03-16,247725.02,142142.3,MXN,98413,6581,433,2026-03-05 23:11:46,linda.daniels047@dataops.example.com
,CAMP-2026-03-000586,Holiday Wait Campaign,Brand,Organic,CRM,cpc,SGP,Asia,2026-03-22,2026-04-17,378603.7,314496.9,SGD,131178,6719,449,2026-03-22 19:08:15,michael.berger060@platform.example.com
,CAMP-2026-03-000587,Winter Never Campaign,Launch,Display,TikTok,social,DEU,Europe,2026-03-08,2026-04-01,499525.61,324197.05,EUR,214022,4635,312,2026-03-08 06:12:15,jennifer.erickson018@platform.example.com
,CAMP-2026-03-000588,Member Never Campaign,Brand,TikTok,CRM,organic,USA,North America,2026-03-22,2026-04-18,158182.16,131430.34,USD,169449,7778,1246,2026-03-22 08:19:17,jennifer.shepherd015@analytics.example.com
,CAMP-2026-03-000589,Growth Establish Campaign,Performance,Meta,Google,email,FRA,Europe,2026-03-04,2026-03-07,207987.7,170148.72,EUR,74088,4523,284,2026-03-04 08:22:30,jonathan.jimenez057@platform.example.com
,CAMP-2026-03-000590,Growth Tell Campaign,Retention,Email,CRM,social,MEX,North America,2026-03-21,2026-03-27,397205.76,131726.04,MXN,383411,18185,2739,2026-03-21 21:25:44,curtis.williams033@dataops.example.com
,CAMP-2026-03-000591,Winter Into Campaign,Performance,Organic,CRM,organic,MEX,North America,2026-03-19,2026-04-19,366639.81,221567.36,MXN,60911,3020,184,2026-03-19 20:35:25,tara.hansen055@dataops.example.com
,CAMP-2026-03-000592,Growth Republican Campaign,Performance,Email,CRM,email,CAN,North America,2026-03-06,2026-03-13,265633.61,155130.11,CAD,157014,5974,256,2026-03-06 02:59:31,ryan.steele043@commerce.example.com
,CAMP-2026-03-000593,Growth Would Campaign,Launch,Google Ads,Google,cpc,AUS,Oceania,2026-03-30,2026-04-20,56261.85,21585.75,AUD,561399,24636,2845,2026-03-30 06:35:10,sandra.hunter036@platform.example.com
,CAMP-2026-03-000594,Summer Bag Campaign,Flash Sale,Email,TikTok,social,ARE,Asia,2026-03-18,2026-04-18,18810.17,15598.95,AED,1164362,67158,2048,2026-03-18 15:35:12,andrea.cummings039@platform.example.com
,CAMP-2026-03-000595,Back-to-School Per Campaign,Launch,Organic,TikTok,direct,NLD,Europe,2026-03-28,2026-04-07,414190.05,294706.47,EUR,4562,197,26,2026-03-28 03:15:28,curtis.williams033@dataops.example.com
,CAMP-2026-03-000596,Holiday Money Campaign,Brand,TikTok,Partner,referral,ITA,Europe,2026-03-04,2026-03-28,412476.59,347609.84,EUR,332999,18153,2537,2026-03-04 01:38:37,chelsea.patel065@commerce.example.com
,CAMP-2026-03-000597,Holiday Computer Campaign,Retention,Meta,TikTok,referral,DEU,Europe,2026-03-16,2026-04-14,460132.42,360272.7,EUR,34948,793,99,2026-03-16 06:07:00,brittany.rose019@commerce.example.com
,CAMP-2026-03-000598,Back-to-School From Campaign,Brand,Google Ads,Meta,affiliate,DEU,Europe,2026-03-26,2026-04-21,250857.94,184560.03,EUR,234776,13489,580,2026-03-26 14:00:03,renee.harvey080@dataops.example.com
,CAMP-2026-03-000599,Summer Amount Campaign,Retention,Organic,Meta,affiliate,DEU,Europe,2026-03-12,2026-04-04,22723.97,18574.69,EUR,49691,1605,185,2026-03-12 20:35:16,richard.bradshaw051@platform.example.com
,CAMP-2026-03-000600,Holiday Lay Campaign,Retention,Email,TikTok,organic,IND,Asia,2026-03-30,2026-04-23,250561.97,94249.28,INR,26854,1367,187,2026-03-30 21:09:58,eric.horton058@analytics.example.com
,CAMP-2026-03-000601,Back-to-School Congress Campaign,Retention,Display,Google,organic,ARE,Asia,2026-03-08,2026-03-20,328361.72,281291.97,AED,246957,6781,194,2026-03-08 18:47:00,susan.rice083@commerce.example.com
,CAMP-2026-03-000602,Summer Dinner Campaign,Performance,Email,CRM,email,ARE,Asia,2026-03-30,2026-05-03,169526.13,76591.94,AED,54752,1774,250,2026-03-30 05:54:16,nancy.gross008@dataops.example.com
,CAMP-2026-03-000603,Holiday Outside Campaign,Brand,Organic,Meta,cpc,ITA,Europe,2026-03-03,2026-03-14,34178.23,18058.08,EUR,116117,6907,569,2026-03-03 14:28:42,christine.johnson056@commerce.example.com
,CAMP-2026-03-000604,Growth Sit Campaign,Retention,Display,Google,email,ITA,Europe,2026-03-19,2026-04-08,361619.42,261459.32,EUR,404702,17957,2408,2026-03-19 00:47:21,yesenia.arnold040@platform.example.com
,CAMP-2026-03-000605,Holiday Science Campaign,Seasonal,TikTok,CRM,affiliate,ESP,Europe,2026-03-27,2026-03-30,225054.82,159011.51,EUR,49755,3543,505,2026-03-27 12:33:48,eric.mullen052@dataops.example.com
,CAMP-2026-03-000606,Growth Lead Campaign,Launch,Email,Meta,affiliate,GBR,Europe,2026-03-27,2026-04-01,145320.97,92642.98,GBP,17041,888,43,2026-03-27 11:13:53,oscar.owens072@analytics.example.com
,CAMP-2026-03-000607,Back-to-School Think Campaign,Launch,Email,Partner,email,ARE,Asia,2026-03-02,2026-03-08,94016.14,83766.18,AED,169456,7097,83,2026-03-02 02:16:51,mary.jordan048@analytics.example.com
,CAMP-2026-03-000608,Back-to-School Book Campaign,Flash Sale,Display,CRM,social,ITA,Europe,2026-03-15,2026-03-19,145924.28,49686.96,EUR,56239,4123,285,2026-03-15 16:26:29,christine.johnson056@commerce.example.com
,CAMP-2026-03-000609,Back-to-School Home Campaign,Seasonal,Meta,TikTok,cpc,DEU,Europe,2026-03-11,2026-03-14,282432.55,248032.3,EUR,165153,13087,267,2026-03-11 04:14:33,elizabeth.mullins042@platform.example.com
,CAMP-2026-03-000610,Holiday Yourself Campaign,Launch,Email,Meta,organic,USA,North America,2026-03-02,2026-03-18,139952.36,88273.08,USD,97537,5912,823,2026-03-02 10:10:44,raymond.davis085@analytics.example.com
,CAMP-2026-03-000611,Winter Customer Campaign,Brand,TikTok,TikTok,referral,AUS,Oceania,2026-03-09,2026-03-25,17967.0,5486.96,AUD,12105,326,11,2026-03-09 08:24:11,jennifer.atkins003@platform.example.com
,CAMP-2026-03-000612,Winter Dog Campaign,Flash Sale,Organic,Google,affiliate,SGP,Asia,2026-03-14,2026-03-22,333610.93,111775.75,SGD,69547,2126,93,2026-03-14 04:12:47,kevin.mathews014@analytics.example.com
,CAMP-2026-03-000613,Summer Such Campaign,Brand,Organic,Google,organic,ESP,Europe,2026-03-30,2026-04-19,453534.61,177633.03,EUR,130219,6355,409,2026-03-30 04:57:44,nicholas.wilson027@analytics.example.com
,CAMP-2026-03-000614,Member Seem Campaign,Launch,Affiliate,Meta,cpc,DEU,Europe,2026-03-05,2026-03-10,378727.31,376920.24,EUR,538059,32242,1422,2026-03-05 06:09:18,carol.bonilla067@analytics.example.com
,CAMP-2026-03-000615,Holiday Toward Campaign,Performance,Organic,Meta,direct,SGP,Asia,2026-03-10,2026-04-10,168410.2,113392.45,SGD,93584,3978,475,2026-03-10 09:09:51,chelsea.patel065@commerce.example.com
,CAMP-2026-03-000616,Back-to-School Body Campaign,Retention,Display,Partner,affiliate,IND,Asia,2026-03-24,2026-04-12,476610.09,250228.28,INR,125537,2080,68,2026-03-24 00:40:19,ryan.steele043@commerce.example.com
,CAMP-2026-03-000617,Growth Serious Campaign,Launch,Organic,TikTok,cpc,JPN,Asia,2026-03-15,2026-04-12,435800.08,203568.31,JPY,51045,1453,67,2026-03-15 05:55:50,ryan.steele043@commerce.example.com
,CAMP-2026-03-000618,Winter Treatment Campaign,Performance,Organic,CRM,email,SGP,Asia,2026-03-03,2026-03-11,52867.69,47941.86,SGD,86654,3725,554,2026-03-03 15:56:46,eric.horton058@analytics.example.com
,CAMP-2026-03-000619,Back-to-School Role Campaign,Performance,Display,Meta,email,FRA,Europe,2026-03-06,2026-03-13,402080.93,169551.79,EUR,78350,3980,124,2026-03-06 02:37:53,ashley.marks069@commerce.example.com
,CAMP-2026-03-000620,Growth Deal Campaign,Seasonal,Organic,Google,affiliate,CAN,North America,2026-03-16,2026-04-16,307599.52,176401.18,CAD,325201,5941,603,2026-03-16 08:24:08,katelyn.pitts017@commerce.example.com
,CAMP-2026-03-000621,Summer Positive Campaign,Launch,Google Ads,Google,organic,USA,North America,2026-03-08,2026-03-15,230812.8,214000.06,USD,388373,14776,783,2026-03-08 03:51:31,jason.franklin045@dataops.example.com
,CAMP-2026-03-000622,Winter Past Campaign,Seasonal,Google Ads,TikTok,social,JPN,Asia,2026-03-20,2026-04-01,280840.95,160196.53,JPY,759362,34906,3550,2026-03-20 21:25:22,stephanie.miller092@analytics.example.com
,CAMP-2026-03-000623,Holiday Western Campaign,Brand,Email,TikTok,cpc,USA,North America,2026-03-22,2026-04-22,299365.51,107517.77,USD,28206,1016,179,2026-03-22 17:51:14,kenneth.rodgers059@analytics.example.com
,CAMP-2026-03-000624,Member Continue Campaign,Performance,Meta,TikTok,social,NLD,Europe,2026-03-22,2026-04-05,253451.12,179126.01,EUR,47349,2270,61,2026-03-22 03:17:45,taylor.cunningham023@commerce.example.com
,CAMP-2026-03-000625,Growth Strong Campaign,Performance,Email,Partner,social,DEU,Europe,2026-03-27,2026-04-02,51210.13,30533.32,EUR,152473,11004,1651,2026-03-27 20:49:55,yesenia.arnold040@platform.example.com
,CAMP-2026-03-000626,Member Seat Campaign,Retention,Meta,TikTok,referral,IND,Asia,2026-03-28,2026-04-02,114580.31,49282.79,INR,11783,475,46,2026-03-28 07:27:21,patrick.gonzalez035@dataops.example.com
,CAMP-2026-03-000627,Winter Yes Campaign,Launch,TikTok,CRM,cpc,ESP,Europe,2026-03-30,2026-04-08,157144.06,65825.57,EUR,282226,12131,1900,2026-03-30 00:25:40,yolanda.vasquez005@platform.example.com
,CAMP-2026-03-000628,Back-to-School Degree Campaign,Launch,Affiliate,Google,affiliate,JPN,Asia,2026-03-08,2026-03-26,68459.19,53813.21,JPY,23932,1085,164,2026-03-08 11:43:14,christine.johnson056@commerce.example.com
,CAMP-2026-03-000629,Growth Cultural Campaign,Launch,TikTok,Google,social,JPN,Asia,2026-03-31,2026-04-05,213645.59,78039.79,JPY,291455,12570,831,2026-03-31 02:21:28,christine.johnson056@commerce.example.com
,CAMP-2026-03-000630,Holiday Month Campaign,Performance,Meta,Google,email,DEU,Europe,2026-03-04,2026-04-06,411343.6,260939.38,EUR,329165,18758,315,2026-03-04 13:47:56,raymond.davis085@analytics.example.com
,CAMP-2026-03-000631,Winter Tough Campaign,Launch,Email,Meta,social,MEX,North America,2026-03-01,2026-04-04,210011.43,211314.93,MXN,15748,778,106,2026-03-01 05:50:00,mary.jordan048@analytics.example.com
,CAMP-2026-03-000632,Growth Attack Campaign,Brand,Google Ads,Google,referral,NLD,Europe,2026-03-12,2026-03-28,367094.81,305457.91,EUR,122901,5275,109,2026-03-12 20:56:37,joseph.johnson049@dataops.example.com
,CAMP-2026-03-000633,Summer Girl Campaign,Retention,Organic,Google,direct,ITA,Europe,2026-03-28,2026-04-18,481158.03,237630.82,EUR,276218,14634,1572,2026-03-28 00:57:37,nicholas.wilson027@analytics.example.com
,CAMP-2026-03-000634,Summer Firm Campaign,Launch,Affiliate,TikTok,direct,MEX,North America,2026-03-03,2026-03-17,490185.37,482415.12,MXN,200317,7637,521,2026-03-03 20:36:23,yesenia.arnold040@platform.example.com
,CAMP-2026-03-000635,Winter Style Campaign,Flash Sale,Email,CRM,referral,USA,North America,2026-03-11,2026-03-14,44473.47,38884.08,USD,53476,3018,438,2026-03-11 14:07:54,kevin.mathews014@analytics.example.com
,CAMP-2026-03-000636,Summer Billion Campaign,Retention,Affiliate,CRM,social,MEX,North America,2026-03-10,2026-03-30,119421.82,58257.87,MXN,182558,13089,763,2026-03-10 05:44:50,alyssa.richards002@commerce.example.com
,CAMP-2026-03-000637,Summer Reality Campaign,Launch,Meta,CRM,cpc,AUS,Oceania,2026-03-16,2026-04-11,307713.12,297194.06,AUD,396665,14162,1769,2026-03-16 04:51:43,eric.horton058@analytics.example.com
,CAMP-2026-03-000638,Winter System Campaign,Flash Sale,TikTok,Meta,referral,GBR,Europe,2026-03-11,2026-04-02,191527.98,75153.87,GBP,156125,12371,200,2026-03-11 16:20:20,adam.gordon030@commerce.example.com
,CAMP-2026-03-000639,Summer Bill Campaign,Retention,Display,Google,referral,DEU,Europe,2026-03-29,2026-04-03,382129.16,296457.1,EUR,541849,39665,2043,2026-03-29 06:45:52,victor.palmer071@platform.example.com
,CAMP-2026-03-000640,Summer Lawyer Campaign,Brand,Display,Meta,email,ARE,Asia,2026-03-18,2026-04-11,187957.04,140371.95,AED,21501,914,100,2026-03-18 05:59:15,raymond.pineda079@platform.example.com
,CAMP-2026-03-000641,Summer Note Campaign,Flash Sale,Display,Partner,cpc,AUS,Oceania,2026-03-09,2026-03-23,498736.35,340504.92,AUD,114856,1858,120,2026-03-09 18:21:11,curtis.williams033@dataops.example.com
,CAMP-2026-03-000642,Summer Prove Campaign,Flash Sale,Display,CRM,referral,SGP,Asia,2026-03-22,2026-04-20,108423.33,50525.31,SGD,210736,5278,841,2026-03-22 14:11:58,tara.hansen055@dataops.example.com
,CAMP-2026-03-000643,Holiday Call Campaign,Retention,Affiliate,Google,affiliate,NLD,Europe,2026-03-13,2026-03-16,164315.7,163747.1,EUR,136406,9724,1648,2026-03-13 06:31:38,alyssa.richards002@commerce.example.com
,CAMP-2026-03-000644,Member Participant Campaign,Launch,TikTok,CRM,affiliate,AUS,Oceania,2026-03-06,2026-04-09,105166.63,53987.73,AUD,13287,724,69,2026-03-06 16:51:01,rebecca.white032@dataops.example.com
,CAMP-2026-03-000645,Holiday Far Campaign,Flash Sale,TikTok,Partner,social,FRA,Europe,2026-03-19,2026-04-09,325953.27,238231.71,EUR,654580,12333,1539,2026-03-19 11:03:24,dominic.hodges075@platform.example.com
,CAMP-2026-03-000646,Member Ball Campaign,Brand,TikTok,CRM,cpc,IND,Asia,2026-03-25,2026-03-31,280089.98,96059.2,INR,43703,445,48,2026-03-25 14:43:27,victor.palmer071@platform.example.com
,CAMP-2026-03-000647,Growth View Campaign,Flash Sale,TikTok,Google,email,USA,North America,2026-03-25,2026-04-03,461393.13,417913.02,USD,64761,3968,387,2026-03-25 02:11:47,tina.williams074@commerce.example.com
,CAMP-2026-03-000648,Winter Expert Campaign,Seasonal,Google Ads,TikTok,social,DEU,Europe,2026-03-20,2026-04-05,394071.91,355876.72,EUR,14881,214,34,2026-03-20 07:03:36,kristin.krueger034@analytics.example.com
,CAMP-2026-03-000649,Summer Visit Campaign,Retention,Organic,CRM,organic,ARE,Asia,2026-03-21,2026-04-04,72027.41,63118.71,AED,70166,5305,326,2026-03-21 10:08:26,jeffery.miller012@commerce.example.com
,CAMP-2026-03-000650,Member Half Campaign,Retention,Organic,Partner,email,SGP,Asia,2026-03-11,2026-03-30,66431.91,30334.74,SGD,30271,544,5,2026-03-11 03:03:28,jason.franklin045@dataops.example.com
,CAMP-2026-03-000651,Growth What Campaign,Seasonal,Affiliate,CRM,direct,NLD,Europe,2026-03-22,2026-04-21,499832.58,476054.94,EUR,42405,863,150,2026-03-22 22:17:41,kathleen.white007@analytics.example.com
,CAMP-2026-03-000652,Member Doctor Campaign,Performance,Email,CRM,cpc,IND,Asia,2026-03-09,2026-04-01,367935.86,229567.35,INR,65053,5057,541,2026-03-09 01:46:28,russell.miller054@platform.example.com
,CAMP-2026-03-000653,Summer Coach Campaign,Seasonal,Meta,CRM,referral,ESP,Europe,2026-03-21,2026-04-05,485214.47,331976.87,EUR,167004,7370,1117,2026-03-21 15:08:27,michael.brewer084@analytics.example.com
,CAMP-2026-03-000654,Member Thus Campaign,Launch,Email,Google,affiliate,DEU,Europe,2026-03-02,2026-03-06,187984.84,110090.87,EUR,37717,1989,288,2026-03-02 21:35:45,micheal.chen050@dataops.example.com
,CAMP-2026-03-000655,Member Democrat Campaign,Retention,Organic,Google,cpc,USA,North America,2026-03-16,2026-04-12,171806.45,97899.2,USD,45134,664,90,2026-03-16 07:32:50,willie.long016@dataops.example.com
,CAMP-2026-03-000656,Back-to-School Hear Campaign,Flash Sale,Affiliate,Meta,organic,FRA,Europe,2026-03-07,2026-04-07,377295.16,282288.18,EUR,80847,3738,178,2026-03-07 12:57:42,yesenia.arnold040@platform.example.com
,CAMP-2026-03-000657,Growth Around Campaign,Flash Sale,Affiliate,TikTok,social,IND,Asia,2026-03-07,2026-03-27,277711.62,129025.86,INR,165962,4756,59,2026-03-07 14:15:38,mary.jordan048@analytics.example.com
,CAMP-2026-03-000658,Growth Discover Campaign,Flash Sale,TikTok,Partner,social,GBR,Europe,2026-03-12,2026-04-13,145536.18,145158.16,GBP,234806,6446,830,2026-03-12 06:13:48,stephen.clark001@analytics.example.com
,CAMP-2026-03-000659,Winter You Campaign,Brand,TikTok,Meta,social,CAN,North America,2026-03-24,2026-04-15,474901.6,407926.76,CAD,48913,2216,234,2026-03-24 21:07:08,stephanie.miller092@analytics.example.com
,CAMP-2026-03-000660,Holiday Meet Campaign,Seasonal,Affiliate,CRM,social,ITA,Europe,2026-03-06,2026-03-18,221301.73,179763.12,EUR,69768,5447,298,2026-03-06 10:54:38,kenneth.rodgers059@analytics.example.com
,CAMP-2026-03-000661,Member Know Campaign,Performance,Email,TikTok,email,ARE,Asia,2026-03-05,2026-03-12,493559.0,319605.9,AED,54303,3779,197,2026-03-05 00:41:06,kathleen.white007@analytics.example.com
,CAMP-2026-03-000662,Growth Me Campaign,Launch,Email,TikTok,organic,MEX,North America,2026-03-13,2026-03-27,14754.41,7993.57,MXN,243835,4835,102,2026-03-13 00:32:09,taylor.cunningham023@commerce.example.com
,CAMP-2026-03-000663,Back-to-School Seat Campaign,Seasonal,Meta,Partner,referral,CAN,North America,2026-03-17,2026-04-04,474387.48,472594.82,CAD,166672,8757,759,2026-03-17 08:32:32,michael.brewer084@analytics.example.com
,CAMP-2026-03-000664,Holiday Place Campaign,Brand,Meta,Google,direct,DEU,Europe,2026-03-18,2026-04-06,490798.58,283051.44,EUR,184490,6740,778,2026-03-18 12:07:46,elizabeth.olsen066@platform.example.com
,CAMP-2026-03-000665,Summer Reality Campaign,Brand,Affiliate,Google,organic,NLD,Europe,2026-03-18,2026-04-22,263472.41,229782.23,EUR,140735,10109,1503,2026-03-18 10:29:54,rachel.hall062@platform.example.com
,CAMP-2026-03-000666,Winter Hospital Campaign,Flash Sale,Affiliate,CRM,email,SGP,Asia,2026-03-25,2026-04-05,347072.99,142363.31,SGD,28431,1193,48,2026-03-25 14:55:45,susan.rice083@commerce.example.com
,CAMP-2026-03-000667,Member Against Campaign,Retention,Email,TikTok,social,FRA,Europe,2026-03-28,2026-04-05,94964.45,47262.19,EUR,47706,3153,485,2026-03-28 10:58:20,nicholas.wilson027@analytics.example.com
,CAMP-2026-03-000668,Holiday Risk Campaign,Launch,Meta,TikTok,organic,SGP,Asia,2026-03-09,2026-03-28,88196.17,85600.52,SGD,74537,3593,485,2026-03-09 02:25:39,jennifer.hudson020@analytics.example.com
,CAMP-2026-03-000669,Summer Seek Campaign,Performance,Meta,Meta,cpc,JPN,Asia,2026-03-18,2026-03-24,440550.52,435019.58,JPY,1095200,55216,2229,2026-03-18 09:47:54,brittany.rose019@commerce.example.com
,CAMP-2026-03-000670,Growth Rule Campaign,Seasonal,Meta,TikTok,organic,IND,Asia,2026-03-03,2026-03-08,321150.56,105113.9,INR,45960,2619,232,2026-03-03 23:46:09,ryan.steele043@commerce.example.com
,CAMP-2026-03-000671,Holiday Professor Campaign,Retention,Display,TikTok,social,ARE,Asia,2026-03-22,2026-04-04,143999.25,80160.42,AED,106634,6965,365,2026-03-22 17:43:48,rachel.hall062@platform.example.com
,CAMP-2026-03-000672,Back-to-School Well Campaign,Launch,Organic,TikTok,organic,MEX,North America,2026-03-04,2026-04-08,327194.09,196108.75,MXN,185478,11073,1807,2026-03-04 04:15:21,jennifer.hudson020@analytics.example.com
,CAMP-2026-03-000673,Summer College Campaign,Performance,Organic,TikTok,referral,CAN,North America,2026-03-06,2026-03-15,491103.01,237299.7,CAD,86048,6619,187,2026-03-06 18:15:50,raymond.davis085@analytics.example.com
,CAMP-2026-03-000674,Back-to-School Who Campaign,Brand,Google Ads,Meta,affiliate,ESP,Europe,2026-03-23,2026-04-03,39168.77,37317.67,EUR,447306,8174,1033,2026-03-23 20:37:23,stephen.jordan063@commerce.example.com
,CAMP-2026-03-000675,Back-to-School Hit Campaign,Performance,TikTok,TikTok,affiliate,IND,Asia,2026-03-26,2026-04-21,28905.35,29041.44,INR,339802,19682,3191,2026-03-26 05:25:24,yolanda.vasquez005@platform.example.com
,CAMP-2026-03-000676,Winter Tree Campaign,Seasonal,TikTok,Partner,organic,JPN,Asia,2026-03-15,2026-03-28,263551.9,185964.85,JPY,451896,18337,1291,2026-03-15 01:11:47,megan.cunningham013@commerce.example.com
,CAMP-2026-03-000677,Back-to-School Phone Campaign,Brand,Google Ads,Partner,affiliate,NLD,Europe,2026-03-25,2026-04-18,290528.76,143383.88,EUR,381372,28209,4067,2026-03-25 08:16:27,raymond.pineda079@platform.example.com
,CAMP-2026-03-000678,Holiday End Campaign,Seasonal,Google Ads,Google,email,MEX,North America,2026-03-31,2026-05-04,128306.16,60977.56,MXN,79255,3842,349,2026-03-31 12:37:39,alyssa.richards002@commerce.example.com
,CAMP-2026-03-000679,Winter So Campaign,Seasonal,Google Ads,Google,organic,SGP,Asia,2026-03-20,2026-03-28,177375.6,105893.56,SGD,65428,1848,241,2026-03-20 18:50:03,jennifer.erickson018@platform.example.com
,CAMP-2026-03-000680,Growth Friend Campaign,Flash Sale,Organic,Partner,organic,USA,North America,2026-03-21,2026-03-30,199156.06,176359.74,USD,297573,11090,1034,2026-03-21 13:52:02,joseph.griffin070@analytics.example.com
,CAMP-2026-03-000681,Summer Product Campaign,Flash Sale,TikTok,Partner,referral,BRA,South America,2026-03-12,2026-03-18,65244.5,51934.84,BRL,358367,15366,742,2026-03-12 01:52:52,patrick.gonzalez035@dataops.example.com
,CAMP-2026-03-000682,Growth Material Campaign,Brand,Display,Partner,referral,SGP,Asia,2026-03-08,2026-03-19,481902.32,219333.02,SGD,105317,2018,211,2026-03-08 08:19:10,kristin.krueger034@analytics.example.com
,CAMP-2026-03-000683,Back-to-School Station Campaign,Seasonal,Display,Google,referral,FRA,Europe,2026-03-30,2026-04-13,189445.87,94516.62,EUR,174133,7389,309,2026-03-30 12:54:13,michelle.bender024@analytics.example.com
,CAMP-2026-03-000684,Summer Agent Campaign,Flash Sale,Display,Partner,cpc,JPN,Asia,2026-03-20,2026-03-27,60328.61,46002.63,JPY,58479,1803,247,2026-03-20 00:46:28,rebecca.white032@dataops.example.com
,CAMP-2026-03-000685,Winter Try Campaign,Retention,Affiliate,CRM,referral,DEU,Europe,2026-03-09,2026-03-29,222158.12,166749.79,EUR,1471291,69819,8340,2026-03-09 20:14:10,ryan.steele043@commerce.example.com
,CAMP-2026-03-000686,Winter For Campaign,Launch,Affiliate,TikTok,email,ESP,Europe,2026-03-09,2026-03-17,74693.64,41247.14,EUR,115559,4953,350,2026-03-09 15:05:46,jeffery.miller012@commerce.example.com
,CAMP-2026-03-000687,Growth New Campaign,Seasonal,Meta,Google,cpc,ESP,Europe,2026-03-02,2026-04-03,373074.39,151291.11,EUR,177517,7457,513,2026-03-02 12:32:59,arthur.ortiz082@platform.example.com
,CAMP-2026-03-000688,Winter Thought Campaign,Brand,Google Ads,CRM,social,MEX,North America,2026-03-22,2026-04-18,182884.06,180508.68,MXN,552484,35521,3956,2026-03-22 19:14:54,katelyn.pitts017@commerce.example.com
,CAMP-2026-03-000689,Growth Sure Campaign,Brand,Organic,Partner,cpc,ESP,Europe,2026-03-28,2026-03-31,102056.55,31089.43,EUR,135539,7974,1314,2026-03-28 16:55:50,lance.williams029@platform.example.com
,CAMP-2026-03-000690,Summer Involve Campaign,Retention,Display,CRM,email,AUS,Oceania,2026-03-23,2026-04-27,149747.62,104977.38,AUD,27486,1940,259,2026-03-23 06:49:07,joseph.griffin070@analytics.example.com
,CAMP-2026-03-000691,Winter Region Campaign,Retention,Meta,Partner,organic,IND,Asia,2026-03-01,2026-03-23,130360.75,67504.52,INR,26183,383,12,2026-03-01 06:03:56,christine.johnson056@commerce.example.com
,CAMP-2026-03-000692,Summer Forget Campaign,Seasonal,TikTok,Google,cpc,JPN,Asia,2026-03-27,2026-04-07,147867.05,75620.99,JPY,93122,5465,700,2026-03-27 04:18:07,yolanda.vasquez005@platform.example.com
,CAMP-2026-03-000693,Member Drop Campaign,Launch,Email,Partner,organic,ITA,Europe,2026-03-12,2026-03-28,105646.09,68953.85,EUR,21665,1346,194,2026-03-12 01:48:14,jack.smith053@analytics.example.com
,CAMP-2026-03-000694,Back-to-School Whatever Campaign,Performance,Display,CRM,social,DEU,Europe,2026-03-27,2026-04-19,51135.53,28215.84,EUR,237218,6207,492,2026-03-27 07:55:37,jennifer.bauer068@analytics.example.com
,CAMP-2026-03-000695,Winter Rich Campaign,Brand,Email,Meta,referral,GBR,Europe,2026-03-30,2026-04-12,318256.42,163867.84,GBP,244386,11216,936,2026-03-30 03:08:44,adam.gordon030@commerce.example.com
,CAMP-2026-03-000696,Member Discussion Campaign,Retention,Organic,CRM,cpc,AUS,Oceania,2026-03-18,2026-03-21,247339.66,127215.78,AUD,48315,2518,102,2026-03-18 23:58:30,crystal.smith022@platform.example.com
,CAMP-2026-03-000697,Summer Tend Campaign,Performance,Display,Partner,email,AUS,Oceania,2026-03-19,2026-04-14,409809.67,176265.79,AUD,91647,2964,401,2026-03-19 05:55:14,brittany.rose019@commerce.example.com
,CAMP-2026-03-000698,Back-to-School Send Campaign,Seasonal,Email,Meta,referral,DEU,Europe,2026-03-07,2026-04-01,136847.53,54550.4,EUR,160631,12293,1093,2026-03-07 14:57:17,dominic.hodges075@platform.example.com
,CAMP-2026-03-000699,Holiday Wrong Campaign,Seasonal,Display,CRM,social,SGP,Asia,2026-03-03,2026-03-21,499892.36,235238.42,SGD,85449,6662,160,2026-03-03 14:01:07,andrea.cummings039@platform.example.com
,CAMP-2026-03-000700,Summer Partner Campaign,Brand,Email,Partner,social,ITA,Europe,2026-03-09,2026-04-10,474051.98,439502.25,EUR,186050,2007,359,2026-03-09 18:21:31,allen.foster026@dataops.example.com
,CAMP-2026-03-000701,Growth Majority Campaign,Brand,Organic,Partner,referral,GBR,Europe,2026-03-13,2026-03-28,163707.15,152377.18,GBP,116763,1525,215,2026-03-13 16:57:32,kenneth.rodgers059@analytics.example.com
,CAMP-2026-03-000702,Holiday Three Campaign,Brand,Email,CRM,organic,DEU,Europe,2026-03-17,2026-04-21,432676.52,246474.9,EUR,529201,18387,1118,2026-03-17 00:16:11,troy.boone097@platform.example.com
,CAMP-2026-03-000703,Winter Focus Campaign,Retention,Organic,Google,organic,ITA,Europe,2026-03-12,2026-04-10,408660.99,231474.64,EUR,598467,33394,391,2026-03-12 21:54:56,christine.johnson056@commerce.example.com
,CAMP-2026-03-000704,Holiday Miss Campaign,Retention,Organic,TikTok,social,MEX,North America,2026-03-10,2026-03-30,474330.47,222692.37,MXN,35228,2783,426,2026-03-10 12:05:50,anita.garcia021@dataops.example.com
,CAMP-2026-03-000705,Member Explain Campaign,Launch,Email,Partner,affiliate,DEU,Europe,2026-03-18,2026-03-29,251352.96,196565.84,EUR,817905,46334,6560,2026-03-18 08:00:21,elizabeth.olsen066@platform.example.com
,CAMP-2026-03-000706,Back-to-School Reach Campaign,Brand,Display,Google,referral,DEU,Europe,2026-03-22,2026-04-13,106818.79,95408.97,EUR,147900,7405,304,2026-03-22 01:21:07,linda.daniels047@dataops.example.com
,CAMP-2026-03-000707,Growth Once Campaign,Performance,Meta,TikTok,organic,NLD,Europe,2026-03-31,2026-04-05,403227.76,316198.31,EUR,68498,2501,178,2026-03-31 02:42:05,jennifer.shepherd015@analytics.example.com
,CAMP-2026-03-000708,Back-to-School Sea Campaign,Retention,Display,CRM,organic,GBR,Europe,2026-03-11,2026-04-12,496047.52,497941.88,GBP,185596,13279,2061,2026-03-11 05:43:36,elizabeth.olsen066@platform.example.com
,CAMP-2026-03-000709,Winter Picture Campaign,Seasonal,Google Ads,Meta,cpc,MEX,North America,2026-03-12,2026-03-22,318827.37,281413.51,MXN,119306,3677,597,2026-03-12 22:17:00,stephen.clark001@analytics.example.com
,CAMP-2026-03-000710,Holiday After Campaign,Seasonal,Google Ads,Google,organic,USA,North America,2026-03-14,2026-04-03,405001.55,177003.64,USD,92416,1585,108,2026-03-14 13:36:32,nicholas.wilson027@analytics.example.com
,CAMP-2026-03-000711,Holiday Key Campaign,Launch,Meta,Google,organic,NLD,Europe,2026-03-27,2026-04-14,102927.44,104685.23,EUR,33915,640,45,2026-03-27 05:24:43,crystal.smith022@platform.example.com
,CAMP-2026-03-000712,Winter Control Campaign,Retention,Meta,TikTok,social,AUS,Oceania,2026-03-09,2026-04-13,386909.46,261273.08,AUD,52719,1008,149,2026-03-09 12:43:05,jonathan.jimenez057@platform.example.com
,CAMP-2026-03-000713,Growth Guy Campaign,Seasonal,Email,CRM,email,MEX,North America,2026-03-14,2026-03-25,455231.43,287864.08,MXN,330584,16039,2335,2026-03-14 13:46:33,jennifer.erickson018@platform.example.com
,CAMP-2026-03-000714,Winter Three Campaign,Flash Sale,Email,Google,social,DEU,Europe,2026-03-10,2026-03-21,111461.2,36681.22,EUR,632690,21903,648,2026-03-10 04:05:39,anita.garcia021@dataops.example.com
,CAMP-2026-03-000715,Summer Home Campaign,Performance,Google Ads,CRM,organic,USA,North America,2026-03-14,2026-04-03,206169.77,172365.57,USD,263961,4133,130,2026-03-14 07:52:27,willie.long016@dataops.example.com
,CAMP-2026-03-000716,Summer My Campaign,Launch,Affiliate,Meta,affiliate,ESP,Europe,2026-03-01,2026-03-04,440855.4,346999.0,EUR,15864,329,10,2026-03-01 19:39:30,michael.johnson061@platform.example.com
,CAMP-2026-03-000717,Holiday Feel Campaign,Brand,Email,Meta,social,CAN,North America,2026-03-08,2026-03-11,70826.6,31114.41,CAD,11978,375,44,2026-03-08 23:47:45,kathleen.white007@analytics.example.com
,CAMP-2026-03-000718,Summer Everything Campaign,Performance,Display,CRM,affiliate,JPN,Asia,2026-03-02,2026-03-18,56443.12,43599.57,JPY,370798,24973,1433,2026-03-02 02:46:45,jennifer.shepherd015@analytics.example.com
,CAMP-2026-03-000719,Back-to-School Accept Campaign,Performance,Google Ads,Meta,email,ARE,Asia,2026-03-22,2026-03-29,42749.77,33297.86,AED,42419,1695,170,2026-03-22 17:59:11,judy.rogers086@platform.example.com
,CAMP-2026-03-000720,Winter Just Campaign,Performance,Meta,Meta,affiliate,BRA,South America,2026-03-26,2026-04-23,270622.04,96872.82,BRL,42583,2022,62,2026-03-26 23:09:57,nicholas.wilson027@analytics.example.com
,CAMP-2026-03-000721,Growth Deep Campaign,Retention,Affiliate,TikTok,email,GBR,Europe,2026-03-19,2026-04-17,31104.89,14026.15,GBP,92185,6396,1026,2026-03-19 07:34:04,sandra.hunter036@platform.example.com
,CAMP-2026-03-000722,Back-to-School Possible Campaign,Retention,Google Ads,CRM,social,CAN,North America,2026-03-24,2026-03-30,149851.34,148577.84,CAD,70567,4092,312,2026-03-24 12:57:51,eric.mullen052@dataops.example.com
,CAMP-2026-03-000723,Summer Likely Campaign,Performance,Organic,TikTok,organic,GBR,Europe,2026-03-07,2026-03-23,220556.78,169707.41,GBP,19161,463,74,2026-03-07 13:37:04,allen.foster026@dataops.example.com
,CAMP-2026-03-000724,Summer Rock Campaign,Flash Sale,TikTok,Google,referral,CAN,North America,2026-03-09,2026-03-12,131937.51,67702.94,CAD,238994,5800,598,2026-03-09 19:42:29,dominic.hodges075@platform.example.com
,CAMP-2026-03-000725,Member Deep Campaign,Launch,TikTok,TikTok,direct,FRA,Europe,2026-03-28,2026-04-07,320526.74,130291.66,EUR,161754,3128,325,2026-03-28 13:03:48,raymond.davis085@analytics.example.com
,CAMP-2026-03-000726,Growth Simply Campaign,Flash Sale,Display,Google,referral,JPN,Asia,2026-03-29,2026-04-16,168933.95,154690.3,JPY,42411,926,37,2026-03-29 20:33:06,stephanie.miller092@analytics.example.com
,CAMP-2026-03-000727,Member Now Campaign,Brand,Meta,CRM,social,DEU,Europe,2026-03-18,2026-04-08,236189.62,188957.72,EUR,90198,4121,489,2026-03-18 01:39:50,kelsey.taylor010@platform.example.com
,CAMP-2026-03-000728,Winter Continue Campaign,Flash Sale,TikTok,TikTok,email,JPN,Asia,2026-03-19,2026-03-26,67004.01,24310.21,JPY,99320,4192,331,2026-03-19 18:07:32,michelle.bender024@analytics.example.com
,CAMP-2026-03-000729,Back-to-School Happy Campaign,Seasonal,Display,Partner,social,ESP,Europe,2026-03-03,2026-03-25,446590.61,375213.33,EUR,46321,2181,120,2026-03-03 06:36:01,michael.berger060@platform.example.com
,CAMP-2026-03-000730,Member Kitchen Campaign,Seasonal,Affiliate,CRM,cpc,MEX,North America,2026-03-02,2026-03-07,13165.69,5117.34,MXN,56562,1896,296,2026-03-02 11:33:16,alyssa.richards002@commerce.example.com
,CAMP-2026-03-000731,Summer Ability Campaign,Seasonal,Meta,CRM,social,SGP,Asia,2026-03-03,2026-04-05,202373.93,60870.51,SGD,72266,3404,219,2026-03-03 08:39:54,jennifer.atkins003@platform.example.com
,CAMP-2026-03-000732,Summer Foreign Campaign,Launch,Display,Partner,social,MEX,North America,2026-03-05,2026-04-01,344980.38,187641.16,MXN,77818,1067,144,2026-03-05 10:57:46,jennifer.atkins003@platform.example.com
,CAMP-2026-03-000733,Winter Everybody Campaign,Seasonal,TikTok,Partner,affiliate,NLD,Europe,2026-03-24,2026-04-05,316187.79,177917.11,EUR,161538,2231,77,2026-03-24 16:19:15,tina.williams074@commerce.example.com
,CAMP-2026-03-000734,Holiday A Campaign,Flash Sale,TikTok,CRM,organic,AUS,Oceania,2026-03-02,2026-03-07,263847.06,120045.21,AUD,85598,3627,123,2026-03-02 19:39:13,brittany.barber031@commerce.example.com
,CAMP-2026-03-000735,Holiday Instead Campaign,Retention,Display,Google,social,FRA,Europe,2026-03-08,2026-04-10,133661.61,72242.28,EUR,12835,460,51,2026-03-08 02:35:53,kelsey.taylor010@platform.example.com
,CAMP-2026-03-000736,Holiday Direction Campaign,Performance,Meta,Google,cpc,SGP,Asia,2026-03-31,2026-04-12,328650.6,268317.64,SGD,114864,7083,1099,2026-03-31 17:51:44,jennifer.atkins003@platform.example.com
,CAMP-2026-03-000737,Back-to-School People Campaign,Seasonal,Google Ads,CRM,affiliate,ARE,Asia,2026-03-18,2026-03-21,482205.66,473808.98,AED,132770,3023,443,2026-03-18 16:54:37,tara.hansen055@dataops.example.com
,CAMP-2026-03-000738,Winter Doctor Campaign,Launch,Google Ads,Meta,direct,NLD,Europe,2026-03-22,2026-03-25,33660.24,29029.11,EUR,247538,18234,3045,2026-03-22 16:26:52,stephen.clark001@analytics.example.com
,CAMP-2026-03-000739,Back-to-School Area Campaign,Performance,Meta,Google,email,ITA,Europe,2026-03-18,2026-04-18,203383.27,152281.4,EUR,15740,1066,161,2026-03-18 20:36:25,dominic.hodges075@platform.example.com
,CAMP-2026-03-000740,Summer College Campaign,Performance,Meta,Google,referral,SGP,Asia,2026-03-19,2026-03-27,141361.23,143669.88,SGD,44430,943,96,2026-03-19 14:42:05,jason.franklin045@dataops.example.com
,CAMP-2026-03-000741,Back-to-School Fine Campaign,Performance,Email,TikTok,social,SGP,Asia,2026-03-10,2026-03-29,66565.79,46698.9,SGD,34348,557,17,2026-03-10 14:51:19,kimberly.harmon088@commerce.example.com
,CAMP-2026-03-000742,Holiday Begin Campaign,Retention,Google Ads,TikTok,cpc,CAN,North America,2026-03-14,2026-04-12,283209.27,230681.31,CAD,75889,4114,437,2026-03-14 17:21:57,micheal.chen050@dataops.example.com
,CAMP-2026-03-000743,Member Lawyer Campaign,Brand,Organic,Partner,affiliate,AUS,Oceania,2026-03-22,2026-04-10,452630.23,152966.51,AUD,32264,1109,31,2026-03-22 19:18:34,jennifer.atkins003@platform.example.com
,CAMP-2026-03-000744,Winter Focus Campaign,Performance,Email,Google,direct,CAN,North America,2026-03-22,2026-04-19,454696.42,424082.5,CAD,42666,3138,35,2026-03-22 11:08:49,joseph.johnson049@dataops.example.com
,CAMP-2026-03-000745,Summer Front Campaign,Flash Sale,Organic,CRM,cpc,USA,North America,2026-03-06,2026-03-24,497277.35,319447.13,USD,62798,1438,248,2026-03-06 06:09:36,eric.horton058@analytics.example.com
,CAMP-2026-03-000746,Member Year Campaign,Seasonal,TikTok,Google,referral,USA,North America,2026-03-26,2026-03-31,21894.97,10235.35,USD,62126,4723,822,2026-03-26 05:54:56,alyssa.richards002@commerce.example.com
,CAMP-2026-03-000747,Summer Provide Campaign,Seasonal,Meta,Partner,email,GBR,Europe,2026-03-06,2026-03-28,23710.86,8442.36,GBP,161001,9461,1414,2026-03-06 05:59:51,jennifer.yu037@dataops.example.com
,CAMP-2026-03-000748,Summer Later Campaign,Flash Sale,Affiliate,Partner,email,AUS,Oceania,2026-03-19,2026-04-14,216863.6,208011.75,AUD,22545,952,124,2026-03-19 20:06:08,russell.miller054@platform.example.com
,CAMP-2026-03-000749,Growth Police Campaign,Seasonal,TikTok,Partner,cpc,BRA,South America,2026-03-08,2026-03-24,257166.32,179105.52,BRL,25670,913,129,2026-03-08 12:09:41,michael.berger060@platform.example.com
,CAMP-2026-03-000750,Holiday Strategy Campaign,Performance,Display,Google,email,CAN,North America,2026-03-31,2026-04-09,6494.08,2490.13,CAD,55971,1931,314,2026-03-31 10:53:32,andrea.cummings039@platform.example.com
,CAMP-2026-03-000751,Winter General Campaign,Retention,Google Ads,Partner,social,JPN,Asia,2026-03-10,2026-03-18,485459.1,280914.77,JPY,83179,3390,57,2026-03-10 01:52:25,elizabeth.mullins042@platform.example.com
,CAMP-2026-03-000752,Winter Movement Campaign,Retention,Display,Meta,organic,CAN,North America,2026-03-15,2026-04-18,351455.29,328384.65,CAD,144442,7308,558,2026-03-15 02:47:12,anita.garcia021@dataops.example.com
,CAMP-2026-03-000753,Summer Reveal Campaign,Brand,Affiliate,CRM,organic,ESP,Europe,2026-03-11,2026-03-15,69073.92,50955.81,EUR,123703,9404,572,2026-03-11 03:58:26,stephanie.miller092@analytics.example.com
,CAMP-2026-03-000754,Winter After Campaign,Brand,Display,Meta,cpc,MEX,North America,2026-03-06,2026-03-15,485910.91,407745.41,MXN,87718,1504,229,2026-03-06 12:37:56,anita.garcia021@dataops.example.com
,CAMP-2026-03-000755,Holiday Teacher Campaign,Seasonal,Google Ads,Meta,direct,ITA,Europe,2026-03-12,2026-03-20,259170.39,88291.07,EUR,208988,14962,2407,2026-03-12 02:33:57,ashley.marks069@commerce.example.com
,CAMP-2026-03-000756,Back-to-School Space Campaign,Seasonal,Display,CRM,affiliate,ESP,Europe,2026-03-11,2026-03-23,227343.23,69137.05,EUR,85444,3897,458,2026-03-11 12:13:32,michael.johnson061@platform.example.com
,CAMP-2026-03-000757,Growth Land Campaign,Retention,Meta,Partner,direct,ESP,Europe,2026-03-11,2026-03-20,355341.26,282789.48,EUR,256894,12509,911,2026-03-11 06:37:41,samantha.villa073@commerce.example.com
,CAMP-2026-03-000758,Back-to-School Baby Campaign,Seasonal,Affiliate,Meta,direct,USA,North America,2026-03-27,2026-04-08,100758.27,45986.08,USD,28062,2066,86,2026-03-27 23:15:23,jennifer.yu037@dataops.example.com
,CAMP-2026-03-000759,Back-to-School Professional Campaign,Retention,TikTok,TikTok,social,DEU,Europe,2026-03-31,2026-04-30,482422.08,392434.88,EUR,63939,1382,59,2026-03-31 14:25:39,denise.beck077@analytics.example.com
,CAMP-2026-03-000760,Back-to-School Sure Campaign,Launch,TikTok,Partner,referral,GBR,Europe,2026-03-06,2026-03-22,268773.51,265910.63,GBP,21926,719,80,2026-03-06 07:39:56,jack.smith053@analytics.example.com
,CAMP-2026-03-000761,Winter Sister Campaign,Performance,Google Ads,Google,cpc,ARE,Asia,2026-03-29,2026-04-30,438912.92,369771.49,AED,92566,6483,519,2026-03-29 04:14:57,michelle.sims041@analytics.example.com
,CAMP-2026-03-000762,Member Say Campaign,Launch,Organic,TikTok,direct,ITA,Europe,2026-03-08,2026-03-13,177789.64,89487.39,EUR,103220,7200,897,2026-03-08 14:21:18,kenneth.rodgers059@analytics.example.com
,CAMP-2026-03-000763,Winter Place Campaign,Flash Sale,TikTok,CRM,email,CAN,North America,2026-03-17,2026-03-20,387927.76,386246.86,CAD,310792,22847,2644,2026-03-17 10:03:35,timothy.cannon081@analytics.example.com
,CAMP-2026-03-000764,Member Floor Campaign,Seasonal,Google Ads,Google,social,ARE,Asia,2026-03-04,2026-03-14,155393.94,50769.78,AED,916229,47469,3672,2026-03-04 18:38:41,andrea.cummings039@platform.example.com
,CAMP-2026-03-000765,Winter Weight Campaign,Launch,Organic,CRM,referral,DEU,Europe,2026-03-13,2026-04-02,85514.54,52434.97,EUR,113014,5812,424,2026-03-13 20:00:55,yolanda.vasquez005@platform.example.com
,CAMP-2026-03-000766,Holiday Raise Campaign,Performance,Organic,TikTok,cpc,CAN,North America,2026-03-06,2026-04-08,113359.68,88877.19,CAD,139975,10684,491,2026-03-06 21:40:01,ashley.marks069@commerce.example.com
,CAMP-2026-03-000767,Holiday Special Campaign,Performance,TikTok,Partner,referral,GBR,Europe,2026-03-20,2026-04-06,158371.96,132954.12,GBP,100556,1450,145,2026-03-20 20:43:06,russell.miller054@platform.example.com
,CAMP-2026-03-000768,Back-to-School Might Campaign,Flash Sale,TikTok,CRM,affiliate,MEX,North America,2026-03-31,2026-05-03,102886.55,69243.14,MXN,47548,872,92,2026-03-31 09:14:38,stephanie.miller092@analytics.example.com
,CAMP-2026-03-000769,Winter Around Campaign,Performance,Email,Meta,direct,IND,Asia,2026-03-29,2026-04-04,180590.3,97729.56,INR,355293,8045,210,2026-03-29 15:17:43,brian.banks011@platform.example.com
,CAMP-2026-03-000770,Summer Gun Campaign,Seasonal,Google Ads,Meta,email,AUS,Oceania,2026-03-14,2026-04-16,139185.87,89905.22,AUD,126966,1836,149,2026-03-14 09:32:38,eric.horton058@analytics.example.com
,CAMP-2026-03-000771,Winter Mother Campaign,Launch,Affiliate,Google,organic,DEU,Europe,2026-03-04,2026-03-19,406143.61,278397.35,EUR,142745,4693,373,2026-03-04 06:05:31,jennifer.atkins003@platform.example.com
,CAMP-2026-03-000772,Winter Hit Campaign,Flash Sale,TikTok,TikTok,affiliate,MEX,North America,2026-03-06,2026-03-29,330330.03,300686.28,MXN,65570,807,52,2026-03-06 20:01:46,victor.palmer071@platform.example.com
,CAMP-2026-03-000773,Summer Better Campaign,Seasonal,Meta,Meta,referral,USA,North America,2026-03-15,2026-04-06,410302.41,319198.29,USD,710278,16872,2893,2026-03-15 21:27:49,linda.davis105@analytics.example.com
,CAMP-2026-03-000774,Summer We Campaign,Brand,Affiliate,Meta,social,JPN,Asia,2026-03-10,2026-03-28,104302.11,33931.75,JPY,46576,3052,262,2026-03-10 15:11:07,kristin.krueger034@analytics.example.com
,CAMP-2026-03-000775,Winter Writer Campaign,Seasonal,Email,CRM,direct,MEX,North America,2026-03-03,2026-03-14,447262.58,310183.5,MXN,161287,4419,335,2026-03-03 11:07:27,kenneth.rodgers059@analytics.example.com
,CAMP-2026-03-000776,Growth Newspaper Campaign,Seasonal,Affiliate,Partner,affiliate,ARE,Asia,2026-03-15,2026-03-27,32820.45,20271.44,AED,134028,7518,814,2026-03-15 05:45:53,sandra.hunter036@platform.example.com
,CAMP-2026-03-000777,Winter Mrs Campaign,Flash Sale,Google Ads,TikTok,social,USA,North America,2026-03-17,2026-04-19,109700.79,52844.35,USD,126354,3157,363,2026-03-17 07:36:20,samantha.villa073@commerce.example.com
,CAMP-2026-03-000778,Winter Head Campaign,Brand,Organic,Meta,affiliate,GBR,Europe,2026-03-12,2026-03-20,417468.27,187845.35,GBP,20791,633,10,2026-03-12 22:00:08,judy.rogers086@platform.example.com
,CAMP-2026-03-000779,Summer Building Campaign,Performance,TikTok,Meta,organic,IND,Asia,2026-03-17,2026-03-29,218763.45,170994.27,INR,27771,702,62,2026-03-17 14:30:58,jennifer.bauer068@analytics.example.com
,CAMP-2026-03-000780,Winter Win Campaign,Brand,Display,Partner,referral,AUS,Oceania,2026-03-03,2026-04-02,226373.97,78531.21,AUD,76855,4591,477,2026-03-03 11:42:28,maria.ashley046@analytics.example.com
,CAMP-2026-03-000781,Summer Side Campaign,Launch,Meta,Google,direct,ITA,Europe,2026-03-01,2026-03-17,363824.98,295302.53,EUR,180442,11745,523,2026-03-01 23:55:20,denise.beck077@analytics.example.com
,CAMP-2026-03-000782,Summer My Campaign,Brand,TikTok,Partner,affiliate,NLD,Europe,2026-03-18,2026-03-25,333758.46,131155.83,EUR,20014,1593,106,2026-03-18 00:26:33,eric.horton058@analytics.example.com
,CAMP-2026-03-000783,Summer Present Campaign,Launch,Meta,CRM,social,FRA,Europe,2026-03-04,2026-04-01,124867.9,89384.55,EUR,130740,1527,94,2026-03-04 23:37:19,christine.johnson056@commerce.example.com
,CAMP-2026-03-000784,Winter Day Campaign,Seasonal,Organic,TikTok,direct,ESP,Europe,2026-03-24,2026-04-11,441236.46,259537.68,EUR,409970,24958,4102,2026-03-24 09:17:47,christine.johnson056@commerce.example.com
,CAMP-2026-03-000785,Summer Down Campaign,Seasonal,Display,TikTok,cpc,GBR,Europe,2026-03-18,2026-03-24,137814.63,59488.62,GBP,168743,11509,556,2026-03-18 08:13:34,willie.long016@dataops.example.com
,CAMP-2026-03-000786,Winter Necessary Campaign,Launch,Display,Partner,cpc,ESP,Europe,2026-03-09,2026-04-09,413624.56,151930.5,EUR,53924,2585,418,2026-03-09 22:11:04,joseph.griffin070@analytics.example.com
,CAMP-2026-03-000787,Growth War Campaign,Brand,Meta,CRM,direct,NLD,Europe,2026-03-11,2026-04-03,402078.64,408249.82,EUR,52686,2497,408,2026-03-11 18:36:39,christine.johnson056@commerce.example.com
,CAMP-2026-03-000788,Winter Fear Campaign,Flash Sale,Email,CRM,affiliate,ITA,Europe,2026-03-05,2026-03-16,57982.62,40629.34,EUR,123871,3717,662,2026-03-05 15:57:27,lance.williams029@platform.example.com
,CAMP-2026-03-000789,Winter Picture Campaign,Brand,Display,TikTok,social,USA,North America,2026-03-30,2026-04-18,454822.82,169810.22,USD,56266,1645,266,2026-03-30 07:33:26,sandra.hunter036@platform.example.com
,CAMP-2026-03-000790,Back-to-School Born Campaign,Retention,Display,Meta,social,GBR,Europe,2026-03-06,2026-03-24,326889.65,202024.88,GBP,1006456,59861,6474,2026-03-06 01:07:00,ashley.marks069@commerce.example.com
,CAMP-2026-03-000791,Member Movie Campaign,Retention,Affiliate,TikTok,organic,NLD,Europe,2026-03-13,2026-04-11,310079.5,304553.93,EUR,22959,1257,82,2026-03-13 12:57:27,taylor.cunningham023@commerce.example.com
,CAMP-2026-03-000792,Summer Give Campaign,Retention,Display,Google,affiliate,FRA,Europe,2026-03-31,2026-04-30,28974.9,24781.35,EUR,289419,20830,2718,2026-03-31 07:49:49,jennifer.erickson018@platform.example.com
,CAMP-2026-03-000793,Winter Different Campaign,Seasonal,Email,Meta,organic,ARE,Asia,2026-03-21,2026-04-12,383340.08,213493.7,AED,147750,10216,667,2026-03-21 06:45:26,allen.foster026@dataops.example.com
,CAMP-2026-03-000794,Growth But Campaign,Retention,TikTok,TikTok,direct,FRA,Europe,2026-03-17,2026-04-04,298341.93,207216.81,EUR,237655,13370,1832,2026-03-17 22:49:42,michelle.sims041@analytics.example.com
,CAMP-2026-03-000795,Holiday Week Campaign,Launch,Meta,CRM,referral,JPN,Asia,2026-03-16,2026-04-15,213202.55,74984.12,JPY,33224,976,58,2026-03-16 05:32:06,kristin.krueger034@analytics.example.com
,CAMP-2026-03-000796,Growth Fill Campaign,Performance,Google Ads,CRM,organic,AUS,Oceania,2026-03-08,2026-03-14,311213.4,283681.29,AUD,143910,7060,279,2026-03-08 00:33:33,micheal.hall064@dataops.example.com
,CAMP-2026-03-000797,Growth None Campaign,Performance,Organic,CRM,cpc,DEU,Europe,2026-03-22,2026-04-22,323316.32,244862.04,EUR,259963,16576,1908,2026-03-22 16:27:34,jennifer.erickson018@platform.example.com
,CAMP-2026-03-000798,Member Station Campaign,Retention,Display,Meta,direct,FRA,Europe,2026-03-15,2026-03-30,187797.06,176843.95,EUR,47317,1198,36,2026-03-15 14:25:30,crystal.smith022@platform.example.com
,CAMP-2026-03-000799,Growth Writer Campaign,Brand,Meta,Meta,social,IND,Asia,2026-03-01,2026-03-11,47913.48,24190.39,INR,88502,6963,379,2026-03-01 21:42:45,micheal.hall064@dataops.example.com
,CAMP-2026-03-000800,Member Oil Campaign,Seasonal,Google Ads,Meta,direct,DEU,Europe,2026-03-21,2026-04-22,389599.84,195739.13,EUR,123853,8599,789,2026-03-21 08:40:29,andrea.cummings039@platform.example.com
,CAMP-2026-03-000801,Growth Sign Campaign,Performance,Google Ads,TikTok,direct,USA,North America,2026-03-22,2026-04-07,70986.8,30220.76,USD,438145,16780,2065,2026-03-22 17:59:50,jennifer.atkins003@platform.example.com
,CAMP-2026-03-000802,Back-to-School Eat Campaign,Flash Sale,Organic,Google,direct,SGP,Asia,2026-03-09,2026-04-07,287009.08,135135.91,SGD,282212,11491,753,2026-03-09 02:29:23,rachel.hall062@platform.example.com
,CAMP-2026-03-000803,Back-to-School Others Campaign,Launch,Meta,CRM,social,USA,North America,2026-03-13,2026-03-24,108321.64,80255.61,USD,86588,1927,177,2026-03-13 21:01:51,yesenia.arnold040@platform.example.com
,CAMP-2026-03-000804,Growth Focus Campaign,Performance,Display,CRM,social,CAN,North America,2026-03-26,2026-04-08,270794.46,248860.14,CAD,321491,20183,1064,2026-03-26 22:48:14,oscar.owens072@analytics.example.com
,CAMP-2026-03-000805,Growth Benefit Campaign,Brand,Meta,Meta,affiliate,SGP,Asia,2026-03-10,2026-03-24,136407.28,97616.68,SGD,418842,18642,2443,2026-03-10 20:20:03,stephen.jordan063@commerce.example.com
,CAMP-2026-03-000806,Summer Middle Campaign,Seasonal,Organic,Meta,social,JPN,Asia,2026-03-25,2026-04-06,446686.87,307333.92,JPY,125666,9114,985,2026-03-25 16:47:49,stephanie.miller092@analytics.example.com
,CAMP-2026-03-000807,Growth Tax Campaign,Brand,Meta,Meta,social,SGP,Asia,2026-03-04,2026-03-19,386850.02,133381.74,SGD,546710,11023,1288,2026-03-04 20:14:53,raymond.pineda079@platform.example.com
,CAMP-2026-03-000808,Member Story Campaign,Launch,Affiliate,TikTok,direct,IND,Asia,2026-03-24,2026-04-26,293137.0,131197.17,INR,304902,3272,291,2026-03-24 03:36:24,elizabeth.mullins042@platform.example.com
,CAMP-2026-03-000809,Summer Idea Campaign,Launch,Organic,Partner,referral,SGP,Asia,2026-03-22,2026-04-25,456326.97,267731.24,SGD,65377,4704,262,2026-03-22 12:16:38,denise.beck077@analytics.example.com
,CAMP-2026-03-000810,Holiday Check Campaign,Performance,Google Ads,Google,social,IND,Asia,2026-03-02,2026-03-21,337658.63,149906.09,INR,25804,674,107,2026-03-02 03:07:03,willie.long016@dataops.example.com
,CAMP-2026-03-000811,Member Cover Campaign,Flash Sale,Affiliate,Google,cpc,ARE,Asia,2026-03-04,2026-03-20,311178.97,283130.06,AED,260403,9330,839,2026-03-04 09:20:11,crystal.smith022@platform.example.com
,CAMP-2026-03-000812,Back-to-School Worry Campaign,Launch,TikTok,Google,direct,JPN,Asia,2026-03-25,2026-04-21,161912.96,100128.14,JPY,95669,1544,168,2026-03-25 01:21:00,mary.jordan048@analytics.example.com
,CAMP-2026-03-000813,Growth Ground Campaign,Brand,TikTok,Meta,referral,USA,North America,2026-03-10,2026-04-01,318716.6,301104.24,USD,44232,853,142,2026-03-10 10:45:44,renee.harvey080@dataops.example.com
,CAMP-2026-03-000814,Back-to-School Rate Campaign,Launch,TikTok,Meta,social,SGP,Asia,2026-03-11,2026-04-12,327276.99,172617.5,SGD,102093,2755,388,2026-03-11 15:46:04,denise.beck077@analytics.example.com
,CAMP-2026-03-000815,Growth Use Campaign,Retention,Organic,CRM,social,BRA,South America,2026-03-29,2026-04-04,397024.96,277198.98,BRL,38062,389,68,2026-03-29 17:20:32,stephen.clark001@analytics.example.com
,CAMP-2026-03-000816,Back-to-School Experience Campaign,Flash Sale,Affiliate,Meta,organic,ARE,Asia,2026-03-12,2026-04-14,272806.96,85007.65,AED,62143,3380,303,2026-03-12 05:18:53,michael.johnson061@platform.example.com
,CAMP-2026-03-000817,Member System Campaign,Brand,Meta,CRM,email,MEX,North America,2026-03-28,2026-04-05,448702.4,186503.53,MXN,175206,13984,730,2026-03-28 15:10:42,kathleen.white007@analytics.example.com
,CAMP-2026-03-000818,Member Reality Campaign,Retention,Display,Google,referral,IND,Asia,2026-03-02,2026-03-11,246085.53,139957.71,INR,33195,1983,254,2026-03-02 12:07:03,sandra.hunter036@platform.example.com
,CAMP-2026-03-000819,Winter Drive Campaign,Retention,Affiliate,Meta,organic,IND,Asia,2026-03-01,2026-03-15,89235.0,44282.3,INR,116175,4379,369,2026-03-01 14:52:33,stephen.jordan063@commerce.example.com
,CAMP-2026-03-000820,Summer Teacher Campaign,Brand,TikTok,Meta,email,JPN,Asia,2026-03-31,2026-05-02,311889.03,243295.74,JPY,115608,6582,1145,2026-03-31 17:05:43,elizabeth.mullins042@platform.example.com
,CAMP-2026-03-000821,Summer Five Campaign,Flash Sale,Display,Meta,direct,ITA,Europe,2026-03-27,2026-04-16,194225.11,103226.54,EUR,150425,4665,209,2026-03-27 21:43:53,christine.johnson056@commerce.example.com
,CAMP-2026-03-000822,Holiday Expert Campaign,Retention,Google Ads,Meta,email,ARE,Asia,2026-03-31,2026-04-14,170112.19,94884.79,AED,2975775,105400,9397,2026-03-31 22:04:14,micheal.hall064@dataops.example.com
,CAMP-2026-03-000823,Back-to-School Far Campaign,Launch,Display,Partner,email,FRA,Europe,2026-03-25,2026-04-11,442189.72,351102.53,EUR,36402,2426,66,2026-03-25 01:27:04,samantha.villa073@commerce.example.com
,CAMP-2026-03-000824,Summer Part Campaign,Brand,Google Ads,Google,email,AUS,Oceania,2026-03-12,2026-03-31,81926.11,44383.21,AUD,176528,1994,328,2026-03-12 09:37:48,richard.bradshaw051@platform.example.com
,CAMP-2026-03-000825,Summer Idea Campaign,Seasonal,Affiliate,Meta,organic,MEX,North America,2026-03-31,2026-04-20,373042.96,315278.27,MXN,99232,6575,183,2026-03-31 04:22:28,kimberly.harmon088@commerce.example.com
,CAMP-2026-03-000826,Growth Firm Campaign,Launch,Display,Partner,social,BRA,South America,2026-03-21,2026-04-13,425437.46,237459.73,BRL,91740,4966,534,2026-03-21 16:44:00,kelsey.taylor010@platform.example.com
,CAMP-2026-03-000827,Member Ever Campaign,Brand,Google Ads,Meta,email,SGP,Asia,2026-03-25,2026-03-29,87934.57,50167.38,SGD,246531,16474,2808,2026-03-25 09:06:06,ryan.steele043@commerce.example.com
,CAMP-2026-03-000828,Back-to-School Begin Campaign,Brand,Display,TikTok,direct,GBR,Europe,2026-03-26,2026-03-30,36429.12,25377.8,GBP,48445,3396,442,2026-03-26 03:45:47,mary.jordan048@analytics.example.com
,CAMP-2026-03-000829,Winter Back Campaign,Performance,Display,Meta,direct,SGP,Asia,2026-03-03,2026-03-29,248908.41,231747.62,SGD,389829,21261,2605,2026-03-03 01:59:12,denise.beck077@analytics.example.com
,CAMP-2026-03-000830,Back-to-School Class Campaign,Seasonal,Google Ads,Meta,direct,ITA,Europe,2026-03-27,2026-04-09,190206.95,162523.05,EUR,77339,4425,704,2026-03-27 19:50:56,jennifer.shepherd015@analytics.example.com
,CAMP-2026-03-000831,Back-to-School Role Campaign,Launch,Email,TikTok,social,USA,North America,2026-03-21,2026-04-02,305026.0,151502.52,USD,251651,4399,308,2026-03-21 21:30:57,nancy.gross008@dataops.example.com
,CAMP-2026-03-000832,Growth Degree Campaign,Seasonal,Display,Meta,direct,ARE,Asia,2026-03-02,2026-03-07,98996.35,78744.09,AED,77336,2768,263,2026-03-02 00:34:01,jeffery.miller012@commerce.example.com
,CAMP-2026-03-000833,Winter Entire Campaign,Retention,Organic,Meta,organic,DEU,Europe,2026-03-04,2026-03-17,219432.6,115051.04,EUR,24550,1395,40,2026-03-04 18:13:07,nicholas.wilson027@analytics.example.com
,CAMP-2026-03-000834,Back-to-School Challenge Campaign,Flash Sale,TikTok,TikTok,affiliate,AUS,Oceania,2026-03-02,2026-04-06,289227.55,189404.01,AUD,27240,749,94,2026-03-02 03:44:07,michael.brewer084@analytics.example.com
,CAMP-2026-03-000835,Summer History Campaign,Retention,Meta,Google,referral,SGP,Asia,2026-03-22,2026-03-27,78115.23,38532.0,SGD,87315,3844,213,2026-03-22 19:58:01,jennifer.yu037@dataops.example.com
,CAMP-2026-03-000836,Member There Campaign,Retention,Google Ads,Partner,social,USA,North America,2026-03-30,2026-04-15,84424.78,56532.05,USD,35836,2814,96,2026-03-30 05:19:29,samantha.villa073@commerce.example.com
,CAMP-2026-03-000837,Summer Attention Campaign,Retention,Meta,Google,direct,USA,North America,2026-03-01,2026-03-19,36354.88,36598.35,USD,153726,10968,730,2026-03-01 17:22:50,brittany.rose019@commerce.example.com
,CAMP-2026-03-000838,Winter Serious Campaign,Retention,Email,Google,referral,ARE,Asia,2026-03-12,2026-03-16,427038.41,308202.35,AED,91153,3506,264,2026-03-12 16:08:37,susan.rice083@commerce.example.com
,CAMP-2026-03-000839,Winter Reveal Campaign,Seasonal,Email,Partner,email,MEX,North America,2026-03-17,2026-04-06,96036.98,82977.24,MXN,282455,17075,535,2026-03-17 00:25:53,kathleen.white007@analytics.example.com
,CAMP-2026-03-000840,Back-to-School Soldier Campaign,Brand,Meta,CRM,cpc,NLD,Europe,2026-03-15,2026-04-02,81969.27,72564.38,EUR,39003,774,131,2026-03-15 10:42:58,kimberly.harmon088@commerce.example.com
,CAMP-2026-03-000841,Growth Believe Campaign,Retention,Google Ads,CRM,direct,BRA,South America,2026-03-30,2026-04-27,366413.07,300528.71,BRL,244899,7246,1147,2026-03-30 13:23:59,linda.davis105@analytics.example.com
,CAMP-2026-03-000842,Back-to-School Yard Campaign,Seasonal,Organic,TikTok,social,JPN,Asia,2026-03-30,2026-04-19,281113.85,111453.37,JPY,388979,15947,1578,2026-03-30 22:32:25,rachel.hall062@platform.example.com
,CAMP-2026-03-000843,Summer Attack Campaign,Launch,Affiliate,Meta,direct,IND,Asia,2026-03-02,2026-03-08,420268.06,423003.03,INR,62205,944,103,2026-03-02 17:10:42,eric.horton058@analytics.example.com
,CAMP-2026-03-000844,Summer Special Campaign,Performance,Affiliate,Google,social,ARE,Asia,2026-03-06,2026-04-10,80191.95,48665.16,AED,24854,1821,30,2026-03-06 19:11:55,patrick.gonzalez035@dataops.example.com
,CAMP-2026-03-000845,Summer Use Campaign,Retention,Google Ads,TikTok,email,AUS,Oceania,2026-03-07,2026-03-17,191334.45,127165.15,AUD,161002,11020,640,2026-03-07 07:28:43,rachel.hall062@platform.example.com
,CAMP-2026-03-000846,Growth Give Campaign,Seasonal,Google Ads,CRM,direct,MEX,North America,2026-03-18,2026-04-16,268415.85,185071.47,MXN,35550,455,53,2026-03-18 15:12:48,katelyn.pitts017@commerce.example.com
,CAMP-2026-03-000847,Winter Sense Campaign,Performance,Email,Google,social,JPN,Asia,2026-03-21,2026-04-01,386824.1,237055.4,JPY,139220,8522,202,2026-03-21 01:06:31,troy.boone097@platform.example.com
,CAMP-2026-03-000848,Winter Mother Campaign,Flash Sale,Organic,CRM,referral,SGP,Asia,2026-03-01,2026-03-22,140879.96,77937.2,SGD,347128,15996,2455,2026-03-01 11:48:23,victoria.medina044@dataops.example.com
,CAMP-2026-03-000849,Member Make Campaign,Launch,TikTok,Google,cpc,ARE,Asia,2026-03-11,2026-03-24,258045.62,118129.89,AED,101210,6061,962,2026-03-11 16:22:55,willie.long016@dataops.example.com
,CAMP-2026-03-000850,Winter Boy Campaign,Flash Sale,Organic,TikTok,direct,DEU,Europe,2026-03-13,2026-03-20,455170.05,296641.65,EUR,29631,1762,43,2026-03-13 10:32:10,kelsey.taylor010@platform.example.com
,CAMP-2026-03-000851,Summer Station Campaign,Launch,Affiliate,CRM,direct,NLD,Europe,2026-03-27,2026-04-11,8579.22,2656.14,EUR,219186,8137,392,2026-03-27 13:42:21,jennifer.bauer068@analytics.example.com
,CAMP-2026-03-000852,Holiday Create Campaign,Flash Sale,Affiliate,TikTok,cpc,BRA,South America,2026-03-24,2026-04-26,371575.36,309741.56,BRL,189889,8905,967,2026-03-24 19:04:31,ryan.steele043@commerce.example.com
,CAMP-2026-03-000853,Holiday Worker Campaign,Performance,TikTok,Google,social,NLD,Europe,2026-03-22,2026-04-19,457902.79,425052.1,EUR,53536,3528,200,2026-03-22 03:13:15,victor.palmer071@platform.example.com
,CAMP-2026-03-000854,Member Break Campaign,Performance,Google Ads,Partner,affiliate,NLD,Europe,2026-03-03,2026-03-24,60538.78,24781.45,EUR,50018,2010,353,2026-03-03 05:35:42,victor.palmer071@platform.example.com
,CAMP-2026-03-000855,Winter Model Campaign,Flash Sale,Google Ads,Partner,affiliate,IND,Asia,2026-03-12,2026-03-15,161694.78,146306.61,INR,1064498,45930,3140,2026-03-12 19:26:06,jeffery.miller012@commerce.example.com
,CAMP-2026-03-000856,Back-to-School Finish Campaign,Brand,Affiliate,Google,referral,NLD,Europe,2026-03-06,2026-03-29,81749.69,62804.11,EUR,666123,14400,2154,2026-03-06 08:45:53,brittany.rose019@commerce.example.com
,CAMP-2026-03-000857,Member Hair Campaign,Launch,Organic,Partner,direct,FRA,Europe,2026-03-19,2026-04-01,39121.51,24102.77,EUR,15578,1048,108,2026-03-19 00:14:51,victor.palmer071@platform.example.com
,CAMP-2026-03-000858,Winter Else Campaign,Retention,Google Ads,TikTok,cpc,ARE,Asia,2026-03-24,2026-04-03,30173.97,19117.63,AED,638334,40985,5931,2026-03-24 01:05:26,kimberly.harmon088@commerce.example.com
,CAMP-2026-03-000859,Summer Sister Campaign,Launch,Display,Partner,referral,AUS,Oceania,2026-03-02,2026-03-29,175291.32,146254.84,AUD,72002,1807,76,2026-03-02 09:14:04,jeffery.miller012@commerce.example.com
,CAMP-2026-03-000860,Growth Month Campaign,Launch,Display,Google,cpc,FRA,Europe,2026-03-18,2026-04-03,263031.63,194338.05,EUR,229614,4745,591,2026-03-18 21:59:24,jimmy.washington028@commerce.example.com
,CAMP-2026-03-000861,Back-to-School Any Campaign,Retention,TikTok,Google,affiliate,SGP,Asia,2026-03-10,2026-04-11,238373.99,221106.66,SGD,64702,894,23,2026-03-10 09:07:09,michael.brewer084@analytics.example.com
,CAMP-2026-03-000862,Winter Baby Campaign,Launch,Meta,CRM,direct,USA,North America,2026-03-03,2026-03-12,28460.11,24838.45,USD,164486,4338,606,2026-03-03 05:15:54,lance.williams029@platform.example.com
,CAMP-2026-03-000863,Summer Technology Campaign,Performance,Organic,CRM,organic,JPN,Asia,2026-03-20,2026-04-22,33994.61,14673.0,JPY,173837,7467,108,2026-03-20 11:30:06,jonathan.jimenez057@platform.example.com
,CAMP-2026-03-000864,Summer Entire Campaign,Seasonal,Display,Google,email,ITA,Europe,2026-03-24,2026-03-30,364967.48,240779.78,EUR,141206,2638,265,2026-03-24 12:11:46,eric.mullen052@dataops.example.com
,CAMP-2026-03-000865,Back-to-School Start Campaign,Flash Sale,Affiliate,CRM,email,ESP,Europe,2026-03-03,2026-04-01,155243.65,139367.37,EUR,63229,3082,56,2026-03-03 02:15:49,shawn.baxter004@dataops.example.com
,CAMP-2026-03-000866,Winter Into Campaign,Brand,Affiliate,Google,email,SGP,Asia,2026-03-29,2026-04-22,397404.52,124062.42,SGD,250477,5794,208,2026-03-29 09:58:55,michael.brewer084@analytics.example.com
,CAMP-2026-03-000867,Member Friend Campaign,Brand,Google Ads,Google,affiliate,SGP,Asia,2026-03-05,2026-03-21,148562.32,101814.64,SGD,113363,3776,136,2026-03-05 10:25:49,jimmy.washington028@commerce.example.com
,CAMP-2026-03-000868,Growth Million Campaign,Seasonal,Affiliate,TikTok,affiliate,MEX,North America,2026-03-21,2026-04-08,469618.64,170012.61,MXN,39686,1420,66,2026-03-21 13:02:32,kevin.mathews014@analytics.example.com
,CAMP-2026-03-000869,Winter From Campaign,Brand,Email,TikTok,organic,AUS,Oceania,2026-03-18,2026-04-05,386241.78,200357.6,AUD,8655,367,31,2026-03-18 01:19:33,raymond.pineda079@platform.example.com
,CAMP-2026-03-000870,Growth Science Campaign,Flash Sale,Google Ads,CRM,referral,BRA,South America,2026-03-14,2026-03-26,218960.52,117380.35,BRL,40414,2306,194,2026-03-14 09:39:54,jason.franklin045@dataops.example.com
,CAMP-2026-03-000871,Growth Key Campaign,Launch,Organic,Partner,social,GBR,Europe,2026-03-31,2026-04-22,405171.13,304303.33,GBP,135063,9721,419,2026-03-31 13:37:53,micheal.hall064@dataops.example.com
,CAMP-2026-03-000872,Winter Hold Campaign,Brand,Organic,Google,email,ESP,Europe,2026-03-25,2026-04-06,179592.91,116832.81,EUR,306370,19077,2339,2026-03-25 15:43:44,jennifer.yu037@dataops.example.com
,CAMP-2026-03-000873,Holiday Garden Campaign,Flash Sale,Display,CRM,direct,MEX,North America,2026-03-20,2026-04-16,226734.84,204362.03,MXN,34421,1302,76,2026-03-20 12:05:59,jason.franklin045@dataops.example.com
,CAMP-2026-03-000874,Winter Improve Campaign,Brand,Meta,TikTok,direct,ARE,Asia,2026-03-21,2026-04-22,193451.06,133589.82,AED,140236,7722,903,2026-03-21 00:13:37,yesenia.arnold040@platform.example.com
,CAMP-2026-03-000875,Member Before Campaign,Seasonal,Email,Partner,organic,AUS,Oceania,2026-03-26,2026-03-30,232260.78,185469.4,AUD,69916,1964,89,2026-03-26 12:57:12,anita.garcia021@dataops.example.com
,CAMP-2026-03-000876,Holiday Institution Campaign,Launch,Meta,Partner,cpc,ESP,Europe,2026-03-29,2026-04-25,371755.18,213478.04,EUR,307791,23393,2799,2026-03-29 20:05:50,stephen.jordan063@commerce.example.com
,CAMP-2026-03-000877,Summer I Campaign,Performance,Organic,Meta,cpc,MEX,North America,2026-03-06,2026-03-09,398962.64,339795.2,MXN,1289141,71898,4052,2026-03-06 07:05:41,michael.brewer084@analytics.example.com
,CAMP-2026-03-000878,Member Wear Campaign,Flash Sale,Google Ads,Meta,affiliate,ITA,Europe,2026-03-16,2026-04-18,223218.88,225953.82,EUR,71674,2442,393,2026-03-16 07:36:40,ashley.marks069@commerce.example.com
,CAMP-2026-03-000879,Summer It Campaign,Brand,TikTok,Partner,social,MEX,North America,2026-03-13,2026-04-03,287209.0,99643.27,MXN,35134,2143,124,2026-03-13 17:48:41,brittany.rose019@commerce.example.com
,CAMP-2026-03-000880,Back-to-School Open Campaign,Retention,Organic,Google,cpc,GBR,Europe,2026-03-12,2026-03-23,286914.51,292037.32,GBP,96744,5438,748,2026-03-12 23:33:38,jennifer.atkins003@platform.example.com
,CAMP-2026-03-000881,Member Main Campaign,Retention,Display,TikTok,organic,CAN,North America,2026-03-16,2026-04-11,132642.96,87718.89,CAD,119445,2520,304,2026-03-16 02:27:04,joseph.johnson049@dataops.example.com
,CAMP-2026-03-000882,Member Some Campaign,Seasonal,TikTok,TikTok,affiliate,USA,North America,2026-03-17,2026-04-19,437335.71,324798.59,USD,168369,4428,181,2026-03-17 22:00:33,renee.harvey080@dataops.example.com
,CAMP-2026-03-000883,Back-to-School Certain Campaign,Launch,Affiliate,Partner,social,FRA,Europe,2026-03-24,2026-04-06,216090.69,158119.63,EUR,36788,1995,322,2026-03-24 22:39:41,stephen.jordan063@commerce.example.com
,CAMP-2026-03-000884,Winter Entire Campaign,Flash Sale,Meta,TikTok,cpc,BRA,South America,2026-03-07,2026-04-03,48975.92,38343.74,BRL,306980,9100,1479,2026-03-07 09:18:54,jimmy.washington028@commerce.example.com
,CAMP-2026-03-000885,Holiday Customer Campaign,Seasonal,Display,Google,organic,MEX,North America,2026-03-03,2026-03-08,8758.51,3761.09,MXN,182112,12940,1714,2026-03-03 18:49:28,jennifer.shepherd015@analytics.example.com
,CAMP-2026-03-000886,Summer Message Campaign,Performance,Google Ads,Google,email,FRA,Europe,2026-03-14,2026-04-07,224457.85,136131.27,EUR,78122,4565,192,2026-03-14 01:24:30,allen.foster026@dataops.example.com
,CAMP-2026-03-000887,Back-to-School Least Campaign,Seasonal,Email,TikTok,email,BRA,South America,2026-03-30,2026-04-09,335844.19,189383.85,BRL,91057,4098,114,2026-03-30 19:59:37,raymond.pineda079@platform.example.com
,CAMP-2026-03-000888,Summer Lawyer Campaign,Flash Sale,TikTok,Meta,organic,ESP,Europe,2026-03-02,2026-03-23,143788.05,122449.03,EUR,80002,854,90,2026-03-02 06:25:31,judy.rogers086@platform.example.com
,CAMP-2026-03-000889,Winter Experience Campaign,Seasonal,Organic,TikTok,email,CAN,North America,2026-03-03,2026-04-07,314228.83,235095.9,CAD,185205,4034,636,2026-03-03 06:03:01,jack.smith053@analytics.example.com
,CAMP-2026-03-000890,Winter Into Campaign,Performance,Display,TikTok,affiliate,USA,North America,2026-03-04,2026-04-01,30809.87,16916.1,USD,870151,47275,2008,2026-03-04 09:04:55,stephen.jordan063@commerce.example.com
,CAMP-2026-03-000891,Member Medical Campaign,Retention,TikTok,TikTok,social,FRA,Europe,2026-03-26,2026-04-13,445720.35,207418.59,EUR,92796,3270,545,2026-03-26 09:52:14,allen.foster026@dataops.example.com
,CAMP-2026-03-000892,Back-to-School Decision Campaign,Flash Sale,TikTok,Google,email,DEU,Europe,2026-03-23,2026-04-01,3187.02,1444.81,EUR,16966,620,27,2026-03-23 06:32:00,samantha.villa073@commerce.example.com
,CAMP-2026-03-000893,Winter Choose Campaign,Seasonal,Organic,TikTok,direct,ESP,Europe,2026-03-22,2026-04-20,228296.28,227060.68,EUR,223761,13007,1902,2026-03-22 23:17:37,sandra.hunter036@platform.example.com
,CAMP-2026-03-000894,Member Firm Campaign,Seasonal,Email,Partner,social,DEU,Europe,2026-03-10,2026-03-26,133482.72,64924.07,EUR,180259,7158,778,2026-03-10 08:36:12,tina.williams074@commerce.example.com
,CAMP-2026-03-000895,Back-to-School Of Campaign,Launch,Google Ads,Google,organic,ARE,Asia,2026-03-11,2026-03-14,2505.1,1060.82,AED,46185,2071,303,2026-03-11 18:40:39,michael.johnson061@platform.example.com
,CAMP-2026-03-000896,Holiday Bit Campaign,Performance,Affiliate,Partner,referral,USA,North America,2026-03-30,2026-04-06,49616.01,17860.07,USD,64426,1383,132,2026-03-30 13:45:00,susan.rice083@commerce.example.com
,CAMP-2026-03-000897,Member Officer Campaign,Flash Sale,Google Ads,Google,email,NLD,Europe,2026-03-24,2026-04-25,263190.55,165526.73,EUR,71033,2827,220,2026-03-24 12:51:39,rebecca.white032@dataops.example.com
,CAMP-2026-03-000898,Back-to-School City Campaign,Flash Sale,Meta,Google,email,CAN,North America,2026-03-04,2026-03-29,342542.72,278559.04,CAD,86593,5724,314,2026-03-04 02:37:38,tara.hansen055@dataops.example.com
,CAMP-2026-03-000899,Member Machine Campaign,Brand,Display,CRM,direct,ITA,Europe,2026-03-03,2026-03-29,29313.69,25828.56,EUR,13516,479,53,2026-03-03 03:22:59,raymond.pineda079@platform.example.com
,CAMP-2026-03-000900,Member Mission Campaign,Flash Sale,Meta,CRM,email,NLD,Europe,2026-03-30,2026-04-26,382992.34,263649.96,EUR,25026,421,32,2026-03-30 06:39:34,alyssa.richards002@commerce.example.com
,CAMP-2026-03-000901,Winter Later Campaign,Retention,Google Ads,Google,affiliate,IND,Asia,2026-03-19,2026-04-06,133178.85,51703.87,INR,91658,6799,957,2026-03-19 07:19:07,jennifer.erickson018@platform.example.com
,CAMP-2026-03-000902,Growth Spend Campaign,Launch,Affiliate,Meta,cpc,DEU,Europe,2026-03-19,2026-04-14,148041.16,148006.23,EUR,35904,933,50,2026-03-19 22:58:19,jonathan.jimenez057@platform.example.com
,CAMP-2026-03-000903,Holiday Treat Campaign,Seasonal,Google Ads,TikTok,social,MEX,North America,2026-03-28,2026-03-31,271428.09,144559.73,MXN,39770,1207,142,2026-03-28 12:59:07,jennifer.bauer068@analytics.example.com
,CAMP-2026-03-000904,Growth Space Campaign,Seasonal,Display,Partner,referral,JPN,Asia,2026-03-24,2026-03-27,392869.15,144071.92,JPY,57450,2924,362,2026-03-24 07:42:33,susan.rice083@commerce.example.com
,CAMP-2026-03-000905,Growth Dinner Campaign,Flash Sale,Meta,TikTok,direct,BRA,South America,2026-03-27,2026-04-22,453158.14,404747.61,BRL,242123,16419,831,2026-03-27 22:24:11,kathleen.white007@analytics.example.com
,CAMP-2026-03-000906,Member Money Campaign,Brand,Email,Google,direct,BRA,South America,2026-03-09,2026-03-20,444677.36,138580.97,BRL,161571,11244,1360,2026-03-09 17:27:03,michael.berger060@platform.example.com
,CAMP-2026-03-000907,Growth Doctor Campaign,Brand,Google Ads,Google,referral,CAN,North America,2026-03-16,2026-03-20,9042.66,3633.18,CAD,88878,1816,22,2026-03-16 23:47:41,ryan.steele043@commerce.example.com
,CAMP-2026-03-000908,Back-to-School Attorney Campaign,Seasonal,Affiliate,Google,organic,ARE,Asia,2026-03-24,2026-04-12,123053.86,55076.71,AED,64128,4726,558,2026-03-24 11:27:58,victor.palmer071@platform.example.com
,CAMP-2026-03-000909,Summer Face Campaign,Brand,Google Ads,Partner,referral,FRA,Europe,2026-03-14,2026-04-14,463775.01,234621.28,EUR,59304,659,115,2026-03-14 23:20:47,jennifer.shepherd015@analytics.example.com
,CAMP-2026-03-000910,Holiday Carry Campaign,Retention,Display,Meta,email,DEU,Europe,2026-03-26,2026-04-20,475801.67,438048.55,EUR,62868,1370,133,2026-03-26 16:40:44,shawn.baxter004@dataops.example.com
,CAMP-2026-03-000911,Growth While Campaign,Brand,TikTok,Partner,email,USA,North America,2026-03-06,2026-03-30,70284.64,40911.47,USD,67656,1057,62,2026-03-06 08:00:53,mary.jordan048@analytics.example.com
,CAMP-2026-03-000912,Member Face Campaign,Seasonal,Organic,CRM,email,BRA,South America,2026-03-11,2026-04-13,265198.25,202065.15,BRL,286352,21830,373,2026-03-11 17:17:14,benjamin.brooks117@dataops.example.com
,CAMP-2026-03-000913,Growth Report Campaign,Performance,Organic,Google,affiliate,GBR,Europe,2026-03-26,2026-04-24,7806.98,7633.45,GBP,110184,8133,520,2026-03-26 05:27:25,stephen.jordan063@commerce.example.com
,CAMP-2026-03-000914,Growth Evening Campaign,Brand,TikTok,CRM,organic,MEX,North America,2026-03-29,2026-04-22,18620.37,11945.54,MXN,311990,10669,1144,2026-03-29 02:41:58,nicholas.wilson027@analytics.example.com
,CAMP-2026-03-000915,Winter Allow Campaign,Performance,Email,Partner,social,JPN,Asia,2026-03-22,2026-04-04,457151.22,167324.89,JPY,111095,7202,253,2026-03-22 22:06:21,crystal.smith022@platform.example.com
,CAMP-2026-03-000916,Member Development Campaign,Launch,Organic,Meta,organic,BRA,South America,2026-03-20,2026-04-21,497215.88,471018.02,BRL,112072,5699,549,2026-03-20 07:34:43,michael.johnson061@platform.example.com
,CAMP-2026-03-000917,Growth Contain Campaign,Flash Sale,Google Ads,CRM,affiliate,BRA,South America,2026-03-14,2026-03-25,487309.52,437232.22,BRL,14774,709,93,2026-03-14 03:40:28,brandi.carter038@dataops.example.com
,CAMP-2026-03-000918,Member Beyond Campaign,Flash Sale,TikTok,Partner,affiliate,IND,Asia,2026-03-01,2026-03-11,326111.72,263083.71,INR,44119,976,120,2026-03-01 11:29:18,michael.berger060@platform.example.com
,CAMP-2026-03-000919,Winter Also Campaign,Retention,Email,Google,cpc,CAN,North America,2026-03-26,2026-04-30,71209.78,37352.72,CAD,360716,7809,1251,2026-03-26 05:26:32,stephen.clark001@analytics.example.com
,CAMP-2026-03-000920,Member Already Campaign,Performance,Email,Meta,social,USA,North America,2026-03-31,2026-04-13,230522.38,167865.64,USD,304607,20235,3623,2026-03-31 15:48:27,jennifer.erickson018@platform.example.com
,CAMP-2026-03-000921,Holiday Course Campaign,Retention,Google Ads,CRM,referral,CAN,North America,2026-03-05,2026-03-12,95821.98,73482.29,CAD,47723,3689,452,2026-03-05 20:38:08,megan.cunningham013@commerce.example.com
,CAMP-2026-03-000922,Winter Table Campaign,Retention,Google Ads,Google,organic,ESP,Europe,2026-03-11,2026-04-03,207431.7,93790.08,EUR,416355,17927,898,2026-03-11 21:44:22,nancy.gross008@dataops.example.com
,CAMP-2026-03-000923,Winter Development Campaign,Launch,Google Ads,Meta,affiliate,IND,Asia,2026-03-09,2026-03-24,61705.8,44839.95,INR,60339,1817,315,2026-03-09 16:29:47,lance.williams029@platform.example.com
,CAMP-2026-03-000924,Winter Provide Campaign,Launch,TikTok,Partner,organic,MEX,North America,2026-03-16,2026-04-02,335010.1,174587.4,MXN,32756,1967,111,2026-03-16 10:39:42,willie.long016@dataops.example.com
,CAMP-2026-03-000925,Winter South Campaign,Brand,Email,TikTok,organic,AUS,Oceania,2026-03-13,2026-04-10,339943.05,128136.23,AUD,28594,1908,291,2026-03-13 03:33:08,michelle.bender024@analytics.example.com
,CAMP-2026-03-000926,Summer Should Campaign,Brand,Affiliate,Partner,email,NLD,Europe,2026-03-12,2026-03-24,197876.85,105251.37,EUR,252033,15515,1950,2026-03-12 07:41:23,elizabeth.mullins042@platform.example.com
,CAMP-2026-03-000927,Member Study Campaign,Retention,Affiliate,TikTok,email,BRA,South America,2026-03-09,2026-03-22,299521.23,138131.45,BRL,448844,12321,1791,2026-03-09 20:51:02,christine.carter078@commerce.example.com
,CAMP-2026-03-000928,Winter Put Campaign,Brand,TikTok,Google,affiliate,BRA,South America,2026-03-28,2026-04-09,183962.83,60459.61,BRL,94662,5998,741,2026-03-28 12:05:05,brian.banks011@platform.example.com
,CAMP-2026-03-000929,Winter Individual Campaign,Seasonal,Organic,Google,social,CAN,North America,2026-03-06,2026-03-13,215458.51,77811.67,CAD,172213,6139,156,2026-03-06 00:18:51,jennifer.shepherd015@analytics.example.com
,CAMP-2026-03-000930,Summer Red Campaign,Retention,Email,TikTok,referral,NLD,Europe,2026-03-12,2026-03-21,342817.27,186196.81,EUR,31671,391,13,2026-03-12 10:59:06,richard.bradshaw051@platform.example.com
,CAMP-2026-03-000931,Back-to-School Forget Campaign,Retention,Organic,Meta,referral,MEX,North America,2026-03-14,2026-03-30,344793.6,349511.3,MXN,342040,7670,1073,2026-03-14 21:42:33,kristin.krueger034@analytics.example.com
,CAMP-2026-03-000932,Winter Another Campaign,Brand,Display,Google,referral,AUS,Oceania,2026-03-14,2026-03-27,55576.89,40761.1,AUD,364232,11683,2043,2026-03-14 22:19:09,russell.miller054@platform.example.com
,CAMP-2026-03-000933,Back-to-School Word Campaign,Performance,Display,Google,referral,AUS,Oceania,2026-03-25,2026-04-26,457568.02,425430.01,AUD,453994,15580,1257,2026-03-25 18:37:04,carol.bonilla067@analytics.example.com
,CAMP-2026-03-000934,Summer Describe Campaign,Performance,Affiliate,Google,referral,AUS,Oceania,2026-03-14,2026-03-23,56190.68,42077.73,AUD,30360,1087,140,2026-03-14 18:44:29,ashley.marks069@commerce.example.com
,CAMP-2026-03-000935,Winter Level Campaign,Retention,TikTok,CRM,social,SGP,Asia,2026-03-24,2026-04-15,361651.82,288898.11,SGD,43286,961,49,2026-03-24 20:28:48,christine.johnson056@commerce.example.com
,CAMP-2026-03-000936,Member Paper Campaign,Retention,Organic,CRM,affiliate,GBR,Europe,2026-03-28,2026-04-16,180545.13,157688.35,GBP,114154,3085,169,2026-03-28 12:18:11,stephanie.miller092@analytics.example.com
,CAMP-2026-03-000937,Back-to-School Often Campaign,Brand,Affiliate,TikTok,direct,USA,North America,2026-03-20,2026-04-15,388177.69,270617.96,USD,3593,74,11,2026-03-20 09:23:31,victor.palmer071@platform.example.com
,CAMP-2026-03-000938,Winter Energy Campaign,Brand,TikTok,CRM,affiliate,GBR,Europe,2026-03-19,2026-03-28,255104.58,117034.03,GBP,144702,9704,470,2026-03-19 14:52:05,raymond.davis085@analytics.example.com
,CAMP-2026-03-000939,Back-to-School Box Campaign,Retention,Google Ads,Meta,direct,NLD,Europe,2026-03-16,2026-03-29,63090.89,40477.9,EUR,17174,1247,97,2026-03-16 02:00:24,stephanie.miller092@analytics.example.com
,CAMP-2026-03-000940,Holiday Friend Campaign,Seasonal,Email,TikTok,organic,IND,Asia,2026-03-05,2026-03-27,19010.82,10380.3,INR,82164,2039,251,2026-03-05 00:27:03,jennifer.bauer068@analytics.example.com
,CAMP-2026-03-000941,Summer Big Campaign,Seasonal,TikTok,Meta,organic,AUS,Oceania,2026-03-12,2026-04-05,426534.72,206034.5,AUD,163741,4098,183,2026-03-12 23:22:33,elizabeth.olsen066@platform.example.com
,CAMP-2026-03-000942,Back-to-School Source Campaign,Launch,Affiliate,Meta,affiliate,GBR,Europe,2026-03-06,2026-03-18,31261.21,20365.06,GBP,14792,669,51,2026-03-06 04:11:34,ashley.marks069@commerce.example.com
,CAMP-2026-03-000943,Back-to-School Memory Campaign,Brand,Meta,CRM,email,DEU,Europe,2026-03-18,2026-03-26,468900.87,191639.24,EUR,15234,666,110,2026-03-18 21:28:51,kevin.mathews014@analytics.example.com
,CAMP-2026-03-000944,Member Smile Campaign,Seasonal,Organic,TikTok,affiliate,NLD,Europe,2026-03-22,2026-03-25,12876.46,9957.51,EUR,463812,36398,6355,2026-03-22 02:18:17,kenneth.rodgers059@analytics.example.com
,CAMP-2026-03-000945,Growth Economic Campaign,Seasonal,Google Ads,CRM,direct,IND,Asia,2026-03-12,2026-03-24,262406.74,260785.26,INR,64953,2643,349,2026-03-12 23:58:41,yesenia.arnold040@platform.example.com
,CAMP-2026-03-000946,Growth Window Campaign,Seasonal,Organic,TikTok,social,SGP,Asia,2026-03-17,2026-03-28,7001.06,2134.61,SGD,315410,5863,65,2026-03-17 05:56:22,dominic.hodges075@platform.example.com
,CAMP-2026-03-000947,Member Then Campaign,Performance,Organic,Partner,cpc,ESP,Europe,2026-03-31,2026-04-20,111517.44,74032.56,EUR,526744,29004,1697,2026-03-31 05:59:50,jack.smith053@analytics.example.com
,CAMP-2026-03-000948,Summer Thing Campaign,Launch,Email,Meta,direct,ITA,Europe,2026-03-11,2026-04-14,17333.34,12248.38,EUR,48515,3303,169,2026-03-11 11:57:43,linda.daniels047@dataops.example.com
,CAMP-2026-03-000949,Growth Process Campaign,Launch,Meta,Meta,organic,SGP,Asia,2026-03-14,2026-03-18,148094.41,77266.44,SGD,25481,787,81,2026-03-14 21:55:56,crystal.smith022@platform.example.com
,CAMP-2026-03-000950,Member Your Campaign,Flash Sale,Affiliate,Partner,direct,NLD,Europe,2026-03-28,2026-04-29,419310.04,357305.09,EUR,66260,3059,288,2026-03-28 14:57:38,maria.ashley046@analytics.example.com
,CAMP-2026-03-000951,Growth Author Campaign,Performance,Google Ads,Partner,social,MEX,North America,2026-03-08,2026-03-14,400631.96,386333.5,MXN,33050,1332,216,2026-03-08 01:03:30,oscar.owens072@analytics.example.com
,CAMP-2026-03-000952,Winter Difference Campaign,Retention,Affiliate,TikTok,direct,ARE,Asia,2026-03-31,2026-04-23,391222.29,218092.85,AED,133640,10010,1721,2026-03-31 00:46:17,raymond.pineda079@platform.example.com
,CAMP-2026-03-000953,Growth Sure Campaign,Launch,Email,Google,affiliate,NLD,Europe,2026-03-14,2026-04-11,248387.44,182659.38,EUR,75986,1185,113,2026-03-14 19:43:00,richard.bradshaw051@platform.example.com
,CAMP-2026-03-000954,Growth Free Campaign,Launch,Google Ads,TikTok,organic,BRA,South America,2026-03-02,2026-03-14,417448.19,320922.32,BRL,1020040,25665,3824,2026-03-02 15:27:07,micheal.hall064@dataops.example.com
,CAMP-2026-03-000955,Holiday Base Campaign,Brand,Email,CRM,referral,SGP,Asia,2026-03-13,2026-04-11,247722.45,178242.02,SGD,47111,1495,181,2026-03-13 04:54:05,brittany.barber031@commerce.example.com
,CAMP-2026-03-000956,Member Often Campaign,Launch,Email,Google,social,BRA,South America,2026-03-20,2026-04-07,198904.9,182841.43,BRL,334525,12017,2119,2026-03-20 13:08:30,brittany.barber031@commerce.example.com
,CAMP-2026-03-000957,Winter Avoid Campaign,Brand,TikTok,Partner,email,JPN,Asia,2026-03-22,2026-03-30,30648.03,19923.57,JPY,334201,20659,2954,2026-03-22 13:25:16,russell.miller054@platform.example.com
,CAMP-2026-03-000958,Holiday Series Campaign,Brand,Organic,Partner,social,ESP,Europe,2026-03-27,2026-04-07,191386.77,84410.61,EUR,33085,2354,25,2026-03-27 10:18:32,jennifer.erickson018@platform.example.com
,CAMP-2026-03-000959,Back-to-School Consider Campaign,Seasonal,Meta,Meta,cpc,MEX,North America,2026-03-29,2026-04-30,235645.13,141208.9,MXN,56888,3668,436,2026-03-29 08:16:51,raymond.pineda079@platform.example.com
,CAMP-2026-03-000960,Summer Alone Campaign,Flash Sale,Google Ads,CRM,social,BRA,South America,2026-03-18,2026-03-28,84063.99,51411.35,BRL,34499,1166,111,2026-03-18 07:29:19,dominic.hodges075@platform.example.com
,CAMP-2026-03-000961,Holiday Tonight Campaign,Seasonal,Organic,Partner,affiliate,NLD,Europe,2026-03-19,2026-04-21,193665.42,119946.0,EUR,122365,8079,640,2026-03-19 04:20:36,joseph.johnson049@dataops.example.com
,CAMP-2026-03-000962,Summer Popular Campaign,Brand,Email,CRM,organic,NLD,Europe,2026-03-13,2026-03-27,471373.45,462853.05,EUR,548434,33549,4964,2026-03-13 05:16:11,willie.long016@dataops.example.com
,CAMP-2026-03-000963,Growth Meet Campaign,Flash Sale,Email,CRM,social,MEX,North America,2026-03-14,2026-03-24,457780.39,391438.83,MXN,240235,8357,739,2026-03-14 16:33:15,brittany.rose019@commerce.example.com
,CAMP-2026-03-000964,Holiday Career Campaign,Flash Sale,Google Ads,Google,cpc,DEU,Europe,2026-03-09,2026-03-29,258047.21,253971.05,EUR,52281,693,113,2026-03-09 09:16:11,raymond.pineda079@platform.example.com
,CAMP-2026-03-000965,Back-to-School Prepare Campaign,Seasonal,Meta,Meta,affiliate,SGP,Asia,2026-03-14,2026-03-25,346454.28,200697.77,SGD,189230,6405,1045,2026-03-14 02:11:06,elizabeth.mullins042@platform.example.com
,CAMP-2026-03-000966,Winter May Campaign,Performance,Meta,Meta,organic,FRA,Europe,2026-03-22,2026-04-19,490747.13,276356.21,EUR,98719,7654,727,2026-03-22 15:46:40,kevin.mathews014@analytics.example.com
,CAMP-2026-03-000967,Back-to-School Memory Campaign,Seasonal,Organic,Partner,direct,IND,Asia,2026-03-14,2026-04-12,85954.09,31754.4,INR,241719,9368,934,2026-03-14 07:27:09,christine.johnson056@commerce.example.com
,CAMP-2026-03-000968,Holiday All Campaign,Retention,Meta,Meta,direct,CAN,North America,2026-03-04,2026-04-08,36641.5,20334.13,CAD,62308,4531,144,2026-03-04 04:02:50,taylor.cunningham023@commerce.example.com
,CAMP-2026-03-000969,Back-to-School Someone Campaign,Brand,Google Ads,Partner,affiliate,NLD,Europe,2026-03-16,2026-04-20,259895.35,135614.37,EUR,142923,4786,248,2026-03-16 17:08:18,patrick.gonzalez035@dataops.example.com
,CAMP-2026-03-000970,Growth Next Campaign,Retention,Meta,Meta,social,FRA,Europe,2026-03-23,2026-04-11,458302.46,249753.01,EUR,35349,2241,184,2026-03-23 13:57:43,jennifer.erickson018@platform.example.com
,CAMP-2026-03-000971,Holiday Central Campaign,Flash Sale,Email,TikTok,direct,FRA,Europe,2026-03-08,2026-04-11,369249.6,250778.29,EUR,101982,2861,484,2026-03-08 02:46:06,jack.smith053@analytics.example.com
,CAMP-2026-03-000972,Back-to-School Coach Campaign,Retention,Affiliate,CRM,referral,NLD,Europe,2026-03-01,2026-03-07,43911.28,32639.79,EUR,84340,4408,629,2026-03-01 04:12:43,kelsey.taylor010@platform.example.com
,CAMP-2026-03-000973,Summer Explain Campaign,Performance,Google Ads,CRM,affiliate,USA,North America,2026-03-18,2026-04-15,472248.35,394937.73,USD,179265,12203,1300,2026-03-18 17:01:26,crystal.smith022@platform.example.com
,CAMP-2026-03-000974,Member According Campaign,Flash Sale,TikTok,TikTok,cpc,NLD,Europe,2026-03-13,2026-03-21,205678.24,156091.41,EUR,29051,570,74,2026-03-13 19:13:28,kenneth.rodgers059@analytics.example.com
,CAMP-2026-03-000975,Summer Participant Campaign,Seasonal,Email,Meta,referral,ARE,Asia,2026-03-24,2026-04-28,195583.37,135765.48,AED,111889,3362,114,2026-03-24 09:24:22,renee.harvey080@dataops.example.com
,CAMP-2026-03-000976,Back-to-School Condition Campaign,Retention,Meta,Meta,social,USA,North America,2026-03-13,2026-03-30,364027.19,308013.99,USD,88662,4307,52,2026-03-13 21:21:43,kevin.mathews014@analytics.example.com
,CAMP-2026-03-000977,Back-to-School But Campaign,Flash Sale,Google Ads,CRM,cpc,ARE,Asia,2026-03-25,2026-04-12,43147.43,26948.94,AED,84028,1240,18,2026-03-25 20:12:19,raymond.davis085@analytics.example.com
,CAMP-2026-03-000978,Summer Apply Campaign,Performance,Display,TikTok,direct,GBR,Europe,2026-03-25,2026-04-05,83695.2,34307.26,GBP,189707,13265,1231,2026-03-25 13:56:04,jennifer.atkins003@platform.example.com
,CAMP-2026-03-000979,Summer City Campaign,Performance,Meta,CRM,referral,ITA,Europe,2026-03-07,2026-04-03,122892.03,69395.54,EUR,81177,5223,663,2026-03-07 18:19:52,rachel.hall062@platform.example.com
,CAMP-2026-03-000980,Summer Bank Campaign,Performance,Organic,Partner,social,ARE,Asia,2026-03-07,2026-04-09,402675.2,348612.68,AED,283745,19110,2101,2026-03-07 02:19:36,stephen.daniels076@commerce.example.com
,CAMP-2026-03-000981,Holiday Consumer Campaign,Seasonal,Google Ads,Google,direct,GBR,Europe,2026-03-20,2026-04-07,307798.48,242395.04,GBP,109608,7841,1295,2026-03-20 18:01:57,benjamin.brooks117@dataops.example.com
,CAMP-2026-03-000982,Summer Plan Campaign,Flash Sale,Organic,TikTok,cpc,SGP,Asia,2026-03-08,2026-03-22,410079.57,372213.44,SGD,58028,2773,157,2026-03-08 09:29:08,darren.anderson025@dataops.example.com
,CAMP-2026-03-000983,Winter Network Campaign,Flash Sale,Meta,CRM,cpc,CAN,North America,2026-03-07,2026-03-22,126793.36,68739.94,CAD,201637,5300,513,2026-03-07 02:53:34,taylor.cunningham023@commerce.example.com
,CAMP-2026-03-000984,Summer Management Campaign,Performance,Meta,Meta,organic,IND,Asia,2026-03-16,2026-03-20,149893.36,143094.53,INR,25196,979,156,2026-03-16 05:12:04,stephanie.miller092@analytics.example.com
,CAMP-2026-03-000985,Winter Kind Campaign,Performance,Affiliate,Google,affiliate,NLD,Europe,2026-03-20,2026-04-01,450485.0,147112.23,EUR,125678,3609,486,2026-03-20 15:46:38,victoria.medina044@dataops.example.com
,CAMP-2026-03-000986,Member Reason Campaign,Flash Sale,Organic,TikTok,email,NLD,Europe,2026-03-04,2026-03-24,15599.23,8661.45,EUR,24990,1618,179,2026-03-04 19:23:16,joseph.johnson049@dataops.example.com
,CAMP-2026-03-000987,Summer Generation Campaign,Performance,Google Ads,Google,cpc,BRA,South America,2026-03-25,2026-03-30,375594.34,113965.8,BRL,498799,12682,1258,2026-03-25 19:41:34,kimberly.harmon088@commerce.example.com
,CAMP-2026-03-000988,Winter On Campaign,Seasonal,Organic,TikTok,organic,ITA,Europe,2026-03-14,2026-03-26,260290.48,225069.45,EUR,30939,471,82,2026-03-14 07:21:33,brandon.yu006@analytics.example.com
,CAMP-2026-03-000989,Member Religious Campaign,Performance,Google Ads,Meta,email,JPN,Asia,2026-03-25,2026-04-07,160716.62,149070.38,JPY,197198,9827,523,2026-03-25 17:55:13,christine.johnson056@commerce.example.com
,CAMP-2026-03-000990,Member Avoid Campaign,Seasonal,Organic,Meta,affiliate,NLD,Europe,2026-03-30,2026-04-18,250137.98,193677.74,EUR,24681,1073,151,2026-03-30 01:09:16,jason.franklin045@dataops.example.com
,CAMP-2026-03-000991,Summer Serve Campaign,Performance,Google Ads,TikTok,direct,NLD,Europe,2026-03-20,2026-03-28,251642.28,166323.18,EUR,127610,3126,554,2026-03-20 02:44:06,carol.bonilla067@analytics.example.com
,CAMP-2026-03-000992,Winter Born Campaign,Launch,Email,CRM,direct,CAN,North America,2026-03-26,2026-03-29,22100.62,14229.05,CAD,75524,4665,838,2026-03-26 08:44:50,jennifer.erickson018@platform.example.com
,CAMP-2026-03-000993,Member Up Campaign,Brand,Affiliate,TikTok,email,BRA,South America,2026-03-07,2026-04-09,167007.89,161799.2,BRL,159934,9995,1263,2026-03-07 18:53:01,denise.beck077@analytics.example.com
,CAMP-2026-03-000994,Summer Whole Campaign,Flash Sale,Affiliate,CRM,direct,AUS,Oceania,2026-03-13,2026-04-02,34992.11,17816.04,AUD,25819,1878,110,2026-03-13 16:26:44,jennifer.hudson020@analytics.example.com
,CAMP-2026-03-000995,Member Whether Campaign,Launch,Display,CRM,affiliate,GBR,Europe,2026-03-14,2026-03-22,134613.06,119431.54,GBP,53817,1049,76,2026-03-14 19:14:23,allen.foster026@dataops.example.com
,CAMP-2026-03-000996,Winter Those Campaign,Performance,Display,Google,email,ITA,Europe,2026-03-24,2026-03-31,136327.72,92572.37,EUR,59903,1333,224,2026-03-24 06:37:34,rebecca.white032@dataops.example.com
,CAMP-2026-03-000997,Member Could Campaign,Retention,Organic,TikTok,referral,JPN,Asia,2026-03-18,2026-04-16,358006.54,278264.77,JPY,40791,1291,155,2026-03-18 13:32:57,richard.bradshaw051@platform.example.com
,CAMP-2026-03-000998,Member Public Campaign,Retention,Email,Google,email,JPN,Asia,2026-03-05,2026-03-08,38437.45,14476.31,JPY,200480,14575,2382,2026-03-05 08:27:16,ryan.steele043@commerce.example.com
,CAMP-2026-03-000999,Summer Wall Campaign,Flash Sale,TikTok,Meta,direct,NLD,Europe,2026-03-10,2026-03-19,116689.34,88580.4,EUR,40768,1785,89,2026-03-10 12:23:38,yesenia.arnold040@platform.example.com
,CAMP-2026-03-001000,Holiday Quality Campaign,Retention,TikTok,Meta,email,IND,Asia,2026-03-07,2026-03-17,148872.67,115135.05,INR,62860,3779,206,2026-03-07 05:26:34,kelsey.taylor010@platform.example.com
,CAMP-2026-03-001001,Growth Performance Campaign,Retention,Organic,Partner,email,SGP,Asia,2026-03-12,2026-04-01,485088.53,423274.66,SGD,35934,561,11,2026-03-12 08:57:49,michelle.bender024@analytics.example.com
,CAMP-2026-03-001002,Winter Professor Campaign,Flash Sale,Email,TikTok,email,JPN,Asia,2026-03-15,2026-04-10,392454.33,340852.56,JPY,33708,2154,374,2026-03-15 10:51:41,michael.brewer084@analytics.example.com
,CAMP-2026-03-001003,Winter Administration Campaign,Seasonal,Organic,Google,affiliate,ARE,Asia,2026-03-20,2026-03-30,271726.87,219306.67,AED,1201696,81977,2167,2026-03-20 23:51:32,joseph.griffin070@analytics.example.com
,CAMP-2026-03-001004,Member Win Campaign,Retention,Meta,TikTok,cpc,BRA,South America,2026-03-31,2026-04-22,342850.6,213566.84,BRL,24341,1371,48,2026-03-31 14:33:00,taylor.cunningham023@commerce.example.com
,CAMP-2026-03-001005,Summer Man Campaign,Seasonal,Organic,Partner,affiliate,CAN,North America,2026-03-22,2026-04-16,415953.05,303702.81,CAD,71938,3322,474,2026-03-22 13:26:49,patrick.gonzalez035@dataops.example.com
,CAMP-2026-03-001006,Back-to-School Goal Campaign,Seasonal,TikTok,TikTok,email,ARE,Asia,2026-03-20,2026-03-28,270489.91,173017.94,AED,64533,2556,285,2026-03-20 01:23:24,jennifer.hudson020@analytics.example.com
,CAMP-2026-03-001007,Summer Where Campaign,Launch,Display,Meta,organic,USA,North America,2026-03-19,2026-04-07,77677.81,72406.27,USD,8988,379,17,2026-03-19 03:53:35,nicholas.wilson027@analytics.example.com
,CAMP-2026-03-001008,Holiday Teach Campaign,Performance,Organic,Google,email,GBR,Europe,2026-03-24,2026-04-28,46680.89,17091.13,GBP,54115,2658,66,2026-03-24 12:37:17,elizabeth.olsen066@platform.example.com
,CAMP-2026-03-001009,Member Article Campaign,Flash Sale,Google Ads,Partner,cpc,MEX,North America,2026-03-09,2026-03-23,365241.78,288348.79,MXN,208596,14988,1297,2026-03-09 09:21:00,brian.banks011@platform.example.com
,CAMP-2026-03-001010,Holiday Couple Campaign,Performance,Email,CRM,affiliate,ARE,Asia,2026-03-14,2026-03-30,11970.9,7860.8,AED,73874,2764,315,2026-03-14 23:41:09,linda.davis105@analytics.example.com
,CAMP-2026-03-001011,Growth Wide Campaign,Launch,TikTok,CRM,referral,JPN,Asia,2026-03-13,2026-03-20,217336.82,114423.27,JPY,500719,29851,1594,2026-03-13 08:46:56,jennifer.hudson020@analytics.example.com
,CAMP-2026-03-001012,Growth Especially Campaign,Retention,Affiliate,TikTok,direct,GBR,Europe,2026-03-31,2026-05-01,270293.88,152350.95,GBP,46403,3242,434,2026-03-31 10:30:21,ashley.marks069@commerce.example.com
,CAMP-2026-03-001013,Growth Suffer Campaign,Performance,Google Ads,Partner,email,AUS,Oceania,2026-03-10,2026-03-13,240306.26,151560.75,AUD,67646,3214,398,2026-03-10 14:29:44,willie.long016@dataops.example.com
,CAMP-2026-03-001014,Summer Agent Campaign,Performance,Meta,Meta,cpc,AUS,Oceania,2026-03-06,2026-03-10,473037.07,405846.68,AUD,367231,23464,1060,2026-03-06 15:27:41,jeffery.miller012@commerce.example.com
,CAMP-2026-03-001015,Growth Wish Campaign,Seasonal,Google Ads,Partner,referral,FRA,Europe,2026-03-11,2026-04-03,142459.03,61684.88,EUR,33924,383,64,2026-03-11 12:37:13,mary.jordan048@analytics.example.com
,CAMP-2026-03-001016,Growth Standard Campaign,Retention,Affiliate,TikTok,email,NLD,Europe,2026-03-22,2026-04-14,403565.29,253680.07,EUR,99768,5839,955,2026-03-22 23:58:22,oscar.owens072@analytics.example.com
,CAMP-2026-03-001017,Back-to-School System Campaign,Retention,Display,Meta,cpc,DEU,Europe,2026-03-19,2026-03-27,476646.93,245458.89,EUR,60679,3701,483,2026-03-19 14:32:51,brian.banks011@platform.example.com
,CAMP-2026-03-001018,Winter Early Campaign,Brand,Display,Partner,cpc,JPN,Asia,2026-03-30,2026-04-16,341023.69,259354.49,JPY,107690,7195,221,2026-03-30 02:43:06,mary.jordan048@analytics.example.com
,CAMP-2026-03-001019,Winter Important Campaign,Performance,Organic,Google,affiliate,JPN,Asia,2026-03-16,2026-03-22,302161.05,208378.98,JPY,506116,36184,5461,2026-03-16 03:19:12,megan.cunningham013@commerce.example.com
,CAMP-2026-03-001020,Summer Fine Campaign,Performance,Google Ads,Partner,referral,GBR,Europe,2026-03-19,2026-04-16,10818.37,5818.03,GBP,324313,11114,1198,2026-03-19 08:46:02,jennifer.bauer068@analytics.example.com
,CAMP-2026-03-001021,Member Plan Campaign,Retention,Google Ads,Partner,organic,ARE,Asia,2026-03-04,2026-03-10,408432.6,157518.97,AED,102934,2196,240,2026-03-04 02:42:34,jennifer.erickson018@platform.example.com
,CAMP-2026-03-001022,Summer Consumer Campaign,Seasonal,Display,Partner,direct,JPN,Asia,2026-03-01,2026-03-30,316397.77,150082.7,JPY,501589,25662,266,2026-03-01 14:39:02,arthur.ortiz082@platform.example.com
,CAMP-2026-03-001023,Back-to-School Pass Campaign,Seasonal,Display,Partner,affiliate,AUS,Oceania,2026-03-17,2026-04-14,489393.79,423345.02,AUD,112171,3971,475,2026-03-17 00:25:01,kristin.krueger034@analytics.example.com
,CAMP-2026-03-001024,Holiday Tree Campaign,Retention,Display,TikTok,referral,NLD,Europe,2026-03-19,2026-03-30,329625.7,108405.06,EUR,84408,1467,119,2026-03-19 10:02:42,brian.banks011@platform.example.com
,CAMP-2026-03-001025,Growth Fine Campaign,Performance,Affiliate,Partner,referral,USA,North America,2026-03-21,2026-03-25,76538.0,37780.34,USD,42805,2802,266,2026-03-21 13:13:55,brian.banks011@platform.example.com
,CAMP-2026-03-001026,Summer Rise Campaign,Flash Sale,Email,Meta,direct,SGP,Asia,2026-03-03,2026-03-21,115417.35,76357.71,SGD,242631,9220,933,2026-03-03 14:16:15,jennifer.yu037@dataops.example.com
,CAMP-2026-03-001027,Winter Perhaps Campaign,Retention,Affiliate,Partner,direct,DEU,Europe,2026-03-09,2026-04-06,169400.52,141752.54,EUR,77477,5466,649,2026-03-09 01:42:49,adam.gordon030@commerce.example.com
,CAMP-2026-03-001028,Growth Condition Campaign,Launch,Meta,Meta,email,MEX,North America,2026-03-07,2026-03-27,145886.08,120548.5,MXN,196851,5872,863,2026-03-07 19:35:27,denise.beck077@analytics.example.com
,CAMP-2026-03-001029,Back-to-School Party Campaign,Performance,Google Ads,TikTok,direct,CAN,North America,2026-03-25,2026-04-18,478510.22,214115.63,CAD,107878,7479,1089,2026-03-25 11:40:34,jason.franklin045@dataops.example.com
,CAMP-2026-03-001030,Back-to-School Budget Campaign,Retention,TikTok,Google,referral,NLD,Europe,2026-03-30,2026-05-01,442281.97,353218.91,EUR,257838,5869,226,2026-03-30 05:18:05,stephen.daniels076@commerce.example.com
,CAMP-2026-03-001031,Summer Almost Campaign,Retention,Google Ads,Google,organic,FRA,Europe,2026-03-04,2026-03-12,311286.2,193346.56,EUR,160977,9699,956,2026-03-04 16:02:28,brittany.barber031@commerce.example.com
,CAMP-2026-03-001032,Winter High Campaign,Performance,Google Ads,TikTok,email,NLD,Europe,2026-03-19,2026-04-10,190007.38,193414.83,EUR,61575,3984,610,2026-03-19 16:55:32,victor.palmer071@platform.example.com
,CAMP-2026-03-001033,Summer Buy Campaign,Performance,Affiliate,Google,affiliate,ARE,Asia,2026-03-07,2026-03-31,143091.3,63222.52,AED,39313,1163,130,2026-03-07 13:17:44,lance.williams029@platform.example.com
,CAMP-2026-03-001034,Back-to-School Race Campaign,Brand,Organic,Partner,direct,IND,Asia,2026-03-21,2026-04-21,102136.53,91146.34,INR,62808,3827,540,2026-03-21 16:44:01,tara.hansen055@dataops.example.com
,CAMP-2026-03-001035,Holiday Hear Campaign,Launch,Affiliate,TikTok,direct,ARE,Asia,2026-03-31,2026-04-13,37786.6,37713.04,AED,20236,1430,37,2026-03-31 06:19:43,denise.beck077@analytics.example.com
,CAMP-2026-03-001036,Holiday Fire Campaign,Retention,Google Ads,Google,email,CAN,North America,2026-03-19,2026-04-03,178454.17,81339.67,CAD,44095,811,111,2026-03-19 19:45:48,stephanie.miller092@analytics.example.com
,CAMP-2026-03-001037,Summer Range Campaign,Flash Sale,Display,TikTok,referral,FRA,Europe,2026-03-19,2026-04-04,16530.97,6235.66,EUR,188170,3738,385,2026-03-19 14:45:05,kristin.krueger034@analytics.example.com
,CAMP-2026-03-001038,Member Administration Campaign,Retention,Display,Partner,affiliate,USA,North America,2026-03-31,2026-04-21,400004.18,313295.22,USD,13783,395,25,2026-03-31 09:17:06,troy.boone097@platform.example.com
,CAMP-2026-03-001039,Member Agree Campaign,Launch,Affiliate,CRM,organic,GBR,Europe,2026-03-14,2026-03-19,307532.53,304207.55,GBP,189169,6583,1062,2026-03-14 00:54:09,raymond.pineda079@platform.example.com
,CAMP-2026-03-001040,Holiday Order Campaign,Retention,TikTok,Google,organic,FRA,Europe,2026-03-10,2026-03-25,250112.76,208927.64,EUR,67397,1651,237,2026-03-10 15:33:41,katelyn.pitts017@commerce.example.com
,CAMP-2026-03-001041,Back-to-School Whom Campaign,Flash Sale,Google Ads,Meta,social,AUS,Oceania,2026-03-03,2026-03-06,477014.14,176416.52,AUD,50195,863,107,2026-03-03 04:25:54,crystal.smith022@platform.example.com
,CAMP-2026-03-001042,Back-to-School Modern Campaign,Flash Sale,Meta,Google,email,ITA,Europe,2026-03-30,2026-04-28,424982.35,251331.08,EUR,102015,1224,40,2026-03-30 12:21:34,stephen.jordan063@commerce.example.com
