campaign_record_id,campaign_id,campaign_name,campaign_type,channel,source,medium,country_code,region_name,start_date,end_date,budget_local,spend_local,local_currency,impressions,clicks,conversions,created_at,created_by
,CAMP-2023-01-000000,Member Rule Campaign,Seasonal,Affiliate,Google,direct,ARE,Asia,2023-01-23,2023-02-25,54430.45,36528.55,AED,50507,2782,164,2023-01-23 16:18:11,brian.taylor114@analytics.example.com
,CAMP-2023-01-000001,Member Young Campaign,Seasonal,Affiliate,Meta,organic,ESP,Europe,2023-01-31,2023-02-05,302659.76,163727.81,EUR,50999,2227,377,2023-01-31 07:19:15,chelsea.patel065@commerce.example.com
,CAMP-2023-01-000002,Member Maintain Campaign,Flash Sale,Google Ads,Partner,referral,NLD,Europe,2023-01-04,2023-01-31,424469.28,237503.68,EUR,61840,3729,480,2023-01-04 23:16:43,jennifer.bauer068@analytics.example.com
,CAMP-2023-01-000003,Summer Dream Campaign,Launch,Organic,Google,cpc,NLD,Europe,2023-01-05,2023-01-21,113825.75,66457.82,EUR,184439,10052,295,2023-01-05 12:20:39,john.mullins109@commerce.example.com
,CAMP-2023-01-000004,Summer View Campaign,Performance,Google Ads,Partner,email,JPN,Asia,2023-01-05,2023-01-25,56302.22,56210.37,JPY,184928,5627,122,2023-01-05 12:29:37,brandi.carter038@dataops.example.com
,CAMP-2023-01-000005,Back-to-School Forget Campaign,Launch,Google Ads,Meta,social,JPN,Asia,2023-01-01,2023-02-01,450245.64,427110.8,JPY,35888,1392,45,2023-01-01 22:43:17,rachel.hall062@platform.example.com
,CAMP-2023-01-000006,Growth Pay Campaign,Flash Sale,Google Ads,Google,social,SGP,Asia,2023-01-29,2023-02-22,347301.74,252016.64,SGD,81720,3696,57,2023-01-29 12:25:21,jennifer.atkins003@platform.example.com
,CAMP-2023-01-000007,Back-to-School Back Campaign,Brand,Affiliate,Partner,organic,IND,Asia,2023-01-28,2023-02-07,85678.95,34249.59,INR,179453,7373,361,2023-01-28 08:07:12,jason.franklin045@dataops.example.com
,CAMP-2023-01-000008,Growth Over Campaign,Flash Sale,Display,TikTok,social,NLD,Europe,2023-01-02,2023-01-08,436295.33,217044.65,EUR,29954,1944,148,2023-01-02 23:37:14,eric.mullen052@dataops.example.com
,CAMP-2023-01-000009,Summer Strong Campaign,Flash Sale,Organic,Partner,organic,CAN,North America,2023-01-03,2023-02-01,217485.93,212861.68,CAD,104899,6528,584,2023-01-03 21:12:17,victor.palmer071@platform.example.com
,CAMP-2023-01-000010,Member Say Campaign,Brand,Meta,CRM,organic,GBR,Europe,2023-01-13,2023-02-05,421872.69,410912.33,GBP,79383,4865,219,2023-01-13 03:31:31,micheal.chen050@dataops.example.com
,CAMP-2023-01-000011,Winter Six Campaign,Launch,Display,Meta,affiliate,IND,Asia,2023-01-10,2023-01-28,235714.24,83337.67,INR,269427,13353,397,2023-01-10 02:07:07,michael.berger060@platform.example.com
,CAMP-2023-01-000012,Winter Upon Campaign,Launch,TikTok,Partner,affiliate,GBR,Europe,2023-01-04,2023-01-20,498764.65,342688.95,GBP,41333,1507,49,2023-01-04 06:58:51,amy.holmes103@dataops.example.com
,CAMP-2023-01-000013,Back-to-School Style Campaign,Performance,Meta,Google,email,SGP,Asia,2023-01-13,2023-01-22,286179.97,214151.22,SGD,77549,1157,197,2023-01-13 15:52:33,sandra.hunter036@platform.example.com
,CAMP-2023-01-000014,Growth Little Campaign,Brand,Display,TikTok,affiliate,IND,Asia,2023-01-31,2023-03-03,431833.17,209841.88,INR,1519474,68528,8770,2023-01-31 14:53:40,ashley.bishop108@dataops.example.com
,CAMP-2023-01-000015,Member Congress Campaign,Flash Sale,Meta,Meta,direct,DEU,Europe,2023-01-23,2023-02-25,285340.5,102326.2,EUR,44881,918,55,2023-01-23 04:01:08,katelyn.pitts017@commerce.example.com
,CAMP-2023-01-000016,Winter Talk Campaign,Performance,TikTok,CRM,referral,FRA,Europe,2023-01-21,2023-02-14,228724.43,195159.34,EUR,33822,1051,54,2023-01-21 14:04:44,christine.carter078@commerce.example.com
,CAMP-2023-01-000017,Winter Suggest Campaign,Performance,Google Ads,Meta,organic,JPN,Asia,2023-01-13,2023-02-05,255617.74,165759.54,JPY,51439,3544,429,2023-01-13 09:04:41,diana.williams116@analytics.example.com
,CAMP-2023-01-000018,Member Main Campaign,Performance,Meta,TikTok,email,NLD,Europe,2023-01-11,2023-02-06,386483.93,213242.26,EUR,65636,5067,218,2023-01-11 18:05:01,maria.ashley046@analytics.example.com
,CAMP-2023-01-000019,Growth Occur Campaign,Seasonal,Email,CRM,cpc,AUS,Oceania,2023-01-31,2023-03-01,87978.74,76180.42,AUD,949008,70922,1969,2023-01-31 20:30:03,stephen.clark001@analytics.example.com
,CAMP-2023-01-000020,Growth Care Campaign,Performance,Meta,Partner,affiliate,JPN,Asia,2023-01-26,2023-02-03,83335.09,67337.41,JPY,21524,865,36,2023-01-26 01:48:51,stephen.daniels076@commerce.example.com
,CAMP-2023-01-000021,Back-to-School Beautiful Campaign,Seasonal,Affiliate,Partner,referral,SGP,Asia,2023-01-09,2023-02-05,252697.48,86426.57,SGD,76637,5739,189,2023-01-09 18:31:52,michael.berger060@platform.example.com
,CAMP-2023-01-000022,Winter Glass Campaign,Performance,Google Ads,Google,cpc,FRA,Europe,2023-01-14,2023-01-28,280797.45,232929.68,EUR,57315,3424,126,2023-01-14 17:20:33,stephen.clark001@analytics.example.com
,CAMP-2023-01-000023,Member Among Campaign,Retention,Affiliate,CRM,social,JPN,Asia,2023-01-30,2023-02-17,117820.84,49163.95,JPY,74248,5301,856,2023-01-30 11:49:02,renee.harvey080@dataops.example.com
,CAMP-2023-01-000024,Member Stop Campaign,Performance,Organic,Partner,affiliate,CAN,North America,2023-01-19,2023-02-13,42600.12,39405.95,CAD,39443,1571,227,2023-01-19 00:02:03,michelle.sims041@analytics.example.com
,CAMP-2023-01-000025,Summer Return Campaign,Brand,Display,CRM,social,MEX,North America,2023-01-13,2023-01-16,69987.06,54796.66,MXN,33819,505,90,2023-01-13 04:35:41,alyssa.richards002@commerce.example.com
,CAMP-2023-01-000026,Back-to-School Himself Campaign,Launch,Google Ads,Google,referral,FRA,Europe,2023-01-09,2023-01-15,374565.19,352959.86,EUR,479422,15573,1259,2023-01-09 23:16:24,christine.johnson056@commerce.example.com
,CAMP-2023-01-000027,Summer Should Campaign,Flash Sale,Google Ads,Partner,direct,SGP,Asia,2023-01-26,2023-03-02,18076.02,6351.75,SGD,348663,11768,331,2023-01-26 07:13:05,amy.holmes103@dataops.example.com
,CAMP-2023-01-000028,Holiday Southern Campaign,Brand,TikTok,CRM,email,AUS,Oceania,2023-01-19,2023-02-13,42951.79,16427.76,AUD,55265,4079,189,2023-01-19 14:49:42,brandi.carter038@dataops.example.com
,CAMP-2023-01-000029,Back-to-School Reflect Campaign,Brand,Google Ads,Google,direct,SGP,Asia,2023-01-16,2023-02-08,177868.48,102675.76,SGD,15584,1041,68,2023-01-16 10:31:32,micheal.hall064@dataops.example.com
,CAMP-2023-01-000030,Summer When Campaign,Retention,Organic,Partner,email,IND,Asia,2023-01-25,2023-02-13,459774.84,348515.76,INR,66297,2136,247,2023-01-25 03:31:27,troy.boone097@platform.example.com
,CAMP-2023-01-000031,Summer Raise Campaign,Launch,Organic,CRM,cpc,SGP,Asia,2023-01-26,2023-02-19,33867.1,26662.81,SGD,91629,3590,490,2023-01-26 18:16:16,darren.anderson025@dataops.example.com
,CAMP-2023-01-000032,Winter Police Campaign,Seasonal,TikTok,CRM,cpc,IND,Asia,2023-01-30,2023-03-04,203417.33,134469.97,INR,25828,2021,135,2023-01-30 11:52:16,michael.johnson061@platform.example.com
,CAMP-2023-01-000033,Holiday Nation Campaign,Retention,Email,CRM,cpc,SGP,Asia,2023-01-04,2023-01-26,441496.0,348925.76,SGD,35215,1351,185,2023-01-04 05:55:59,jennifer.atkins003@platform.example.com
,CAMP-2023-01-000034,Growth Media Campaign,Performance,Meta,Partner,organic,DEU,Europe,2023-01-21,2023-02-10,473835.57,340589.08,EUR,213839,15598,1730,2023-01-21 10:58:08,adam.gordon030@commerce.example.com
,CAMP-2023-01-000035,Back-to-School Serve Campaign,Performance,TikTok,TikTok,affiliate,AUS,Oceania,2023-01-29,2023-02-10,395399.5,131188.74,AUD,149653,3962,470,2023-01-29 08:24:28,victoria.medina044@dataops.example.com
,CAMP-2023-01-000036,Winter Situation Campaign,Performance,Organic,Google,referral,MEX,North America,2023-01-12,2023-01-17,482110.59,481966.75,MXN,159615,9736,1226,2023-01-12 01:31:06,timothy.cannon081@analytics.example.com
,CAMP-2023-01-000037,Back-to-School Green Campaign,Flash Sale,Organic,Google,social,DEU,Europe,2023-01-16,2023-02-14,83159.45,26807.46,EUR,234434,16146,2457,2023-01-16 22:16:10,brandon.yu006@analytics.example.com
,CAMP-2023-01-000038,Winter My Campaign,Flash Sale,Organic,Google,direct,IND,Asia,2023-01-19,2023-01-22,181762.64,89329.34,INR,95842,3997,365,2023-01-19 11:52:33,crystal.smith022@platform.example.com
,CAMP-2023-01-000039,Winter Space Campaign,Launch,Google Ads,TikTok,social,BRA,South America,2023-01-01,2023-01-18,107139.03,47231.47,BRL,80178,1274,191,2023-01-01 17:27:18,ashley.marks069@commerce.example.com
,CAMP-2023-01-000040,Back-to-School Open Campaign,Retention,Display,Google,affiliate,DEU,Europe,2023-01-12,2023-01-22,493933.03,487345.63,EUR,77883,4483,96,2023-01-12 22:44:03,jennifer.bauer068@analytics.example.com
,CAMP-2023-01-000041,Back-to-School Us Campaign,Retention,Organic,Google,email,USA,North America,2023-01-25,2023-02-18,36028.54,17734.25,USD,242954,13932,1036,2023-01-25 07:52:31,michelle.bender024@analytics.example.com
,CAMP-2023-01-000042,Holiday Visit Campaign,Retention,Meta,Partner,referral,ESP,Europe,2023-01-27,2023-02-28,186504.52,158571.97,EUR,72594,851,119,2023-01-27 15:37:51,micheal.chen050@dataops.example.com
,CAMP-2023-01-000043,Member Where Campaign,Flash Sale,Affiliate,Meta,referral,DEU,Europe,2023-01-07,2023-01-29,432126.23,149045.87,EUR,48093,2682,364,2023-01-07 03:19:23,christine.carter078@commerce.example.com
,CAMP-2023-01-000044,Growth Term Campaign,Brand,Display,CRM,affiliate,GBR,Europe,2023-01-06,2023-01-21,102408.23,43158.4,GBP,471083,9446,1355,2023-01-06 10:54:24,jennifer.bauer068@analytics.example.com
,CAMP-2023-01-000045,Growth Type Campaign,Brand,Meta,CRM,direct,MEX,North America,2023-01-11,2023-01-18,237189.82,122612.44,MXN,42017,1545,233,2023-01-11 22:33:54,christine.johnson056@commerce.example.com
,CAMP-2023-01-000046,Summer Allow Campaign,Flash Sale,Organic,Google,organic,GBR,Europe,2023-01-02,2023-01-31,336412.75,254985.18,GBP,16312,665,44,2023-01-02 00:03:34,crystal.smith022@platform.example.com
,CAMP-2023-01-000047,Member Hour Campaign,Brand,Google Ads,TikTok,direct,ESP,Europe,2023-01-30,2023-03-02,45091.5,26268.31,EUR,65005,1514,115,2023-01-30 21:42:52,craig.johnson106@analytics.example.com
,CAMP-2023-01-000048,Growth Measure Campaign,Brand,Display,Partner,cpc,SGP,Asia,2023-01-01,2023-01-11,87914.8,56946.25,SGD,195508,5610,694,2023-01-01 08:03:05,jimmy.washington028@commerce.example.com
,CAMP-2023-01-000049,Member Task Campaign,Brand,Meta,TikTok,cpc,CAN,North America,2023-01-04,2023-01-18,277659.93,225987.03,CAD,25721,1595,172,2023-01-04 19:14:41,adam.gordon030@commerce.example.com
,CAMP-2023-01-000050,Member Between Campaign,Performance,TikTok,CRM,email,ITA,Europe,2023-01-16,2023-02-04,492765.86,467843.99,EUR,57174,959,20,2023-01-16 01:48:00,jennifer.atkins003@platform.example.com
,CAMP-2023-01-000051,Summer Affect Campaign,Flash Sale,Organic,Partner,affiliate,ESP,Europe,2023-01-19,2023-01-26,414465.26,297547.99,EUR,46845,3646,363,2023-01-19 18:10:05,david.cabrera119@dataops.example.com
,CAMP-2023-01-000052,Summer Attack Campaign,Retention,Google Ads,Partner,affiliate,BRA,South America,2023-01-07,2023-01-25,269240.56,234348.89,BRL,43040,658,54,2023-01-07 12:52:26,timothy.cameron104@commerce.example.com
,CAMP-2023-01-000053,Growth Draw Campaign,Flash Sale,Affiliate,TikTok,affiliate,ESP,Europe,2023-01-20,2023-01-23,11076.01,7810.17,EUR,39779,2034,67,2023-01-20 13:08:28,kristen.bailey110@analytics.example.com
,CAMP-2023-01-000054,Holiday Eat Campaign,Seasonal,Email,CRM,email,AUS,Oceania,2023-01-01,2023-01-16,172903.82,109318.31,AUD,83033,6515,946,2023-01-01 09:16:24,jennifer.hudson020@analytics.example.com
,CAMP-2023-01-000055,Summer List Campaign,Performance,Organic,TikTok,referral,ARE,Asia,2023-01-03,2023-01-22,349408.04,230283.43,AED,152108,6402,497,2023-01-03 03:31:28,renee.harvey080@dataops.example.com
,CAMP-2023-01-000056,Summer Life Campaign,Retention,Email,Partner,cpc,ITA,Europe,2023-01-03,2023-01-24,152076.36,126020.87,EUR,485667,27456,3877,2023-01-03 05:31:04,diana.williams116@analytics.example.com
,CAMP-2023-01-000057,Winter Worry Campaign,Retention,Display,Partner,email,BRA,South America,2023-01-14,2023-01-26,476453.92,253155.04,BRL,214872,7509,122,2023-01-14 03:06:02,michael.johnson061@platform.example.com
,CAMP-2023-01-000058,Winter General Campaign,Performance,TikTok,Meta,organic,AUS,Oceania,2023-01-08,2023-02-06,149626.99,63540.54,AUD,427367,5353,460,2023-01-08 10:52:37,joseph.griffin070@analytics.example.com
,CAMP-2023-01-000059,Winter Accept Campaign,Flash Sale,Email,TikTok,referral,NLD,Europe,2023-01-28,2023-02-03,183321.68,127460.6,EUR,7859,350,41,2023-01-28 10:54:54,troy.boone097@platform.example.com
,CAMP-2023-01-000060,Growth To Campaign,Retention,Email,Partner,email,AUS,Oceania,2023-01-26,2023-02-12,116570.01,41321.9,AUD,211522,2608,413,2023-01-26 01:32:58,darren.anderson025@dataops.example.com
,CAMP-2023-01-000061,Summer Tree Campaign,Performance,Meta,CRM,email,SGP,Asia,2023-01-07,2023-01-26,12319.06,11724.74,SGD,71347,2407,33,2023-01-07 12:43:43,darren.anderson025@dataops.example.com
,CAMP-2023-01-000062,Growth Fall Campaign,Retention,Email,Google,organic,JPN,Asia,2023-01-02,2023-02-03,43806.96,23440.66,JPY,145291,8350,1321,2023-01-02 09:18:25,troy.boone097@platform.example.com
,CAMP-2023-01-000063,Growth Good Campaign,Performance,Meta,Google,direct,MEX,North America,2023-01-29,2023-02-05,366965.63,337125.98,MXN,38520,2520,122,2023-01-29 02:15:14,jason.franklin045@dataops.example.com
,CAMP-2023-01-000064,Back-to-School Police Campaign,Seasonal,Meta,TikTok,affiliate,IND,Asia,2023-01-17,2023-01-30,294307.43,293987.47,INR,1076198,42828,7523,2023-01-17 00:00:10,andrea.cummings039@platform.example.com
,CAMP-2023-01-000065,Member Foot Campaign,Performance,TikTok,Google,cpc,NLD,Europe,2023-01-26,2023-02-20,483787.59,376574.64,EUR,100502,7458,219,2023-01-26 07:29:34,jeffery.miller012@commerce.example.com
,CAMP-2023-01-000066,Member Girl Campaign,Seasonal,Affiliate,CRM,affiliate,NLD,Europe,2023-01-31,2023-02-08,74371.22,34729.73,EUR,33835,596,21,2023-01-31 20:29:01,michelle.sims041@analytics.example.com
,CAMP-2023-01-000067,Summer Throughout Campaign,Seasonal,Display,TikTok,affiliate,IND,Asia,2023-01-14,2023-01-22,50773.18,15799.95,INR,107615,3040,530,2023-01-14 14:39:32,brian.taylor114@analytics.example.com
,CAMP-2023-01-000068,Winter Campaign Campaign,Brand,TikTok,Google,social,JPN,Asia,2023-01-16,2023-02-01,19572.6,19659.76,JPY,166579,3887,174,2023-01-16 17:13:51,jason.franklin045@dataops.example.com
,CAMP-2023-01-000069,Member City Campaign,Flash Sale,Organic,CRM,direct,BRA,South America,2023-01-17,2023-01-31,225211.53,213777.83,BRL,50424,1508,192,2023-01-17 05:13:13,david.cabrera119@dataops.example.com
,CAMP-2023-01-000070,Member Message Campaign,Seasonal,Organic,Google,cpc,BRA,South America,2023-01-24,2023-02-11,34427.52,31630.75,BRL,109166,6882,218,2023-01-24 09:45:14,ashley.marks069@commerce.example.com
,CAMP-2023-01-000071,Summer Region Campaign,Performance,Affiliate,CRM,organic,CAN,North America,2023-01-30,2023-02-03,267812.25,167892.73,CAD,14629,740,36,2023-01-30 19:12:40,kristen.bailey110@analytics.example.com
,CAMP-2023-01-000072,Back-to-School Suggest Campaign,Retention,Organic,Google,referral,SGP,Asia,2023-01-14,2023-02-13,299927.65,90778.69,SGD,383273,3882,580,2023-01-14 07:36:36,eric.mullen052@dataops.example.com
,CAMP-2023-01-000073,Holiday Reveal Campaign,Flash Sale,TikTok,TikTok,social,ITA,Europe,2023-01-31,2023-03-05,24605.26,11112.63,EUR,15788,836,134,2023-01-31 02:54:29,richard.bradshaw051@platform.example.com
,CAMP-2023-01-000074,Member Street Campaign,Brand,Google Ads,TikTok,email,JPN,Asia,2023-01-21,2023-02-09,123608.03,63540.63,JPY,54729,4327,440,2023-01-21 01:25:04,victor.palmer071@platform.example.com
,CAMP-2023-01-000075,Holiday Between Campaign,Performance,Affiliate,CRM,referral,AUS,Oceania,2023-01-16,2023-02-08,250258.1,102284.24,AUD,38730,2714,296,2023-01-16 05:57:31,crystal.smith022@platform.example.com
,CAMP-2023-01-000076,Holiday Art Campaign,Brand,Email,CRM,direct,IND,Asia,2023-01-28,2023-03-03,293494.31,205617.61,INR,145695,3390,173,2023-01-28 08:29:07,eric.horton058@analytics.example.com
,CAMP-2023-01-000077,Holiday Level Campaign,Brand,Display,Partner,affiliate,JPN,Asia,2023-01-22,2023-02-03,147674.46,126708.91,JPY,309962,12151,929,2023-01-22 20:12:53,peter.martinez098@platform.example.com
,CAMP-2023-01-000078,Summer Too Campaign,Launch,TikTok,TikTok,direct,BRA,South America,2023-01-14,2023-01-22,342260.33,345900.71,BRL,150539,12013,1462,2023-01-14 07:33:55,eric.mullen052@dataops.example.com
,CAMP-2023-01-000079,Back-to-School Edge Campaign,Performance,Google Ads,Partner,affiliate,GBR,Europe,2023-01-13,2023-01-25,278669.64,206442.2,GBP,127681,5999,382,2023-01-13 06:00:38,grace.gonzales099@dataops.example.com
,CAMP-2023-01-000080,Holiday Despite Campaign,Flash Sale,Affiliate,Google,direct,JPN,Asia,2023-01-20,2023-02-13,366447.84,226201.49,JPY,154620,7230,1032,2023-01-20 12:35:50,brandi.carter038@dataops.example.com
,CAMP-2023-01-000081,Summer Cell Campaign,Launch,Display,Google,cpc,ITA,Europe,2023-01-31,2023-03-05,374607.75,341880.39,EUR,113442,4784,713,2023-01-31 05:15:10,christine.johnson056@commerce.example.com
,CAMP-2023-01-000082,Back-to-School Reality Campaign,Performance,Organic,Google,social,AUS,Oceania,2023-01-02,2023-02-02,3497.42,2856.08,AUD,22195,1668,213,2023-01-02 21:44:15,chelsea.patel065@commerce.example.com
,CAMP-2023-01-000083,Growth Shoulder Campaign,Flash Sale,Google Ads,Meta,referral,DEU,Europe,2023-01-06,2023-02-01,98411.8,48669.94,EUR,65120,4457,351,2023-01-06 09:33:17,megan.cunningham013@commerce.example.com
,CAMP-2023-01-000084,Member Red Campaign,Brand,Organic,Meta,organic,ARE,Asia,2023-01-18,2023-01-29,18137.23,16980.59,AED,54934,1798,153,2023-01-18 02:32:00,james.proctor094@dataops.example.com
,CAMP-2023-01-000085,Growth Air Campaign,Performance,Email,Google,direct,NLD,Europe,2023-01-15,2023-01-24,481650.43,420830.48,EUR,516542,19097,201,2023-01-15 03:31:51,michael.berger060@platform.example.com
,CAMP-2023-01-000086,Back-to-School Oil Campaign,Retention,Display,Partner,cpc,DEU,Europe,2023-01-30,2023-02-23,63576.6,22758.9,EUR,484638,33894,4295,2023-01-30 13:34:44,lisa.kim091@platform.example.com
,CAMP-2023-01-000087,Back-to-School Recent Campaign,Brand,Google Ads,Partner,cpc,JPN,Asia,2023-01-30,2023-03-05,418136.83,293596.13,JPY,70208,5511,768,2023-01-30 06:53:01,craig.johnson106@analytics.example.com
,CAMP-2023-01-000088,Winter Program Campaign,Brand,Email,TikTok,cpc,NLD,Europe,2023-01-13,2023-02-01,49931.36,36866.39,EUR,63826,1128,181,2023-01-13 23:51:59,brian.taylor114@analytics.example.com
,CAMP-2023-01-000089,Growth Home Campaign,Launch,Google Ads,TikTok,cpc,ESP,Europe,2023-01-06,2023-01-21,16588.06,11882.27,EUR,145396,2373,175,2023-01-06 12:24:17,sylvia.diaz107@dataops.example.com
,CAMP-2023-01-000090,Summer One Campaign,Retention,Meta,Partner,organic,JPN,Asia,2023-01-13,2023-02-04,451445.66,199817.6,JPY,67580,4434,411,2023-01-13 05:19:04,tina.williams074@commerce.example.com
,CAMP-2023-01-000091,Holiday Put Campaign,Retention,Display,Meta,organic,DEU,Europe,2023-01-02,2023-01-25,433927.79,256570.65,EUR,64290,3546,541,2023-01-02 06:25:47,stephen.clark001@analytics.example.com
,CAMP-2023-01-000092,Winter Common Campaign,Launch,Google Ads,TikTok,organic,CAN,North America,2023-01-16,2023-01-22,397082.25,156071.33,CAD,50747,3810,519,2023-01-16 15:08:45,andrew.ellis102@analytics.example.com
,CAMP-2023-01-000093,Summer Blood Campaign,Flash Sale,TikTok,Partner,referral,FRA,Europe,2023-01-04,2023-02-03,147372.06,143284.79,EUR,131577,2191,102,2023-01-04 12:08:56,victor.palmer071@platform.example.com
,CAMP-2023-01-000094,Summer Road Campaign,Retention,TikTok,Meta,cpc,IND,Asia,2023-01-16,2023-01-24,103225.74,43252.71,INR,98605,5084,542,2023-01-16 08:00:09,michael.berger060@platform.example.com
,CAMP-2023-01-000095,Holiday Indeed Campaign,Brand,Email,Partner,organic,MEX,North America,2023-01-24,2023-02-26,377625.49,273756.84,MXN,6600,289,43,2023-01-24 13:00:34,andrea.cummings039@platform.example.com
,CAMP-2023-01-000096,Growth Choice Campaign,Launch,TikTok,Meta,referral,GBR,Europe,2023-01-31,2023-02-20,307144.08,113177.16,GBP,5768,148,11,2023-01-31 16:53:21,christine.johnson056@commerce.example.com
,CAMP-2023-01-000097,Winter Start Campaign,Brand,Organic,Meta,social,ESP,Europe,2023-01-05,2023-02-05,498134.45,466299.4,EUR,52459,3943,340,2023-01-05 15:57:11,victor.palmer071@platform.example.com
,CAMP-2023-01-000098,Growth Own Campaign,Brand,Affiliate,Partner,referral,JPN,Asia,2023-01-14,2023-02-12,473513.95,394894.57,JPY,144748,8767,1324,2023-01-14 08:27:06,sandra.hunter036@platform.example.com
,CAMP-2023-01-000099,Back-to-School Official Campaign,Brand,Display,CRM,affiliate,USA,North America,2023-01-05,2023-01-20,88378.94,51158.89,USD,50911,2246,142,2023-01-05 22:50:40,ashley.marks069@commerce.example.com
,CAMP-2023-01-000100,Winter Check Campaign,Launch,Display,TikTok,organic,MEX,North America,2023-01-31,2023-02-15,97608.36,41673.16,MXN,125409,2025,160,2023-01-31 02:16:26,andrea.cummings039@platform.example.com
,CAMP-2023-01-000101,Growth Meeting Campaign,Seasonal,Affiliate,TikTok,email,FRA,Europe,2023-01-06,2023-01-16,280764.2,162862.14,EUR,161158,5522,620,2023-01-06 23:26:03,joseph.griffin070@analytics.example.com
,CAMP-2023-01-000102,Back-to-School Peace Campaign,Brand,TikTok,TikTok,direct,CAN,North America,2023-01-30,2023-03-01,151236.65,50575.93,CAD,74092,4166,519,2023-01-30 02:32:29,stephen.daniels076@commerce.example.com
,CAMP-2023-01-000103,Winter Identify Campaign,Brand,Google Ads,Google,direct,IND,Asia,2023-01-10,2023-02-08,310217.74,156833.16,INR,67826,4567,289,2023-01-10 06:14:48,stephen.clark001@analytics.example.com
,CAMP-2023-01-000104,Winter Office Campaign,Brand,Email,Partner,direct,JPN,Asia,2023-01-30,2023-02-10,441507.06,410740.39,JPY,103269,2806,322,2023-01-30 14:12:26,james.proctor094@dataops.example.com
,CAMP-2023-01-000105,Growth Various Campaign,Brand,Affiliate,Google,cpc,USA,North America,2023-01-06,2023-01-16,188154.98,131419.55,USD,18182,977,170,2023-01-06 21:16:19,alyssa.richards002@commerce.example.com
,CAMP-2023-01-000106,Summer Production Campaign,Retention,Email,Partner,direct,BRA,South America,2023-01-17,2023-01-23,161535.48,66572.14,BRL,35649,1719,125,2023-01-17 06:11:13,timothy.cameron104@commerce.example.com
,CAMP-2023-01-000107,Back-to-School Traditional Campaign,Seasonal,Display,TikTok,organic,ESP,Europe,2023-01-15,2023-01-21,204242.0,163830.9,EUR,186329,11782,124,2023-01-15 05:32:09,victoria.medina044@dataops.example.com
,CAMP-2023-01-000108,Summer President Campaign,Seasonal,Organic,CRM,referral,MEX,North America,2023-01-16,2023-01-25,104404.79,98731.39,MXN,21065,315,55,2023-01-16 19:56:50,jennifer.bauer068@analytics.example.com
,CAMP-2023-01-000109,Back-to-School Price Campaign,Retention,TikTok,Meta,email,FRA,Europe,2023-01-15,2023-02-07,212135.63,135791.01,EUR,149764,5379,491,2023-01-15 16:53:10,katelyn.pitts017@commerce.example.com
,CAMP-2023-01-000110,Winter After Campaign,Seasonal,Organic,CRM,social,MEX,North America,2023-01-18,2023-01-28,398981.99,402549.02,MXN,56320,812,104,2023-01-18 10:13:08,susan.rice083@commerce.example.com
,CAMP-2023-01-000111,Back-to-School It Campaign,Flash Sale,Email,CRM,cpc,AUS,Oceania,2023-01-28,2023-02-06,361846.33,326818.68,AUD,112880,8407,1169,2023-01-28 00:24:09,michelle.bender024@analytics.example.com
,CAMP-2023-01-000112,Growth Probably Campaign,Flash Sale,TikTok,Google,email,AUS,Oceania,2023-01-04,2023-01-21,106419.85,102041.66,AUD,66307,849,97,2023-01-04 17:25:25,maria.ashley046@analytics.example.com
,CAMP-2023-01-000113,Summer Perhaps Campaign,Launch,Google Ads,CRM,email,SGP,Asia,2023-01-06,2023-01-15,130557.04,118493.38,SGD,158058,9115,884,2023-01-06 06:09:31,victor.palmer071@platform.example.com
,CAMP-2023-01-000114,Winter Measure Campaign,Flash Sale,Email,CRM,referral,CAN,North America,2023-01-04,2023-02-06,22707.53,19862.11,CAD,87421,3467,556,2023-01-04 04:49:59,stephen.clark001@analytics.example.com
,CAMP-2023-01-000115,Summer West Campaign,Flash Sale,Email,Google,organic,SGP,Asia,2023-01-10,2023-01-17,430882.92,235886.06,SGD,121259,2402,223,2023-01-10 01:18:38,micheal.hall064@dataops.example.com
,CAMP-2023-01-000116,Winter Drug Campaign,Flash Sale,TikTok,Meta,affiliate,AUS,Oceania,2023-01-15,2023-01-30,22570.49,18156.89,AUD,88822,4410,501,2023-01-15 03:01:12,renee.harvey080@dataops.example.com
,CAMP-2023-01-000117,Summer Dinner Campaign,Launch,Email,Google,referral,IND,Asia,2023-01-31,2023-02-23,432207.44,293761.26,INR,268778,10485,493,2023-01-31 21:13:11,megan.cunningham013@commerce.example.com
,CAMP-2023-01-000118,Back-to-School Possible Campaign,Brand,Email,Partner,affiliate,ITA,Europe,2023-01-07,2023-02-10,194315.33,115352.22,EUR,52715,2982,328,2023-01-07 11:30:20,victor.palmer071@platform.example.com
,CAMP-2023-01-000119,Holiday Interest Campaign,Retention,Email,TikTok,social,IND,Asia,2023-01-15,2023-02-05,188192.37,128259.6,INR,210448,6597,544,2023-01-15 18:35:20,andrew.ellis102@analytics.example.com
,CAMP-2023-01-000120,Back-to-School Congress Campaign,Seasonal,Organic,CRM,referral,SGP,Asia,2023-01-17,2023-01-28,61685.58,44155.11,SGD,36845,2666,200,2023-01-17 01:54:36,micheal.hall064@dataops.example.com
,CAMP-2023-01-000121,Winter Six Campaign,Launch,Email,Meta,direct,BRA,South America,2023-01-07,2023-01-12,62100.81,25046.69,BRL,278651,13349,1140,2023-01-07 11:28:19,katelyn.pitts017@commerce.example.com
,CAMP-2023-01-000122,Member Truth Campaign,Launch,Display,Meta,affiliate,SGP,Asia,2023-01-03,2023-01-17,61277.69,27609.04,SGD,54367,3560,174,2023-01-03 13:47:30,yesenia.arnold040@platform.example.com
,CAMP-2023-01-000123,Holiday Able Campaign,Retention,Organic,Google,organic,NLD,Europe,2023-01-05,2023-01-08,122588.33,99235.26,EUR,75621,1734,97,2023-01-05 17:45:22,david.cabrera119@dataops.example.com
,CAMP-2023-01-000124,Winter Debate Campaign,Seasonal,Display,Google,affiliate,FRA,Europe,2023-01-07,2023-01-31,383464.64,152324.44,EUR,585879,18572,452,2023-01-07 08:56:56,micheal.hall064@dataops.example.com
,CAMP-2023-01-000125,Back-to-School War Campaign,Launch,TikTok,Meta,cpc,SGP,Asia,2023-01-06,2023-01-17,56619.07,37635.62,SGD,78324,3215,213,2023-01-06 19:51:23,andrea.cummings039@platform.example.com
,CAMP-2023-01-000126,Growth Describe Campaign,Brand,Google Ads,Meta,email,GBR,Europe,2023-01-12,2023-02-12,237577.3,134984.53,GBP,119706,4898,55,2023-01-12 18:13:20,timothy.cameron104@commerce.example.com
,CAMP-2023-01-000127,Back-to-School Ask Campaign,Retention,Affiliate,Meta,social,ARE,Asia,2023-01-16,2023-01-25,287173.46,289659.85,AED,73702,782,63,2023-01-16 14:23:54,james.proctor094@dataops.example.com
,CAMP-2023-01-000128,Winter Crime Campaign,Seasonal,Google Ads,Meta,referral,USA,North America,2023-01-20,2023-02-20,11022.66,3887.58,USD,309293,11735,2063,2023-01-20 16:31:13,joseph.johnson049@dataops.example.com
,CAMP-2023-01-000129,Member Step Campaign,Performance,Display,TikTok,direct,JPN,Asia,2023-01-03,2023-01-17,100541.45,36566.51,JPY,201531,3515,296,2023-01-03 05:37:00,brian.taylor114@analytics.example.com
,CAMP-2023-01-000130,Back-to-School Again Campaign,Brand,Organic,Meta,cpc,CAN,North America,2023-01-06,2023-01-24,431760.16,403532.1,CAD,54477,1001,96,2023-01-06 18:40:43,michael.berger060@platform.example.com
,CAMP-2023-01-000131,Back-to-School Old Campaign,Launch,TikTok,Meta,social,FRA,Europe,2023-01-19,2023-02-13,411421.68,242095.05,EUR,82416,5531,896,2023-01-19 07:18:11,adam.gordon030@commerce.example.com
,CAMP-2023-01-000132,Growth Glass Campaign,Flash Sale,Google Ads,TikTok,direct,FRA,Europe,2023-01-25,2023-02-19,475129.56,393096.62,EUR,56824,1843,200,2023-01-25 06:41:47,susan.rice083@commerce.example.com
,CAMP-2023-01-000133,Growth Nothing Campaign,Retention,Google Ads,TikTok,direct,AUS,Oceania,2023-01-31,2023-02-10,264554.92,98606.03,AUD,29914,2065,39,2023-01-31 02:47:46,eric.horton058@analytics.example.com
,CAMP-2023-01-000134,Member One Campaign,Retention,Meta,TikTok,direct,SGP,Asia,2023-01-29,2023-02-15,13201.36,8828.59,SGD,218673,11859,276,2023-01-29 12:53:50,eric.mullen052@dataops.example.com
,CAMP-2023-01-000135,Winter Fly Campaign,Retention,Google Ads,Google,email,FRA,Europe,2023-01-05,2023-01-23,426110.82,250179.76,EUR,87776,5777,777,2023-01-05 08:04:21,ryan.steele043@commerce.example.com
,CAMP-2023-01-000136,Winter Window Campaign,Seasonal,Affiliate,CRM,direct,NLD,Europe,2023-01-02,2023-01-27,370250.22,136700.67,EUR,43554,2750,322,2023-01-02 11:08:22,sandra.hunter036@platform.example.com
,CAMP-2023-01-000137,Summer Action Campaign,Retention,TikTok,Meta,email,ARE,Asia,2023-01-24,2023-02-22,193233.67,195483.44,AED,370438,11885,393,2023-01-24 21:00:09,katelyn.pitts017@commerce.example.com
,CAMP-2023-01-000138,Member Student Campaign,Retention,Display,Google,referral,SGP,Asia,2023-01-16,2023-02-15,283806.06,94089.91,SGD,352174,21629,3856,2023-01-16 18:38:04,yolanda.vasquez005@platform.example.com
,CAMP-2023-01-000139,Winter Show Campaign,Performance,Affiliate,Google,cpc,NLD,Europe,2023-01-02,2023-01-12,345877.31,152600.23,EUR,247818,3580,581,2023-01-02 16:57:37,anita.garcia021@dataops.example.com
,CAMP-2023-01-000140,Winter Loss Campaign,Retention,Google Ads,Meta,cpc,GBR,Europe,2023-01-24,2023-02-18,342285.54,173324.72,GBP,108816,2931,249,2023-01-24 14:49:16,brian.taylor114@analytics.example.com
,CAMP-2023-01-000141,Back-to-School Rule Campaign,Launch,TikTok,Google,direct,GBR,Europe,2023-01-28,2023-02-07,408520.91,166868.09,GBP,151344,10880,1489,2023-01-28 13:14:33,craig.johnson106@analytics.example.com
,CAMP-2023-01-000142,Holiday Big Campaign,Seasonal,Email,Partner,direct,ITA,Europe,2023-01-30,2023-02-24,221318.47,135011.63,EUR,73188,5011,228,2023-01-30 07:17:07,jeffery.miller012@commerce.example.com
,CAMP-2023-01-000143,Growth Learn Campaign,Retention,Affiliate,Meta,email,ITA,Europe,2023-01-22,2023-02-26,9987.5,10154.61,EUR,142290,3910,219,2023-01-22 18:53:49,jeffery.miller012@commerce.example.com
,CAMP-2023-01-000144,Holiday Type Campaign,Brand,Display,CRM,social,IND,Asia,2023-01-11,2023-02-07,126782.9,101857.89,INR,325462,11434,717,2023-01-11 08:32:27,lisa.kim091@platform.example.com
,CAMP-2023-01-000145,Winter Interest Campaign,Flash Sale,Meta,CRM,cpc,DEU,Europe,2023-01-05,2023-01-30,244573.12,158192.93,EUR,87545,5973,760,2023-01-05 16:11:51,tiffany.freeman101@analytics.example.com
,CAMP-2023-01-000146,Winter Base Campaign,Brand,Organic,CRM,social,NLD,Europe,2023-01-06,2023-02-08,108017.75,47524.49,EUR,96208,3176,181,2023-01-06 17:48:41,kevin.mathews014@analytics.example.com
,CAMP-2023-01-000147,Member Within Campaign,Launch,Google Ads,Meta,organic,NLD,Europe,2023-01-17,2023-01-29,237851.4,212758.92,EUR,169760,6744,787,2023-01-17 23:40:00,micheal.chen050@dataops.example.com
,CAMP-2023-01-000148,Winter Responsibility Campaign,Launch,Organic,Meta,social,USA,North America,2023-01-29,2023-02-14,69011.97,64250.13,USD,61738,3840,205,2023-01-29 15:04:34,brian.taylor114@analytics.example.com
,CAMP-2023-01-000149,Holiday Authority Campaign,Performance,Google Ads,TikTok,referral,ESP,Europe,2023-01-20,2023-02-18,335046.61,122594.22,EUR,41132,1038,67,2023-01-20 15:38:09,megan.cunningham013@commerce.example.com
,CAMP-2023-01-000150,Member Local Campaign,Flash Sale,Display,Meta,cpc,BRA,South America,2023-01-12,2023-02-02,337573.35,266060.75,BRL,24876,890,58,2023-01-12 11:25:21,yesenia.arnold040@platform.example.com
,CAMP-2023-01-000151,Summer Training Campaign,Performance,Meta,TikTok,cpc,ITA,Europe,2023-01-17,2023-02-10,442815.45,210238.55,EUR,48145,1211,180,2023-01-17 07:08:45,peter.martinez098@platform.example.com
,CAMP-2023-01-000152,Member Among Campaign,Retention,Google Ads,Meta,affiliate,CAN,North America,2023-01-03,2023-02-05,152282.22,84218.61,CAD,44405,1790,130,2023-01-03 03:10:22,victoria.medina044@dataops.example.com
,CAMP-2023-01-000153,Summer Capital Campaign,Flash Sale,TikTok,Google,cpc,DEU,Europe,2023-01-14,2023-02-16,376262.11,310657.69,EUR,11776,749,52,2023-01-14 20:58:24,craig.johnson106@analytics.example.com
,CAMP-2023-01-000154,Growth Major Campaign,Retention,Affiliate,CRM,direct,CAN,North America,2023-01-18,2023-01-27,290487.51,229945.1,CAD,59710,1963,160,2023-01-18 22:17:39,chelsea.patel065@commerce.example.com
,CAMP-2023-01-000155,Member Yard Campaign,Flash Sale,Display,Meta,affiliate,GBR,Europe,2023-01-16,2023-02-03,24042.63,20184.41,GBP,140691,7175,975,2023-01-16 15:11:17,andrea.cummings039@platform.example.com
,CAMP-2023-01-000156,Member Or Campaign,Seasonal,Display,CRM,affiliate,NLD,Europe,2023-01-28,2023-02-24,423436.18,270525.7,EUR,489507,17397,3021,2023-01-28 05:11:09,victor.palmer071@platform.example.com
,CAMP-2023-01-000157,Member Cost Campaign,Flash Sale,Organic,TikTok,direct,ARE,Asia,2023-01-12,2023-02-16,472555.99,285400.3,AED,78077,1617,48,2023-01-12 15:35:23,patrick.gonzalez035@dataops.example.com
,CAMP-2023-01-000158,Winter Heart Campaign,Performance,Affiliate,TikTok,organic,ARE,Asia,2023-01-16,2023-01-24,200073.72,170252.04,AED,385748,5041,548,2023-01-16 21:30:47,micheal.chen050@dataops.example.com
,CAMP-2023-01-000159,Summer Matter Campaign,Performance,Email,Partner,social,FRA,Europe,2023-01-19,2023-02-14,49919.89,23213.11,EUR,93284,3619,363,2023-01-19 18:48:18,joann.clark089@commerce.example.com
,CAMP-2023-01-000160,Member Else Campaign,Retention,TikTok,CRM,affiliate,AUS,Oceania,2023-01-30,2023-02-22,236413.76,201018.91,AUD,52673,3460,601,2023-01-30 16:05:43,anita.garcia021@dataops.example.com
,CAMP-2023-01-000161,Member View Campaign,Retention,TikTok,Meta,organic,ESP,Europe,2023-01-11,2023-02-11,137932.2,111740.33,EUR,47054,2141,131,2023-01-11 12:34:52,chelsea.patel065@commerce.example.com
,CAMP-2023-01-000162,Summer Street Campaign,Flash Sale,Google Ads,Partner,organic,AUS,Oceania,2023-01-22,2023-02-16,105942.75,87599.51,AUD,11900,348,34,2023-01-22 05:00:39,stephen.daniels076@commerce.example.com
,CAMP-2023-01-000163,Back-to-School Effect Campaign,Seasonal,Meta,Meta,referral,JPN,Asia,2023-01-16,2023-02-16,29130.9,24481.47,JPY,15008,543,91,2023-01-16 13:04:46,michelle.bender024@analytics.example.com
,CAMP-2023-01-000164,Member Worry Campaign,Flash Sale,Affiliate,CRM,social,ITA,Europe,2023-01-20,2023-02-22,65192.55,54809.27,EUR,97276,1465,21,2023-01-20 17:27:36,rachel.hall062@platform.example.com
,CAMP-2023-01-000165,Summer Responsibility Campaign,Seasonal,Organic,Google,organic,ITA,Europe,2023-01-12,2023-02-08,225519.26,106449.45,EUR,326930,11425,1820,2023-01-12 03:26:19,andrew.ellis102@analytics.example.com
,CAMP-2023-01-000166,Growth Table Campaign,Retention,Organic,Meta,direct,NLD,Europe,2023-01-29,2023-02-25,344400.74,200157.6,EUR,183685,4696,821,2023-01-29 21:19:16,jeffery.miller012@commerce.example.com
,CAMP-2023-01-000167,Growth Budget Campaign,Launch,Meta,Meta,email,GBR,Europe,2023-01-22,2023-01-26,490254.79,224074.03,GBP,22687,1356,38,2023-01-22 22:44:20,james.proctor094@dataops.example.com
,CAMP-2023-01-000168,Member Skill Campaign,Seasonal,Email,Meta,social,FRA,Europe,2023-01-11,2023-02-14,373815.4,378453.22,EUR,78115,1594,23,2023-01-11 11:25:32,diana.williams116@analytics.example.com
,CAMP-2023-01-000169,Winter Including Campaign,Performance,Affiliate,Google,organic,JPN,Asia,2023-01-25,2023-02-26,221089.75,142444.25,JPY,34950,1665,216,2023-01-25 02:27:09,andrew.ellis102@analytics.example.com
,CAMP-2023-01-000170,Holiday Fill Campaign,Brand,Meta,CRM,social,NLD,Europe,2023-01-09,2023-02-10,197975.63,120198.44,EUR,76834,5169,683,2023-01-09 21:18:59,jason.franklin045@dataops.example.com
,CAMP-2023-01-000171,Member War Campaign,Performance,Organic,TikTok,social,DEU,Europe,2023-01-04,2023-01-17,33622.43,22772.35,EUR,38244,407,21,2023-01-04 04:38:13,john.mullins109@commerce.example.com
,CAMP-2023-01-000172,Member Toward Campaign,Launch,Google Ads,CRM,direct,FRA,Europe,2023-01-14,2023-01-28,271393.89,170672.86,EUR,104344,1670,71,2023-01-14 20:30:38,lisa.kim091@platform.example.com
,CAMP-2023-01-000173,Back-to-School Either Campaign,Retention,Email,Partner,cpc,ARE,Asia,2023-01-21,2023-02-07,353279.17,302381.75,AED,90876,5374,391,2023-01-21 17:21:44,brandi.carter038@dataops.example.com
,CAMP-2023-01-000174,Member Foreign Campaign,Brand,Google Ads,Google,referral,ITA,Europe,2023-01-02,2023-01-21,381382.55,330455.77,EUR,63611,4006,456,2023-01-02 22:34:53,christine.carter078@commerce.example.com
,CAMP-2023-01-000175,Back-to-School This Campaign,Retention,Google Ads,CRM,organic,SGP,Asia,2023-01-19,2023-01-31,427873.11,312749.93,SGD,99342,7095,410,2023-01-19 16:17:49,susan.rice083@commerce.example.com
,CAMP-2023-01-000176,Member Responsibility Campaign,Flash Sale,Display,Google,referral,CAN,North America,2023-01-27,2023-02-27,242774.09,226940.6,CAD,154740,2968,526,2023-01-27 16:26:47,john.mullins109@commerce.example.com
,CAMP-2023-01-000177,Summer Dinner Campaign,Brand,Google Ads,CRM,social,JPN,Asia,2023-01-08,2023-01-15,256328.6,255460.78,JPY,215642,3814,234,2023-01-08 15:34:45,diana.williams116@analytics.example.com
,CAMP-2023-01-000178,Winter Movement Campaign,Seasonal,Display,CRM,organic,FRA,Europe,2023-01-02,2023-02-04,202659.44,67334.79,EUR,171811,13138,2316,2023-01-02 03:40:10,patrick.gonzalez035@dataops.example.com
,CAMP-2023-01-000179,Holiday Across Campaign,Performance,TikTok,Partner,organic,SGP,Asia,2023-01-11,2023-02-03,218381.67,219582.45,SGD,26614,1245,79,2023-01-11 04:18:31,tiffany.freeman101@analytics.example.com
,CAMP-2023-01-000180,Back-to-School Born Campaign,Performance,Display,CRM,direct,AUS,Oceania,2023-01-10,2023-02-12,403324.49,282502.5,AUD,41518,1333,27,2023-01-10 11:27:55,eric.mullen052@dataops.example.com
,CAMP-2023-01-000181,Summer Respond Campaign,Retention,Google Ads,Partner,email,BRA,South America,2023-01-17,2023-02-16,467885.47,447925.76,BRL,157891,3487,246,2023-01-17 23:42:47,troy.boone097@platform.example.com
,CAMP-2023-01-000182,Holiday Ready Campaign,Flash Sale,Display,Meta,organic,FRA,Europe,2023-01-15,2023-01-20,302900.37,118150.99,EUR,96569,3376,95,2023-01-15 12:51:37,jeffery.miller012@commerce.example.com
,CAMP-2023-01-000183,Winter Pay Campaign,Flash Sale,Affiliate,Google,referral,JPN,Asia,2023-01-27,2023-03-03,263299.21,233964.52,JPY,388192,25976,2144,2023-01-27 17:35:50,jeffery.miller012@commerce.example.com
,CAMP-2023-01-000184,Member Language Campaign,Brand,Meta,Google,referral,BRA,South America,2023-01-17,2023-02-01,72442.03,35273.03,BRL,98853,6566,1012,2023-01-17 23:44:50,michael.berger060@platform.example.com
,CAMP-2023-01-000185,Summer Your Campaign,Launch,Email,Google,organic,NLD,Europe,2023-01-23,2023-02-20,375220.85,232950.5,EUR,50967,3113,147,2023-01-23 19:55:54,katelyn.pitts017@commerce.example.com
,CAMP-2023-01-000186,Member Allow Campaign,Launch,Organic,Partner,direct,FRA,Europe,2023-01-10,2023-01-30,42530.54,42480.04,EUR,20956,1667,204,2023-01-10 07:21:07,michael.berger060@platform.example.com
,CAMP-2023-01-000187,Holiday Boy Campaign,Seasonal,Organic,CRM,cpc,BRA,South America,2023-01-15,2023-02-17,108890.27,46629.1,BRL,259241,3475,322,2023-01-15 18:45:10,christine.carter078@commerce.example.com
,CAMP-2023-01-000188,Member Local Campaign,Retention,Google Ads,Meta,affiliate,ESP,Europe,2023-01-10,2023-02-05,113792.81,51500.68,EUR,297681,21417,408,2023-01-10 23:43:04,christine.carter078@commerce.example.com
,CAMP-2023-01-000189,Winter As Campaign,Seasonal,TikTok,Meta,social,SGP,Asia,2023-01-12,2023-01-19,166765.03,133211.51,SGD,37177,1057,91,2023-01-12 12:53:27,patrick.gonzalez035@dataops.example.com
,CAMP-2023-01-000190,Back-to-School Describe Campaign,Performance,Organic,Meta,email,ITA,Europe,2023-01-11,2023-02-04,42046.76,30592.95,EUR,44558,3140,424,2023-01-11 11:30:32,christine.johnson056@commerce.example.com
,CAMP-2023-01-000191,Holiday Away Campaign,Launch,Affiliate,CRM,referral,FRA,Europe,2023-01-27,2023-02-25,275537.07,236803.72,EUR,511185,16424,2746,2023-01-27 10:49:42,andrew.ellis102@analytics.example.com
,CAMP-2023-01-000192,Holiday Next Campaign,Performance,Email,CRM,cpc,IND,Asia,2023-01-28,2023-02-22,445649.6,248915.79,INR,46345,1900,203,2023-01-28 22:39:23,adam.gordon030@commerce.example.com
,CAMP-2023-01-000193,Holiday Fact Campaign,Retention,Meta,Meta,affiliate,USA,North America,2023-01-21,2023-02-19,497512.83,175543.61,USD,62457,635,49,2023-01-21 10:49:37,tiffany.freeman101@analytics.example.com
,CAMP-2023-01-000194,Growth This Campaign,Performance,Display,Partner,social,MEX,North America,2023-01-10,2023-01-23,306015.88,306223.3,MXN,131377,3420,74,2023-01-10 17:47:19,michelle.bender024@analytics.example.com
,CAMP-2023-01-000195,Member Cultural Campaign,Performance,Affiliate,TikTok,direct,DEU,Europe,2023-01-04,2023-01-30,98853.28,30542.7,EUR,534027,26802,2944,2023-01-04 08:14:21,lance.williams029@platform.example.com
,CAMP-2023-01-000196,Winter Enough Campaign,Seasonal,Display,Google,referral,USA,North America,2023-01-14,2023-02-18,368442.2,323807.87,USD,55981,3502,186,2023-01-14 09:44:31,joann.clark089@commerce.example.com
,CAMP-2023-01-000197,Summer Cell Campaign,Flash Sale,TikTok,Partner,direct,ARE,Asia,2023-01-18,2023-02-21,340629.83,145083.02,AED,164046,5298,244,2023-01-18 08:32:58,stephen.daniels076@commerce.example.com
,CAMP-2023-01-000198,Member White Campaign,Brand,Email,TikTok,cpc,CAN,North America,2023-01-14,2023-02-06,280184.73,103183.18,CAD,37918,2174,331,2023-01-14 22:11:16,victoria.medina044@dataops.example.com
,CAMP-2023-01-000199,Growth Hour Campaign,Brand,TikTok,Partner,cpc,MEX,North America,2023-01-01,2023-01-12,162100.25,95728.45,MXN,197143,3998,669,2023-01-01 08:09:16,taylor.cunningham023@commerce.example.com
,CAMP-2023-01-000200,Growth Senior Campaign,Retention,Affiliate,Partner,referral,DEU,Europe,2023-01-04,2023-02-01,214829.88,203969.18,EUR,763475,38813,1144,2023-01-04 03:57:08,michael.johnson061@platform.example.com
,CAMP-2023-01-000201,Growth Article Campaign,Brand,Google Ads,Google,cpc,IND,Asia,2023-01-12,2023-01-24,151941.48,98178.46,INR,99228,1562,242,2023-01-12 06:10:13,shawn.baxter004@dataops.example.com
,CAMP-2023-01-000202,Growth Accept Campaign,Flash Sale,Meta,Partner,referral,CAN,North America,2023-01-29,2023-03-01,111645.6,105609.5,CAD,11125,845,118,2023-01-29 04:59:45,kelsey.taylor010@platform.example.com
,CAMP-2023-01-000203,Winter Six Campaign,Retention,Affiliate,Partner,affiliate,GBR,Europe,2023-01-13,2023-02-17,110160.36,76819.34,GBP,391216,18738,2673,2023-01-13 13:04:23,megan.cunningham013@commerce.example.com
,CAMP-2023-01-000204,Member Increase Campaign,Seasonal,Organic,CRM,cpc,MEX,North America,2023-01-15,2023-01-28,308548.73,164604.0,MXN,24920,425,68,2023-01-15 00:59:55,joseph.johnson049@dataops.example.com
,CAMP-2023-01-000205,Back-to-School Suggest Campaign,Flash Sale,Display,CRM,cpc,ESP,Europe,2023-01-13,2023-02-02,299934.46,243842.04,EUR,39717,2598,444,2023-01-13 05:55:33,troy.boone097@platform.example.com
,CAMP-2023-01-000206,Growth Father Campaign,Flash Sale,Email,CRM,referral,ESP,Europe,2023-01-30,2023-03-04,194735.69,107136.75,EUR,99250,4233,561,2023-01-30 07:09:25,victoria.medina044@dataops.example.com
,CAMP-2023-01-000207,Summer Feeling Campaign,Retention,Google Ads,Google,referral,ITA,Europe,2023-01-23,2023-01-31,21556.67,7194.3,EUR,71961,3535,317,2023-01-23 23:41:44,jason.franklin045@dataops.example.com
,CAMP-2023-01-000208,Member Woman Campaign,Brand,Meta,Partner,cpc,USA,North America,2023-01-31,2023-02-21,347354.54,172517.68,USD,81434,3831,476,2023-01-31 05:41:50,sandra.hunter036@platform.example.com
,CAMP-2023-01-000209,Member Travel Campaign,Brand,Meta,Meta,email,SGP,Asia,2023-01-28,2023-02-18,263938.1,212891.77,SGD,258572,3724,246,2023-01-28 08:20:17,timothy.cannon081@analytics.example.com
,CAMP-2023-01-000210,Summer Middle Campaign,Launch,Affiliate,CRM,affiliate,NLD,Europe,2023-01-08,2023-02-05,151297.85,153039.71,EUR,21935,1462,166,2023-01-08 18:51:51,anita.garcia021@dataops.example.com
,CAMP-2023-01-000211,Winter Local Campaign,Flash Sale,Organic,Meta,direct,DEU,Europe,2023-01-23,2023-02-03,354257.32,335706.45,EUR,214332,12549,1053,2023-01-23 02:13:01,sylvia.diaz107@dataops.example.com
,CAMP-2023-01-000212,Winter Step Campaign,Seasonal,Meta,TikTok,social,AUS,Oceania,2023-01-25,2023-02-01,275283.07,157304.35,AUD,36116,2355,30,2023-01-25 18:42:49,taylor.cunningham023@commerce.example.com
,CAMP-2023-01-000213,Member Talk Campaign,Launch,Meta,CRM,referral,SGP,Asia,2023-01-28,2023-02-19,315217.13,285034.99,SGD,45569,3099,227,2023-01-28 21:18:48,micheal.chen050@dataops.example.com
,CAMP-2023-01-000214,Holiday On Campaign,Seasonal,Affiliate,Google,organic,JPN,Asia,2023-01-18,2023-02-04,453418.4,308148.68,JPY,158141,12250,288,2023-01-18 21:44:05,jennifer.atkins003@platform.example.com
,CAMP-2023-01-000215,Holiday View Campaign,Seasonal,Google Ads,Google,social,JPN,Asia,2023-01-13,2023-01-31,89513.37,54337.2,JPY,24320,975,147,2023-01-13 23:56:41,john.mullins109@commerce.example.com
,CAMP-2023-01-000216,Growth Some Campaign,Brand,Meta,Google,referral,IND,Asia,2023-01-10,2023-02-06,366371.74,265463.0,INR,123288,5785,821,2023-01-10 11:36:13,chelsea.patel065@commerce.example.com
,CAMP-2023-01-000217,Holiday Can Campaign,Brand,Google Ads,Meta,referral,ITA,Europe,2023-01-01,2023-01-18,155900.84,68865.76,EUR,74390,4794,609,2023-01-01 12:21:01,micheal.chen050@dataops.example.com
,CAMP-2023-01-000218,Growth Person Campaign,Seasonal,Organic,CRM,referral,IND,Asia,2023-01-03,2023-01-11,428085.73,298081.1,INR,32952,845,66,2023-01-03 12:39:40,joseph.johnson049@dataops.example.com
,CAMP-2023-01-000219,Member Early Campaign,Retention,Organic,CRM,affiliate,ESP,Europe,2023-01-26,2023-02-09,113054.93,97566.84,EUR,82115,3558,392,2023-01-26 15:37:02,ashley.marks069@commerce.example.com
,CAMP-2023-01-000220,Holiday Contain Campaign,Brand,Meta,Partner,direct,MEX,North America,2023-01-02,2023-02-02,219625.42,146216.05,MXN,69151,1268,183,2023-01-02 09:06:31,micheal.hall064@dataops.example.com
,CAMP-2023-01-000221,Back-to-School Son Campaign,Performance,Display,Partner,cpc,ARE,Asia,2023-01-27,2023-02-17,220471.49,124991.07,AED,156140,3910,191,2023-01-27 06:30:28,joseph.johnson049@dataops.example.com
,CAMP-2023-01-000222,Back-to-School Church Campaign,Retention,Meta,TikTok,referral,USA,North America,2023-01-03,2023-02-05,249145.15,228287.0,USD,208885,14684,454,2023-01-03 15:15:51,stephen.clark001@analytics.example.com
,CAMP-2023-01-000223,Summer For Campaign,Seasonal,Organic,CRM,referral,GBR,Europe,2023-01-23,2023-02-05,349016.06,352995.48,GBP,73759,5317,943,2023-01-23 00:46:29,eric.mullen052@dataops.example.com
,CAMP-2023-01-000224,Winter Kind Campaign,Flash Sale,TikTok,TikTok,organic,DEU,Europe,2023-01-30,2023-03-01,246775.57,179481.74,EUR,55292,2783,201,2023-01-30 01:18:47,brandon.yu006@analytics.example.com
,CAMP-2023-01-000225,Growth Key Campaign,Flash Sale,Display,TikTok,affiliate,AUS,Oceania,2023-01-14,2023-02-13,251886.12,216366.26,AUD,58177,2414,29,2023-01-14 18:16:34,grace.gonzales099@dataops.example.com
,CAMP-2023-01-000226,Back-to-School Ability Campaign,Seasonal,Affiliate,Google,cpc,BRA,South America,2023-01-05,2023-02-06,30129.95,25414.86,BRL,324405,10359,1240,2023-01-05 13:59:02,andrew.ellis102@analytics.example.com
,CAMP-2023-01-000227,Growth Shake Campaign,Launch,Display,CRM,referral,ARE,Asia,2023-01-27,2023-02-25,261888.98,126720.3,AED,309160,23960,717,2023-01-27 04:58:57,jennifer.atkins003@platform.example.com
,CAMP-2023-01-000228,Member Benefit Campaign,Performance,TikTok,TikTok,referral,NLD,Europe,2023-01-18,2023-01-23,482387.45,421473.49,EUR,153016,4064,61,2023-01-18 14:58:35,jeffery.miller012@commerce.example.com
,CAMP-2023-01-000229,Growth Relationship Campaign,Seasonal,Google Ads,CRM,referral,NLD,Europe,2023-01-25,2023-03-01,52083.16,50607.49,EUR,166945,2789,351,2023-01-25 16:10:06,david.cabrera119@dataops.example.com
,CAMP-2023-01-000230,Winter Mouth Campaign,Seasonal,TikTok,CRM,cpc,USA,North America,2023-01-31,2023-03-03,187078.09,189505.89,USD,58843,1064,165,2023-01-31 10:27:46,michael.berger060@platform.example.com
,CAMP-2023-01-000231,Summer Drive Campaign,Seasonal,Meta,TikTok,direct,DEU,Europe,2023-01-22,2023-01-30,116407.69,37254.31,EUR,141787,7561,712,2023-01-22 06:26:11,jeffery.miller012@commerce.example.com
,CAMP-2023-01-000232,Back-to-School Back Campaign,Seasonal,Google Ads,TikTok,cpc,ITA,Europe,2023-01-14,2023-02-16,117511.27,101559.56,EUR,99042,1963,254,2023-01-14 12:45:28,renee.harvey080@dataops.example.com
,CAMP-2023-01-000233,Growth Pull Campaign,Seasonal,Google Ads,Partner,social,AUS,Oceania,2023-01-26,2023-02-20,188941.19,119870.09,AUD,70555,956,130,2023-01-26 05:34:26,shawn.baxter004@dataops.example.com
,CAMP-2023-01-000234,Growth Take Campaign,Retention,Organic,TikTok,cpc,GBR,Europe,2023-01-07,2023-02-08,146104.71,89745.7,GBP,173619,2183,67,2023-01-07 09:49:52,eric.mullen052@dataops.example.com
,CAMP-2023-01-000235,Holiday Him Campaign,Performance,TikTok,Google,referral,BRA,South America,2023-01-04,2023-01-11,60598.71,36793.67,BRL,208833,15806,1113,2023-01-04 22:57:40,joann.clark089@commerce.example.com
,CAMP-2023-01-000236,Member Senior Campaign,Brand,Display,Partner,referral,BRA,South America,2023-01-05,2023-01-29,302119.58,255163.5,BRL,157521,5204,107,2023-01-05 18:58:09,joseph.johnson049@dataops.example.com
,CAMP-2023-01-000237,Growth Reflect Campaign,Flash Sale,Google Ads,Partner,social,MEX,North America,2023-01-17,2023-01-25,469711.0,221793.74,MXN,189555,8731,835,2023-01-17 01:26:39,jeffery.miller012@commerce.example.com
,CAMP-2023-01-000238,Back-to-School Management Campaign,Performance,Email,Meta,affiliate,SGP,Asia,2023-01-29,2023-02-09,489767.89,388511.48,SGD,10647,414,37,2023-01-29 04:54:56,katelyn.pitts017@commerce.example.com
,CAMP-2023-01-000239,Holiday Offer Campaign,Retention,Email,Partner,email,USA,North America,2023-01-01,2023-01-30,258279.19,80020.14,USD,522286,9977,153,2023-01-01 15:33:04,anita.garcia021@dataops.example.com
,CAMP-2023-01-000240,Back-to-School Remain Campaign,Flash Sale,TikTok,TikTok,affiliate,USA,North America,2023-01-04,2023-01-31,464522.82,159211.73,USD,12057,672,23,2023-01-04 09:08:08,maria.ashley046@analytics.example.com
,CAMP-2023-01-000241,Back-to-School You Campaign,Retention,Organic,CRM,direct,FRA,Europe,2023-01-22,2023-02-11,484931.68,242154.89,EUR,120924,9630,1567,2023-01-22 19:50:39,eric.horton058@analytics.example.com
,CAMP-2023-01-000242,Back-to-School Above Campaign,Retention,Google Ads,Partner,email,ESP,Europe,2023-01-11,2023-01-31,28092.48,16034.06,EUR,77618,3484,556,2023-01-11 09:58:47,timothy.cameron104@commerce.example.com
,CAMP-2023-01-000243,Winter Ago Campaign,Seasonal,Google Ads,Partner,cpc,FRA,Europe,2023-01-13,2023-02-03,65043.46,47441.48,EUR,132689,4773,322,2023-01-13 17:31:30,shawn.baxter004@dataops.example.com
,CAMP-2023-01-000244,Summer Seek Campaign,Launch,Email,Google,affiliate,DEU,Europe,2023-01-11,2023-02-09,423756.42,240445.03,EUR,24475,412,45,2023-01-11 19:35:40,amy.holmes103@dataops.example.com
,CAMP-2023-01-000245,Member Throw Campaign,Seasonal,Email,Partner,affiliate,SGP,Asia,2023-01-22,2023-02-15,262776.77,185692.79,SGD,100330,2683,299,2023-01-22 19:44:21,ashley.bishop108@dataops.example.com
,CAMP-2023-01-000246,Holiday Something Campaign,Seasonal,Email,Meta,social,SGP,Asia,2023-01-21,2023-02-03,246248.35,111497.69,SGD,20699,339,35,2023-01-21 16:30:17,shawn.baxter004@dataops.example.com
,CAMP-2023-01-000247,Summer Conference Campaign,Launch,Organic,Google,referral,DEU,Europe,2023-01-31,2023-02-19,151859.06,130697.28,EUR,250982,5112,757,2023-01-31 05:30:51,grace.gonzales099@dataops.example.com
,CAMP-2023-01-000248,Growth Player Campaign,Retention,Affiliate,TikTok,social,ESP,Europe,2023-01-26,2023-02-16,56780.28,22668.81,EUR,34710,1022,21,2023-01-26 08:13:19,katelyn.pitts017@commerce.example.com
,CAMP-2023-01-000249,Summer None Campaign,Flash Sale,Display,Partner,organic,FRA,Europe,2023-01-05,2023-01-30,480464.55,479996.74,EUR,98136,5293,243,2023-01-05 09:47:38,michelle.sims041@analytics.example.com
,CAMP-2023-01-000250,Growth Let Campaign,Seasonal,Google Ads,Partner,cpc,NLD,Europe,2023-01-31,2023-02-25,464389.27,386152.59,EUR,75529,3455,141,2023-01-31 17:30:56,susan.rice083@commerce.example.com
,CAMP-2023-01-000251,Member Look Campaign,Flash Sale,Google Ads,TikTok,email,ITA,Europe,2023-01-20,2023-01-27,257061.65,144681.55,EUR,37215,2660,210,2023-01-20 07:28:51,micheal.hall064@dataops.example.com
,CAMP-2023-01-000252,Winter Field Campaign,Launch,Meta,Partner,cpc,GBR,Europe,2023-01-15,2023-01-22,105973.67,84451.17,GBP,55274,3922,626,2023-01-15 13:17:10,jason.franklin045@dataops.example.com
,CAMP-2023-01-000253,Winter Their Campaign,Brand,Google Ads,Google,social,JPN,Asia,2023-01-18,2023-01-24,439179.05,299801.26,JPY,188006,3122,465,2023-01-18 16:41:18,jillian.russo115@commerce.example.com
,CAMP-2023-01-000254,Member Police Campaign,Flash Sale,Affiliate,Partner,referral,ITA,Europe,2023-01-27,2023-02-11,301493.48,295932.32,EUR,670783,53512,7181,2023-01-27 03:27:07,jeffery.miller012@commerce.example.com
,CAMP-2023-01-000255,Winter Mr Campaign,Launch,Email,Google,affiliate,CAN,North America,2023-01-05,2023-01-08,402959.38,345473.54,CAD,386381,27240,3166,2023-01-05 06:42:39,brandi.carter038@dataops.example.com
,CAMP-2023-01-000256,Growth Serious Campaign,Performance,TikTok,Meta,direct,NLD,Europe,2023-01-03,2023-01-30,349641.69,259724.47,EUR,189996,12326,125,2023-01-03 02:58:43,tiffany.freeman101@analytics.example.com
,CAMP-2023-01-000257,Winter Property Campaign,Seasonal,TikTok,Google,organic,DEU,Europe,2023-01-28,2023-02-07,355122.08,228091.01,EUR,97730,6077,193,2023-01-28 19:18:41,yolanda.vasquez005@platform.example.com
,CAMP-2023-01-000258,Winter Ahead Campaign,Launch,Affiliate,Google,cpc,JPN,Asia,2023-01-07,2023-02-08,324571.53,224521.26,JPY,121277,9034,986,2023-01-07 07:25:22,sylvia.diaz107@dataops.example.com
,CAMP-2023-01-000259,Summer Pick Campaign,Retention,Organic,Meta,direct,USA,North America,2023-01-08,2023-01-31,220601.52,154554.2,USD,127469,2859,31,2023-01-08 20:44:55,susan.rice083@commerce.example.com
,CAMP-2023-01-000260,Holiday International Campaign,Launch,Organic,TikTok,email,GBR,Europe,2023-01-12,2023-02-13,489773.81,182501.0,GBP,139750,4544,256,2023-01-12 21:36:42,troy.boone097@platform.example.com
,CAMP-2023-01-000261,Holiday Unit Campaign,Flash Sale,Meta,TikTok,social,JPN,Asia,2023-01-14,2023-02-10,348166.99,240159.84,JPY,646392,6627,483,2023-01-14 12:03:32,andrew.ellis102@analytics.example.com
,CAMP-2023-01-000262,Member Threat Campaign,Seasonal,TikTok,Partner,email,SGP,Asia,2023-01-13,2023-02-13,274935.8,199586.19,SGD,89422,3822,486,2023-01-13 01:00:44,micheal.hall064@dataops.example.com
,CAMP-2023-01-000263,Winter Quickly Campaign,Performance,Google Ads,CRM,social,IND,Asia,2023-01-14,2023-02-04,140144.74,107407.79,INR,178590,5043,516,2023-01-14 18:38:58,yesenia.arnold040@platform.example.com
,CAMP-2023-01-000264,Summer Would Campaign,Retention,Email,CRM,email,ITA,Europe,2023-01-13,2023-02-08,148379.31,97950.52,EUR,66990,4153,615,2023-01-13 06:01:26,eric.horton058@analytics.example.com
,CAMP-2023-01-000265,Summer Event Campaign,Seasonal,Affiliate,Meta,referral,ITA,Europe,2023-01-13,2023-02-09,281017.91,127093.92,EUR,22133,682,43,2023-01-13 15:48:08,renee.harvey080@dataops.example.com
,CAMP-2023-01-000266,Member Control Campaign,Seasonal,Affiliate,Google,social,MEX,North America,2023-01-27,2023-02-20,287620.94,114274.85,MXN,57082,4483,362,2023-01-27 20:19:00,stephen.daniels076@commerce.example.com
,CAMP-2023-01-000267,Member Myself Campaign,Seasonal,Google Ads,Meta,referral,ESP,Europe,2023-01-29,2023-02-25,355424.07,144149.49,EUR,245616,16048,2227,2023-01-29 22:22:00,katelyn.pitts017@commerce.example.com
,CAMP-2023-01-000268,Member Office Campaign,Seasonal,Meta,Google,social,AUS,Oceania,2023-01-20,2023-02-02,95343.02,41995.8,AUD,505939,37168,4336,2023-01-20 18:47:32,joseph.johnson049@dataops.example.com
,CAMP-2023-01-000269,Summer Billion Campaign,Flash Sale,Google Ads,CRM,referral,CAN,North America,2023-01-10,2023-02-01,379003.54,215862.17,CAD,283357,12301,396,2023-01-10 12:51:40,peter.martinez098@platform.example.com
,CAMP-2023-01-000270,Back-to-School Soon Campaign,Retention,Google Ads,TikTok,direct,MEX,North America,2023-01-20,2023-01-31,462125.52,427353.0,MXN,89515,4365,492,2023-01-20 14:12:53,megan.cunningham013@commerce.example.com
,CAMP-2023-01-000271,Winter Sense Campaign,Seasonal,Google Ads,Meta,referral,BRA,South America,2023-01-22,2023-02-15,441634.96,388091.19,BRL,53954,905,79,2023-01-22 20:41:39,christine.carter078@commerce.example.com
,CAMP-2023-01-000272,Member Miss Campaign,Launch,Display,TikTok,cpc,ESP,Europe,2023-01-06,2023-01-11,396690.45,172871.92,EUR,210014,2484,117,2023-01-06 08:11:31,diana.williams116@analytics.example.com
,CAMP-2023-01-000273,Member Nearly Campaign,Retention,Display,CRM,cpc,JPN,Asia,2023-01-21,2023-02-21,338490.91,106508.41,JPY,34325,920,150,2023-01-21 11:10:32,victor.palmer071@platform.example.com
,CAMP-2023-01-000274,Growth Far Campaign,Brand,Google Ads,CRM,cpc,ITA,Europe,2023-01-10,2023-02-04,170961.68,118709.24,EUR,98718,6195,240,2023-01-10 09:38:56,peter.martinez098@platform.example.com
,CAMP-2023-01-000275,Back-to-School Matter Campaign,Brand,Affiliate,Meta,affiliate,USA,North America,2023-01-02,2023-01-21,187733.04,92436.43,USD,289636,10255,1031,2023-01-02 16:30:27,patrick.gonzalez035@dataops.example.com
,CAMP-2023-01-000276,Member Kind Campaign,Brand,Organic,Google,cpc,NLD,Europe,2023-01-29,2023-02-02,21431.21,12065.11,EUR,169379,10191,630,2023-01-29 20:15:49,crystal.smith022@platform.example.com
,CAMP-2023-01-000277,Growth Upon Campaign,Seasonal,TikTok,CRM,affiliate,USA,North America,2023-01-25,2023-02-02,351811.74,185700.86,USD,45015,1157,167,2023-01-25 00:49:03,kevin.mathews014@analytics.example.com
,CAMP-2023-01-000278,Back-to-School Section Campaign,Brand,Affiliate,TikTok,social,ESP,Europe,2023-01-12,2023-02-05,248928.8,229029.26,EUR,223377,11103,361,2023-01-12 19:53:06,alyssa.richards002@commerce.example.com
,CAMP-2023-01-000279,Holiday Since Campaign,Brand,Display,CRM,referral,NLD,Europe,2023-01-03,2023-01-16,306464.78,270092.75,EUR,301004,16482,2770,2023-01-03 00:20:17,alyssa.richards002@commerce.example.com
,CAMP-2023-01-000280,Back-to-School Life Campaign,Performance,Email,Google,referral,AUS,Oceania,2023-01-25,2023-02-13,390617.02,327769.26,AUD,147689,9889,551,2023-01-25 05:24:42,jennifer.atkins003@platform.example.com
,CAMP-2023-01-000281,Winter At Campaign,Flash Sale,Affiliate,TikTok,direct,FRA,Europe,2023-01-21,2023-01-29,159257.18,101817.59,EUR,29450,1422,178,2023-01-21 00:31:36,troy.boone097@platform.example.com
,CAMP-2023-01-000282,Summer While Campaign,Performance,Display,CRM,social,ARE,Asia,2023-01-22,2023-02-24,384864.84,274110.77,AED,160747,9629,1452,2023-01-22 08:27:12,kristen.bailey110@analytics.example.com
,CAMP-2023-01-000283,Holiday Half Campaign,Seasonal,Display,Partner,cpc,ARE,Asia,2023-01-08,2023-02-01,279320.19,262980.82,AED,771028,54547,1247,2023-01-08 07:19:31,peter.martinez098@platform.example.com
,CAMP-2023-01-000284,Winter Choose Campaign,Launch,Affiliate,Google,social,IND,Asia,2023-01-05,2023-01-28,78803.39,72401.81,INR,352959,20744,1573,2023-01-05 12:14:54,anita.garcia021@dataops.example.com
,CAMP-2023-01-000285,Summer Animal Campaign,Brand,Email,TikTok,organic,IND,Asia,2023-01-01,2023-01-06,53403.85,25326.26,INR,54048,2454,102,2023-01-01 04:02:00,christine.carter078@commerce.example.com
,CAMP-2023-01-000286,Summer Recently Campaign,Flash Sale,Display,Meta,organic,DEU,Europe,2023-01-15,2023-01-22,322380.33,321361.96,EUR,892110,40345,6883,2023-01-15 19:35:02,diana.williams116@analytics.example.com
,CAMP-2023-01-000287,Holiday Figure Campaign,Performance,Display,Google,referral,MEX,North America,2023-01-17,2023-01-31,363776.77,190861.12,MXN,256345,6044,409,2023-01-17 11:47:27,michelle.sims041@analytics.example.com
,CAMP-2023-01-000288,Growth Full Campaign,Performance,Affiliate,CRM,affiliate,CAN,North America,2023-01-19,2023-02-09,151286.79,110610.19,CAD,188566,3376,533,2023-01-19 02:04:48,grace.gonzales099@dataops.example.com
,CAMP-2023-01-000289,Back-to-School Best Campaign,Retention,Display,Google,cpc,BRA,South America,2023-01-15,2023-02-17,464908.65,173013.18,BRL,22098,434,70,2023-01-15 02:16:38,michael.johnson061@platform.example.com
,CAMP-2023-01-000290,Growth Every Campaign,Flash Sale,TikTok,CRM,referral,SGP,Asia,2023-01-06,2023-02-10,117037.62,52109.34,SGD,129073,1981,296,2023-01-06 22:52:35,alyssa.richards002@commerce.example.com
,CAMP-2023-01-000291,Holiday Grow Campaign,Launch,Display,Meta,email,NLD,Europe,2023-01-20,2023-02-12,197159.98,199964.42,EUR,123466,6159,667,2023-01-20 02:44:04,yesenia.arnold040@platform.example.com
,CAMP-2023-01-000292,Growth Thing Campaign,Retention,Affiliate,Google,cpc,GBR,Europe,2023-01-07,2023-01-26,245907.09,139953.8,GBP,133054,8461,778,2023-01-07 00:32:02,chelsea.patel065@commerce.example.com
,CAMP-2023-01-000293,Holiday Forward Campaign,Seasonal,Meta,TikTok,direct,IND,Asia,2023-01-20,2023-02-15,217027.39,71955.38,INR,12178,260,40,2023-01-20 05:34:54,jennifer.atkins003@platform.example.com
,CAMP-2023-01-000294,Member Newspaper Campaign,Brand,Google Ads,Google,organic,USA,North America,2023-01-04,2023-01-11,102473.32,100678.86,USD,45099,1639,274,2023-01-04 19:16:46,lance.williams029@platform.example.com
,CAMP-2023-01-000295,Holiday Star Campaign,Brand,Meta,Meta,cpc,USA,North America,2023-01-18,2023-01-21,257204.47,254553.13,USD,127793,9016,1273,2023-01-18 18:05:19,ryan.steele043@commerce.example.com
,CAMP-2023-01-000296,Member Next Campaign,Retention,Display,Meta,affiliate,JPN,Asia,2023-01-28,2023-02-07,227359.05,147091.66,JPY,28330,760,118,2023-01-28 13:47:21,christine.johnson056@commerce.example.com
,CAMP-2023-01-000297,Winter Grow Campaign,Brand,Organic,CRM,social,JPN,Asia,2023-01-01,2023-01-24,103930.55,43332.83,JPY,309754,11828,946,2023-01-01 12:49:04,micheal.hall064@dataops.example.com
,CAMP-2023-01-000298,Summer Stand Campaign,Flash Sale,Meta,Google,cpc,ESP,Europe,2023-01-09,2023-01-26,324398.91,282403.94,EUR,61521,2438,207,2023-01-09 16:18:18,david.cabrera119@dataops.example.com
,CAMP-2023-01-000299,Growth Teach Campaign,Flash Sale,Display,Partner,social,CAN,North America,2023-01-13,2023-02-10,50906.4,45545.25,CAD,111840,2367,285,2023-01-13 09:01:56,eric.mullen052@dataops.example.com
,CAMP-2023-01-000300,Holiday Treat Campaign,Launch,Organic,Meta,organic,USA,North America,2023-01-19,2023-02-20,205131.31,62796.64,USD,152658,10723,1162,2023-01-19 14:22:29,kristen.bailey110@analytics.example.com
,CAMP-2023-01-000301,Growth If Campaign,Retention,Meta,Partner,cpc,ITA,Europe,2023-01-12,2023-02-05,342454.09,182822.3,EUR,153628,6287,963,2023-01-12 21:54:33,jeffery.miller012@commerce.example.com
,CAMP-2023-01-000302,Member Pull Campaign,Performance,Display,Google,organic,IND,Asia,2023-01-03,2023-01-06,218020.74,149554.46,INR,62536,1047,50,2023-01-03 23:30:45,joseph.johnson049@dataops.example.com
,CAMP-2023-01-000303,Holiday Hand Campaign,Performance,Affiliate,Meta,affiliate,AUS,Oceania,2023-01-11,2023-01-23,235417.48,93910.52,AUD,156570,3929,336,2023-01-11 10:53:59,brandon.yu006@analytics.example.com
,CAMP-2023-01-000304,Back-to-School Daughter Campaign,Performance,Meta,TikTok,referral,MEX,North America,2023-01-20,2023-02-11,86719.9,75471.11,MXN,12844,1006,178,2023-01-20 14:40:27,brandi.carter038@dataops.example.com
,CAMP-2023-01-000305,Winter Particularly Campaign,Brand,Email,CRM,cpc,SGP,Asia,2023-01-20,2023-02-11,135528.59,100418.93,SGD,14461,849,130,2023-01-20 11:07:54,yesenia.arnold040@platform.example.com
,CAMP-2023-01-000306,Growth First Campaign,Launch,Meta,TikTok,affiliate,USA,North America,2023-01-15,2023-02-17,78640.21,33435.03,USD,123944,6786,89,2023-01-15 06:56:42,michael.johnson061@platform.example.com
,CAMP-2023-01-000307,Growth Hope Campaign,Seasonal,Meta,CRM,email,USA,North America,2023-01-01,2023-01-21,1568.95,1460.87,USD,62563,4375,316,2023-01-01 23:30:59,taylor.cunningham023@commerce.example.com
,CAMP-2023-01-000308,Winter Address Campaign,Launch,Affiliate,CRM,referral,MEX,North America,2023-01-06,2023-01-17,125186.04,75999.57,MXN,144814,10390,991,2023-01-06 17:58:27,peter.martinez098@platform.example.com
,CAMP-2023-01-000309,Growth Who Campaign,Brand,Email,CRM,affiliate,GBR,Europe,2023-01-18,2023-02-06,411230.62,337732.83,GBP,232432,9389,1456,2023-01-18 01:18:35,susan.rice083@commerce.example.com
,CAMP-2023-01-000310,Back-to-School Entire Campaign,Seasonal,Affiliate,CRM,direct,JPN,Asia,2023-01-11,2023-01-20,153716.69,145508.32,JPY,48488,2606,286,2023-01-11 03:30:47,eric.horton058@analytics.example.com
,CAMP-2023-01-000311,Winter Keep Campaign,Flash Sale,Organic,Partner,email,BRA,South America,2023-01-13,2023-01-26,365797.89,210228.54,BRL,381906,23325,4111,2023-01-13 05:52:27,yesenia.arnold040@platform.example.com
,CAMP-2023-01-000312,Member Opportunity Campaign,Launch,Organic,Partner,organic,MEX,North America,2023-01-13,2023-01-29,349864.28,118413.62,MXN,53148,4098,678,2023-01-13 07:19:46,yolanda.vasquez005@platform.example.com
,CAMP-2023-01-000313,Growth Race Campaign,Performance,Meta,Google,affiliate,DEU,Europe,2023-01-20,2023-01-24,385324.71,287085.75,EUR,207480,4726,214,2023-01-20 22:34:46,andrea.cummings039@platform.example.com
,CAMP-2023-01-000314,Growth Great Campaign,Launch,Affiliate,Partner,cpc,MEX,North America,2023-01-21,2023-02-09,67635.58,66284.52,MXN,17651,331,44,2023-01-21 09:39:53,rachel.hall062@platform.example.com
,CAMP-2023-01-000315,Winter To Campaign,Brand,Affiliate,Partner,affiliate,CAN,North America,2023-01-28,2023-02-16,404894.04,142109.85,CAD,142950,8845,1041,2023-01-28 19:05:26,joann.clark089@commerce.example.com
,CAMP-2023-01-000316,Holiday Station Campaign,Performance,Meta,TikTok,cpc,FRA,Europe,2023-01-25,2023-02-26,405008.65,387839.52,EUR,418783,28696,1891,2023-01-25 08:13:32,victor.palmer071@platform.example.com
,CAMP-2023-01-000317,Holiday I Campaign,Retention,Email,Google,cpc,JPN,Asia,2023-01-06,2023-01-16,26106.51,8352.9,JPY,695356,50618,4008,2023-01-06 10:10:23,megan.cunningham013@commerce.example.com
,CAMP-2023-01-000318,Winter Travel Campaign,Seasonal,Email,Partner,direct,DEU,Europe,2023-01-09,2023-01-20,470434.55,475133.99,EUR,247888,10647,740,2023-01-09 22:47:46,brandon.yu006@analytics.example.com
,CAMP-2023-01-000319,Winter Bed Campaign,Performance,TikTok,Google,social,CAN,North America,2023-01-01,2023-01-27,399612.81,198810.45,CAD,115144,5343,334,2023-01-01 14:01:24,susan.rice083@commerce.example.com
,CAMP-2023-01-000320,Member Region Campaign,Performance,TikTok,Google,affiliate,AUS,Oceania,2023-01-06,2023-02-09,5293.9,1747.89,AUD,96078,4066,156,2023-01-06 03:49:41,andrea.cummings039@platform.example.com
,CAMP-2023-01-000321,Summer Probably Campaign,Retention,Affiliate,TikTok,affiliate,CAN,North America,2023-01-06,2023-02-03,95135.3,92967.52,CAD,243565,10257,981,2023-01-06 22:08:12,stephen.clark001@analytics.example.com
,CAMP-2023-01-000322,Growth Consumer Campaign,Launch,Display,Google,direct,NLD,Europe,2023-01-11,2023-02-06,304602.4,169264.19,EUR,144777,3645,93,2023-01-11 20:40:22,john.mullins109@commerce.example.com
,CAMP-2023-01-000323,Holiday Lay Campaign,Flash Sale,Affiliate,Meta,social,NLD,Europe,2023-01-31,2023-02-16,492002.21,239960.3,EUR,72004,2374,300,2023-01-31 08:59:06,craig.johnson106@analytics.example.com
,CAMP-2023-01-000324,Winter Out Campaign,Performance,Affiliate,Meta,organic,AUS,Oceania,2023-01-08,2023-01-26,355119.23,115412.0,AUD,61240,847,10,2023-01-08 12:07:58,stephen.daniels076@commerce.example.com
,CAMP-2023-01-000325,Growth Firm Campaign,Seasonal,Email,Google,email,DEU,Europe,2023-01-16,2023-01-25,159462.2,118242.01,EUR,55085,845,59,2023-01-16 10:09:55,eric.mullen052@dataops.example.com
,CAMP-2023-01-000326,Winter Audience Campaign,Launch,Organic,Meta,organic,IND,Asia,2023-01-01,2023-01-26,379420.49,181331.59,INR,68563,2858,286,2023-01-01 01:19:18,darren.anderson025@dataops.example.com
,CAMP-2023-01-000327,Member Magazine Campaign,Retention,Display,Google,organic,DEU,Europe,2023-01-13,2023-01-29,136948.1,108554.3,EUR,48451,2698,241,2023-01-13 17:05:16,susan.rice083@commerce.example.com
,CAMP-2023-01-000328,Back-to-School Identify Campaign,Flash Sale,Meta,TikTok,email,AUS,Oceania,2023-01-28,2023-02-25,86193.41,31125.55,AUD,100728,4306,773,2023-01-28 18:51:29,maria.ashley046@analytics.example.com
,CAMP-2023-01-000329,Growth Might Campaign,Retention,Meta,Partner,social,FRA,Europe,2023-01-11,2023-02-15,159222.59,142286.95,EUR,488402,19899,2630,2023-01-11 10:49:18,eric.mullen052@dataops.example.com
,CAMP-2023-01-000330,Growth Author Campaign,Brand,Affiliate,Partner,direct,GBR,Europe,2023-01-01,2023-01-11,78490.41,38316.47,GBP,480529,14651,1550,2023-01-01 09:31:26,brandi.carter038@dataops.example.com
,CAMP-2023-01-000331,Summer Single Campaign,Brand,Organic,Partner,referral,SGP,Asia,2023-01-30,2023-03-03,106841.47,70978.26,SGD,37506,2362,98,2023-01-30 01:31:47,jennifer.atkins003@platform.example.com
,CAMP-2023-01-000332,Holiday Allow Campaign,Launch,TikTok,TikTok,affiliate,FRA,Europe,2023-01-26,2023-02-25,325297.82,149787.13,EUR,374194,16328,1891,2023-01-26 05:32:23,shawn.baxter004@dataops.example.com
,CAMP-2023-01-000333,Back-to-School Article Campaign,Launch,Display,Partner,email,MEX,North America,2023-01-24,2023-02-11,418486.09,150858.7,MXN,177658,5977,567,2023-01-24 16:59:28,james.proctor094@dataops.example.com
,CAMP-2023-01-000334,Back-to-School Throw Campaign,Launch,Affiliate,Meta,referral,ESP,Europe,2023-01-07,2023-01-19,126329.05,121310.29,EUR,205448,12845,1926,2023-01-07 20:48:50,jeffery.miller012@commerce.example.com
,CAMP-2023-01-000335,Winter Away Campaign,Seasonal,Meta,Meta,referral,FRA,Europe,2023-01-17,2023-02-01,57060.9,28517.02,EUR,118298,9004,141,2023-01-17 08:44:17,yolanda.vasquez005@platform.example.com
,CAMP-2023-01-000336,Winter Watch Campaign,Seasonal,Meta,Meta,organic,GBR,Europe,2023-01-08,2023-01-11,20528.67,11895.76,GBP,263214,15636,2648,2023-01-08 20:30:17,kevin.mathews014@analytics.example.com
,CAMP-2023-01-000337,Growth Feeling Campaign,Launch,Google Ads,CRM,organic,USA,North America,2023-01-25,2023-02-19,331004.41,214267.85,USD,10498,497,73,2023-01-25 21:27:42,christine.carter078@commerce.example.com
,CAMP-2023-01-000338,Growth Carry Campaign,Retention,Organic,Partner,social,NLD,Europe,2023-01-06,2023-01-25,225214.07,107536.9,EUR,364796,24669,4048,2023-01-06 09:24:45,sandra.hunter036@platform.example.com
,CAMP-2023-01-000339,Back-to-School Each Campaign,Seasonal,Organic,Partner,email,MEX,North America,2023-01-25,2023-02-06,310019.52,161906.93,MXN,36732,2004,28,2023-01-25 15:41:47,maria.ashley046@analytics.example.com
,CAMP-2023-01-000340,Holiday Trip Campaign,Seasonal,Display,TikTok,social,ESP,Europe,2023-01-03,2023-01-14,2128.6,1631.68,EUR,827037,50417,8942,2023-01-03 01:14:20,sandra.hunter036@platform.example.com
,CAMP-2023-01-000341,Winter Ball Campaign,Flash Sale,Email,CRM,affiliate,DEU,Europe,2023-01-07,2023-02-05,449256.31,383604.28,EUR,161180,6807,1011,2023-01-07 19:18:29,brandon.yu006@analytics.example.com
,CAMP-2023-01-000342,Summer Author Campaign,Seasonal,Google Ads,CRM,email,USA,North America,2023-01-04,2023-02-01,43112.48,34210.21,USD,48358,2700,153,2023-01-04 23:21:28,ryan.steele043@commerce.example.com
,CAMP-2023-01-000343,Holiday Individual Campaign,Seasonal,Google Ads,Meta,email,CAN,North America,2023-01-30,2023-02-11,101564.15,50905.46,CAD,214871,12524,1835,2023-01-30 02:21:28,michelle.bender024@analytics.example.com
,CAMP-2023-01-000344,Back-to-School Occur Campaign,Brand,Display,TikTok,referral,JPN,Asia,2023-01-25,2023-02-18,73490.92,37956.52,JPY,160869,3519,219,2023-01-25 07:16:28,victoria.medina044@dataops.example.com
,CAMP-2023-01-000345,Back-to-School Skill Campaign,Performance,Affiliate,TikTok,social,MEX,North America,2023-01-27,2023-02-01,152790.02,135966.64,MXN,45894,2255,43,2023-01-27 07:11:16,jimmy.washington028@commerce.example.com
,CAMP-2023-01-000346,Summer Energy Campaign,Performance,Display,Partner,direct,DEU,Europe,2023-01-07,2023-01-12,251339.74,115027.85,EUR,293506,11094,1519,2023-01-07 05:12:31,christine.carter078@commerce.example.com
,CAMP-2023-01-000347,Member Take Campaign,Flash Sale,Meta,TikTok,cpc,MEX,North America,2023-01-19,2023-02-03,242761.14,163177.51,MXN,143022,1560,265,2023-01-19 04:56:54,kelsey.taylor010@platform.example.com
,CAMP-2023-01-000348,Member Pick Campaign,Flash Sale,Google Ads,TikTok,affiliate,NLD,Europe,2023-01-31,2023-02-07,281568.81,241073.79,EUR,176943,11236,1711,2023-01-31 23:25:28,kristen.bailey110@analytics.example.com
,CAMP-2023-01-000349,Growth Choice Campaign,Launch,Meta,CRM,social,GBR,Europe,2023-01-10,2023-02-14,488975.27,271570.85,GBP,127180,4452,124,2023-01-10 10:09:00,jimmy.washington028@commerce.example.com
,CAMP-2023-01-000350,Back-to-School Member Campaign,Launch,Email,TikTok,affiliate,ITA,Europe,2023-01-14,2023-02-06,30288.74,24842.25,EUR,72195,2257,96,2023-01-14 16:57:29,lance.williams029@platform.example.com
,CAMP-2023-01-000351,Back-to-School Adult Campaign,Retention,Email,Meta,affiliate,IND,Asia,2023-01-23,2023-02-10,180423.95,161370.88,INR,158723,7459,1115,2023-01-23 16:37:01,ashley.bishop108@dataops.example.com
,CAMP-2023-01-000352,Summer Detail Campaign,Seasonal,Google Ads,TikTok,social,USA,North America,2023-01-30,2023-02-18,419747.07,222353.46,USD,75719,1197,43,2023-01-30 12:04:13,crystal.smith022@platform.example.com
,CAMP-2023-01-000353,Member Talk Campaign,Brand,TikTok,Google,referral,ITA,Europe,2023-01-14,2023-02-16,52706.91,36359.37,EUR,12867,222,21,2023-01-14 06:38:06,alyssa.richards002@commerce.example.com
,CAMP-2023-01-000354,Holiday Sister Campaign,Performance,Meta,CRM,email,BRA,South America,2023-01-30,2023-03-03,459813.58,462347.95,BRL,122050,5615,396,2023-01-30 18:34:59,diana.williams116@analytics.example.com
,CAMP-2023-01-000355,Holiday South Campaign,Flash Sale,Display,Meta,social,FRA,Europe,2023-01-29,2023-03-01,194354.32,167415.14,EUR,85902,1316,68,2023-01-29 17:11:33,stephen.clark001@analytics.example.com
,CAMP-2023-01-000356,Holiday Daughter Campaign,Flash Sale,Organic,Partner,organic,ARE,Asia,2023-01-02,2023-01-21,294257.26,299643.53,AED,178060,12247,1602,2023-01-02 15:12:05,amy.holmes103@dataops.example.com
,CAMP-2023-01-000357,Holiday Price Campaign,Performance,Email,Meta,organic,DEU,Europe,2023-01-10,2023-02-13,417961.23,316058.62,EUR,389782,27195,3895,2023-01-10 22:46:41,rachel.hall062@platform.example.com
,CAMP-2023-01-000358,Growth Serve Campaign,Brand,Meta,Meta,direct,FRA,Europe,2023-01-09,2023-01-28,377279.73,198980.56,EUR,42612,2961,435,2023-01-09 13:04:31,brandon.yu006@analytics.example.com
,CAMP-2023-01-000359,Winter Usually Campaign,Seasonal,Affiliate,Partner,organic,BRA,South America,2023-01-04,2023-01-08,347833.52,235846.21,BRL,201400,15634,1273,2023-01-04 00:52:32,christine.carter078@commerce.example.com
,CAMP-2023-01-000360,Holiday Occur Campaign,Flash Sale,Display,TikTok,organic,NLD,Europe,2023-01-03,2023-01-26,342163.25,223415.17,EUR,15126,1162,83,2023-01-03 09:27:05,james.proctor094@dataops.example.com
,CAMP-2023-01-000361,Holiday Whether Campaign,Brand,Email,TikTok,cpc,ITA,Europe,2023-01-31,2023-02-15,412163.63,409224.97,EUR,73451,2494,385,2023-01-31 17:20:37,andrea.cummings039@platform.example.com
,CAMP-2023-01-000362,Growth Movie Campaign,Launch,Affiliate,Partner,organic,AUS,Oceania,2023-01-12,2023-02-12,139442.85,97186.11,AUD,38160,2300,142,2023-01-12 23:36:40,peter.martinez098@platform.example.com
,CAMP-2023-01-000363,Holiday Field Campaign,Launch,TikTok,CRM,social,AUS,Oceania,2023-01-17,2023-02-10,250078.9,229376.9,AUD,463897,36672,5142,2023-01-17 17:36:39,jennifer.bauer068@analytics.example.com
,CAMP-2023-01-000364,Winter Between Campaign,Flash Sale,Affiliate,CRM,affiliate,FRA,Europe,2023-01-10,2023-01-20,204399.58,198346.53,EUR,109300,1925,105,2023-01-10 15:04:06,jimmy.washington028@commerce.example.com
,CAMP-2023-01-000365,Back-to-School Spring Campaign,Seasonal,TikTok,Partner,cpc,BRA,South America,2023-01-18,2023-01-29,16652.88,11707.24,BRL,242555,13184,494,2023-01-18 12:29:21,stephen.daniels076@commerce.example.com
,CAMP-2023-01-000366,Holiday Election Campaign,Retention,Google Ads,TikTok,social,CAN,North America,2023-01-13,2023-01-22,14210.0,14347.36,CAD,151196,10021,1470,2023-01-13 07:34:31,michelle.sims041@analytics.example.com
,CAMP-2023-01-000367,Winter Decide Campaign,Performance,Email,CRM,social,SGP,Asia,2023-01-23,2023-01-31,228561.98,173294.32,SGD,10345,702,64,2023-01-23 12:21:41,brandon.yu006@analytics.example.com
,CAMP-2023-01-000368,Back-to-School Represent Campaign,Performance,Google Ads,CRM,cpc,SGP,Asia,2023-01-12,2023-01-22,24110.73,11541.89,SGD,508919,24785,3442,2023-01-12 12:23:15,diana.williams116@analytics.example.com
,CAMP-2023-01-000369,Holiday Up Campaign,Flash Sale,Email,CRM,social,USA,North America,2023-01-28,2023-01-31,384553.56,373312.96,USD,264952,15132,2058,2023-01-28 21:10:48,eric.mullen052@dataops.example.com
,CAMP-2023-01-000370,Back-to-School Remain Campaign,Launch,TikTok,CRM,social,GBR,Europe,2023-01-27,2023-02-07,138659.22,65039.0,GBP,19058,778,101,2023-01-27 06:40:57,tiffany.freeman101@analytics.example.com
,CAMP-2023-01-000371,Growth Statement Campaign,Performance,Display,TikTok,direct,JPN,Asia,2023-01-12,2023-01-19,430894.57,399135.91,JPY,30613,1712,161,2023-01-12 03:36:36,lance.williams029@platform.example.com
,CAMP-2023-01-000372,Growth Plan Campaign,Retention,Google Ads,CRM,direct,USA,North America,2023-01-05,2023-01-21,254980.34,234655.28,USD,109195,3430,325,2023-01-05 07:31:24,jennifer.bauer068@analytics.example.com
,CAMP-2023-01-000373,Growth Account Campaign,Brand,Email,Google,social,SGP,Asia,2023-01-07,2023-02-05,291722.79,220555.95,SGD,205289,13956,194,2023-01-07 23:41:10,kevin.mathews014@analytics.example.com
,CAMP-2023-01-000374,Summer Know Campaign,Launch,Google Ads,Partner,social,SGP,Asia,2023-01-13,2023-02-09,121360.08,103627.94,SGD,52324,1171,49,2023-01-13 05:53:12,timothy.cannon081@analytics.example.com
,CAMP-2023-01-000375,Member Child Campaign,Flash Sale,Affiliate,TikTok,social,BRA,South America,2023-01-14,2023-01-29,445421.96,410677.19,BRL,22952,940,44,2023-01-14 01:43:48,joann.clark089@commerce.example.com
,CAMP-2023-01-000376,Member Picture Campaign,Performance,Display,Meta,cpc,ARE,Asia,2023-01-11,2023-02-15,129476.95,131894.95,AED,69294,1292,124,2023-01-11 04:38:01,andrea.cummings039@platform.example.com
,CAMP-2023-01-000377,Winter Own Campaign,Flash Sale,Meta,TikTok,organic,NLD,Europe,2023-01-24,2023-02-14,221592.98,200442.69,EUR,56723,2694,235,2023-01-24 15:51:55,amy.holmes103@dataops.example.com
,CAMP-2023-01-000378,Summer Lose Campaign,Performance,Google Ads,CRM,referral,CAN,North America,2023-01-13,2023-01-24,442350.85,323204.75,CAD,200515,15186,826,2023-01-13 02:42:37,sandra.hunter036@platform.example.com
,CAMP-2023-01-000379,Holiday Lead Campaign,Flash Sale,TikTok,CRM,organic,CAN,North America,2023-01-12,2023-02-06,493414.76,494742.72,CAD,92981,3789,478,2023-01-12 20:40:13,jillian.russo115@commerce.example.com
,CAMP-2023-01-000380,Holiday Guess Campaign,Seasonal,Organic,Meta,email,JPN,Asia,2023-01-01,2023-01-09,485857.35,493014.76,JPY,482217,31009,3752,2023-01-01 01:09:09,brandi.carter038@dataops.example.com
,CAMP-2023-01-000381,Summer Today Campaign,Retention,Affiliate,Partner,cpc,BRA,South America,2023-01-26,2023-02-02,284928.06,252742.5,BRL,88345,3574,415,2023-01-26 00:11:48,susan.rice083@commerce.example.com
,CAMP-2023-01-000382,Back-to-School Training Campaign,Retention,Meta,Google,affiliate,SGP,Asia,2023-01-04,2023-01-19,33836.91,29058.61,SGD,58522,3667,44,2023-01-04 15:45:07,lance.williams029@platform.example.com
,CAMP-2023-01-000383,Growth Indicate Campaign,Flash Sale,TikTok,TikTok,cpc,MEX,North America,2023-01-30,2023-02-12,284082.73,94035.33,MXN,230124,10269,1683,2023-01-30 20:49:16,jillian.russo115@commerce.example.com
,CAMP-2023-01-000384,Back-to-School Mouth Campaign,Seasonal,Affiliate,TikTok,social,JPN,Asia,2023-01-03,2023-01-27,470874.47,460410.83,JPY,103798,6428,640,2023-01-03 16:56:28,michelle.sims041@analytics.example.com
,CAMP-2023-01-000385,Holiday Without Campaign,Performance,Google Ads,Meta,social,ARE,Asia,2023-01-16,2023-01-22,465420.23,228268.69,AED,195806,13118,635,2023-01-16 09:12:28,katelyn.pitts017@commerce.example.com
,CAMP-2023-01-000386,Member Fill Campaign,Seasonal,Email,TikTok,organic,SGP,Asia,2023-01-28,2023-02-07,364976.63,366947.59,SGD,112847,5535,632,2023-01-28 10:57:09,sylvia.diaz107@dataops.example.com
,CAMP-2023-01-000387,Back-to-School Eight Campaign,Performance,Meta,TikTok,affiliate,ESP,Europe,2023-01-19,2023-02-17,489939.15,282363.18,EUR,231785,18167,3015,2023-01-19 17:05:57,rachel.hall062@platform.example.com
,CAMP-2023-01-000388,Growth Reduce Campaign,Retention,Meta,Meta,social,JPN,Asia,2023-01-27,2023-02-22,80598.84,27359.36,JPY,527389,13980,2202,2023-01-27 16:12:55,jillian.russo115@commerce.example.com
,CAMP-2023-01-000389,Growth Same Campaign,Performance,Google Ads,Meta,email,FRA,Europe,2023-01-01,2023-02-01,170515.34,62358.19,EUR,289559,12757,546,2023-01-01 16:18:27,michelle.sims041@analytics.example.com
,CAMP-2023-01-000390,Member Board Campaign,Flash Sale,Display,Meta,email,ESP,Europe,2023-01-20,2023-01-29,364913.07,370774.08,EUR,30931,1383,63,2023-01-20 22:54:48,maria.ashley046@analytics.example.com
,CAMP-2023-01-000391,Growth Bill Campaign,Launch,Meta,Partner,direct,AUS,Oceania,2023-01-03,2023-01-24,60135.14,50423.21,AUD,942985,41150,5028,2023-01-03 00:14:06,jennifer.hudson020@analytics.example.com
,CAMP-2023-01-000392,Back-to-School Add Campaign,Flash Sale,Display,Google,cpc,NLD,Europe,2023-01-02,2023-01-12,419253.1,232385.32,EUR,141854,4672,612,2023-01-02 03:22:48,timothy.cameron104@commerce.example.com
,CAMP-2023-01-000393,Holiday Including Campaign,Retention,TikTok,Google,cpc,GBR,Europe,2023-01-01,2023-02-02,205845.63,185529.75,GBP,118087,4823,355,2023-01-01 17:09:54,christine.carter078@commerce.example.com
,CAMP-2023-01-000394,Growth Station Campaign,Flash Sale,Affiliate,Partner,direct,BRA,South America,2023-01-15,2023-01-28,481564.0,147805.35,BRL,61119,3298,207,2023-01-15 03:35:40,patrick.gonzalez035@dataops.example.com
,CAMP-2023-01-000395,Member Just Campaign,Flash Sale,Google Ads,TikTok,social,MEX,North America,2023-01-31,2023-02-27,233910.61,131097.17,MXN,340689,4229,674,2023-01-31 19:49:15,kevin.mathews014@analytics.example.com
,CAMP-2023-01-000396,Growth Window Campaign,Performance,Google Ads,Partner,cpc,GBR,Europe,2023-01-18,2023-02-08,464151.56,335779.91,GBP,275009,7605,1273,2023-01-18 18:52:37,joseph.griffin070@analytics.example.com
,CAMP-2023-01-000397,Winter Think Campaign,Performance,Email,Partner,referral,SGP,Asia,2023-01-15,2023-02-19,314891.47,181568.27,SGD,81893,1570,71,2023-01-15 02:56:32,joseph.johnson049@dataops.example.com
,CAMP-2023-01-000398,Growth Edge Campaign,Performance,Display,CRM,affiliate,MEX,North America,2023-01-29,2023-03-04,91972.64,77769.14,MXN,12042,496,47,2023-01-29 15:30:44,brian.taylor114@analytics.example.com
,CAMP-2023-01-000399,Winter Over Campaign,Seasonal,Affiliate,Partner,direct,SGP,Asia,2023-01-20,2023-02-07,283420.17,207684.0,SGD,66110,3365,206,2023-01-20 07:46:13,christine.carter078@commerce.example.com
,CAMP-2023-01-000400,Growth Social Campaign,Retention,TikTok,CRM,affiliate,GBR,Europe,2023-01-07,2023-01-30,159313.15,90978.11,GBP,132395,7739,214,2023-01-07 04:29:59,jennifer.bauer068@analytics.example.com
,CAMP-2023-01-000401,Back-to-School Still Campaign,Seasonal,TikTok,TikTok,cpc,DEU,Europe,2023-01-12,2023-01-23,20361.09,15204.9,EUR,48369,1563,276,2023-01-12 00:30:28,james.proctor094@dataops.example.com
,CAMP-2023-01-000402,Winter Maybe Campaign,Seasonal,Google Ads,Google,direct,SGP,Asia,2023-01-08,2023-01-15,61424.16,53470.59,SGD,50676,644,43,2023-01-08 06:26:22,diana.williams116@analytics.example.com
,CAMP-2023-01-000403,Growth Arm Campaign,Launch,Email,Google,organic,JPN,Asia,2023-01-31,2023-02-25,109435.25,93859.72,JPY,115037,2452,131,2023-01-31 00:55:08,jillian.russo115@commerce.example.com
,CAMP-2023-01-000404,Winter Born Campaign,Retention,TikTok,Google,affiliate,FRA,Europe,2023-01-02,2023-01-09,14516.99,6397.69,EUR,204116,7822,854,2023-01-02 19:33:03,renee.harvey080@dataops.example.com
,CAMP-2023-01-000405,Growth Very Campaign,Performance,Display,TikTok,affiliate,NLD,Europe,2023-01-25,2023-02-16,464972.27,220201.59,EUR,262353,15966,2267,2023-01-25 03:49:49,adam.gordon030@commerce.example.com
,CAMP-2023-01-000406,Winter Difficult Campaign,Brand,Google Ads,Meta,referral,NLD,Europe,2023-01-30,2023-02-23,168602.75,77226.94,EUR,62169,3786,618,2023-01-30 16:00:10,craig.johnson106@analytics.example.com
,CAMP-2023-01-000407,Holiday Raise Campaign,Flash Sale,TikTok,Meta,direct,DEU,Europe,2023-01-20,2023-01-23,125153.18,110267.92,EUR,267050,11903,939,2023-01-20 18:13:02,brian.taylor114@analytics.example.com
,CAMP-2023-01-000408,Growth Rule Campaign,Performance,Organic,CRM,affiliate,USA,North America,2023-01-09,2023-01-15,89671.42,58183.34,USD,43643,1640,220,2023-01-09 03:16:22,brandi.carter038@dataops.example.com
,CAMP-2023-01-000409,Summer Country Campaign,Performance,Meta,TikTok,affiliate,CAN,North America,2023-01-04,2023-01-22,263587.5,172917.56,CAD,304865,9749,1749,2023-01-04 09:22:46,sylvia.diaz107@dataops.example.com
,CAMP-2023-01-000410,Summer Campaign Campaign,Seasonal,Meta,CRM,referral,JPN,Asia,2023-01-07,2023-01-29,450951.33,202524.24,JPY,124695,9225,1297,2023-01-07 12:05:35,andrea.cummings039@platform.example.com
,CAMP-2023-01-000411,Holiday Throw Campaign,Flash Sale,TikTok,Partner,affiliate,JPN,Asia,2023-01-31,2023-02-28,216897.08,84708.87,JPY,108512,6460,581,2023-01-31 13:45:55,timothy.cameron104@commerce.example.com
,CAMP-2023-01-000412,Holiday Myself Campaign,Brand,Organic,Partner,social,ARE,Asia,2023-01-20,2023-02-05,480702.19,280766.12,AED,111846,7308,682,2023-01-20 16:29:33,john.mullins109@commerce.example.com
,CAMP-2023-01-000413,Back-to-School Mention Campaign,Flash Sale,Affiliate,Google,referral,FRA,Europe,2023-01-13,2023-01-31,269414.05,121400.23,EUR,1458736,89680,6751,2023-01-13 21:56:14,tiffany.freeman101@analytics.example.com
,CAMP-2023-01-000414,Summer Section Campaign,Brand,Email,Partner,cpc,ESP,Europe,2023-01-17,2023-01-21,432831.99,344659.54,EUR,466706,16054,2708,2023-01-17 10:13:59,shawn.baxter004@dataops.example.com
,CAMP-2023-01-000415,Growth Million Campaign,Retention,Meta,CRM,social,GBR,Europe,2023-01-31,2023-03-06,433678.02,221942.47,GBP,126958,7725,863,2023-01-31 13:24:11,michael.berger060@platform.example.com
,CAMP-2023-01-000416,Summer Particular Campaign,Performance,TikTok,CRM,affiliate,CAN,North America,2023-01-13,2023-01-28,465813.27,390305.36,CAD,34229,2338,63,2023-01-13 19:43:10,craig.johnson106@analytics.example.com
,CAMP-2023-01-000417,Back-to-School Investment Campaign,Brand,Email,TikTok,referral,USA,North America,2023-01-27,2023-02-21,103799.14,35144.53,USD,89601,4648,221,2023-01-27 19:28:12,joseph.johnson049@dataops.example.com
,CAMP-2023-01-000418,Member Return Campaign,Launch,TikTok,Partner,organic,CAN,North America,2023-01-13,2023-02-04,166841.58,91876.42,CAD,10850,387,26,2023-01-13 15:26:22,victor.palmer071@platform.example.com
,CAMP-2023-01-000419,Growth Few Campaign,Launch,Meta,Partner,affiliate,DEU,Europe,2023-01-06,2023-01-22,110660.39,111423.7,EUR,31348,455,6,2023-01-06 06:47:35,eric.mullen052@dataops.example.com
,CAMP-2023-01-000420,Holiday Race Campaign,Retention,Display,CRM,organic,ESP,Europe,2023-01-18,2023-01-28,12498.74,12007.18,EUR,284342,9909,153,2023-01-18 07:48:42,patrick.gonzalez035@dataops.example.com
,CAMP-2023-01-000421,Summer Every Campaign,Brand,Meta,CRM,organic,JPN,Asia,2023-01-23,2023-02-22,476518.15,145799.14,JPY,18590,1473,116,2023-01-23 16:59:23,michael.johnson061@platform.example.com
,CAMP-2023-01-000422,Summer None Campaign,Brand,Affiliate,Google,cpc,ESP,Europe,2023-01-22,2023-02-09,245855.34,160211.11,EUR,272400,19972,293,2023-01-22 07:45:38,kristen.bailey110@analytics.example.com
,CAMP-2023-01-000423,Growth Thought Campaign,Retention,Google Ads,Partner,referral,JPN,Asia,2023-01-01,2023-01-27,485366.55,325521.41,JPY,19787,392,46,2023-01-01 21:13:40,timothy.cameron104@commerce.example.com
,CAMP-2023-01-000424,Winter Difference Campaign,Flash Sale,Affiliate,CRM,social,USA,North America,2023-01-02,2023-01-31,5690.34,5261.64,USD,24101,704,17,2023-01-02 06:42:52,joseph.griffin070@analytics.example.com
,CAMP-2023-01-000425,Growth Economic Campaign,Retention,Organic,Google,cpc,GBR,Europe,2023-01-04,2023-01-16,319045.49,242156.04,GBP,312201,6649,424,2023-01-04 11:15:06,michelle.bender024@analytics.example.com
,CAMP-2023-01-000426,Growth Pass Campaign,Seasonal,Organic,CRM,social,DEU,Europe,2023-01-17,2023-02-03,338654.6,229128.27,EUR,13193,696,102,2023-01-17 08:11:58,stephen.daniels076@commerce.example.com
,CAMP-2023-01-000427,Summer Line Campaign,Retention,TikTok,Google,organic,USA,North America,2023-01-10,2023-02-04,110718.56,52294.79,USD,176785,8460,288,2023-01-10 01:02:29,david.cabrera119@dataops.example.com
,CAMP-2023-01-000428,Member During Campaign,Seasonal,Google Ads,Google,email,GBR,Europe,2023-01-27,2023-02-14,156824.3,125788.0,GBP,136749,5720,487,2023-01-27 04:53:02,sylvia.diaz107@dataops.example.com
,CAMP-2023-01-000429,Summer Course Campaign,Flash Sale,Google Ads,Google,email,IND,Asia,2023-01-03,2023-01-08,420926.14,394240.54,INR,195898,15447,2717,2023-01-03 00:47:54,anita.garcia021@dataops.example.com
,CAMP-2023-01-000430,Summer Who Campaign,Flash Sale,TikTok,Partner,social,FRA,Europe,2023-01-25,2023-02-17,250406.13,212912.84,EUR,46337,2437,275,2023-01-25 06:49:44,jennifer.hudson020@analytics.example.com
,CAMP-2023-01-000431,Member You Campaign,Retention,TikTok,TikTok,direct,FRA,Europe,2023-01-11,2023-01-21,28704.8,9823.46,EUR,274658,14330,2182,2023-01-11 23:06:45,taylor.cunningham023@commerce.example.com
,CAMP-2023-01-000432,Winter What Campaign,Brand,TikTok,CRM,direct,ITA,Europe,2023-01-12,2023-01-20,388211.0,146621.82,EUR,88498,5849,401,2023-01-12 14:14:59,michael.berger060@platform.example.com
,CAMP-2023-01-000433,Member Establish Campaign,Seasonal,Email,Meta,organic,FRA,Europe,2023-01-19,2023-01-27,473636.71,151030.34,EUR,13938,839,16,2023-01-19 05:40:25,joseph.griffin070@analytics.example.com
,CAMP-2023-01-000434,Holiday Far Campaign,Brand,Email,CRM,email,CAN,North America,2023-01-18,2023-02-11,186565.92,130240.88,CAD,44759,1831,170,2023-01-18 14:26:36,susan.rice083@commerce.example.com
,CAMP-2023-01-000435,Growth Lead Campaign,Brand,Affiliate,Partner,cpc,MEX,North America,2023-01-16,2023-02-17,116463.32,72681.17,MXN,135248,3362,313,2023-01-16 08:38:08,jennifer.atkins003@platform.example.com
,CAMP-2023-01-000436,Summer International Campaign,Launch,Display,Partner,direct,FRA,Europe,2023-01-23,2023-02-22,242592.58,242468.87,EUR,30070,1431,26,2023-01-23 07:52:59,jennifer.hudson020@analytics.example.com
,CAMP-2023-01-000437,Member Table Campaign,Performance,Google Ads,Google,direct,USA,North America,2023-01-24,2023-02-15,398802.03,288481.23,USD,52319,2160,217,2023-01-24 23:49:01,kelsey.taylor010@platform.example.com
,CAMP-2023-01-000438,Growth Especially Campaign,Launch,Email,Meta,social,DEU,Europe,2023-01-17,2023-02-16,317920.38,98000.51,EUR,113925,3144,171,2023-01-17 03:36:31,john.mullins109@commerce.example.com
,CAMP-2023-01-000439,Winter Buy Campaign,Flash Sale,Meta,Meta,cpc,JPN,Asia,2023-01-27,2023-02-17,90953.24,77322.61,JPY,163630,2839,191,2023-01-27 21:03:19,troy.boone097@platform.example.com
,CAMP-2023-01-000440,Member Local Campaign,Performance,TikTok,TikTok,affiliate,IND,Asia,2023-01-13,2023-01-24,257922.88,249502.33,INR,101200,7016,519,2023-01-13 03:42:58,jennifer.hudson020@analytics.example.com
,CAMP-2023-01-000441,Growth His Campaign,Flash Sale,Affiliate,TikTok,referral,AUS,Oceania,2023-01-19,2023-01-26,196850.75,78559.94,AUD,45146,1967,310,2023-01-19 11:33:36,christine.johnson056@commerce.example.com
,CAMP-2023-01-000442,Member Be Campaign,Retention,Display,Google,cpc,ESP,Europe,2023-01-10,2023-02-07,30114.54,12716.98,EUR,70022,1574,220,2023-01-10 21:46:19,jimmy.washington028@commerce.example.com
,CAMP-2023-01-000443,Back-to-School Third Campaign,Performance,Google Ads,TikTok,email,FRA,Europe,2023-01-12,2023-02-09,163433.02,141692.07,EUR,23465,456,24,2023-01-12 05:17:55,brian.taylor114@analytics.example.com
,CAMP-2023-01-000444,Member Reach Campaign,Seasonal,Organic,Google,referral,BRA,South America,2023-01-16,2023-02-10,393359.22,168911.73,BRL,366206,9036,1597,2023-01-16 20:30:46,jillian.russo115@commerce.example.com
,CAMP-2023-01-000445,Summer Number Campaign,Brand,TikTok,Meta,affiliate,MEX,North America,2023-01-05,2023-02-07,325699.21,212337.7,MXN,142067,2137,252,2023-01-05 01:36:47,victor.palmer071@platform.example.com
,CAMP-2023-01-000446,Summer Tell Campaign,Brand,Email,Partner,email,NLD,Europe,2023-01-11,2023-01-28,448781.4,456977.15,EUR,41604,2834,156,2023-01-11 22:51:51,brandi.carter038@dataops.example.com
,CAMP-2023-01-000447,Winter Today Campaign,Launch,Affiliate,Google,affiliate,FRA,Europe,2023-01-10,2023-02-09,469258.29,324754.93,EUR,155486,8198,539,2023-01-10 14:15:09,tina.williams074@commerce.example.com
,CAMP-2023-01-000448,Back-to-School Try Campaign,Seasonal,Google Ads,Meta,organic,MEX,North America,2023-01-23,2023-02-22,287729.73,240180.8,MXN,555421,26825,327,2023-01-23 13:32:30,victor.palmer071@platform.example.com
,CAMP-2023-01-000449,Growth Reason Campaign,Retention,TikTok,Partner,organic,SGP,Asia,2023-01-26,2023-02-13,218468.07,199768.83,SGD,51466,2623,340,2023-01-26 14:43:43,joann.clark089@commerce.example.com
,CAMP-2023-01-000450,Member Sign Campaign,Performance,Email,CRM,referral,IND,Asia,2023-01-20,2023-02-01,100003.58,84782.92,INR,90687,2000,225,2023-01-20 18:01:56,james.proctor094@dataops.example.com
,CAMP-2023-01-000451,Back-to-School Herself Campaign,Brand,Display,Meta,referral,AUS,Oceania,2023-01-12,2023-01-31,162095.98,104568.44,AUD,90013,4486,259,2023-01-12 09:07:37,craig.johnson106@analytics.example.com
,CAMP-2023-01-000452,Holiday Three Campaign,Seasonal,Meta,Google,referral,USA,North America,2023-01-13,2023-02-17,386801.85,194351.67,USD,16420,776,82,2023-01-13 14:07:13,christine.carter078@commerce.example.com
,CAMP-2023-01-000453,Holiday Various Campaign,Flash Sale,Email,Google,social,BRA,South America,2023-01-03,2023-01-23,385519.04,276882.97,BRL,86751,5236,575,2023-01-03 02:31:20,lisa.kim091@platform.example.com
,CAMP-2023-01-000454,Back-to-School Front Campaign,Flash Sale,Email,Meta,organic,IND,Asia,2023-01-23,2023-02-06,22997.83,20449.86,INR,94391,5817,1010,2023-01-23 19:48:23,kelsey.taylor010@platform.example.com
,CAMP-2023-01-000455,Member Power Campaign,Launch,TikTok,Partner,referral,GBR,Europe,2023-01-28,2023-02-12,219671.18,157779.55,GBP,173071,4277,60,2023-01-28 00:20:08,anita.garcia021@dataops.example.com
,CAMP-2023-01-000456,Member South Campaign,Seasonal,Meta,Google,organic,CAN,North America,2023-01-15,2023-02-14,268506.49,155867.31,CAD,589530,40531,2338,2023-01-15 03:28:15,sandra.hunter036@platform.example.com
,CAMP-2023-01-000457,Holiday Public Campaign,Retention,TikTok,CRM,organic,ITA,Europe,2023-01-26,2023-02-10,490951.32,354980.2,EUR,229245,16616,394,2023-01-26 20:55:28,patrick.gonzalez035@dataops.example.com
,CAMP-2023-01-000458,Back-to-School Picture Campaign,Brand,TikTok,TikTok,affiliate,SGP,Asia,2023-01-02,2023-01-18,451823.57,415681.07,SGD,78472,2275,257,2023-01-02 22:33:07,jimmy.washington028@commerce.example.com
,CAMP-2023-01-000459,Growth Interest Campaign,Seasonal,Affiliate,TikTok,email,SGP,Asia,2023-01-25,2023-02-13,116928.73,35842.24,SGD,42327,838,144,2023-01-25 00:04:39,brandi.carter038@dataops.example.com
,CAMP-2023-01-000460,Back-to-School Sure Campaign,Retention,Organic,TikTok,affiliate,SGP,Asia,2023-01-07,2023-01-26,215997.44,124724.74,SGD,56960,1271,93,2023-01-07 00:54:39,troy.boone097@platform.example.com
,CAMP-2023-01-000461,Member So Campaign,Launch,TikTok,Partner,social,USA,North America,2023-01-10,2023-01-21,112359.2,100548.82,USD,50263,819,134,2023-01-10 05:28:43,anita.garcia021@dataops.example.com
,CAMP-2023-01-000462,Winter Total Campaign,Brand,Affiliate,CRM,cpc,SGP,Asia,2023-01-16,2023-02-07,29675.3,23940.22,SGD,47330,2404,110,2023-01-16 06:36:41,anita.garcia021@dataops.example.com
,CAMP-2023-01-000463,Winter Road Campaign,Retention,Email,Google,referral,DEU,Europe,2023-01-05,2023-01-28,13794.32,4687.43,EUR,131730,7354,598,2023-01-05 02:27:20,ryan.steele043@commerce.example.com
,CAMP-2023-01-000464,Growth Represent Campaign,Retention,Affiliate,TikTok,affiliate,DEU,Europe,2023-01-24,2023-02-10,166892.24,158047.49,EUR,17749,606,62,2023-01-24 17:12:10,craig.johnson106@analytics.example.com
,CAMP-2023-01-000465,Summer Minute Campaign,Seasonal,Display,CRM,email,SGP,Asia,2023-01-14,2023-02-14,388044.6,323436.87,SGD,62378,1463,220,2023-01-14 00:55:33,jennifer.hudson020@analytics.example.com
,CAMP-2023-01-000466,Growth Remain Campaign,Performance,TikTok,Meta,referral,MEX,North America,2023-01-18,2023-02-10,17543.5,10709.92,MXN,511775,5603,823,2023-01-18 15:20:41,andrea.cummings039@platform.example.com
,CAMP-2023-01-000467,Holiday Treat Campaign,Launch,Organic,CRM,cpc,NLD,Europe,2023-01-17,2023-02-19,159901.8,147060.65,EUR,53975,1865,60,2023-01-17 01:27:11,john.mullins109@commerce.example.com
,CAMP-2023-01-000468,Summer Ten Campaign,Retention,Meta,Partner,cpc,ARE,Asia,2023-01-26,2023-02-01,231360.27,199564.6,AED,42815,921,51,2023-01-26 04:12:12,ryan.steele043@commerce.example.com
,CAMP-2023-01-000469,Member Moment Campaign,Seasonal,Google Ads,Meta,referral,SGP,Asia,2023-01-07,2023-02-06,251874.04,190556.41,SGD,76006,2485,443,2023-01-07 16:41:52,maria.ashley046@analytics.example.com
,CAMP-2023-01-000470,Member Sound Campaign,Seasonal,Affiliate,TikTok,organic,FRA,Europe,2023-01-23,2023-02-21,315432.34,242516.44,EUR,904404,28525,4510,2023-01-23 09:00:43,diana.williams116@analytics.example.com
,CAMP-2023-01-000471,Holiday Focus Campaign,Flash Sale,Meta,Meta,referral,FRA,Europe,2023-01-22,2023-02-23,464872.22,203446.55,EUR,27417,1589,219,2023-01-22 18:36:16,joseph.griffin070@analytics.example.com
,CAMP-2023-01-000472,Holiday Research Campaign,Seasonal,Email,Partner,cpc,ESP,Europe,2023-01-21,2023-02-12,279871.0,197542.26,EUR,34977,2410,311,2023-01-21 06:53:05,rachel.hall062@platform.example.com
,CAMP-2023-01-000473,Back-to-School Modern Campaign,Brand,Google Ads,Meta,email,ARE,Asia,2023-01-01,2023-01-04,449025.75,444765.72,AED,132794,1619,154,2023-01-01 04:33:48,james.proctor094@dataops.example.com
,CAMP-2023-01-000474,Holiday Dream Campaign,Retention,Meta,Partner,referral,AUS,Oceania,2023-01-31,2023-02-10,15669.23,9858.16,AUD,64374,3385,336,2023-01-31 00:31:56,taylor.cunningham023@commerce.example.com
,CAMP-2023-01-000475,Back-to-School Fast Campaign,Retention,Email,Google,email,USA,North America,2023-01-28,2023-02-08,72388.99,65401.26,USD,147324,6870,125,2023-01-28 11:54:25,susan.rice083@commerce.example.com
,CAMP-2023-01-000476,Growth Weight Campaign,Flash Sale,Email,Google,direct,MEX,North America,2023-01-28,2023-02-27,31386.54,30735.85,MXN,287360,12391,1861,2023-01-28 05:35:22,james.proctor094@dataops.example.com
,CAMP-2023-01-000477,Growth Ago Campaign,Performance,TikTok,CRM,cpc,CAN,North America,2023-01-14,2023-01-29,76749.92,30116.46,CAD,42321,711,106,2023-01-14 03:24:07,brandon.yu006@analytics.example.com
,CAMP-2023-01-000478,Member Operation Campaign,Seasonal,Email,Meta,direct,CAN,North America,2023-01-16,2023-02-01,91515.6,38163.41,CAD,49695,3646,263,2023-01-16 05:46:59,yesenia.arnold040@platform.example.com
,CAMP-2023-01-000479,Back-to-School Article Campaign,Launch,Display,CRM,email,ITA,Europe,2023-01-22,2023-02-02,359804.38,293696.74,EUR,143474,10607,898,2023-01-22 00:54:59,jennifer.hudson020@analytics.example.com
,CAMP-2023-01-000480,Holiday Along Campaign,Performance,Affiliate,Partner,email,IND,Asia,2023-01-09,2023-01-15,89081.03,64765.05,INR,56691,3521,599,2023-01-09 02:51:09,megan.cunningham013@commerce.example.com
,CAMP-2023-01-000481,Winter Agency Campaign,Brand,Email,Meta,social,AUS,Oceania,2023-01-15,2023-01-31,357493.39,186980.71,AUD,36490,2755,442,2023-01-15 03:08:14,anita.garcia021@dataops.example.com
,CAMP-2023-01-000482,Winter Cold Campaign,Brand,Meta,Meta,social,AUS,Oceania,2023-01-11,2023-02-11,439433.27,366957.68,AUD,30891,1460,178,2023-01-11 18:09:05,jennifer.bauer068@analytics.example.com
,CAMP-2023-01-000483,Summer Total Campaign,Performance,Organic,Meta,cpc,CAN,North America,2023-01-30,2023-02-07,322100.75,181745.56,CAD,45561,3211,420,2023-01-30 07:46:01,lance.williams029@platform.example.com
,CAMP-2023-01-000484,Growth Exist Campaign,Seasonal,Display,Google,cpc,DEU,Europe,2023-01-08,2023-02-06,172345.94,53481.04,EUR,20715,363,5,2023-01-08 00:06:27,brian.taylor114@analytics.example.com
,CAMP-2023-01-000485,Growth Answer Campaign,Flash Sale,Organic,TikTok,affiliate,AUS,Oceania,2023-01-21,2023-02-14,191514.72,138690.12,AUD,55755,1814,39,2023-01-21 08:22:55,ryan.steele043@commerce.example.com
,CAMP-2023-01-000486,Growth Not Campaign,Flash Sale,TikTok,Meta,direct,DEU,Europe,2023-01-28,2023-02-02,379707.06,274042.42,EUR,175083,13901,180,2023-01-28 13:48:18,brandi.carter038@dataops.example.com
,CAMP-2023-01-000487,Growth Lot Campaign,Flash Sale,Meta,CRM,direct,IND,Asia,2023-01-02,2023-01-31,311262.42,230953.49,INR,123376,5425,293,2023-01-02 14:42:00,micheal.hall064@dataops.example.com
,CAMP-2023-01-000488,Holiday Build Campaign,Performance,Affiliate,TikTok,affiliate,AUS,Oceania,2023-01-06,2023-01-12,174122.47,76311.11,AUD,403186,22549,3491,2023-01-06 19:28:43,kristen.bailey110@analytics.example.com
,CAMP-2023-01-000489,Holiday Already Campaign,Retention,Affiliate,Google,direct,NLD,Europe,2023-01-21,2023-01-24,490575.78,308850.84,EUR,125097,5121,249,2023-01-21 22:32:04,micheal.chen050@dataops.example.com
,CAMP-2023-01-000490,Back-to-School Television Campaign,Brand,Display,Google,social,DEU,Europe,2023-01-17,2023-01-22,195133.79,104441.58,EUR,38054,2818,70,2023-01-17 11:28:45,joann.clark089@commerce.example.com
,CAMP-2023-01-000491,Back-to-School Anyone Campaign,Brand,TikTok,CRM,cpc,CAN,North America,2023-01-03,2023-01-19,151253.05,66326.78,CAD,78955,1009,100,2023-01-03 00:50:58,anita.garcia021@dataops.example.com
,CAMP-2023-01-000492,Summer Career Campaign,Performance,Affiliate,Partner,affiliate,ESP,Europe,2023-01-06,2023-01-25,445806.86,321077.82,EUR,82950,5351,835,2023-01-06 23:45:30,sandra.hunter036@platform.example.com
,CAMP-2023-01-000493,Back-to-School Travel Campaign,Launch,Email,Meta,direct,IND,Asia,2023-01-09,2023-02-07,352997.39,170393.77,INR,42978,1578,222,2023-01-09 13:27:26,sylvia.diaz107@dataops.example.com
,CAMP-2023-01-000494,Winter Country Campaign,Launch,TikTok,Meta,cpc,GBR,Europe,2023-01-16,2023-02-08,138840.14,50833.02,GBP,98882,5216,890,2023-01-16 13:55:02,megan.cunningham013@commerce.example.com
,CAMP-2023-01-000495,Back-to-School Look Campaign,Retention,Meta,Partner,organic,BRA,South America,2023-01-01,2023-01-22,246550.71,195987.22,BRL,54169,947,82,2023-01-01 10:26:57,john.mullins109@commerce.example.com
,CAMP-2023-01-000496,Growth Economic Campaign,Performance,Display,CRM,email,FRA,Europe,2023-01-31,2023-02-04,85628.86,32383.1,EUR,25033,1141,40,2023-01-31 00:53:57,joseph.griffin070@analytics.example.com
,CAMP-2023-01-000497,Growth Join Campaign,Performance,Organic,CRM,direct,GBR,Europe,2023-01-29,2023-02-03,158855.65,86949.61,GBP,1046912,38350,792,2023-01-29 10:29:16,eric.mullen052@dataops.example.com
,CAMP-2023-01-000498,Member Education Campaign,Brand,Organic,Google,cpc,SGP,Asia,2023-01-20,2023-02-19,66284.77,43226.45,SGD,86836,2406,64,2023-01-20 00:50:50,joseph.johnson049@dataops.example.com
,CAMP-2023-01-000499,Growth Name Campaign,Launch,Email,Google,affiliate,ITA,Europe,2023-01-15,2023-01-18,163604.85,96006.87,EUR,124303,9318,1491,2023-01-15 02:45:13,katelyn.pitts017@commerce.example.com
,CAMP-2023-01-000500,Member Cause Campaign,Flash Sale,Email,TikTok,email,IND,Asia,2023-01-08,2023-01-27,362290.47,155635.17,INR,17230,362,9,2023-01-08 16:02:33,craig.johnson106@analytics.example.com
,CAMP-2023-01-000501,Member Exactly Campaign,Brand,TikTok,TikTok,organic,NLD,Europe,2023-01-01,2023-01-23,326450.95,244081.76,EUR,171692,9164,1597,2023-01-01 22:32:54,darren.anderson025@dataops.example.com
,CAMP-2023-01-000502,Member Capital Campaign,Retention,Affiliate,TikTok,referral,USA,North America,2023-01-31,2023-02-20,379310.86,214354.72,USD,63180,942,87,2023-01-31 06:27:10,ryan.steele043@commerce.example.com
,CAMP-2023-01-000503,Back-to-School Police Campaign,Seasonal,Organic,TikTok,affiliate,MEX,North America,2023-01-12,2023-02-08,176389.56,113990.19,MXN,102260,4548,551,2023-01-12 13:46:21,amy.holmes103@dataops.example.com
,CAMP-2023-01-000504,Holiday Really Campaign,Seasonal,Email,Meta,social,CAN,North America,2023-01-01,2023-02-05,124786.35,52241.22,CAD,108930,6530,256,2023-01-01 16:13:29,jeffery.miller012@commerce.example.com
,CAMP-2023-01-000505,Summer Gas Campaign,Seasonal,Email,Partner,referral,JPN,Asia,2023-01-14,2023-01-19,92808.14,29815.11,JPY,246151,17069,1336,2023-01-14 20:19:04,jillian.russo115@commerce.example.com
,CAMP-2023-01-000506,Member Opportunity Campaign,Brand,Meta,Google,email,AUS,Oceania,2023-01-18,2023-02-21,138401.33,68767.64,AUD,36040,1995,257,2023-01-18 16:43:58,jason.franklin045@dataops.example.com
,CAMP-2023-01-000507,Back-to-School Opportunity Campaign,Launch,TikTok,TikTok,affiliate,ESP,Europe,2023-01-14,2023-01-22,428319.93,316619.28,EUR,144208,1979,32,2023-01-14 16:17:03,eric.horton058@analytics.example.com
,CAMP-2023-01-000508,Growth Red Campaign,Flash Sale,Affiliate,Meta,referral,MEX,North America,2023-01-12,2023-02-13,315882.89,311121.37,MXN,308221,4807,656,2023-01-12 05:42:34,micheal.chen050@dataops.example.com
,CAMP-2023-01-000509,Member Prepare Campaign,Seasonal,Display,Meta,cpc,CAN,North America,2023-01-29,2023-02-26,443444.24,140776.74,CAD,300382,17737,1992,2023-01-29 08:38:26,anita.garcia021@dataops.example.com
,CAMP-2023-01-000510,Member Operation Campaign,Performance,Display,Partner,email,CAN,North America,2023-01-04,2023-02-08,254998.05,197816.75,CAD,120986,5570,504,2023-01-04 20:13:45,jennifer.atkins003@platform.example.com
,CAMP-2023-01-000511,Growth Our Campaign,Seasonal,TikTok,TikTok,affiliate,JPN,Asia,2023-01-23,2023-02-17,223119.67,85245.38,JPY,56716,937,61,2023-01-23 18:17:15,renee.harvey080@dataops.example.com
,CAMP-2023-01-000512,Back-to-School Mrs Campaign,Seasonal,TikTok,Partner,organic,ITA,Europe,2023-01-21,2023-02-14,83836.22,36094.65,EUR,58241,858,137,2023-01-21 06:02:22,joann.clark089@commerce.example.com
,CAMP-2023-01-000513,Winter Conference Campaign,Launch,Google Ads,TikTok,email,ITA,Europe,2023-01-14,2023-01-18,258781.9,153435.04,EUR,222365,14816,1231,2023-01-14 11:27:39,timothy.cameron104@commerce.example.com
,CAMP-2023-01-000514,Winter City Campaign,Seasonal,Email,TikTok,email,SGP,Asia,2023-01-12,2023-02-11,193142.15,73967.67,SGD,18658,1105,194,2023-01-12 02:59:41,adam.gordon030@commerce.example.com
,CAMP-2023-01-000515,Holiday Quality Campaign,Brand,Display,CRM,affiliate,SGP,Asia,2023-01-04,2023-01-19,268412.95,110966.44,SGD,53586,3478,47,2023-01-04 21:27:56,joseph.johnson049@dataops.example.com
,CAMP-2023-01-000516,Holiday Recent Campaign,Performance,Email,Partner,direct,ESP,Europe,2023-01-14,2023-01-23,146059.87,55335.31,EUR,202150,12100,553,2023-01-14 21:51:27,yesenia.arnold040@platform.example.com
,CAMP-2023-01-000517,Holiday Someone Campaign,Launch,TikTok,Google,email,FRA,Europe,2023-01-25,2023-02-11,140534.03,112649.76,EUR,28521,1164,19,2023-01-25 04:31:44,tina.williams074@commerce.example.com
,CAMP-2023-01-000518,Member So Campaign,Brand,Meta,CRM,organic,FRA,Europe,2023-01-19,2023-01-26,358021.95,142265.9,EUR,20691,1362,165,2023-01-19 18:34:50,adam.gordon030@commerce.example.com
,CAMP-2023-01-000519,Winter Evening Campaign,Brand,TikTok,Meta,affiliate,ARE,Asia,2023-01-20,2023-02-06,389844.05,179648.03,AED,14182,372,5,2023-01-20 06:05:45,jeffery.miller012@commerce.example.com
,CAMP-2023-01-000520,Holiday Church Campaign,Performance,Email,Google,email,ESP,Europe,2023-01-28,2023-02-10,340069.91,292471.74,EUR,749804,31052,3026,2023-01-28 10:54:05,andrew.ellis102@analytics.example.com
,CAMP-2023-01-000521,Back-to-School Power Campaign,Retention,Email,CRM,referral,IND,Asia,2023-01-13,2023-02-02,10001.37,6302.22,INR,114371,6088,689,2023-01-13 23:07:03,ryan.steele043@commerce.example.com
,CAMP-2023-01-000522,Member House Campaign,Launch,Organic,Meta,direct,CAN,North America,2023-01-05,2023-01-10,69233.93,50345.28,CAD,74244,1344,14,2023-01-05 12:11:13,adam.gordon030@commerce.example.com
,CAMP-2023-01-000523,Member Piece Campaign,Brand,Organic,TikTok,direct,GBR,Europe,2023-01-22,2023-02-09,418678.2,414368.15,GBP,21710,378,36,2023-01-22 18:03:41,christine.johnson056@commerce.example.com
,CAMP-2023-01-000524,Winter Benefit Campaign,Seasonal,Meta,Partner,email,FRA,Europe,2023-01-16,2023-01-30,354573.18,202532.65,EUR,79141,4429,454,2023-01-16 10:33:56,eric.mullen052@dataops.example.com
,CAMP-2023-01-000525,Holiday Rise Campaign,Brand,TikTok,Google,referral,CAN,North America,2023-01-14,2023-01-28,325105.05,282083.71,CAD,271072,14467,2513,2023-01-14 13:51:30,michael.berger060@platform.example.com
,CAMP-2023-01-000526,Holiday Spring Campaign,Flash Sale,Google Ads,Partner,email,JPN,Asia,2023-01-23,2023-02-20,414719.36,407900.54,JPY,10406,646,50,2023-01-23 15:52:00,maria.ashley046@analytics.example.com
,CAMP-2023-01-000527,Winter Commercial Campaign,Retention,Email,Meta,organic,GBR,Europe,2023-01-19,2023-02-12,473327.71,443223.01,GBP,442386,12574,2188,2023-01-19 15:19:32,jeffery.miller012@commerce.example.com
,CAMP-2023-01-000528,Back-to-School Nature Campaign,Brand,Email,Google,organic,NLD,Europe,2023-01-31,2023-03-03,447513.77,271983.66,EUR,127925,7243,967,2023-01-31 08:40:41,megan.cunningham013@commerce.example.com
,CAMP-2023-01-000529,Growth Democrat Campaign,Retention,Organic,TikTok,cpc,JPN,Asia,2023-01-23,2023-02-09,494258.79,199905.31,JPY,41077,1067,21,2023-01-23 19:07:12,jimmy.washington028@commerce.example.com
,CAMP-2023-01-000530,Winter Dream Campaign,Performance,Display,Meta,referral,MEX,North America,2023-01-24,2023-02-23,459397.83,457774.95,MXN,75970,5154,316,2023-01-24 18:31:20,eric.horton058@analytics.example.com
,CAMP-2023-01-000531,Holiday Capital Campaign,Launch,Display,Meta,cpc,MEX,North America,2023-01-14,2023-02-02,154628.77,64187.59,MXN,57379,1707,279,2023-01-14 01:02:28,troy.boone097@platform.example.com
,CAMP-2023-01-000532,Summer Food Campaign,Brand,Email,TikTok,affiliate,JPN,Asia,2023-01-13,2023-02-08,287510.96,247360.08,JPY,21833,962,141,2023-01-13 04:57:26,grace.gonzales099@dataops.example.com
,CAMP-2023-01-000533,Summer Certainly Campaign,Performance,Google Ads,Meta,cpc,USA,North America,2023-01-11,2023-02-07,8570.09,7492.27,USD,421410,20283,2571,2023-01-11 11:00:27,sylvia.diaz107@dataops.example.com
,CAMP-2023-01-000534,Back-to-School Arm Campaign,Performance,Meta,Google,affiliate,FRA,Europe,2023-01-27,2023-02-20,479133.82,245488.64,EUR,40885,1393,45,2023-01-27 03:47:27,richard.bradshaw051@platform.example.com
,CAMP-2023-01-000535,Member Next Campaign,Launch,TikTok,Meta,email,SGP,Asia,2023-01-18,2023-01-27,317707.09,254708.33,SGD,730198,25095,3084,2023-01-18 23:29:13,maria.ashley046@analytics.example.com
,CAMP-2023-01-000536,Back-to-School However Campaign,Flash Sale,Meta,Google,cpc,JPN,Asia,2023-01-29,2023-03-02,261252.66,248298.33,JPY,877931,69047,4270,2023-01-29 03:55:51,micheal.chen050@dataops.example.com
,CAMP-2023-01-000537,Growth Election Campaign,Flash Sale,Google Ads,CRM,affiliate,ITA,Europe,2023-01-06,2023-01-17,437474.82,293708.34,EUR,12071,422,45,2023-01-06 13:43:06,eric.mullen052@dataops.example.com
,CAMP-2023-01-000538,Member Create Campaign,Performance,Google Ads,Meta,social,ESP,Europe,2023-01-27,2023-02-12,346144.2,137870.52,EUR,110520,3752,227,2023-01-27 20:30:37,troy.boone097@platform.example.com
,CAMP-2023-01-000539,Holiday Company Campaign,Flash Sale,Organic,TikTok,direct,USA,North America,2023-01-19,2023-02-20,246408.18,183128.65,USD,493482,11300,807,2023-01-19 09:20:21,lisa.kim091@platform.example.com
,CAMP-2023-01-000540,Back-to-School Accept Campaign,Brand,Meta,CRM,email,IND,Asia,2023-01-16,2023-02-16,439973.23,200607.77,INR,97557,7637,318,2023-01-16 04:14:30,stephen.clark001@analytics.example.com
,CAMP-2023-01-000541,Member Must Campaign,Performance,Affiliate,Meta,cpc,JPN,Asia,2023-01-08,2023-02-06,399665.63,201174.21,JPY,194331,7666,883,2023-01-08 06:30:07,joseph.griffin070@analytics.example.com
,CAMP-2023-01-000542,Member Property Campaign,Brand,Affiliate,TikTok,affiliate,IND,Asia,2023-01-20,2023-01-28,239587.14,242177.88,INR,317414,25280,3236,2023-01-20 09:32:32,micheal.chen050@dataops.example.com
,CAMP-2023-01-000543,Holiday Product Campaign,Retention,Affiliate,Google,direct,ARE,Asia,2023-01-09,2023-01-21,58232.86,45391.4,AED,490201,34545,3967,2023-01-09 15:21:34,joann.clark089@commerce.example.com
,CAMP-2023-01-000544,Winter Century Campaign,Retention,Organic,Partner,organic,USA,North America,2023-01-01,2023-02-05,20203.65,15143.58,USD,333988,26697,4606,2023-01-01 16:12:41,tina.williams074@commerce.example.com
,CAMP-2023-01-000545,Summer Actually Campaign,Launch,Meta,Partner,affiliate,CAN,North America,2023-01-03,2023-01-16,477359.77,423068.84,CAD,63625,2262,94,2023-01-03 01:50:05,stephen.daniels076@commerce.example.com
,CAMP-2023-01-000546,Summer Necessary Campaign,Flash Sale,Email,Partner,referral,FRA,Europe,2023-01-06,2023-01-27,355406.5,296126.05,EUR,182934,12994,1986,2023-01-06 01:46:23,kevin.mathews014@analytics.example.com
,CAMP-2023-01-000547,Back-to-School Final Campaign,Retention,Email,CRM,social,FRA,Europe,2023-01-21,2023-02-23,96468.43,46810.84,EUR,16610,520,79,2023-01-21 20:31:42,brian.taylor114@analytics.example.com
,CAMP-2023-01-000548,Holiday Public Campaign,Seasonal,TikTok,Google,email,ITA,Europe,2023-01-07,2023-01-20,452482.03,357690.39,EUR,23644,552,42,2023-01-07 21:40:20,victor.palmer071@platform.example.com
,CAMP-2023-01-000549,Holiday Line Campaign,Performance,Display,Partner,direct,IND,Asia,2023-01-31,2023-02-17,390060.28,310988.95,INR,250950,7937,1322,2023-01-31 16:14:14,kelsey.taylor010@platform.example.com
,CAMP-2023-01-000550,Winter Drop Campaign,Seasonal,Google Ads,Partner,cpc,ITA,Europe,2023-01-25,2023-02-17,258663.64,241698.78,EUR,18908,1490,102,2023-01-25 15:18:30,christine.carter078@commerce.example.com
,CAMP-2023-01-000551,Holiday Cost Campaign,Performance,Affiliate,Meta,cpc,IND,Asia,2023-01-07,2023-02-05,212686.23,69763.76,INR,15118,1076,188,2023-01-07 13:11:27,kevin.mathews014@analytics.example.com
,CAMP-2023-01-000552,Member When Campaign,Performance,Email,CRM,referral,ARE,Asia,2023-01-03,2023-01-17,77565.82,53792.6,AED,117047,8804,1216,2023-01-03 06:32:38,sandra.hunter036@platform.example.com
,CAMP-2023-01-000553,Growth Finally Campaign,Seasonal,TikTok,CRM,email,IND,Asia,2023-01-20,2023-02-18,218715.36,84421.74,INR,22004,253,25,2023-01-20 07:11:29,jeffery.miller012@commerce.example.com
,CAMP-2023-01-000554,Holiday Employee Campaign,Launch,Affiliate,Partner,organic,DEU,Europe,2023-01-16,2023-02-04,209435.18,138245.39,EUR,360886,21644,3416,2023-01-16 17:56:26,ryan.steele043@commerce.example.com
,CAMP-2023-01-000555,Winter Item Campaign,Performance,TikTok,Google,direct,NLD,Europe,2023-01-31,2023-02-13,20301.65,14814.44,EUR,67181,1375,226,2023-01-31 19:31:54,eric.horton058@analytics.example.com
,CAMP-2023-01-000556,Back-to-School Participant Campaign,Brand,Meta,TikTok,social,ARE,Asia,2023-01-13,2023-02-05,77802.83,36763.93,AED,93885,1509,58,2023-01-13 16:25:28,sylvia.diaz107@dataops.example.com
,CAMP-2023-01-000557,Member From Campaign,Brand,Affiliate,Google,organic,MEX,North America,2023-01-17,2023-02-07,209051.4,68127.9,MXN,34574,397,57,2023-01-17 09:17:57,joann.clark089@commerce.example.com
,CAMP-2023-01-000558,Summer Discuss Campaign,Retention,Affiliate,Google,affiliate,MEX,North America,2023-01-03,2023-01-28,308984.44,126343.56,MXN,83455,1124,58,2023-01-03 05:21:03,grace.gonzales099@dataops.example.com
,CAMP-2023-01-000559,Growth Those Campaign,Retention,Affiliate,TikTok,cpc,BRA,South America,2023-01-30,2023-02-16,346247.53,202818.89,BRL,146702,6098,155,2023-01-30 20:06:48,sylvia.diaz107@dataops.example.com
,CAMP-2023-01-000560,Winter Large Campaign,Launch,Organic,Meta,social,SGP,Asia,2023-01-04,2023-01-30,88716.58,46961.06,SGD,14869,590,73,2023-01-04 12:48:14,jennifer.atkins003@platform.example.com
,CAMP-2023-01-000561,Member Size Campaign,Launch,Organic,Partner,organic,BRA,South America,2023-01-20,2023-01-24,460888.91,394740.9,BRL,107875,3832,455,2023-01-20 18:39:52,joseph.griffin070@analytics.example.com
,CAMP-2023-01-000562,Summer Reduce Campaign,Seasonal,TikTok,Google,direct,USA,North America,2023-01-23,2023-02-05,376384.52,328567.76,USD,17790,682,88,2023-01-23 17:07:55,brandon.yu006@analytics.example.com
,CAMP-2023-01-000563,Member Again Campaign,Brand,Display,Google,affiliate,NLD,Europe,2023-01-07,2023-01-10,142567.98,89335.16,EUR,83839,971,93,2023-01-07 15:14:10,shawn.baxter004@dataops.example.com
,CAMP-2023-01-000564,Member Table Campaign,Retention,TikTok,Partner,direct,ITA,Europe,2023-01-06,2023-01-26,495113.58,435359.61,EUR,164160,8829,1235,2023-01-06 00:04:28,timothy.cameron104@commerce.example.com
,CAMP-2023-01-000565,Growth Development Campaign,Launch,TikTok,Partner,organic,BRA,South America,2023-01-11,2023-01-20,132907.32,126561.74,BRL,857830,66814,10418,2023-01-11 17:07:35,katelyn.pitts017@commerce.example.com
,CAMP-2023-01-000566,Winter See Campaign,Launch,Google Ads,Google,affiliate,AUS,Oceania,2023-01-25,2023-02-25,188639.13,131790.83,AUD,269486,9996,640,2023-01-25 16:47:27,timothy.cannon081@analytics.example.com
,CAMP-2023-01-000567,Growth Student Campaign,Retention,Affiliate,CRM,organic,CAN,North America,2023-01-13,2023-02-07,436702.81,445212.7,CAD,74973,1148,153,2023-01-13 17:26:10,jeffery.miller012@commerce.example.com
,CAMP-2023-01-000568,Member Possible Campaign,Launch,Affiliate,Partner,cpc,ESP,Europe,2023-01-03,2023-01-17,495630.94,181127.9,EUR,46290,2196,169,2023-01-03 03:24:45,victor.palmer071@platform.example.com
,CAMP-2023-01-000569,Growth Election Campaign,Performance,Affiliate,Google,cpc,JPN,Asia,2023-01-25,2023-02-02,434907.07,336170.76,JPY,985521,77718,9509,2023-01-25 00:28:26,lisa.kim091@platform.example.com
,CAMP-2023-01-000570,Growth Cell Campaign,Brand,Google Ads,TikTok,affiliate,BRA,South America,2023-01-10,2023-02-13,333393.48,254527.59,BRL,28092,1177,129,2023-01-10 21:05:46,ryan.steele043@commerce.example.com
,CAMP-2023-01-000571,Back-to-School Argue Campaign,Retention,TikTok,Google,referral,NLD,Europe,2023-01-24,2023-02-09,341210.29,135504.09,EUR,50689,2770,321,2023-01-24 03:06:28,sandra.hunter036@platform.example.com
,CAMP-2023-01-000572,Member Indicate Campaign,Launch,Affiliate,Meta,cpc,IND,Asia,2023-01-05,2023-01-14,394444.37,357530.88,INR,142832,9011,144,2023-01-05 02:03:29,patrick.gonzalez035@dataops.example.com
,CAMP-2023-01-000573,Growth Walk Campaign,Performance,Email,CRM,referral,ESP,Europe,2023-01-07,2023-01-31,180049.54,54183.72,EUR,229176,9151,1551,2023-01-07 02:38:39,kelsey.taylor010@platform.example.com
,CAMP-2023-01-000574,Growth Statement Campaign,Brand,Email,TikTok,email,AUS,Oceania,2023-01-19,2023-02-06,96671.52,59589.91,AUD,18109,1198,185,2023-01-19 09:53:00,brian.taylor114@analytics.example.com
,CAMP-2023-01-000575,Holiday Operation Campaign,Flash Sale,Affiliate,CRM,organic,CAN,North America,2023-01-27,2023-02-25,220579.21,217187.54,CAD,194373,8332,1440,2023-01-27 16:23:53,christine.johnson056@commerce.example.com
,CAMP-2023-01-000576,Holiday Focus Campaign,Retention,Affiliate,Partner,email,ESP,Europe,2023-01-10,2023-02-09,491521.7,368662.58,EUR,55474,2571,231,2023-01-10 02:02:38,andrea.cummings039@platform.example.com
,CAMP-2023-01-000577,Winter Option Campaign,Brand,TikTok,Google,social,DEU,Europe,2023-01-14,2023-02-14,239093.66,95031.71,EUR,874273,49145,7298,2023-01-14 06:12:20,joann.clark089@commerce.example.com
,CAMP-2023-01-000578,Member Arm Campaign,Launch,Display,Meta,referral,ITA,Europe,2023-01-09,2023-01-17,422298.31,279378.04,EUR,115307,6391,578,2023-01-09 16:59:35,ryan.steele043@commerce.example.com
,CAMP-2023-01-000579,Winter Program Campaign,Launch,Google Ads,Partner,cpc,USA,North America,2023-01-18,2023-01-28,485720.65,258336.46,USD,37551,1463,78,2023-01-18 21:20:04,micheal.hall064@dataops.example.com
,CAMP-2023-01-000580,Growth Street Campaign,Retention,Display,Google,cpc,USA,North America,2023-01-03,2023-01-13,276309.68,218181.63,USD,400161,10668,820,2023-01-03 22:28:44,andrea.cummings039@platform.example.com
,CAMP-2023-01-000581,Back-to-School His Campaign,Launch,Google Ads,Partner,affiliate,NLD,Europe,2023-01-05,2023-01-25,364377.1,169241.1,EUR,81705,4038,462,2023-01-05 19:01:24,susan.rice083@commerce.example.com
,CAMP-2023-01-000582,Summer Foot Campaign,Retention,Email,TikTok,social,CAN,North America,2023-01-09,2023-01-13,350766.26,114690.16,CAD,125361,2859,450,2023-01-09 12:48:55,christine.carter078@commerce.example.com
,CAMP-2023-01-000583,Winter Wrong Campaign,Brand,Google Ads,TikTok,email,FRA,Europe,2023-01-29,2023-03-05,213487.11,110749.37,EUR,47181,2008,224,2023-01-29 07:37:44,micheal.chen050@dataops.example.com
,CAMP-2023-01-000584,Holiday Bit Campaign,Seasonal,Email,Google,social,BRA,South America,2023-01-22,2023-02-20,3860.02,2423.61,BRL,285944,6273,661,2023-01-22 14:42:24,grace.gonzales099@dataops.example.com
,CAMP-2023-01-000585,Summer Concern Campaign,Brand,Email,Partner,affiliate,DEU,Europe,2023-01-26,2023-02-02,218516.65,103706.4,EUR,103166,4507,310,2023-01-26 07:16:13,micheal.chen050@dataops.example.com
,CAMP-2023-01-000586,Winter Include Campaign,Retention,Display,TikTok,email,ARE,Asia,2023-01-20,2023-01-23,45661.23,23234.73,AED,51866,3370,318,2023-01-20 05:41:59,timothy.cameron104@commerce.example.com
,CAMP-2023-01-000587,Member Agree Campaign,Launch,Google Ads,Partner,direct,MEX,North America,2023-01-24,2023-02-28,490922.83,469450.98,MXN,132966,9010,940,2023-01-24 09:47:41,katelyn.pitts017@commerce.example.com
,CAMP-2023-01-000588,Winter Director Campaign,Performance,Display,Google,organic,FRA,Europe,2023-01-17,2023-02-17,256316.72,235265.44,EUR,209121,6955,929,2023-01-17 00:31:13,kelsey.taylor010@platform.example.com
,CAMP-2023-01-000589,Holiday Hotel Campaign,Flash Sale,Organic,Google,referral,ITA,Europe,2023-01-31,2023-02-13,201752.51,117631.84,EUR,130666,2712,236,2023-01-31 09:10:24,shawn.baxter004@dataops.example.com
,CAMP-2023-01-000590,Back-to-School Eat Campaign,Performance,Email,Partner,email,SGP,Asia,2023-01-13,2023-01-29,239010.54,188713.22,SGD,243210,6575,857,2023-01-13 08:37:38,andrea.cummings039@platform.example.com
,CAMP-2023-01-000591,Winter Simple Campaign,Performance,Display,Google,affiliate,ITA,Europe,2023-01-13,2023-01-29,476005.21,301637.63,EUR,142976,9460,1213,2023-01-13 14:49:58,anita.garcia021@dataops.example.com
,CAMP-2023-01-000592,Holiday Democratic Campaign,Brand,Google Ads,Google,direct,ARE,Asia,2023-01-15,2023-02-04,241981.27,238751.97,AED,45339,1867,123,2023-01-15 21:44:17,yesenia.arnold040@platform.example.com
,CAMP-2023-01-000593,Holiday Training Campaign,Performance,Organic,Partner,referral,SGP,Asia,2023-01-17,2023-01-31,1830.65,659.84,SGD,139232,8163,1097,2023-01-17 13:56:09,yolanda.vasquez005@platform.example.com
,CAMP-2023-01-000594,Holiday Look Campaign,Performance,Affiliate,Google,organic,ITA,Europe,2023-01-14,2023-01-22,371441.41,368531.46,EUR,311303,15070,373,2023-01-14 21:21:18,ashley.marks069@commerce.example.com
,CAMP-2023-01-000595,Summer Network Campaign,Retention,Affiliate,Partner,affiliate,ARE,Asia,2023-01-02,2023-01-16,264335.4,119740.27,AED,439809,8359,1280,2023-01-02 13:02:12,sylvia.diaz107@dataops.example.com
,CAMP-2023-01-000596,Holiday Hand Campaign,Retention,Display,Meta,cpc,SGP,Asia,2023-01-18,2023-01-30,79516.33,39431.88,SGD,22406,331,22,2023-01-18 14:50:13,jason.franklin045@dataops.example.com
,CAMP-2023-01-000597,Summer Certain Campaign,Seasonal,Organic,TikTok,cpc,ESP,Europe,2023-01-01,2023-01-06,430098.14,143919.58,EUR,52581,2420,127,2023-01-01 16:34:26,yesenia.arnold040@platform.example.com
,CAMP-2023-01-000598,Summer Major Campaign,Performance,Display,Partner,referral,USA,North America,2023-01-16,2023-02-07,154844.02,120895.14,USD,337254,18115,1609,2023-01-16 23:53:22,joseph.griffin070@analytics.example.com
,CAMP-2023-01-000599,Summer Matter Campaign,Launch,Organic,TikTok,cpc,USA,North America,2023-01-14,2023-02-08,175765.41,169019.99,USD,56682,2694,434,2023-01-14 00:45:25,adam.gordon030@commerce.example.com
,CAMP-2023-01-000600,Winter Deep Campaign,Seasonal,Meta,Partner,direct,ESP,Europe,2023-01-05,2023-01-24,371405.43,303493.39,EUR,263903,12563,703,2023-01-05 05:02:35,michelle.sims041@analytics.example.com
,CAMP-2023-01-000601,Winter If Campaign,Brand,Google Ads,Meta,direct,USA,North America,2023-01-02,2023-02-05,427132.48,322471.01,USD,335222,26104,725,2023-01-02 10:50:56,jennifer.bauer068@analytics.example.com
,CAMP-2023-01-000602,Winter Event Campaign,Performance,Meta,Google,cpc,AUS,Oceania,2023-01-16,2023-02-06,10479.16,5114.39,AUD,84035,3715,232,2023-01-16 11:47:43,eric.mullen052@dataops.example.com
,CAMP-2023-01-000603,Holiday Necessary Campaign,Flash Sale,Affiliate,Partner,cpc,CAN,North America,2023-01-25,2023-02-23,488737.05,403405.34,CAD,144002,2036,102,2023-01-25 08:53:46,crystal.smith022@platform.example.com
,CAMP-2023-01-000604,Winter Record Campaign,Performance,Affiliate,TikTok,referral,DEU,Europe,2023-01-28,2023-02-21,10548.05,9925.78,EUR,363335,26056,1724,2023-01-28 04:43:16,jeffery.miller012@commerce.example.com
,CAMP-2023-01-000605,Holiday One Campaign,Retention,TikTok,TikTok,organic,ESP,Europe,2023-01-06,2023-02-04,85991.68,27148.59,EUR,34171,1121,96,2023-01-06 02:36:52,amy.holmes103@dataops.example.com
,CAMP-2023-01-000606,Growth Somebody Campaign,Performance,Display,TikTok,direct,FRA,Europe,2023-01-22,2023-02-17,53337.68,50047.1,EUR,212443,4384,74,2023-01-22 05:08:10,christine.carter078@commerce.example.com
,CAMP-2023-01-000607,Winter Away Campaign,Retention,Display,Google,cpc,USA,North America,2023-01-18,2023-02-18,272527.59,121077.09,USD,10233,425,28,2023-01-18 14:18:35,christine.johnson056@commerce.example.com
,CAMP-2023-01-000608,Member Expect Campaign,Launch,Affiliate,Partner,social,GBR,Europe,2023-01-12,2023-02-01,129037.77,91331.68,GBP,147079,8808,474,2023-01-12 04:10:41,peter.martinez098@platform.example.com
,CAMP-2023-01-000609,Growth Collection Campaign,Brand,Meta,CRM,referral,IND,Asia,2023-01-10,2023-01-25,125340.83,104389.84,INR,98528,3675,353,2023-01-10 22:53:34,sylvia.diaz107@dataops.example.com
,CAMP-2023-01-000610,Winter Explain Campaign,Retention,Display,TikTok,organic,FRA,Europe,2023-01-28,2023-02-25,295171.46,105172.04,EUR,109244,4990,433,2023-01-28 21:46:31,timothy.cameron104@commerce.example.com
,CAMP-2023-01-000611,Member Sure Campaign,Seasonal,Organic,TikTok,social,SGP,Asia,2023-01-30,2023-02-12,30671.23,13926.85,SGD,32621,822,40,2023-01-30 22:49:01,michelle.sims041@analytics.example.com
,CAMP-2023-01-000612,Summer Yourself Campaign,Seasonal,Display,Partner,direct,ARE,Asia,2023-01-08,2023-01-26,437776.84,138052.54,AED,54698,926,147,2023-01-08 23:08:58,micheal.hall064@dataops.example.com
,CAMP-2023-01-000613,Back-to-School Carry Campaign,Launch,Display,CRM,cpc,AUS,Oceania,2023-01-10,2023-02-04,116615.09,106952.12,AUD,112214,1614,183,2023-01-10 21:17:54,tina.williams074@commerce.example.com
,CAMP-2023-01-000614,Member Voice Campaign,Retention,Email,CRM,cpc,SGP,Asia,2023-01-08,2023-01-29,222707.09,137332.01,SGD,47733,3519,153,2023-01-08 05:51:37,micheal.chen050@dataops.example.com
,CAMP-2023-01-000615,Growth Interview Campaign,Seasonal,Display,Partner,referral,MEX,North America,2023-01-31,2023-03-02,236438.53,114455.71,MXN,323863,4566,796,2023-01-31 11:18:53,troy.boone097@platform.example.com
,CAMP-2023-01-000616,Summer Base Campaign,Launch,Affiliate,Meta,cpc,MEX,North America,2023-01-01,2023-01-06,167398.65,99390.38,MXN,25962,465,83,2023-01-01 22:14:46,anita.garcia021@dataops.example.com
,CAMP-2023-01-000617,Summer Officer Campaign,Performance,Meta,Meta,social,ARE,Asia,2023-01-20,2023-02-11,121541.21,63680.05,AED,6077,260,41,2023-01-20 06:32:16,diana.williams116@analytics.example.com
,CAMP-2023-01-000618,Summer Seven Campaign,Flash Sale,TikTok,CRM,cpc,ESP,Europe,2023-01-04,2023-01-31,191186.43,141339.12,EUR,180091,8150,748,2023-01-04 20:45:57,patrick.gonzalez035@dataops.example.com
,CAMP-2023-01-000619,Summer Marriage Campaign,Retention,Google Ads,Google,direct,IND,Asia,2023-01-08,2023-01-26,179142.44,131959.11,INR,774164,48083,1634,2023-01-08 18:25:26,chelsea.patel065@commerce.example.com
,CAMP-2023-01-000620,Back-to-School Detail Campaign,Launch,Google Ads,Meta,cpc,ARE,Asia,2023-01-30,2023-02-16,200901.58,89152.12,AED,101865,3015,447,2023-01-30 06:01:00,john.mullins109@commerce.example.com
,CAMP-2023-01-000621,Summer Area Campaign,Launch,Affiliate,CRM,cpc,FRA,Europe,2023-01-10,2023-01-20,209963.97,112157.92,EUR,94702,3946,325,2023-01-10 12:56:00,andrew.ellis102@analytics.example.com
,CAMP-2023-01-000622,Holiday Group Campaign,Flash Sale,Meta,Meta,affiliate,AUS,Oceania,2023-01-12,2023-02-02,213556.25,195881.31,AUD,62325,1596,242,2023-01-12 09:27:15,ryan.steele043@commerce.example.com
,CAMP-2023-01-000623,Member Already Campaign,Performance,Email,TikTok,affiliate,AUS,Oceania,2023-01-15,2023-02-19,24325.72,23563.42,AUD,55830,1013,23,2023-01-15 01:45:26,alyssa.richards002@commerce.example.com
,CAMP-2023-01-000624,Back-to-School Garden Campaign,Launch,TikTok,Meta,cpc,NLD,Europe,2023-01-01,2023-01-31,365308.17,301631.95,EUR,438818,4879,94,2023-01-01 10:21:13,adam.gordon030@commerce.example.com
,CAMP-2023-01-000625,Member Year Campaign,Launch,TikTok,TikTok,organic,USA,North America,2023-01-16,2023-02-04,347469.02,304099.27,USD,71478,5370,244,2023-01-16 16:31:13,joseph.johnson049@dataops.example.com
,CAMP-2023-01-000626,Back-to-School Word Campaign,Brand,Email,TikTok,referral,ITA,Europe,2023-01-01,2023-01-22,5011.27,2624.69,EUR,233087,11229,502,2023-01-01 03:02:50,sandra.hunter036@platform.example.com
,CAMP-2023-01-000627,Member Wall Campaign,Launch,Google Ads,Google,organic,ESP,Europe,2023-01-08,2023-01-26,147197.86,69194.82,EUR,16128,548,41,2023-01-08 14:33:35,yolanda.vasquez005@platform.example.com
,CAMP-2023-01-000628,Summer Direction Campaign,Brand,TikTok,Google,direct,ESP,Europe,2023-01-20,2023-02-07,335891.75,183668.18,EUR,106696,6767,735,2023-01-20 03:27:21,michael.berger060@platform.example.com
,CAMP-2023-01-000629,Holiday Look Campaign,Seasonal,Organic,CRM,cpc,ARE,Asia,2023-01-09,2023-02-06,444413.33,410838.66,AED,177152,13438,1556,2023-01-09 20:22:37,lance.williams029@platform.example.com
,CAMP-2023-01-000630,Back-to-School Call Campaign,Brand,TikTok,Meta,referral,MEX,North America,2023-01-25,2023-02-02,214589.23,214571.04,MXN,45997,2336,291,2023-01-25 04:50:24,darren.anderson025@dataops.example.com
,CAMP-2023-01-000631,Holiday Time Campaign,Performance,Meta,CRM,direct,JPN,Asia,2023-01-04,2023-01-15,152632.9,60364.98,JPY,1037519,39492,5672,2023-01-04 03:16:30,andrea.cummings039@platform.example.com
,CAMP-2023-01-000632,Back-to-School Name Campaign,Flash Sale,Organic,Meta,social,JPN,Asia,2023-01-08,2023-02-09,351082.13,265586.51,JPY,66225,4961,819,2023-01-08 10:17:25,shawn.baxter004@dataops.example.com
,CAMP-2023-01-000633,Growth Meet Campaign,Brand,Google Ads,TikTok,affiliate,CAN,North America,2023-01-08,2023-01-17,332916.41,196298.83,CAD,196421,8961,142,2023-01-08 11:11:44,brandon.yu006@analytics.example.com
,CAMP-2023-01-000634,Holiday Prove Campaign,Seasonal,TikTok,TikTok,affiliate,JPN,Asia,2023-01-15,2023-02-04,357477.41,126318.83,JPY,88786,5944,544,2023-01-15 02:41:38,jennifer.bauer068@analytics.example.com
,CAMP-2023-01-000635,Back-to-School Sense Campaign,Performance,Affiliate,Google,social,JPN,Asia,2023-01-07,2023-02-03,291007.57,220412.47,JPY,41606,2707,264,2023-01-07 02:52:40,micheal.hall064@dataops.example.com
,CAMP-2023-01-000636,Summer Step Campaign,Performance,Meta,Partner,referral,NLD,Europe,2023-01-05,2023-01-30,95648.76,79472.88,EUR,24541,574,52,2023-01-05 09:03:58,lisa.kim091@platform.example.com
,CAMP-2023-01-000637,Holiday Eat Campaign,Performance,Meta,Google,referral,CAN,North America,2023-01-20,2023-01-26,103861.63,100791.82,CAD,177136,5833,852,2023-01-20 09:24:50,rachel.hall062@platform.example.com
,CAMP-2023-01-000638,Winter Quite Campaign,Retention,Display,Meta,direct,BRA,South America,2023-01-18,2023-02-07,58094.7,42551.65,BRL,177740,6966,866,2023-01-18 17:37:56,crystal.smith022@platform.example.com
,CAMP-2023-01-000639,Back-to-School International Campaign,Brand,Email,TikTok,cpc,FRA,Europe,2023-01-28,2023-02-01,90501.09,75174.29,EUR,48279,3614,571,2023-01-28 16:03:33,jimmy.washington028@commerce.example.com
,CAMP-2023-01-000640,Summer From Campaign,Brand,Affiliate,Google,cpc,IND,Asia,2023-01-16,2023-02-07,166644.47,117258.24,INR,78973,5444,734,2023-01-16 10:46:55,patrick.gonzalez035@dataops.example.com
,CAMP-2023-01-000641,Growth Member Campaign,Launch,Google Ads,TikTok,affiliate,JPN,Asia,2023-01-09,2023-02-09,61880.48,38353.58,JPY,46332,720,63,2023-01-09 14:05:34,stephen.clark001@analytics.example.com
,CAMP-2023-01-000642,Member Fine Campaign,Retention,Email,Google,social,MEX,North America,2023-01-28,2023-02-17,213919.96,104781.85,MXN,357390,9296,1234,2023-01-28 02:56:39,ryan.steele043@commerce.example.com
,CAMP-2023-01-000643,Member Interesting Campaign,Performance,Google Ads,CRM,referral,BRA,South America,2023-01-12,2023-02-15,256035.84,209772.44,BRL,121064,7011,1251,2023-01-12 04:01:05,kristen.bailey110@analytics.example.com
,CAMP-2023-01-000644,Winter Imagine Campaign,Retention,Affiliate,CRM,referral,JPN,Asia,2023-01-06,2023-01-21,445375.32,338159.11,JPY,219408,8782,1059,2023-01-06 01:20:57,rachel.hall062@platform.example.com
,CAMP-2023-01-000645,Summer Apply Campaign,Retention,Email,Meta,referral,IND,Asia,2023-01-11,2023-01-29,423088.99,165332.5,INR,48925,3010,429,2023-01-11 02:11:09,jimmy.washington028@commerce.example.com
,CAMP-2023-01-000646,Growth Feel Campaign,Flash Sale,TikTok,Google,email,BRA,South America,2023-01-07,2023-01-10,46582.71,34548.63,BRL,305704,23676,1214,2023-01-07 02:09:34,ashley.marks069@commerce.example.com
,CAMP-2023-01-000647,Winter Any Campaign,Retention,Meta,TikTok,email,BRA,South America,2023-01-04,2023-01-31,175621.31,114484.5,BRL,125196,8743,495,2023-01-04 10:20:53,jimmy.washington028@commerce.example.com
,CAMP-2023-01-000648,Member None Campaign,Performance,Meta,TikTok,referral,AUS,Oceania,2023-01-14,2023-01-30,39114.52,33206.89,AUD,273222,16144,1748,2023-01-14 22:05:10,alyssa.richards002@commerce.example.com
,CAMP-2023-01-000649,Back-to-School Most Campaign,Brand,Meta,CRM,social,NLD,Europe,2023-01-27,2023-02-13,52133.99,16552.42,EUR,69801,4547,772,2023-01-27 20:59:52,jillian.russo115@commerce.example.com
,CAMP-2023-01-000650,Back-to-School Color Campaign,Performance,Meta,Partner,social,FRA,Europe,2023-01-19,2023-02-21,47646.08,30368.96,EUR,139255,4835,529,2023-01-19 06:57:40,micheal.hall064@dataops.example.com
,CAMP-2023-01-000651,Holiday Staff Campaign,Brand,Google Ads,Google,organic,ESP,Europe,2023-01-21,2023-02-09,174167.58,151671.49,EUR,278598,16781,1577,2023-01-21 16:23:40,joseph.griffin070@analytics.example.com
,CAMP-2023-01-000652,Member Development Campaign,Seasonal,Google Ads,TikTok,direct,MEX,North America,2023-01-23,2023-02-13,447865.46,364834.56,MXN,57247,3419,244,2023-01-23 13:17:20,craig.johnson106@analytics.example.com
,CAMP-2023-01-000653,Holiday Another Campaign,Retention,Google Ads,CRM,referral,BRA,South America,2023-01-20,2023-02-05,181260.7,149318.69,BRL,128607,7072,588,2023-01-20 12:10:01,sylvia.diaz107@dataops.example.com
,CAMP-2023-01-000654,Winter Nation Campaign,Brand,Affiliate,Partner,cpc,CAN,North America,2023-01-17,2023-01-22,326295.02,330430.88,CAD,64615,1681,105,2023-01-17 21:48:04,andrea.cummings039@platform.example.com
,CAMP-2023-01-000655,Summer Well Campaign,Retention,Meta,Meta,cpc,ITA,Europe,2023-01-09,2023-01-13,258288.57,177132.45,EUR,391009,4711,740,2023-01-09 06:26:46,diana.williams116@analytics.example.com
,CAMP-2023-01-000656,Holiday Each Campaign,Flash Sale,TikTok,Google,direct,ITA,Europe,2023-01-27,2023-02-20,369029.9,111665.38,EUR,43066,2751,236,2023-01-27 12:12:04,victor.palmer071@platform.example.com
,CAMP-2023-01-000657,Back-to-School Difficult Campaign,Launch,Organic,Partner,affiliate,ESP,Europe,2023-01-30,2023-02-11,28347.94,27447.31,EUR,64048,2926,143,2023-01-30 15:38:06,lisa.kim091@platform.example.com
,CAMP-2023-01-000658,Member Almost Campaign,Seasonal,Google Ads,TikTok,cpc,SGP,Asia,2023-01-23,2023-01-27,227721.61,73195.85,SGD,315107,24556,1440,2023-01-23 06:45:49,troy.boone097@platform.example.com
,CAMP-2023-01-000659,Back-to-School Company Campaign,Brand,Organic,CRM,direct,GBR,Europe,2023-01-25,2023-02-23,247025.57,202987.22,GBP,412701,5752,428,2023-01-25 07:59:38,grace.gonzales099@dataops.example.com
,CAMP-2023-01-000660,Holiday Up Campaign,Seasonal,Organic,Meta,cpc,NLD,Europe,2023-01-14,2023-02-17,435965.77,220032.54,EUR,86632,6810,633,2023-01-14 09:55:15,renee.harvey080@dataops.example.com
,CAMP-2023-01-000661,Growth Within Campaign,Brand,Meta,Meta,social,IND,Asia,2023-01-29,2023-02-21,12596.99,12532.44,INR,59753,2367,371,2023-01-29 11:23:34,diana.williams116@analytics.example.com
,CAMP-2023-01-000662,Back-to-School See Campaign,Performance,TikTok,Google,email,CAN,North America,2023-01-13,2023-01-19,408058.07,176299.94,CAD,370258,6732,366,2023-01-13 13:47:43,sandra.hunter036@platform.example.com
,CAMP-2023-01-000663,Back-to-School Section Campaign,Launch,Display,Google,social,IND,Asia,2023-01-26,2023-01-31,190176.16,162995.76,INR,71026,3586,305,2023-01-26 19:05:53,renee.harvey080@dataops.example.com
,CAMP-2023-01-000664,Growth Mention Campaign,Launch,Organic,Meta,direct,ESP,Europe,2023-01-02,2023-01-12,118465.13,115126.28,EUR,192311,8407,1381,2023-01-02 21:00:57,joseph.johnson049@dataops.example.com
,CAMP-2023-01-000665,Winter Ask Campaign,Launch,Display,Partner,social,USA,North America,2023-01-25,2023-01-28,306790.21,223298.56,USD,93688,5056,776,2023-01-25 07:01:02,crystal.smith022@platform.example.com
,CAMP-2023-01-000666,Member Past Campaign,Seasonal,Affiliate,CRM,organic,CAN,North America,2023-01-18,2023-02-04,408241.97,353997.29,CAD,60947,4373,607,2023-01-18 23:42:17,kristen.bailey110@analytics.example.com
,CAMP-2023-01-000667,Back-to-School Name Campaign,Launch,Organic,Google,organic,ITA,Europe,2023-01-02,2023-01-12,60945.82,39428.03,EUR,127972,4618,659,2023-01-02 04:37:16,jennifer.bauer068@analytics.example.com
,CAMP-2023-01-000668,Member Important Campaign,Seasonal,Google Ads,Partner,organic,USA,North America,2023-01-05,2023-01-25,474347.07,426850.24,USD,93972,6390,418,2023-01-05 08:04:59,peter.martinez098@platform.example.com
,CAMP-2023-01-000669,Summer Find Campaign,Brand,TikTok,TikTok,referral,CAN,North America,2023-01-16,2023-01-19,397626.42,360813.74,CAD,176027,3911,665,2023-01-16 15:12:27,victoria.medina044@dataops.example.com
,CAMP-2023-01-000670,Growth Recently Campaign,Seasonal,Email,CRM,direct,SGP,Asia,2023-01-22,2023-02-11,356110.8,246276.5,SGD,302017,19860,812,2023-01-22 04:24:57,patrick.gonzalez035@dataops.example.com
,CAMP-2023-01-000671,Holiday Staff Campaign,Retention,TikTok,CRM,cpc,NLD,Europe,2023-01-24,2023-02-18,247885.57,103237.52,EUR,164067,8422,936,2023-01-24 16:34:57,shawn.baxter004@dataops.example.com
,CAMP-2023-01-000672,Member Different Campaign,Retention,Organic,Google,organic,ITA,Europe,2023-01-26,2023-02-20,88804.37,90048.7,EUR,19773,678,89,2023-01-26 01:03:44,jillian.russo115@commerce.example.com
,CAMP-2023-01-000673,Winter Firm Campaign,Seasonal,TikTok,Meta,email,BRA,South America,2023-01-25,2023-02-07,356264.41,258937.37,BRL,101493,4133,201,2023-01-25 05:06:40,kevin.mathews014@analytics.example.com
,CAMP-2023-01-000674,Winter Clear Campaign,Brand,Google Ads,Meta,email,FRA,Europe,2023-01-30,2023-03-01,279330.54,178113.66,EUR,264305,9423,400,2023-01-30 13:55:47,victor.palmer071@platform.example.com
,CAMP-2023-01-000675,Winter Role Campaign,Brand,Organic,CRM,social,USA,North America,2023-01-23,2023-01-26,432377.73,278499.49,USD,45434,2649,48,2023-01-23 18:02:20,maria.ashley046@analytics.example.com
,CAMP-2023-01-000676,Growth Then Campaign,Launch,Display,Meta,cpc,IND,Asia,2023-01-24,2023-02-23,433090.26,262623.74,INR,78356,3119,153,2023-01-24 03:00:11,christine.johnson056@commerce.example.com
,CAMP-2023-01-000677,Winter Argue Campaign,Launch,TikTok,Meta,referral,BRA,South America,2023-01-05,2023-02-09,407895.67,396989.88,BRL,790348,61295,7500,2023-01-05 03:07:45,kelsey.taylor010@platform.example.com
,CAMP-2023-01-000678,Member Wish Campaign,Brand,Google Ads,TikTok,organic,SGP,Asia,2023-01-19,2023-02-13,489037.67,151685.52,SGD,123390,8285,1007,2023-01-19 22:36:44,ashley.bishop108@dataops.example.com
,CAMP-2023-01-000679,Member Ground Campaign,Performance,Google Ads,Meta,organic,BRA,South America,2023-01-13,2023-01-27,174892.05,96903.38,BRL,281785,4707,458,2023-01-13 16:33:13,craig.johnson106@analytics.example.com
,CAMP-2023-01-000680,Winter Call Campaign,Launch,Meta,TikTok,social,CAN,North America,2023-01-01,2023-01-08,316265.8,262137.1,CAD,100647,7843,381,2023-01-01 00:12:39,jennifer.hudson020@analytics.example.com
,CAMP-2023-01-000681,Summer Difficult Campaign,Retention,Email,TikTok,direct,ESP,Europe,2023-01-24,2023-01-29,80738.48,31777.74,EUR,50074,750,65,2023-01-24 00:59:56,victor.palmer071@platform.example.com
,CAMP-2023-01-000682,Growth Every Campaign,Brand,Email,TikTok,email,ITA,Europe,2023-01-01,2023-01-21,390260.17,228045.01,EUR,60976,2795,465,2023-01-01 19:30:48,patrick.gonzalez035@dataops.example.com
,CAMP-2023-01-000683,Back-to-School Early Campaign,Launch,Affiliate,Google,cpc,SGP,Asia,2023-01-22,2023-02-01,355916.32,220790.47,SGD,53864,3422,180,2023-01-22 13:37:27,jeffery.miller012@commerce.example.com
,CAMP-2023-01-000684,Summer Point Campaign,Retention,Display,TikTok,organic,NLD,Europe,2023-01-21,2023-01-27,144536.42,98850.34,EUR,22942,1351,138,2023-01-21 22:00:51,timothy.cameron104@commerce.example.com
,CAMP-2023-01-000685,Growth Out Campaign,Brand,Google Ads,Meta,social,ITA,Europe,2023-01-22,2023-02-06,458297.67,211392.6,EUR,65699,3725,538,2023-01-22 13:50:30,timothy.cannon081@analytics.example.com
,CAMP-2023-01-000686,Holiday Stock Campaign,Flash Sale,Meta,Partner,organic,DEU,Europe,2023-01-28,2023-02-16,303086.01,94804.63,EUR,733603,57706,6772,2023-01-28 08:12:58,michael.johnson061@platform.example.com
,CAMP-2023-01-000687,Growth Dinner Campaign,Performance,Organic,Meta,affiliate,ITA,Europe,2023-01-28,2023-03-02,342622.39,314844.21,EUR,34793,733,75,2023-01-28 16:11:19,sylvia.diaz107@dataops.example.com
,CAMP-2023-01-000688,Winter Research Campaign,Launch,Organic,CRM,social,MEX,North America,2023-01-20,2023-02-06,93765.43,42988.81,MXN,159543,5764,865,2023-01-20 14:07:49,andrea.cummings039@platform.example.com
,CAMP-2023-01-000689,Summer State Campaign,Brand,Email,CRM,organic,AUS,Oceania,2023-01-31,2023-02-06,344517.63,288269.69,AUD,249698,16356,1388,2023-01-31 03:46:46,kristen.bailey110@analytics.example.com
,CAMP-2023-01-000690,Member Anything Campaign,Flash Sale,Affiliate,CRM,direct,ESP,Europe,2023-01-26,2023-02-02,79087.7,31937.9,EUR,71835,2332,348,2023-01-26 05:41:20,michael.johnson061@platform.example.com
,CAMP-2023-01-000691,Growth Newspaper Campaign,Retention,Google Ads,Partner,organic,BRA,South America,2023-01-10,2023-01-16,100369.57,80555.03,BRL,302836,14983,1590,2023-01-10 10:04:51,ashley.bishop108@dataops.example.com
,CAMP-2023-01-000692,Growth Simply Campaign,Seasonal,Organic,CRM,social,CAN,North America,2023-01-26,2023-02-27,85053.94,82969.78,CAD,45075,2032,171,2023-01-26 04:27:44,michelle.bender024@analytics.example.com
,CAMP-2023-01-000693,Growth Lay Campaign,Launch,Email,Google,direct,NLD,Europe,2023-01-27,2023-02-23,250648.82,152229.56,EUR,653297,29140,3635,2023-01-27 22:00:32,joann.clark089@commerce.example.com
,CAMP-2023-01-000694,Summer Then Campaign,Performance,Organic,CRM,cpc,IND,Asia,2023-01-12,2023-02-07,74848.0,69547.98,INR,32263,783,24,2023-01-12 04:11:03,susan.rice083@commerce.example.com
,CAMP-2023-01-000695,Summer Spend Campaign,Brand,TikTok,Meta,referral,JPN,Asia,2023-01-07,2023-02-05,59286.0,37374.92,JPY,25593,1505,100,2023-01-07 09:45:59,ashley.marks069@commerce.example.com
,CAMP-2023-01-000696,Member Education Campaign,Launch,Email,Meta,cpc,ESP,Europe,2023-01-16,2023-02-11,266556.26,108432.02,EUR,68490,3630,268,2023-01-16 12:35:16,katelyn.pitts017@commerce.example.com
,CAMP-2023-01-000697,Winter Each Campaign,Seasonal,Display,Meta,email,SGP,Asia,2023-01-19,2023-01-29,303914.13,263887.09,SGD,147258,8659,677,2023-01-19 09:30:41,stephen.daniels076@commerce.example.com
,CAMP-2023-01-000698,Winter Skin Campaign,Retention,Affiliate,Partner,affiliate,USA,North America,2023-01-08,2023-01-12,431556.57,427180.63,USD,47783,3435,174,2023-01-08 05:12:17,kevin.mathews014@analytics.example.com
,CAMP-2023-01-000699,Winter Word Campaign,Flash Sale,Meta,Partner,referral,CAN,North America,2023-01-27,2023-02-21,413675.65,399768.83,CAD,52638,1568,32,2023-01-27 11:31:23,david.cabrera119@dataops.example.com
,CAMP-2023-01-000700,Member Part Campaign,Flash Sale,TikTok,Meta,cpc,AUS,Oceania,2023-01-29,2023-02-21,233488.9,101383.25,AUD,98663,5960,613,2023-01-29 13:27:24,james.proctor094@dataops.example.com
,CAMP-2023-01-000701,Winter Recently Campaign,Retention,Display,Google,affiliate,USA,North America,2023-01-20,2023-02-11,168392.14,80385.78,USD,24474,1725,182,2023-01-20 23:19:21,jennifer.bauer068@analytics.example.com
,CAMP-2023-01-000702,Member Sense Campaign,Seasonal,Display,Google,email,NLD,Europe,2023-01-02,2023-01-05,191618.9,142932.79,EUR,265368,19074,935,2023-01-02 15:06:51,susan.rice083@commerce.example.com
,CAMP-2023-01-000703,Back-to-School Many Campaign,Performance,Email,Meta,affiliate,ESP,Europe,2023-01-05,2023-01-17,115013.34,52934.93,EUR,304545,10838,460,2023-01-05 12:48:22,andrew.ellis102@analytics.example.com
,CAMP-2023-01-000704,Back-to-School Country Campaign,Flash Sale,Meta,Meta,social,AUS,Oceania,2023-01-24,2023-02-08,450683.88,453614.99,AUD,458414,26803,3857,2023-01-24 04:53:34,chelsea.patel065@commerce.example.com
,CAMP-2023-01-000705,Growth Network Campaign,Performance,Organic,Google,direct,NLD,Europe,2023-01-19,2023-02-08,249827.05,123776.49,EUR,158504,1981,247,2023-01-19 16:46:01,stephen.daniels076@commerce.example.com
,CAMP-2023-01-000706,Back-to-School Mind Campaign,Seasonal,Affiliate,Google,email,AUS,Oceania,2023-01-25,2023-02-27,194317.98,61456.54,AUD,542721,31339,3054,2023-01-25 01:12:30,sandra.hunter036@platform.example.com
