shipment_record_id,shipment_id,order_id,warehouse_id,country_code,region_name,carrier,shipping_method,shipment_status,shipped_timestamp,estimated_delivery_date,actual_delivery_timestamp,delivery_attempts,delivery_country,created_at,created_by
,SHP-202002-0000000000,ORD-202002-0000000643,WH-00006,ITA,Europe,USPS,Standard,Delivered,2020-02-28 18:33:26,2020-03-01,2020-03-02 21:33:26,1,Singapore,2020-02-28 18:33:26,victor.palmer071@platform.example.com
,SHP-202002-0000000001,ORD-202002-0000000933,WH-00074,IND,Asia,DHL,Pickup,Shipped,2020-02-26 18:19:12,2020-03-04,,1,Mexico,2020-02-26 18:19:12,stephen.daniels076@commerce.example.com
,SHP-202002-0000000002,ORD-202002-0000000166,WH-00077,FRA,Asia,USPS,Express,Delivered,2020-02-04 01:44:21,2020-02-07,2020-02-06 13:44:21,1,United Arab Emirates,2020-02-04 01:44:21,ryan.steele043@commerce.example.com
,SHP-202002-0000000003,ORD-202002-0000001047,WH-00143,MEX,Asia,FedEx,Economy,Delivered,2020-02-21 12:47:40,2020-02-24,2020-03-06 23:47:40,1,Spain,2020-02-21 12:47:40,brandi.carter038@dataops.example.com
,SHP-202002-0000000004,ORD-202002-0000001200,WH-00242,FRA,Asia,UPS,Standard,Delivered,2020-02-29 20:51:07,2020-03-05,2020-03-10 00:51:07,1,Italy,2020-02-29 20:51:07,taylor.cunningham023@commerce.example.com
,SHP-202002-0000000005,ORD-202002-0000002804,WH-00014,USA,Europe,Australia Post,Same Day,Delivered,2020-02-04 16:03:47,2020-02-11,2020-02-10 19:03:47,1,Canada,2020-02-04 16:03:47,micheal.chen050@dataops.example.com
,SHP-202002-0000000006,ORD-202002-0000001039,WH-00074,IND,Asia,Australia Post,Economy,Delivered,2020-02-20 01:50:51,2020-03-01,2020-03-03 01:50:51,1,United Kingdom,2020-02-20 01:50:51,micheal.hall064@dataops.example.com
,SHP-202002-0000000007,ORD-202002-0000001935,WH-00110,ESP,Asia,FedEx,Standard,Delivered,2020-02-11 00:06:58,2020-02-19,2020-02-19 06:06:58,1,France,2020-02-11 00:06:58,eric.horton058@analytics.example.com
,SHP-202002-0000000008,ORD-202002-0000001370,WH-00215,NLD,Asia,FedEx,Pickup,Delivered,2020-02-21 07:45:17,2020-03-02,2020-02-29 16:45:17,1,Brazil,2020-02-21 07:45:17,ashley.marks069@commerce.example.com
,SHP-202002-0000000009,ORD-202002-0000002363,WH-00235,AUS,Europe,UPS,Pickup,Delivered,2020-02-18 19:45:54,2020-02-26,2020-02-26 03:45:54,1,Mexico,2020-02-18 19:45:54,andrea.cummings039@platform.example.com
,SHP-202002-0000000010,ORD-202002-0000000292,WH-00187,SGP,North America,Australia Post,Economy,In Transit,2020-02-02 15:36:32,2020-02-12,,1,United Kingdom,2020-02-02 15:36:32,tina.williams074@commerce.example.com
,SHP-202002-0000000011,ORD-202002-0000001403,WH-00037,FRA,Asia,DPD,Express,In Transit,2020-02-04 09:36:48,2020-02-10,,1,Canada,2020-02-04 09:36:48,james.proctor094@dataops.example.com
,SHP-202002-0000000012,ORD-202002-0000001904,WH-00163,SGP,North America,USPS,Express,In Transit,2020-02-13 21:57:29,2020-02-20,,1,Spain,2020-02-13 21:57:29,kelsey.taylor010@platform.example.com
,SHP-202002-0000000013,ORD-202002-0000000109,WH-00187,SGP,Europe,Royal Mail,Economy,Delivered,2020-02-01 10:49:46,2020-02-04,2020-02-07 17:49:46,1,India,2020-02-01 10:49:46,michelle.sims041@analytics.example.com
,SHP-202002-0000000014,ORD-202002-0000001221,WH-00153,CAN,Asia,Royal Mail,Same Day,Delivered,2020-02-18 16:36:34,2020-02-20,2020-03-02 21:36:34,1,Italy,2020-02-18 16:36:34,micheal.hall064@dataops.example.com
,SHP-202002-0000000015,ORD-202002-0000001259,WH-00197,ESP,Asia,DPD,Standard,Shipped,2020-02-21 04:46:08,2020-03-01,,1,Canada,2020-02-21 04:46:08,brandi.carter038@dataops.example.com
,SHP-202002-0000000016,ORD-202002-0000001262,WH-00187,JPN,Europe,USPS,Pickup,In Transit,2020-02-07 21:15:22,2020-02-10,,1,Germany,2020-02-07 21:15:22,victor.palmer071@platform.example.com
,SHP-202002-0000000017,ORD-202002-0000002430,WH-00005,MEX,North America,USPS,Pickup,Delayed,2020-02-22 13:27:01,2020-02-26,,1,Italy,2020-02-22 13:27:01,megan.cunningham013@commerce.example.com
,SHP-202002-0000000018,ORD-202002-0000002426,WH-00085,DEU,Europe,DHL,Express,Delivered,2020-02-26 07:13:23,2020-03-02,2020-03-05 09:13:23,1,France,2020-02-26 07:13:23,jeffery.miller012@commerce.example.com
,SHP-202002-0000000019,ORD-202002-0000001968,WH-00144,GBR,Europe,UPS,Same Day,Delivered,2020-02-10 15:29:32,2020-02-18,2020-02-12 21:29:32,1,Mexico,2020-02-10 15:29:32,peter.martinez098@platform.example.com
,SHP-202002-0000000020,ORD-202002-0000001624,WH-00115,AUS,Europe,Australia Post,Economy,Delivered,2020-02-21 00:28:58,2020-02-27,2020-03-01 11:28:58,2,Australia,2020-02-21 00:28:58,michael.berger060@platform.example.com
,SHP-202002-0000000021,ORD-202002-0000002586,WH-00124,IND,North America,UPS,Pickup,Delivered,2020-02-20 15:19:31,2020-02-22,2020-02-27 02:19:31,1,Italy,2020-02-20 15:19:31,megan.cunningham013@commerce.example.com
,SHP-202002-0000000022,ORD-202002-0000000888,WH-00215,BRA,Europe,FedEx,Standard,Shipped,2020-02-25 23:28:02,2020-03-05,,4,Brazil,2020-02-25 23:28:02,andrea.cummings039@platform.example.com
,SHP-202002-0000000023,ORD-202002-0000002165,WH-00210,ESP,Europe,USPS,Same Day,Delivered,2020-02-16 12:44:21,2020-02-25,2020-02-24 20:44:21,1,Japan,2020-02-16 12:44:21,joseph.johnson049@dataops.example.com
,SHP-202002-0000000024,ORD-202002-0000001221,WH-00176,ITA,Asia,Royal Mail,Same Day,In Transit,2020-02-21 06:07:41,2020-03-01,,2,United Kingdom,2020-02-21 06:07:41,patrick.gonzalez035@dataops.example.com
,SHP-202002-0000000025,ORD-202002-0000001656,WH-00178,BRA,Europe,DHL,Same Day,Delivered,2020-02-05 05:54:27,2020-02-12,2020-02-10 16:54:27,1,Australia,2020-02-05 05:54:27,ashley.marks069@commerce.example.com
,SHP-202002-0000000026,ORD-202002-0000001152,WH-00139,MEX,North America,FedEx,Express,Returned,2020-02-08 17:06:58,2020-02-14,,1,United Kingdom,2020-02-08 17:06:58,victor.palmer071@platform.example.com
,SHP-202002-0000000027,ORD-202002-0000001587,WH-00215,SGP,Oceania,Australia Post,Standard,Delivered,2020-02-11 13:02:09,2020-02-18,2020-02-19 15:02:09,1,France,2020-02-11 13:02:09,stephen.daniels076@commerce.example.com
,SHP-202002-0000000028,ORD-202002-0000002760,WH-00121,SGP,Oceania,DPD,Same Day,Delivered,2020-02-06 05:15:24,2020-02-09,2020-02-09 06:15:24,1,Germany,2020-02-06 05:15:24,james.proctor094@dataops.example.com
,SHP-202002-0000000029,ORD-202002-0000002380,WH-00232,USA,Asia,Australia Post,Pickup,Delivered,2020-02-22 20:58:43,2020-02-24,2020-02-29 04:58:43,1,Mexico,2020-02-22 20:58:43,james.proctor094@dataops.example.com
,SHP-202002-0000000030,ORD-202002-0000002376,WH-00045,MEX,Europe,USPS,Economy,Delivered,2020-02-15 06:35:53,2020-02-20,2020-02-22 18:35:53,1,Mexico,2020-02-15 06:35:53,peter.martinez098@platform.example.com
,SHP-202002-0000000031,ORD-202002-0000002069,WH-00198,AUS,Oceania,DPD,Economy,Delivered,2020-02-24 19:22:27,2020-02-28,2020-03-08 07:22:27,1,United Kingdom,2020-02-24 19:22:27,ryan.steele043@commerce.example.com
,SHP-202002-0000000032,ORD-202002-0000000391,WH-00073,ARE,Asia,DHL,Standard,Delivered,2020-02-15 15:56:49,2020-02-21,2020-02-17 16:56:49,1,Singapore,2020-02-15 15:56:49,susan.rice083@commerce.example.com
,SHP-202002-0000000033,ORD-202002-0000000336,WH-00113,JPN,North America,DPD,Economy,Delivered,2020-02-19 01:07:35,2020-02-29,2020-02-22 07:07:35,1,Spain,2020-02-19 01:07:35,lance.williams029@platform.example.com
,SHP-202002-0000000034,ORD-202002-0000002642,WH-00014,ARE,Europe,USPS,Standard,Delivered,2020-02-24 16:10:44,2020-03-05,2020-03-02 03:10:44,1,Japan,2020-02-24 16:10:44,ashley.marks069@commerce.example.com
,SHP-202002-0000000035,ORD-202002-0000000675,WH-00010,ARE,Asia,DPD,Standard,Delivered,2020-02-17 09:57:35,2020-02-23,2020-02-25 14:57:35,1,United Kingdom,2020-02-17 09:57:35,micheal.hall064@dataops.example.com
,SHP-202002-0000000036,ORD-202002-0000001099,WH-00137,USA,North America,DHL,Express,In Transit,2020-02-06 16:49:38,2020-02-08,,1,Germany,2020-02-06 16:49:38,michelle.sims041@analytics.example.com
,SHP-202002-0000000037,ORD-202002-0000000033,WH-00079,CAN,Asia,FedEx,Same Day,Delivered,2020-02-07 07:10:06,2020-02-12,2020-02-13 12:10:06,1,India,2020-02-07 07:10:06,stephen.clark001@analytics.example.com
,SHP-202002-0000000038,ORD-202002-0000002714,WH-00221,AUS,Asia,FedEx,Economy,Delivered,2020-02-02 12:50:27,2020-02-06,2020-02-12 14:50:27,1,Mexico,2020-02-02 12:50:27,patrick.gonzalez035@dataops.example.com
,SHP-202002-0000000039,ORD-202002-0000000200,WH-00149,NLD,Europe,USPS,Economy,Shipped,2020-02-12 05:56:21,2020-02-17,,1,Brazil,2020-02-12 05:56:21,victor.palmer071@platform.example.com
,SHP-202002-0000000040,ORD-202002-0000001693,WH-00081,IND,North America,Australia Post,Standard,Shipped,2020-02-14 00:38:32,2020-02-23,,2,Canada,2020-02-14 00:38:32,joseph.johnson049@dataops.example.com
,SHP-202002-0000000041,ORD-202002-0000000542,WH-00023,USA,Europe,FedEx,Express,Delivered,2020-02-19 02:21:30,2020-02-23,2020-02-28 06:21:30,1,United States,2020-02-19 02:21:30,adam.gordon030@commerce.example.com
,SHP-202002-0000000042,ORD-202002-0000002297,WH-00009,NLD,Europe,Australia Post,Economy,Returned,2020-02-09 01:56:18,2020-02-11,,1,Italy,2020-02-09 01:56:18,john.mullins109@commerce.example.com
,SHP-202002-0000000043,ORD-202002-0000001979,WH-00150,ESP,North America,UPS,Express,Shipped,2020-02-14 22:19:19,2020-02-24,,1,United Arab Emirates,2020-02-14 22:19:19,patrick.gonzalez035@dataops.example.com
,SHP-202002-0000000044,ORD-202002-0000001043,WH-00250,GBR,South America,FedEx,Economy,Delivered,2020-02-12 17:07:07,2020-02-17,2020-02-18 22:07:07,1,Brazil,2020-02-12 17:07:07,susan.rice083@commerce.example.com
,SHP-202002-0000000045,ORD-202002-0000000961,WH-00138,ITA,Europe,USPS,Economy,Delivered,2020-02-01 17:38:17,2020-02-07,2020-02-08 17:38:17,1,United Arab Emirates,2020-02-01 17:38:17,eric.horton058@analytics.example.com
,SHP-202002-0000000046,ORD-202002-0000000057,WH-00016,AUS,Europe,Australia Post,Pickup,Delivered,2020-02-13 04:04:11,2020-02-19,2020-02-26 10:04:11,1,Brazil,2020-02-13 04:04:11,micheal.chen050@dataops.example.com
,SHP-202002-0000000047,ORD-202002-0000001317,WH-00100,USA,North America,Australia Post,Express,Delivered,2020-02-28 22:48:22,2020-03-03,2020-03-04 08:48:22,2,United Arab Emirates,2020-02-28 22:48:22,michael.berger060@platform.example.com
,SHP-202002-0000000048,ORD-202002-0000002111,WH-00027,NLD,Asia,Royal Mail,Standard,Delivered,2020-02-13 19:33:49,2020-02-17,2020-02-19 21:33:49,1,Netherlands,2020-02-13 19:33:49,megan.cunningham013@commerce.example.com
,SHP-202002-0000000049,ORD-202002-0000000479,WH-00224,BRA,Asia,UPS,Economy,Shipped,2020-02-26 22:02:28,2020-03-01,,1,United Kingdom,2020-02-26 22:02:28,patrick.gonzalez035@dataops.example.com
,SHP-202002-0000000050,ORD-202002-0000002828,WH-00242,DEU,Asia,UPS,Same Day,Delayed,2020-02-20 01:41:53,2020-02-26,,1,Canada,2020-02-20 01:41:53,andrea.cummings039@platform.example.com
,SHP-202002-0000000051,ORD-202002-0000001701,WH-00196,SGP,North America,Royal Mail,Standard,Delivered,2020-02-06 06:09:42,2020-02-08,2020-02-11 07:09:42,1,Japan,2020-02-06 06:09:42,taylor.cunningham023@commerce.example.com
,SHP-202002-0000000052,ORD-202002-0000000930,WH-00117,AUS,North America,Royal Mail,Standard,In Transit,2020-02-18 11:04:03,2020-02-21,,1,United Arab Emirates,2020-02-18 11:04:03,joseph.johnson049@dataops.example.com
,SHP-202002-0000000053,ORD-202002-0000001753,WH-00215,ARE,Europe,Royal Mail,Pickup,In Transit,2020-02-01 01:57:19,2020-02-08,,1,Singapore,2020-02-01 01:57:19,michelle.sims041@analytics.example.com
,SHP-202002-0000000054,ORD-202002-0000001870,WH-00181,BRA,Europe,UPS,Express,Delivered,2020-02-12 06:14:19,2020-02-20,2020-02-23 06:14:19,1,Mexico,2020-02-12 06:14:19,michael.berger060@platform.example.com
,SHP-202002-0000000055,ORD-202002-0000002509,WH-00163,IND,Europe,DPD,Economy,Returned,2020-02-04 02:24:15,2020-02-06,,1,Germany,2020-02-04 02:24:15,michelle.sims041@analytics.example.com
,SHP-202002-0000000056,ORD-202002-0000001456,WH-00058,AUS,Asia,DPD,Same Day,Delayed,2020-02-16 13:56:44,2020-02-25,,2,United Kingdom,2020-02-16 13:56:44,michael.berger060@platform.example.com
,SHP-202002-0000000057,ORD-202002-0000000458,WH-00249,ESP,North America,DPD,Economy,Returned,2020-02-03 10:53:04,2020-02-06,,1,France,2020-02-03 10:53:04,taylor.cunningham023@commerce.example.com
,SHP-202002-0000000058,ORD-202002-0000002403,WH-00065,DEU,Asia,USPS,Pickup,Delivered,2020-02-26 00:15:26,2020-03-07,2020-03-09 00:15:26,1,Spain,2020-02-26 00:15:26,victor.palmer071@platform.example.com
,SHP-202002-0000000059,ORD-202002-0000001884,WH-00104,BRA,Asia,DPD,Standard,Delivered,2020-02-16 00:52:37,2020-02-23,2020-02-26 00:52:37,1,Canada,2020-02-16 00:52:37,john.mullins109@commerce.example.com
,SHP-202002-0000000060,ORD-202002-0000000431,WH-00249,CAN,Asia,UPS,Pickup,Delivered,2020-02-03 11:39:31,2020-02-12,2020-02-16 15:39:31,1,India,2020-02-03 11:39:31,jeffery.miller012@commerce.example.com
,SHP-202002-0000000061,ORD-202002-0000000042,WH-00005,GBR,Oceania,Australia Post,Express,Delivered,2020-02-28 22:47:09,2020-03-05,2020-03-05 05:47:09,1,Australia,2020-02-28 22:47:09,james.proctor094@dataops.example.com
,SHP-202002-0000000062,ORD-202002-0000001331,WH-00028,IND,Asia,DHL,Economy,Delivered,2020-02-04 08:26:18,2020-02-14,2020-02-15 14:26:18,1,United Arab Emirates,2020-02-04 08:26:18,stephen.clark001@analytics.example.com
,SHP-202002-0000000063,ORD-202002-0000002884,WH-00053,SGP,North America,FedEx,Same Day,Delivered,2020-02-16 10:45:17,2020-02-24,2020-02-25 17:45:17,1,India,2020-02-16 10:45:17,maria.ashley046@analytics.example.com
,SHP-202002-0000000064,ORD-202002-0000000007,WH-00101,MEX,Asia,DHL,Economy,Delivered,2020-02-09 03:51:44,2020-02-12,2020-02-13 07:51:44,1,Mexico,2020-02-09 03:51:44,james.proctor094@dataops.example.com
,SHP-202002-0000000065,ORD-202002-0000002640,WH-00250,USA,Asia,USPS,Economy,Delivered,2020-02-11 00:29:13,2020-02-17,2020-02-19 12:29:13,1,France,2020-02-11 00:29:13,susan.rice083@commerce.example.com
,SHP-202002-0000000066,ORD-202002-0000000407,WH-00127,IND,Asia,Australia Post,Same Day,Delivered,2020-02-04 11:53:10,2020-02-07,2020-02-14 17:53:10,1,Netherlands,2020-02-04 11:53:10,peter.martinez098@platform.example.com
,SHP-202002-0000000067,ORD-202002-0000000253,WH-00143,BRA,Asia,DPD,Same Day,Delivered,2020-02-06 12:30:01,2020-02-13,2020-02-10 22:30:01,1,Singapore,2020-02-06 12:30:01,stephen.clark001@analytics.example.com
,SHP-202002-0000000068,ORD-202002-0000001515,WH-00010,MEX,Asia,UPS,Standard,Delivered,2020-02-09 06:08:03,2020-02-15,2020-02-12 10:08:03,1,France,2020-02-09 06:08:03,stephen.clark001@analytics.example.com
,SHP-202002-0000000069,ORD-202002-0000000445,WH-00207,ESP,Oceania,USPS,Express,Delivered,2020-02-25 20:14:14,2020-02-28,2020-02-29 22:14:14,3,Australia,2020-02-25 20:14:14,david.cabrera119@dataops.example.com
,SHP-202002-0000000070,ORD-202002-0000001558,WH-00131,NLD,North America,DPD,Express,Delivered,2020-02-22 00:42:54,2020-03-01,2020-02-25 06:42:54,1,Canada,2020-02-22 00:42:54,john.mullins109@commerce.example.com
,SHP-202002-0000000071,ORD-202002-0000001669,WH-00136,ITA,Europe,Australia Post,Standard,Delivered,2020-02-25 04:27:36,2020-03-02,2020-02-29 08:27:36,1,Canada,2020-02-25 04:27:36,ashley.marks069@commerce.example.com
,SHP-202002-0000000072,ORD-202002-0000002457,WH-00052,IND,Europe,DHL,Same Day,In Transit,2020-02-10 09:43:15,2020-02-20,,1,Japan,2020-02-10 09:43:15,tina.williams074@commerce.example.com
,SHP-202002-0000000073,ORD-202002-0000000451,WH-00047,AUS,Europe,DHL,Standard,Delivered,2020-02-23 17:48:23,2020-02-25,2020-03-07 20:48:23,2,Italy,2020-02-23 17:48:23,joseph.johnson049@dataops.example.com
,SHP-202002-0000000074,ORD-202002-0000000827,WH-00223,AUS,Europe,DHL,Economy,Delivered,2020-02-20 15:54:56,2020-02-27,2020-02-24 03:54:56,1,Australia,2020-02-20 15:54:56,andrea.cummings039@platform.example.com
,SHP-202002-0000000075,ORD-202002-0000001313,WH-00154,SGP,Asia,Australia Post,Standard,Shipped,2020-02-08 21:45:30,2020-02-14,,1,India,2020-02-08 21:45:30,kelsey.taylor010@platform.example.com
,SHP-202002-0000000076,ORD-202002-0000001585,WH-00215,BRA,Asia,Australia Post,Pickup,Shipped,2020-02-15 01:27:09,2020-02-24,,1,Brazil,2020-02-15 01:27:09,michael.johnson061@platform.example.com
,SHP-202002-0000000077,ORD-202002-0000001120,WH-00022,FRA,Asia,Australia Post,Standard,Delivered,2020-02-05 18:30:43,2020-02-09,2020-02-09 18:30:43,1,Brazil,2020-02-05 18:30:43,micheal.chen050@dataops.example.com
,SHP-202002-0000000078,ORD-202002-0000000120,WH-00206,JPN,Europe,UPS,Same Day,Delivered,2020-02-07 11:06:04,2020-02-14,2020-02-18 16:06:04,2,Mexico,2020-02-07 11:06:04,adam.gordon030@commerce.example.com
,SHP-202002-0000000079,ORD-202002-0000000323,WH-00197,USA,Asia,Royal Mail,Standard,Shipped,2020-02-28 19:38:53,2020-03-08,,1,Australia,2020-02-28 19:38:53,michael.berger060@platform.example.com
,SHP-202002-0000000080,ORD-202002-0000001472,WH-00045,USA,Asia,Australia Post,Express,Delivered,2020-02-25 22:32:09,2020-02-27,2020-03-10 02:32:09,1,United Arab Emirates,2020-02-25 22:32:09,jennifer.bauer068@analytics.example.com
,SHP-202002-0000000081,ORD-202002-0000001881,WH-00133,AUS,Europe,Royal Mail,Pickup,Delivered,2020-02-27 04:18:44,2020-03-04,2020-03-02 08:18:44,1,Netherlands,2020-02-27 04:18:44,michael.johnson061@platform.example.com
,SHP-202002-0000000082,ORD-202002-0000000382,WH-00134,CAN,Oceania,UPS,Pickup,Delivered,2020-02-23 02:32:57,2020-02-26,2020-03-04 08:32:57,1,Australia,2020-02-23 02:32:57,ryan.steele043@commerce.example.com
,SHP-202002-0000000083,ORD-202002-0000002636,WH-00040,SGP,Europe,Australia Post,Pickup,Delivered,2020-02-04 23:18:48,2020-02-11,2020-02-12 08:18:48,2,India,2020-02-04 23:18:48,lance.williams029@platform.example.com
,SHP-202002-0000000084,ORD-202002-0000002411,WH-00014,FRA,Europe,FedEx,Same Day,Delivered,2020-02-23 21:44:44,2020-02-28,2020-02-26 05:44:44,1,Australia,2020-02-23 21:44:44,adam.gordon030@commerce.example.com
,SHP-202002-0000000085,ORD-202002-0000000646,WH-00023,SGP,South America,UPS,Economy,Delivered,2020-02-08 10:40:24,2020-02-16,2020-02-10 20:40:24,1,United States,2020-02-08 10:40:24,taylor.cunningham023@commerce.example.com
,SHP-202002-0000000086,ORD-202002-0000002736,WH-00134,AUS,North America,DPD,Express,Delivered,2020-02-19 21:23:12,2020-02-29,2020-02-24 06:23:12,1,United Arab Emirates,2020-02-19 21:23:12,kelsey.taylor010@platform.example.com
,SHP-202002-0000000087,ORD-202002-0000000095,WH-00080,USA,North America,FedEx,Same Day,Delivered,2020-02-19 13:48:05,2020-02-25,2020-02-23 18:48:05,1,United States,2020-02-19 13:48:05,james.proctor094@dataops.example.com
,SHP-202002-0000000088,ORD-202002-0000002240,WH-00183,ARE,Asia,Australia Post,Express,Delivered,2020-02-29 08:58:18,2020-03-02,2020-03-08 12:58:18,2,Canada,2020-02-29 08:58:18,jennifer.hudson020@analytics.example.com
,SHP-202002-0000000089,ORD-202002-0000002475,WH-00091,FRA,Europe,DPD,Economy,Delivered,2020-02-21 15:49:56,2020-02-29,2020-03-02 17:49:56,1,Mexico,2020-02-21 15:49:56,brandi.carter038@dataops.example.com
,SHP-202002-0000000090,ORD-202002-0000000024,WH-00127,BRA,Asia,Royal Mail,Same Day,Delivered,2020-02-19 17:48:35,2020-02-25,2020-02-27 18:48:35,1,Italy,2020-02-19 17:48:35,kelsey.taylor010@platform.example.com
,SHP-202002-0000000091,ORD-202002-0000001144,WH-00226,ITA,Asia,DPD,Economy,Delivered,2020-02-22 05:14:54,2020-02-27,2020-02-27 06:14:54,1,Italy,2020-02-22 05:14:54,peter.martinez098@platform.example.com
,SHP-202002-0000000092,ORD-202002-0000001698,WH-00220,AUS,Europe,Australia Post,Express,Returned,2020-02-05 13:40:49,2020-02-10,,1,Germany,2020-02-05 13:40:49,taylor.cunningham023@commerce.example.com
,SHP-202002-0000000093,ORD-202002-0000001014,WH-00024,DEU,Asia,UPS,Standard,Delivered,2020-02-13 15:32:05,2020-02-17,2020-02-23 02:32:05,1,Mexico,2020-02-13 15:32:05,ryan.steele043@commerce.example.com
,SHP-202002-0000000094,ORD-202002-0000002842,WH-00218,MEX,Europe,Australia Post,Standard,Delivered,2020-02-18 23:38:35,2020-02-27,2020-03-04 03:38:35,1,Brazil,2020-02-18 23:38:35,david.cabrera119@dataops.example.com
,SHP-202002-0000000095,ORD-202002-0000002210,WH-00214,FRA,North America,DPD,Same Day,Delivered,2020-02-05 09:54:05,2020-02-11,2020-02-16 18:54:05,2,Mexico,2020-02-05 09:54:05,ryan.steele043@commerce.example.com
,SHP-202002-0000000096,ORD-202002-0000002126,WH-00020,JPN,North America,DPD,Economy,Delayed,2020-02-23 13:14:20,2020-02-26,,1,Italy,2020-02-23 13:14:20,eric.horton058@analytics.example.com
,SHP-202002-0000000097,ORD-202002-0000000369,WH-00074,ITA,Europe,FedEx,Pickup,Delayed,2020-02-07 18:19:50,2020-02-14,,3,United States,2020-02-07 18:19:50,joseph.johnson049@dataops.example.com
,SHP-202002-0000000098,ORD-202002-0000002634,WH-00095,ESP,Asia,Royal Mail,Same Day,Delayed,2020-02-29 20:56:23,2020-03-10,,3,Germany,2020-02-29 20:56:23,tina.williams074@commerce.example.com
,SHP-202002-0000000099,ORD-202002-0000001691,WH-00151,USA,Asia,DHL,Express,Delivered,2020-02-25 22:37:32,2020-03-01,2020-02-28 04:37:32,1,United States,2020-02-25 22:37:32,jeffery.miller012@commerce.example.com
,SHP-202002-0000000100,ORD-202002-0000002305,WH-00163,FRA,North America,Australia Post,Standard,Delivered,2020-02-05 21:02:45,2020-02-07,2020-02-09 04:02:45,1,Australia,2020-02-05 21:02:45,john.mullins109@commerce.example.com
,SHP-202002-0000000101,ORD-202002-0000001096,WH-00059,USA,North America,FedEx,Express,Delivered,2020-02-14 12:57:30,2020-02-17,2020-02-28 13:57:30,1,France,2020-02-14 12:57:30,patrick.gonzalez035@dataops.example.com
,SHP-202002-0000000102,ORD-202002-0000001066,WH-00155,NLD,Europe,UPS,Standard,Delivered,2020-02-06 07:54:23,2020-02-11,2020-02-11 12:54:23,2,Netherlands,2020-02-06 07:54:23,peter.martinez098@platform.example.com
,SHP-202002-0000000103,ORD-202002-0000002254,WH-00136,USA,Asia,FedEx,Express,Delayed,2020-02-24 02:16:28,2020-03-03,,1,Spain,2020-02-24 02:16:28,ryan.steele043@commerce.example.com
,SHP-202002-0000000104,ORD-202002-0000001520,WH-00138,ESP,North America,Royal Mail,Same Day,Delivered,2020-02-07 16:37:39,2020-02-10,2020-02-15 02:37:39,1,United States,2020-02-07 16:37:39,eric.horton058@analytics.example.com
,SHP-202002-0000000105,ORD-202002-0000001229,WH-00198,CAN,North America,DPD,Economy,In Transit,2020-02-19 03:47:34,2020-02-26,,1,India,2020-02-19 03:47:34,jennifer.hudson020@analytics.example.com
,SHP-202002-0000000106,ORD-202002-0000002021,WH-00112,FRA,Europe,USPS,Standard,In Transit,2020-02-04 03:16:56,2020-02-08,,1,Italy,2020-02-04 03:16:56,maria.ashley046@analytics.example.com
,SHP-202002-0000000107,ORD-202002-0000001353,WH-00204,ESP,Oceania,Australia Post,Economy,Delivered,2020-02-09 09:13:02,2020-02-11,2020-02-22 13:13:02,3,United States,2020-02-09 09:13:02,michael.johnson061@platform.example.com
,SHP-202002-0000000108,ORD-202002-0000001543,WH-00198,GBR,South America,Royal Mail,Pickup,Delivered,2020-02-06 14:30:08,2020-02-14,2020-02-13 16:30:08,1,Italy,2020-02-06 14:30:08,michelle.sims041@analytics.example.com
,SHP-202002-0000000109,ORD-202002-0000000379,WH-00179,ARE,Asia,DPD,Standard,Delivered,2020-02-01 06:48:57,2020-02-09,2020-02-10 06:48:57,1,France,2020-02-01 06:48:57,michelle.bender024@analytics.example.com
,SHP-202002-0000000110,ORD-202002-0000001263,WH-00053,FRA,North America,DHL,Economy,Delivered,2020-02-09 13:53:06,2020-02-14,2020-02-20 20:53:06,1,United Kingdom,2020-02-09 13:53:06,peter.martinez098@platform.example.com
,SHP-202002-0000000111,ORD-202002-0000000878,WH-00187,ARE,Europe,Australia Post,Standard,Delivered,2020-02-03 01:46:35,2020-02-12,2020-02-07 06:46:35,1,United Kingdom,2020-02-03 01:46:35,michael.berger060@platform.example.com
,SHP-202002-0000000112,ORD-202002-0000002632,WH-00043,NLD,Europe,DPD,Express,Delivered,2020-02-20 14:14:41,2020-02-25,2020-02-27 20:14:41,1,Mexico,2020-02-20 14:14:41,megan.cunningham013@commerce.example.com
,SHP-202002-0000000113,ORD-202002-0000001371,WH-00188,USA,Asia,USPS,Pickup,Delivered,2020-02-11 20:58:50,2020-02-16,2020-02-16 06:58:50,1,United Kingdom,2020-02-11 20:58:50,jennifer.hudson020@analytics.example.com
,SHP-202002-0000000114,ORD-202002-0000002101,WH-00072,JPN,Europe,USPS,Standard,Delivered,2020-02-26 07:48:06,2020-03-06,2020-02-29 09:48:06,2,Germany,2020-02-26 07:48:06,david.cabrera119@dataops.example.com
,SHP-202002-0000000115,ORD-202002-0000002323,WH-00044,NLD,Asia,DHL,Pickup,Delivered,2020-02-12 18:47:37,2020-02-14,2020-02-26 03:47:37,1,India,2020-02-12 18:47:37,joseph.johnson049@dataops.example.com
,SHP-202002-0000000116,ORD-202002-0000001467,WH-00222,MEX,North America,Australia Post,Economy,Returned,2020-02-27 23:15:31,2020-03-02,,1,Spain,2020-02-27 23:15:31,susan.rice083@commerce.example.com
,SHP-202002-0000000117,ORD-202002-0000000986,WH-00189,BRA,Asia,Australia Post,Same Day,Delayed,2020-02-05 13:43:48,2020-02-15,,1,United Arab Emirates,2020-02-05 13:43:48,michael.johnson061@platform.example.com
,SHP-202002-0000000118,ORD-202002-0000001461,WH-00015,ARE,South America,FedEx,Express,Delivered,2020-02-05 05:41:41,2020-02-13,2020-02-12 06:41:41,1,Australia,2020-02-05 05:41:41,susan.rice083@commerce.example.com
,SHP-202002-0000000119,ORD-202002-0000002795,WH-00108,GBR,Europe,Royal Mail,Pickup,Delivered,2020-02-27 13:57:33,2020-03-04,2020-03-09 15:57:33,2,Spain,2020-02-27 13:57:33,eric.horton058@analytics.example.com
,SHP-202002-0000000120,ORD-202002-0000001511,WH-00224,ARE,North America,Royal Mail,Economy,Delivered,2020-02-17 02:32:13,2020-02-21,2020-03-02 06:32:13,1,Italy,2020-02-17 02:32:13,micheal.chen050@dataops.example.com
,SHP-202002-0000000121,ORD-202002-0000000301,WH-00127,IND,Asia,USPS,Express,Delayed,2020-02-21 12:45:48,2020-02-25,,1,Japan,2020-02-21 12:45:48,james.proctor094@dataops.example.com
,SHP-202002-0000000122,ORD-202002-0000000964,WH-00030,CAN,Asia,Royal Mail,Express,In Transit,2020-02-21 08:14:30,2020-02-23,,1,Japan,2020-02-21 08:14:30,lance.williams029@platform.example.com
,SHP-202002-0000000123,ORD-202002-0000000431,WH-00202,SGP,Europe,DHL,Economy,Delivered,2020-02-26 11:17:27,2020-03-07,2020-03-04 14:17:27,2,Brazil,2020-02-26 11:17:27,brandi.carter038@dataops.example.com
,SHP-202002-0000000124,ORD-202002-0000000813,WH-00186,DEU,Asia,DHL,Standard,Delivered,2020-02-29 03:29:14,2020-03-08,2020-03-08 07:29:14,1,Australia,2020-02-29 03:29:14,ashley.marks069@commerce.example.com
,SHP-202002-0000000125,ORD-202002-0000002321,WH-00031,ITA,North America,FedEx,Same Day,Delivered,2020-02-11 06:48:19,2020-02-20,2020-02-13 13:48:19,1,Australia,2020-02-11 06:48:19,ashley.marks069@commerce.example.com
,SHP-202002-0000000126,ORD-202002-0000002067,WH-00195,USA,South America,FedEx,Same Day,Delivered,2020-02-19 15:22:58,2020-02-21,2020-03-03 22:22:58,2,Mexico,2020-02-19 15:22:58,joseph.johnson049@dataops.example.com
,SHP-202002-0000000127,ORD-202002-0000000518,WH-00077,MEX,Europe,UPS,Same Day,Shipped,2020-02-13 02:22:27,2020-02-20,,2,Canada,2020-02-13 02:22:27,andrea.cummings039@platform.example.com
,SHP-202002-0000000128,ORD-202002-0000002482,WH-00058,NLD,Europe,UPS,Standard,Delivered,2020-02-12 04:11:42,2020-02-14,2020-02-17 16:11:42,1,Brazil,2020-02-12 04:11:42,eric.horton058@analytics.example.com
,SHP-202002-0000000129,ORD-202002-0000000485,WH-00058,ESP,North America,DHL,Pickup,Delivered,2020-02-09 12:43:34,2020-02-14,2020-02-16 20:43:34,1,Netherlands,2020-02-09 12:43:34,ryan.steele043@commerce.example.com
,SHP-202002-0000000130,ORD-202002-0000001514,WH-00086,JPN,Europe,UPS,Pickup,Delivered,2020-02-28 13:32:30,2020-03-02,2020-03-02 19:32:30,2,Australia,2020-02-28 13:32:30,stephen.daniels076@commerce.example.com
,SHP-202002-0000000131,ORD-202002-0000000538,WH-00049,NLD,South America,Australia Post,Pickup,Delivered,2020-02-22 20:39:40,2020-02-29,2020-03-07 21:39:40,3,Italy,2020-02-22 20:39:40,micheal.chen050@dataops.example.com
,SHP-202002-0000000132,ORD-202002-0000000476,WH-00193,NLD,North America,USPS,Economy,Delivered,2020-02-03 15:38:27,2020-02-07,2020-02-14 03:38:27,1,Netherlands,2020-02-03 15:38:27,adam.gordon030@commerce.example.com
,SHP-202002-0000000133,ORD-202002-0000002192,WH-00085,CAN,Asia,DHL,Economy,Delivered,2020-02-05 18:39:06,2020-02-12,2020-02-20 06:39:06,1,Italy,2020-02-05 18:39:06,ashley.marks069@commerce.example.com
,SHP-202002-0000000134,ORD-202002-0000000254,WH-00053,GBR,Oceania,Australia Post,Pickup,Delivered,2020-02-20 21:31:31,2020-02-26,2020-02-27 09:31:31,1,Brazil,2020-02-20 21:31:31,andrea.cummings039@platform.example.com
,SHP-202002-0000000135,ORD-202002-0000001378,WH-00169,MEX,North America,USPS,Express,Delivered,2020-02-05 17:54:18,2020-02-14,2020-02-15 21:54:18,1,United Kingdom,2020-02-05 17:54:18,jeffery.miller012@commerce.example.com
,SHP-202002-0000000136,ORD-202002-0000001731,WH-00149,DEU,North America,UPS,Express,Delivered,2020-02-19 08:34:51,2020-02-21,2020-02-26 15:34:51,2,Australia,2020-02-19 08:34:51,michael.berger060@platform.example.com
,SHP-202002-0000000137,ORD-202002-0000002487,WH-00006,DEU,Europe,FedEx,Same Day,Delivered,2020-02-05 02:49:24,2020-02-07,2020-02-17 10:49:24,1,Australia,2020-02-05 02:49:24,micheal.hall064@dataops.example.com
,SHP-202002-0000000138,ORD-202002-0000000035,WH-00027,ESP,Europe,USPS,Express,Delivered,2020-02-11 03:31:58,2020-02-14,2020-02-14 03:31:58,1,Brazil,2020-02-11 03:31:58,eric.horton058@analytics.example.com
,SHP-202002-0000000139,ORD-202002-0000001121,WH-00200,AUS,South America,DHL,Express,Shipped,2020-02-06 19:46:58,2020-02-15,,1,Canada,2020-02-06 19:46:58,joseph.johnson049@dataops.example.com
,SHP-202002-0000000140,ORD-202002-0000001493,WH-00211,ARE,North America,FedEx,Pickup,Shipped,2020-02-15 16:53:39,2020-02-19,,1,Spain,2020-02-15 16:53:39,micheal.chen050@dataops.example.com
,SHP-202002-0000000141,ORD-202002-0000000190,WH-00191,CAN,North America,DHL,Economy,Delivered,2020-02-26 19:46:22,2020-02-28,2020-03-09 23:46:22,1,Spain,2020-02-26 19:46:22,lance.williams029@platform.example.com
,SHP-202002-0000000142,ORD-202002-0000002523,WH-00012,BRA,Oceania,USPS,Economy,Delivered,2020-02-06 13:37:46,2020-02-15,2020-02-10 23:37:46,1,United Kingdom,2020-02-06 13:37:46,micheal.hall064@dataops.example.com
,SHP-202002-0000000143,ORD-202002-0000000633,WH-00029,DEU,Europe,USPS,Economy,Delivered,2020-02-08 09:24:06,2020-02-15,2020-02-17 14:24:06,1,Brazil,2020-02-08 09:24:06,michael.berger060@platform.example.com
,SHP-202002-0000000144,ORD-202002-0000001458,WH-00226,BRA,Europe,FedEx,Same Day,Delivered,2020-02-09 03:36:52,2020-02-14,2020-02-17 10:36:52,1,Mexico,2020-02-09 03:36:52,michael.berger060@platform.example.com
,SHP-202002-0000000145,ORD-202002-0000001655,WH-00015,SGP,Europe,DHL,Pickup,Delivered,2020-02-12 15:56:10,2020-02-17,2020-02-22 20:56:10,1,India,2020-02-12 15:56:10,micheal.hall064@dataops.example.com
,SHP-202002-0000000146,ORD-202002-0000000580,WH-00142,CAN,Europe,Royal Mail,Pickup,Delivered,2020-02-27 04:28:32,2020-03-02,2020-03-10 11:28:32,2,Mexico,2020-02-27 04:28:32,joseph.johnson049@dataops.example.com
,SHP-202002-0000000147,ORD-202002-0000002658,WH-00182,ARE,South America,Royal Mail,Pickup,Delivered,2020-02-18 04:11:37,2020-02-26,2020-02-23 06:11:37,1,Netherlands,2020-02-18 04:11:37,jennifer.bauer068@analytics.example.com
,SHP-202002-0000000148,ORD-202002-0000000379,WH-00024,CAN,Europe,Royal Mail,Same Day,Delivered,2020-02-13 08:49:34,2020-02-23,2020-02-19 09:49:34,1,Brazil,2020-02-13 08:49:34,joseph.johnson049@dataops.example.com
,SHP-202002-0000000149,ORD-202002-0000000266,WH-00125,GBR,North America,DHL,Standard,Delayed,2020-02-16 03:56:22,2020-02-24,,1,Australia,2020-02-16 03:56:22,joseph.johnson049@dataops.example.com
,SHP-202002-0000000150,ORD-202002-0000000751,WH-00163,ARE,South America,Royal Mail,Pickup,Delivered,2020-02-15 11:29:35,2020-02-17,2020-02-24 18:29:35,2,United Arab Emirates,2020-02-15 11:29:35,james.proctor094@dataops.example.com
,SHP-202002-0000000151,ORD-202002-0000001966,WH-00083,CAN,North America,DPD,Express,Delivered,2020-02-25 08:17:13,2020-03-05,2020-03-10 20:17:13,3,Canada,2020-02-25 08:17:13,michael.johnson061@platform.example.com
,SHP-202002-0000000152,ORD-202002-0000000946,WH-00185,SGP,Asia,USPS,Standard,Delivered,2020-02-10 02:57:24,2020-02-18,2020-02-13 04:57:24,1,France,2020-02-10 02:57:24,victor.palmer071@platform.example.com
,SHP-202002-0000000153,ORD-202002-0000000622,WH-00191,BRA,North America,UPS,Pickup,Delivered,2020-02-08 05:22:58,2020-02-11,2020-02-18 07:22:58,1,Australia,2020-02-08 05:22:58,micheal.chen050@dataops.example.com
,SHP-202002-0000000154,ORD-202002-0000000435,WH-00011,ESP,Europe,FedEx,Economy,In Transit,2020-02-22 01:42:51,2020-02-25,,1,Italy,2020-02-22 01:42:51,peter.martinez098@platform.example.com
,SHP-202002-0000000155,ORD-202002-0000000536,WH-00242,CAN,Europe,Australia Post,Economy,Delivered,2020-02-22 13:18:54,2020-02-28,2020-02-29 16:18:54,2,India,2020-02-22 13:18:54,ashley.marks069@commerce.example.com
,SHP-202002-0000000156,ORD-202002-0000001797,WH-00093,MEX,Europe,USPS,Same Day,Delivered,2020-02-08 16:50:57,2020-02-13,2020-02-20 21:50:57,1,Mexico,2020-02-08 16:50:57,michael.berger060@platform.example.com
,SHP-202002-0000000157,ORD-202002-0000000332,WH-00023,USA,Europe,DHL,Same Day,Delivered,2020-02-18 03:48:28,2020-02-28,2020-02-29 09:48:28,1,Japan,2020-02-18 03:48:28,lance.williams029@platform.example.com
,SHP-202002-0000000158,ORD-202002-0000001518,WH-00075,AUS,Europe,DHL,Express,Delivered,2020-02-19 11:14:19,2020-02-28,2020-02-26 20:14:19,1,Germany,2020-02-19 11:14:19,maria.ashley046@analytics.example.com
,SHP-202002-0000000159,ORD-202002-0000001840,WH-00032,NLD,Europe,FedEx,Express,Delivered,2020-02-01 00:41:25,2020-02-06,2020-02-06 07:41:25,1,India,2020-02-01 00:41:25,andrea.cummings039@platform.example.com
,SHP-202002-0000000160,ORD-202002-0000000017,WH-00077,USA,North America,USPS,Standard,Delivered,2020-02-14 17:00:43,2020-02-19,2020-02-24 03:00:43,2,United States,2020-02-14 17:00:43,andrea.cummings039@platform.example.com
,SHP-202002-0000000161,ORD-202002-0000002566,WH-00205,BRA,Europe,Royal Mail,Express,Delivered,2020-02-10 16:37:21,2020-02-16,2020-02-24 00:37:21,1,Japan,2020-02-10 16:37:21,ashley.marks069@commerce.example.com
,SHP-202002-0000000162,ORD-202002-0000002274,WH-00164,MEX,Europe,DPD,Express,Delivered,2020-02-20 21:01:00,2020-02-29,2020-02-23 22:01:00,1,United Kingdom,2020-02-20 21:01:00,david.cabrera119@dataops.example.com
,SHP-202002-0000000163,ORD-202002-0000000818,WH-00046,USA,Oceania,USPS,Pickup,Delayed,2020-02-02 20:47:11,2020-02-05,,1,India,2020-02-02 20:47:11,jennifer.bauer068@analytics.example.com
,SHP-202002-0000000164,ORD-202002-0000000464,WH-00139,IND,Europe,DPD,Pickup,Delivered,2020-02-22 23:00:37,2020-02-29,2020-03-03 08:00:37,1,Brazil,2020-02-22 23:00:37,adam.gordon030@commerce.example.com
,SHP-202002-0000000165,ORD-202002-0000000292,WH-00019,DEU,Europe,UPS,Pickup,Delivered,2020-02-14 11:32:56,2020-02-19,2020-02-20 23:32:56,1,Italy,2020-02-14 11:32:56,patrick.gonzalez035@dataops.example.com
,SHP-202002-0000000166,ORD-202002-0000002209,WH-00193,GBR,North America,UPS,Economy,In Transit,2020-02-02 18:11:27,2020-02-10,,1,United Arab Emirates,2020-02-02 18:11:27,andrea.cummings039@platform.example.com
,SHP-202002-0000000167,ORD-202002-0000000302,WH-00158,IND,Europe,USPS,Express,Delivered,2020-02-26 01:22:28,2020-03-01,2020-03-11 05:22:28,1,Japan,2020-02-26 01:22:28,maria.ashley046@analytics.example.com
,SHP-202002-0000000168,ORD-202002-0000000674,WH-00030,USA,Asia,DPD,Standard,Delivered,2020-02-26 04:05:37,2020-03-04,2020-03-05 15:05:37,1,Italy,2020-02-26 04:05:37,david.cabrera119@dataops.example.com
,SHP-202002-0000000169,ORD-202002-0000001139,WH-00091,MEX,Europe,Royal Mail,Standard,Returned,2020-02-03 22:56:02,2020-02-11,,1,India,2020-02-03 22:56:02,eric.horton058@analytics.example.com
,SHP-202002-0000000170,ORD-202002-0000000826,WH-00090,DEU,Europe,Royal Mail,Pickup,Delivered,2020-02-26 11:02:02,2020-03-02,2020-03-02 22:02:02,1,Mexico,2020-02-26 11:02:02,adam.gordon030@commerce.example.com
,SHP-202002-0000000171,ORD-202002-0000002904,WH-00151,GBR,Europe,Royal Mail,Pickup,Delayed,2020-02-19 09:10:49,2020-02-27,,1,United Arab Emirates,2020-02-19 09:10:49,maria.ashley046@analytics.example.com
,SHP-202002-0000000172,ORD-202002-0000000597,WH-00242,GBR,Oceania,DPD,Express,Delivered,2020-02-28 21:24:32,2020-03-09,2020-03-08 05:24:32,1,Spain,2020-02-28 21:24:32,megan.cunningham013@commerce.example.com
,SHP-202002-0000000173,ORD-202002-0000002387,WH-00141,BRA,Europe,UPS,Standard,Delivered,2020-02-12 19:47:58,2020-02-21,2020-02-16 06:47:58,1,Spain,2020-02-12 19:47:58,megan.cunningham013@commerce.example.com
,SHP-202002-0000000174,ORD-202002-0000001716,WH-00082,MEX,Europe,DHL,Pickup,Delivered,2020-02-17 22:57:06,2020-02-22,2020-03-02 02:57:06,2,Spain,2020-02-17 22:57:06,andrea.cummings039@platform.example.com
,SHP-202002-0000000175,ORD-202002-0000000887,WH-00121,MEX,North America,UPS,Pickup,Delivered,2020-02-28 22:39:34,2020-03-04,2020-03-05 22:39:34,2,Germany,2020-02-28 22:39:34,victor.palmer071@platform.example.com
,SHP-202002-0000000176,ORD-202002-0000001073,WH-00012,BRA,Europe,DHL,Express,Shipped,2020-02-03 18:52:19,2020-02-05,,1,Italy,2020-02-03 18:52:19,david.cabrera119@dataops.example.com
,SHP-202002-0000000177,ORD-202002-0000001679,WH-00110,IND,Europe,FedEx,Economy,Delivered,2020-02-09 17:03:53,2020-02-18,2020-02-13 19:03:53,1,France,2020-02-09 17:03:53,james.proctor094@dataops.example.com
,SHP-202002-0000000178,ORD-202002-0000002645,WH-00044,BRA,Europe,USPS,Standard,Delivered,2020-02-09 00:06:48,2020-02-11,2020-02-21 05:06:48,3,United Kingdom,2020-02-09 00:06:48,jennifer.bauer068@analytics.example.com
,SHP-202002-0000000179,ORD-202002-0000000457,WH-00052,BRA,Europe,UPS,Economy,In Transit,2020-02-29 13:19:45,2020-03-08,,2,United Kingdom,2020-02-29 13:19:45,david.cabrera119@dataops.example.com
,SHP-202002-0000000180,ORD-202002-0000000001,WH-00194,SGP,Asia,USPS,Economy,Delivered,2020-02-15 01:33:43,2020-02-20,2020-02-29 11:33:43,3,India,2020-02-15 01:33:43,jeffery.miller012@commerce.example.com
,SHP-202002-0000000181,ORD-202002-0000000827,WH-00195,MEX,Europe,Royal Mail,Express,Delivered,2020-02-07 23:21:14,2020-02-16,2020-02-10 00:21:14,2,Canada,2020-02-07 23:21:14,lance.williams029@platform.example.com
,SHP-202002-0000000182,ORD-202002-0000001021,WH-00089,ITA,Oceania,UPS,Economy,In Transit,2020-02-18 19:52:03,2020-02-21,,1,Australia,2020-02-18 19:52:03,micheal.hall064@dataops.example.com
,SHP-202002-0000000183,ORD-202002-0000002651,WH-00027,BRA,Asia,UPS,Express,Delivered,2020-02-09 14:14:44,2020-02-17,2020-02-14 02:14:44,1,Singapore,2020-02-09 14:14:44,john.mullins109@commerce.example.com
,SHP-202002-0000000184,ORD-202002-0000001275,WH-00168,USA,Europe,FedEx,Same Day,In Transit,2020-02-20 14:03:23,2020-02-29,,1,United Arab Emirates,2020-02-20 14:03:23,lance.williams029@platform.example.com
,SHP-202002-0000000185,ORD-202002-0000001429,WH-00005,DEU,Asia,USPS,Economy,Delivered,2020-02-02 08:50:19,2020-02-07,2020-02-08 09:50:19,1,Italy,2020-02-02 08:50:19,michelle.bender024@analytics.example.com
,SHP-202002-0000000186,ORD-202002-0000000836,WH-00082,USA,North America,DPD,Standard,Delivered,2020-02-01 07:30:35,2020-02-06,2020-02-09 10:30:35,3,Japan,2020-02-01 07:30:35,michelle.bender024@analytics.example.com
,SHP-202002-0000000187,ORD-202002-0000000665,WH-00114,IND,Europe,FedEx,Same Day,Delivered,2020-02-21 03:55:09,2020-02-23,2020-02-23 09:55:09,1,Japan,2020-02-21 03:55:09,tina.williams074@commerce.example.com
,SHP-202002-0000000188,ORD-202002-0000002552,WH-00154,NLD,North America,Australia Post,Same Day,Delivered,2020-02-10 12:39:45,2020-02-13,2020-02-23 20:39:45,1,United Arab Emirates,2020-02-10 12:39:45,micheal.hall064@dataops.example.com
,SHP-202002-0000000189,ORD-202002-0000001997,WH-00125,FRA,Europe,UPS,Same Day,In Transit,2020-02-01 01:22:44,2020-02-11,,2,Germany,2020-02-01 01:22:44,eric.horton058@analytics.example.com
,SHP-202002-0000000190,ORD-202002-0000002882,WH-00038,SGP,Asia,USPS,Same Day,Delivered,2020-02-12 00:17:42,2020-02-14,2020-02-26 12:17:42,1,Australia,2020-02-12 00:17:42,john.mullins109@commerce.example.com
,SHP-202002-0000000191,ORD-202002-0000001671,WH-00003,MEX,Europe,USPS,Express,Delivered,2020-02-29 23:20:38,2020-03-10,2020-03-05 01:20:38,1,Canada,2020-02-29 23:20:38,susan.rice083@commerce.example.com
,SHP-202002-0000000192,ORD-202002-0000001072,WH-00023,NLD,North America,Royal Mail,Economy,Delivered,2020-02-05 15:17:11,2020-02-15,2020-02-11 03:17:11,1,Netherlands,2020-02-05 15:17:11,tina.williams074@commerce.example.com
,SHP-202002-0000000193,ORD-202002-0000000170,WH-00176,SGP,Asia,Australia Post,Standard,Delivered,2020-02-25 08:40:25,2020-03-03,2020-02-27 08:40:25,1,United Arab Emirates,2020-02-25 08:40:25,stephen.daniels076@commerce.example.com
,SHP-202002-0000000194,ORD-202002-0000002167,WH-00010,USA,Europe,UPS,Pickup,Delivered,2020-02-14 23:49:00,2020-02-17,2020-02-28 09:49:00,1,Netherlands,2020-02-14 23:49:00,michelle.bender024@analytics.example.com
,SHP-202002-0000000195,ORD-202002-0000001151,WH-00170,ARE,Asia,DHL,Express,Delivered,2020-02-19 06:09:52,2020-02-26,2020-02-23 17:09:52,1,Japan,2020-02-19 06:09:52,michelle.bender024@analytics.example.com
,SHP-202002-0000000196,ORD-202002-0000002193,WH-00167,ESP,North America,FedEx,Express,Delivered,2020-02-12 21:44:52,2020-02-16,2020-02-21 09:44:52,1,Singapore,2020-02-12 21:44:52,taylor.cunningham023@commerce.example.com
,SHP-202002-0000000197,ORD-202002-0000001842,WH-00090,CAN,Europe,Royal Mail,Express,Delivered,2020-02-17 02:27:40,2020-02-24,2020-02-23 12:27:40,2,United States,2020-02-17 02:27:40,jeffery.miller012@commerce.example.com
,SHP-202002-0000000198,ORD-202002-0000000767,WH-00093,BRA,Europe,USPS,Pickup,Delayed,2020-02-14 22:22:36,2020-02-17,,1,Italy,2020-02-14 22:22:36,victor.palmer071@platform.example.com
,SHP-202002-0000000199,ORD-202002-0000002583,WH-00107,BRA,Europe,FedEx,Economy,Delivered,2020-02-27 13:21:21,2020-03-01,2020-03-02 22:21:21,1,Japan,2020-02-27 13:21:21,tina.williams074@commerce.example.com
,SHP-202002-0000000200,ORD-202002-0000002811,WH-00048,CAN,Asia,DPD,Same Day,Delivered,2020-02-16 13:42:55,2020-02-26,2020-02-23 13:42:55,1,United States,2020-02-16 13:42:55,susan.rice083@commerce.example.com
,SHP-202002-0000000201,ORD-202002-0000001921,WH-00233,FRA,Europe,USPS,Pickup,Delivered,2020-02-13 21:20:06,2020-02-20,2020-02-24 00:20:06,1,United States,2020-02-13 21:20:06,victor.palmer071@platform.example.com
,SHP-202002-0000000202,ORD-202002-0000002749,WH-00095,ARE,Europe,DPD,Express,Delivered,2020-02-16 02:02:47,2020-02-22,2020-02-28 02:02:47,1,France,2020-02-16 02:02:47,victor.palmer071@platform.example.com
,SHP-202002-0000000203,ORD-202002-0000002417,WH-00129,ITA,Europe,Royal Mail,Standard,Delivered,2020-02-20 05:20:32,2020-02-22,2020-02-27 10:20:32,1,Mexico,2020-02-20 05:20:32,adam.gordon030@commerce.example.com
,SHP-202002-0000000204,ORD-202002-0000002410,WH-00158,ESP,Oceania,Royal Mail,Pickup,Delivered,2020-02-09 07:57:09,2020-02-11,2020-02-20 16:57:09,1,United Kingdom,2020-02-09 07:57:09,john.mullins109@commerce.example.com
,SHP-202002-0000000205,ORD-202002-0000000667,WH-00201,CAN,South America,DHL,Same Day,Delivered,2020-02-11 19:28:08,2020-02-20,2020-02-18 19:28:08,1,India,2020-02-11 19:28:08,ryan.steele043@commerce.example.com
,SHP-202002-0000000206,ORD-202002-0000001548,WH-00123,ITA,Europe,DHL,Standard,Delivered,2020-02-21 01:28:33,2020-02-26,2020-03-06 01:28:33,1,United Kingdom,2020-02-21 01:28:33,eric.horton058@analytics.example.com
,SHP-202002-0000000207,ORD-202002-0000002008,WH-00225,SGP,Europe,Australia Post,Pickup,Delivered,2020-02-22 04:02:10,2020-03-03,2020-02-28 08:02:10,1,Canada,2020-02-22 04:02:10,stephen.clark001@analytics.example.com
,SHP-202002-0000000208,ORD-202002-0000001030,WH-00189,GBR,Asia,FedEx,Same Day,Returned,2020-02-01 06:08:20,2020-02-11,,2,Singapore,2020-02-01 06:08:20,stephen.clark001@analytics.example.com
,SHP-202002-0000000209,ORD-202002-0000001821,WH-00115,ESP,Europe,DHL,Pickup,Delivered,2020-02-05 10:25:19,2020-02-15,2020-02-15 15:25:19,2,Japan,2020-02-05 10:25:19,patrick.gonzalez035@dataops.example.com
,SHP-202002-0000000210,ORD-202002-0000000914,WH-00235,DEU,Europe,USPS,Express,Shipped,2020-02-16 17:49:15,2020-02-23,,1,Brazil,2020-02-16 17:49:15,john.mullins109@commerce.example.com
,SHP-202002-0000000211,ORD-202002-0000001419,WH-00074,USA,Asia,DPD,Pickup,Delivered,2020-02-15 10:08:47,2020-02-20,2020-02-29 10:08:47,1,Australia,2020-02-15 10:08:47,john.mullins109@commerce.example.com
,SHP-202002-0000000212,ORD-202002-0000002331,WH-00071,SGP,Asia,Royal Mail,Economy,Delivered,2020-02-26 14:57:02,2020-02-28,2020-03-01 22:57:02,1,France,2020-02-26 14:57:02,michael.johnson061@platform.example.com
,SHP-202002-0000000213,ORD-202002-0000000712,WH-00230,ESP,Asia,DPD,Express,Delayed,2020-02-09 23:59:25,2020-02-12,,1,Brazil,2020-02-09 23:59:25,maria.ashley046@analytics.example.com
,SHP-202002-0000000214,ORD-202002-0000001576,WH-00242,ARE,Asia,UPS,Same Day,Delivered,2020-02-22 23:19:07,2020-03-03,2020-02-25 10:19:07,1,United Kingdom,2020-02-22 23:19:07,maria.ashley046@analytics.example.com
,SHP-202002-0000000215,ORD-202002-0000001271,WH-00229,AUS,Asia,UPS,Pickup,Delivered,2020-02-29 09:00:06,2020-03-02,2020-03-14 15:00:06,1,Canada,2020-02-29 09:00:06,stephen.daniels076@commerce.example.com
,SHP-202002-0000000216,ORD-202002-0000000741,WH-00031,IND,Oceania,FedEx,Standard,Delivered,2020-02-06 14:41:09,2020-02-14,2020-02-14 16:41:09,2,United Kingdom,2020-02-06 14:41:09,ashley.marks069@commerce.example.com
,SHP-202002-0000000217,ORD-202002-0000000742,WH-00036,GBR,Europe,DPD,Same Day,Delivered,2020-02-07 03:59:14,2020-02-12,2020-02-20 10:59:14,1,Singapore,2020-02-07 03:59:14,michelle.sims041@analytics.example.com
,SHP-202002-0000000218,ORD-202002-0000002564,WH-00168,SGP,North America,DPD,Same Day,Delivered,2020-02-21 14:42:47,2020-02-26,2020-03-05 19:42:47,2,Netherlands,2020-02-21 14:42:47,michelle.sims041@analytics.example.com
,SHP-202002-0000000219,ORD-202002-0000001991,WH-00178,BRA,Europe,UPS,Pickup,Delivered,2020-02-02 14:00:18,2020-02-04,2020-02-05 16:00:18,2,United Kingdom,2020-02-02 14:00:18,john.mullins109@commerce.example.com
,SHP-202002-0000000220,ORD-202002-0000002775,WH-00238,AUS,Asia,DPD,Express,In Transit,2020-02-04 18:25:56,2020-02-14,,1,Canada,2020-02-04 18:25:56,adam.gordon030@commerce.example.com
,SHP-202002-0000000221,ORD-202002-0000002750,WH-00170,BRA,Europe,FedEx,Express,Delivered,2020-02-19 03:59:37,2020-02-22,2020-02-24 05:59:37,1,Australia,2020-02-19 03:59:37,lance.williams029@platform.example.com
,SHP-202002-0000000222,ORD-202002-0000002035,WH-00248,ESP,Europe,DPD,Pickup,Delivered,2020-02-27 11:01:05,2020-03-03,2020-03-01 14:01:05,2,Germany,2020-02-27 11:01:05,jennifer.hudson020@analytics.example.com
,SHP-202002-0000000223,ORD-202002-0000001662,WH-00005,ESP,North America,DHL,Economy,Delivered,2020-02-07 12:08:39,2020-02-09,2020-02-12 14:08:39,1,Spain,2020-02-07 12:08:39,stephen.daniels076@commerce.example.com
,SHP-202002-0000000224,ORD-202002-0000001327,WH-00120,ESP,North America,Australia Post,Standard,Delivered,2020-02-16 11:42:27,2020-02-22,2020-02-21 19:42:27,1,United Arab Emirates,2020-02-16 11:42:27,micheal.hall064@dataops.example.com
,SHP-202002-0000000225,ORD-202002-0000001599,WH-00178,MEX,Europe,FedEx,Standard,Delivered,2020-02-15 09:28:57,2020-02-20,2020-02-26 13:28:57,2,Canada,2020-02-15 09:28:57,taylor.cunningham023@commerce.example.com
,SHP-202002-0000000226,ORD-202002-0000000461,WH-00043,ITA,Europe,FedEx,Pickup,Shipped,2020-02-02 08:38:11,2020-02-09,,1,Brazil,2020-02-02 08:38:11,maria.ashley046@analytics.example.com
,SHP-202002-0000000227,ORD-202002-0000002548,WH-00045,NLD,North America,FedEx,Same Day,Delivered,2020-02-05 11:47:46,2020-02-11,2020-02-12 12:47:46,1,India,2020-02-05 11:47:46,michelle.bender024@analytics.example.com
,SHP-202002-0000000228,ORD-202002-0000001936,WH-00016,ITA,South America,UPS,Express,Delivered,2020-02-27 17:41:59,2020-03-05,2020-03-07 21:41:59,1,Singapore,2020-02-27 17:41:59,susan.rice083@commerce.example.com
,SHP-202002-0000000229,ORD-202002-0000001629,WH-00084,ESP,Oceania,USPS,Pickup,Delivered,2020-02-13 07:25:26,2020-02-17,2020-02-16 07:25:26,1,Japan,2020-02-13 07:25:26,jeffery.miller012@commerce.example.com
,SHP-202002-0000000230,ORD-202002-0000000621,WH-00241,AUS,Europe,DPD,Same Day,In Transit,2020-02-23 13:14:47,2020-03-04,,1,United Arab Emirates,2020-02-23 13:14:47,taylor.cunningham023@commerce.example.com
,SHP-202002-0000000231,ORD-202002-0000000988,WH-00055,ESP,Asia,USPS,Economy,Delivered,2020-02-26 20:54:31,2020-03-04,2020-03-12 03:54:31,1,Brazil,2020-02-26 20:54:31,stephen.daniels076@commerce.example.com
,SHP-202002-0000000232,ORD-202002-0000002275,WH-00106,ARE,Europe,USPS,Standard,Delivered,2020-02-26 19:45:03,2020-03-02,2020-03-02 07:45:03,1,France,2020-02-26 19:45:03,michael.berger060@platform.example.com
,SHP-202002-0000000233,ORD-202002-0000000511,WH-00212,DEU,Europe,DHL,Same Day,Delivered,2020-02-11 03:42:35,2020-02-21,2020-02-16 11:42:35,1,Brazil,2020-02-11 03:42:35,john.mullins109@commerce.example.com
,SHP-202002-0000000234,ORD-202002-0000000238,WH-00209,ARE,Europe,UPS,Standard,Delivered,2020-02-11 12:18:30,2020-02-19,2020-02-23 23:18:30,2,Singapore,2020-02-11 12:18:30,david.cabrera119@dataops.example.com
,SHP-202002-0000000235,ORD-202002-0000002203,WH-00024,ITA,Europe,UPS,Standard,In Transit,2020-02-04 21:52:56,2020-02-09,,2,Mexico,2020-02-04 21:52:56,lance.williams029@platform.example.com
,SHP-202002-0000000236,ORD-202002-0000001336,WH-00106,ITA,Asia,DPD,Economy,Delivered,2020-02-27 03:10:44,2020-03-03,2020-03-05 06:10:44,1,Singapore,2020-02-27 03:10:44,adam.gordon030@commerce.example.com
,SHP-202002-0000000237,ORD-202002-0000000668,WH-00131,AUS,Asia,UPS,Same Day,Shipped,2020-02-07 08:06:18,2020-02-10,,1,Brazil,2020-02-07 08:06:18,eric.horton058@analytics.example.com
,SHP-202002-0000000238,ORD-202002-0000001095,WH-00127,DEU,South America,UPS,Economy,Delivered,2020-02-07 17:48:44,2020-02-11,2020-02-22 04:48:44,1,United Kingdom,2020-02-07 17:48:44,stephen.daniels076@commerce.example.com
,SHP-202002-0000000239,ORD-202002-0000001680,WH-00102,ITA,Europe,Royal Mail,Express,Delivered,2020-02-03 10:20:12,2020-02-10,2020-02-13 18:20:12,1,India,2020-02-03 10:20:12,michael.johnson061@platform.example.com
,SHP-202002-0000000240,ORD-202002-0000002439,WH-00101,BRA,Europe,USPS,Pickup,Delivered,2020-02-24 11:29:24,2020-02-28,2020-03-01 15:29:24,1,France,2020-02-24 11:29:24,stephen.clark001@analytics.example.com
,SHP-202002-0000000241,ORD-202002-0000001852,WH-00212,JPN,Europe,FedEx,Standard,Delivered,2020-02-20 20:14:54,2020-03-01,2020-03-05 08:14:54,1,Italy,2020-02-20 20:14:54,taylor.cunningham023@commerce.example.com
,SHP-202002-0000000242,ORD-202002-0000000700,WH-00017,CAN,Asia,USPS,Standard,Delivered,2020-02-05 10:02:15,2020-02-12,2020-02-16 12:02:15,1,United Kingdom,2020-02-05 10:02:15,lance.williams029@platform.example.com
,SHP-202002-0000000243,ORD-202002-0000001617,WH-00181,IND,Asia,USPS,Express,Delivered,2020-02-09 06:43:24,2020-02-16,2020-02-15 08:43:24,1,Spain,2020-02-09 06:43:24,michelle.bender024@analytics.example.com
,SHP-202002-0000000244,ORD-202002-0000001313,WH-00072,ARE,Europe,Royal Mail,Economy,Shipped,2020-02-15 21:36:10,2020-02-24,,1,France,2020-02-15 21:36:10,michael.johnson061@platform.example.com
,SHP-202002-0000000245,ORD-202002-0000001009,WH-00181,BRA,South America,UPS,Same Day,Delivered,2020-02-25 16:47:25,2020-02-27,2020-03-10 22:47:25,2,Brazil,2020-02-25 16:47:25,maria.ashley046@analytics.example.com
,SHP-202002-0000000246,ORD-202002-0000000179,WH-00229,DEU,Asia,DHL,Standard,Delivered,2020-02-28 17:29:47,2020-03-04,2020-03-13 17:29:47,2,Spain,2020-02-28 17:29:47,david.cabrera119@dataops.example.com
,SHP-202002-0000000247,ORD-202002-0000001611,WH-00195,NLD,North America,Australia Post,Economy,Delivered,2020-02-29 21:30:52,2020-03-03,2020-03-14 09:30:52,1,United States,2020-02-29 21:30:52,susan.rice083@commerce.example.com
,SHP-202002-0000000248,ORD-202002-0000001005,WH-00073,USA,Europe,FedEx,Same Day,Delivered,2020-02-24 07:09:52,2020-02-28,2020-03-01 08:09:52,1,India,2020-02-24 07:09:52,david.cabrera119@dataops.example.com
,SHP-202002-0000000249,ORD-202002-0000002238,WH-00064,GBR,Asia,USPS,Economy,Shipped,2020-02-15 00:54:08,2020-02-17,,1,Spain,2020-02-15 00:54:08,megan.cunningham013@commerce.example.com
,SHP-202002-0000000250,ORD-202002-0000000452,WH-00053,IND,North America,USPS,Economy,Delivered,2020-02-04 03:19:42,2020-02-10,2020-02-12 05:19:42,2,India,2020-02-04 03:19:42,patrick.gonzalez035@dataops.example.com
,SHP-202002-0000000251,ORD-202002-0000001312,WH-00112,ESP,Asia,FedEx,Pickup,Shipped,2020-02-25 15:56:47,2020-03-01,,1,United Arab Emirates,2020-02-25 15:56:47,adam.gordon030@commerce.example.com
,SHP-202002-0000000252,ORD-202002-0000002894,WH-00005,USA,North America,DPD,Pickup,Delivered,2020-02-26 02:03:57,2020-03-01,2020-03-10 05:03:57,2,Brazil,2020-02-26 02:03:57,joseph.johnson049@dataops.example.com
,SHP-202002-0000000253,ORD-202002-0000000155,WH-00143,MEX,North America,UPS,Express,Delivered,2020-02-10 15:52:39,2020-02-13,2020-02-16 22:52:39,1,United Arab Emirates,2020-02-10 15:52:39,stephen.daniels076@commerce.example.com
,SHP-202002-0000000254,ORD-202002-0000001755,WH-00241,JPN,Europe,UPS,Pickup,Delivered,2020-02-25 05:06:14,2020-03-03,2020-03-07 15:06:14,1,Mexico,2020-02-25 05:06:14,lance.williams029@platform.example.com
,SHP-202002-0000000255,ORD-202002-0000001538,WH-00062,JPN,Asia,UPS,Express,Delivered,2020-02-05 22:34:48,2020-02-15,2020-02-19 00:34:48,2,Japan,2020-02-05 22:34:48,michelle.bender024@analytics.example.com
,SHP-202002-0000000256,ORD-202002-0000001000,WH-00033,FRA,Asia,Australia Post,Economy,Shipped,2020-02-06 19:51:09,2020-02-13,,1,Italy,2020-02-06 19:51:09,michelle.sims041@analytics.example.com
,SHP-202002-0000000257,ORD-202002-0000001097,WH-00090,GBR,Europe,UPS,Pickup,Delivered,2020-02-04 21:06:34,2020-02-07,2020-02-12 21:06:34,2,United Kingdom,2020-02-04 21:06:34,ryan.steele043@commerce.example.com
,SHP-202002-0000000258,ORD-202002-0000002904,WH-00034,SGP,South America,DPD,Economy,Delivered,2020-02-06 05:58:01,2020-02-13,2020-02-19 10:58:01,1,United States,2020-02-06 05:58:01,susan.rice083@commerce.example.com
,SHP-202002-0000000259,ORD-202002-0000000431,WH-00030,CAN,Europe,Australia Post,Economy,Delivered,2020-02-03 12:04:45,2020-02-09,2020-02-12 16:04:45,4,Singapore,2020-02-03 12:04:45,micheal.hall064@dataops.example.com
,SHP-202002-0000000260,ORD-202002-0000002362,WH-00096,JPN,Asia,Australia Post,Pickup,Delivered,2020-02-04 10:40:24,2020-02-11,2020-02-08 21:40:24,1,Netherlands,2020-02-04 10:40:24,jennifer.bauer068@analytics.example.com
,SHP-202002-0000000261,ORD-202002-0000001628,WH-00234,IND,Europe,DHL,Economy,Delivered,2020-02-20 17:18:08,2020-03-01,2020-02-23 00:18:08,3,France,2020-02-20 17:18:08,jeffery.miller012@commerce.example.com
,SHP-202002-0000000262,ORD-202002-0000002381,WH-00126,NLD,Europe,UPS,Express,Delivered,2020-02-05 06:13:05,2020-02-15,2020-02-19 18:13:05,1,Germany,2020-02-05 06:13:05,kelsey.taylor010@platform.example.com
,SHP-202002-0000000263,ORD-202002-0000001908,WH-00159,ARE,North America,Royal Mail,Same Day,Delivered,2020-02-09 03:28:00,2020-02-18,2020-02-21 08:28:00,1,United States,2020-02-09 03:28:00,micheal.chen050@dataops.example.com
,SHP-202002-0000000264,ORD-202002-0000001458,WH-00192,FRA,Oceania,Royal Mail,Express,Delivered,2020-02-13 16:04:42,2020-02-15,2020-02-28 00:04:42,2,Mexico,2020-02-13 16:04:42,susan.rice083@commerce.example.com
,SHP-202002-0000000265,ORD-202002-0000000021,WH-00037,IND,Europe,FedEx,Standard,Delivered,2020-02-21 07:52:52,2020-02-27,2020-03-02 12:52:52,2,Germany,2020-02-21 07:52:52,micheal.hall064@dataops.example.com
,SHP-202002-0000000266,ORD-202002-0000002051,WH-00074,JPN,North America,Australia Post,Express,Delivered,2020-02-21 02:37:23,2020-02-25,2020-03-03 11:37:23,1,Germany,2020-02-21 02:37:23,taylor.cunningham023@commerce.example.com
,SHP-202002-0000000267,ORD-202002-0000000150,WH-00001,ITA,Europe,FedEx,Pickup,Delivered,2020-02-27 02:13:28,2020-03-06,2020-03-08 12:13:28,1,Italy,2020-02-27 02:13:28,patrick.gonzalez035@dataops.example.com
,SHP-202002-0000000268,ORD-202002-0000001380,WH-00132,SGP,Asia,Australia Post,Pickup,Delivered,2020-02-29 07:43:54,2020-03-09,2020-03-07 11:43:54,2,Netherlands,2020-02-29 07:43:54,tina.williams074@commerce.example.com
,SHP-202002-0000000269,ORD-202002-0000001897,WH-00100,MEX,North America,FedEx,Pickup,In Transit,2020-02-23 23:03:10,2020-02-29,,2,United Kingdom,2020-02-23 23:03:10,andrea.cummings039@platform.example.com
,SHP-202002-0000000270,ORD-202002-0000000269,WH-00210,BRA,Europe,FedEx,Pickup,In Transit,2020-02-02 15:04:15,2020-02-12,,1,United Kingdom,2020-02-02 15:04:15,lance.williams029@platform.example.com
,SHP-202002-0000000271,ORD-202002-0000001332,WH-00102,USA,North America,UPS,Same Day,Delivered,2020-02-01 10:27:05,2020-02-03,2020-02-09 11:27:05,2,Japan,2020-02-01 10:27:05,michael.berger060@platform.example.com
,SHP-202002-0000000272,ORD-202002-0000000663,WH-00235,FRA,Europe,Royal Mail,Express,Delivered,2020-02-08 12:04:22,2020-02-15,2020-02-21 19:04:22,1,Brazil,2020-02-08 12:04:22,stephen.daniels076@commerce.example.com
,SHP-202002-0000000273,ORD-202002-0000001091,WH-00120,ITA,South America,Royal Mail,Pickup,Delivered,2020-02-05 02:11:56,2020-02-07,2020-02-11 02:11:56,1,Germany,2020-02-05 02:11:56,tina.williams074@commerce.example.com
,SHP-202002-0000000274,ORD-202002-0000001742,WH-00243,CAN,Oceania,USPS,Same Day,Delivered,2020-02-28 17:44:05,2020-03-08,2020-03-14 01:44:05,1,Japan,2020-02-28 17:44:05,andrea.cummings039@platform.example.com
,SHP-202002-0000000275,ORD-202002-0000001659,WH-00066,CAN,Europe,Royal Mail,Express,Delivered,2020-02-03 16:19:35,2020-02-05,2020-02-12 16:19:35,2,Netherlands,2020-02-03 16:19:35,micheal.hall064@dataops.example.com
,SHP-202002-0000000276,ORD-202002-0000000888,WH-00033,USA,Europe,Australia Post,Pickup,Shipped,2020-02-22 13:12:24,2020-02-29,,1,Spain,2020-02-22 13:12:24,stephen.clark001@analytics.example.com
,SHP-202002-0000000277,ORD-202002-0000002402,WH-00045,FRA,South America,DHL,Express,In Transit,2020-02-11 10:29:38,2020-02-13,,1,Italy,2020-02-11 10:29:38,michael.johnson061@platform.example.com
,SHP-202002-0000000278,ORD-202002-0000002117,WH-00247,SGP,Asia,DPD,Same Day,In Transit,2020-02-17 22:52:49,2020-02-22,,1,Japan,2020-02-17 22:52:49,john.mullins109@commerce.example.com
,SHP-202002-0000000279,ORD-202002-0000000821,WH-00138,ARE,Europe,DHL,Standard,Delivered,2020-02-02 14:41:37,2020-02-09,2020-02-11 21:41:37,1,France,2020-02-02 14:41:37,joseph.johnson049@dataops.example.com
,SHP-202002-0000000280,ORD-202002-0000001475,WH-00150,FRA,Asia,Royal Mail,Pickup,Shipped,2020-02-19 11:15:06,2020-02-25,,2,United States,2020-02-19 11:15:06,micheal.chen050@dataops.example.com
,SHP-202002-0000000281,ORD-202002-0000002542,WH-00242,CAN,Europe,Royal Mail,Pickup,Delivered,2020-02-15 11:57:20,2020-02-20,2020-02-18 16:57:20,1,Australia,2020-02-15 11:57:20,tina.williams074@commerce.example.com
,SHP-202002-0000000282,ORD-202002-0000002811,WH-00099,ESP,Asia,USPS,Economy,Delayed,2020-02-10 09:25:12,2020-02-19,,1,Brazil,2020-02-10 09:25:12,michelle.bender024@analytics.example.com
,SHP-202002-0000000283,ORD-202002-0000000915,WH-00020,ESP,Asia,FedEx,Pickup,In Transit,2020-02-23 21:50:26,2020-02-25,,1,Japan,2020-02-23 21:50:26,ryan.steele043@commerce.example.com
,SHP-202002-0000000284,ORD-202002-0000002274,WH-00149,DEU,Europe,FedEx,Economy,Delivered,2020-02-26 09:14:02,2020-03-06,2020-03-10 19:14:02,1,Italy,2020-02-26 09:14:02,adam.gordon030@commerce.example.com
,SHP-202002-0000000285,ORD-202002-0000002526,WH-00099,ESP,Europe,DPD,Same Day,Delivered,2020-02-06 09:08:33,2020-02-12,2020-02-10 10:08:33,1,India,2020-02-06 09:08:33,ryan.steele043@commerce.example.com
,SHP-202002-0000000286,ORD-202002-0000001970,WH-00214,GBR,Asia,Royal Mail,Economy,Delivered,2020-02-15 19:29:41,2020-02-23,2020-02-26 02:29:41,1,Japan,2020-02-15 19:29:41,eric.horton058@analytics.example.com
,SHP-202002-0000000287,ORD-202002-0000000302,WH-00230,ITA,Europe,Royal Mail,Express,Delivered,2020-02-24 16:15:37,2020-03-05,2020-03-07 21:15:37,3,Mexico,2020-02-24 16:15:37,ryan.steele043@commerce.example.com
,SHP-202002-0000000288,ORD-202002-0000002438,WH-00025,AUS,Oceania,Australia Post,Express,Delivered,2020-02-08 17:06:39,2020-02-17,2020-02-18 20:06:39,1,United Kingdom,2020-02-08 17:06:39,ashley.marks069@commerce.example.com
,SHP-202002-0000000289,ORD-202002-0000000767,WH-00195,ITA,South America,DHL,Pickup,Shipped,2020-02-20 04:08:39,2020-02-26,,1,Canada,2020-02-20 04:08:39,tina.williams074@commerce.example.com
,SHP-202002-0000000290,ORD-202002-0000000739,WH-00168,NLD,North America,UPS,Express,Delivered,2020-02-29 13:09:39,2020-03-10,2020-03-03 15:09:39,1,Australia,2020-02-29 13:09:39,jennifer.hudson020@analytics.example.com
,SHP-202002-0000000291,ORD-202002-0000002348,WH-00009,DEU,Europe,DPD,Express,Delivered,2020-02-18 21:31:00,2020-02-26,2020-02-29 02:31:00,1,Italy,2020-02-18 21:31:00,micheal.hall064@dataops.example.com
,SHP-202002-0000000292,ORD-202002-0000000551,WH-00142,MEX,Asia,FedEx,Economy,Delivered,2020-02-01 01:46:07,2020-02-04,2020-02-05 10:46:07,1,United States,2020-02-01 01:46:07,ashley.marks069@commerce.example.com
,SHP-202002-0000000293,ORD-202002-0000002044,WH-00028,JPN,Oceania,DPD,Standard,Delivered,2020-02-27 21:27:59,2020-03-02,2020-03-11 23:27:59,1,Germany,2020-02-27 21:27:59,victor.palmer071@platform.example.com
,SHP-202002-0000000294,ORD-202002-0000001089,WH-00068,CAN,Europe,DHL,Pickup,Delivered,2020-02-19 16:28:55,2020-02-28,2020-03-05 03:28:55,1,Netherlands,2020-02-19 16:28:55,ryan.steele043@commerce.example.com
,SHP-202002-0000000295,ORD-202002-0000002029,WH-00201,MEX,Oceania,Royal Mail,Same Day,Shipped,2020-02-14 18:05:41,2020-02-23,,1,India,2020-02-14 18:05:41,michelle.sims041@analytics.example.com
,SHP-202002-0000000296,ORD-202002-0000002618,WH-00175,MEX,North America,UPS,Economy,Delivered,2020-02-01 16:32:35,2020-02-05,2020-02-07 19:32:35,1,United Arab Emirates,2020-02-01 16:32:35,michael.johnson061@platform.example.com
,SHP-202002-0000000297,ORD-202002-0000000326,WH-00090,IND,Europe,UPS,Economy,Delivered,2020-02-08 03:14:41,2020-02-14,2020-02-11 05:14:41,1,United States,2020-02-08 03:14:41,lance.williams029@platform.example.com
,SHP-202002-0000000298,ORD-202002-0000001050,WH-00086,ESP,Europe,Royal Mail,Express,Returned,2020-02-03 18:37:07,2020-02-13,,1,Brazil,2020-02-03 18:37:07,taylor.cunningham023@commerce.example.com
,SHP-202002-0000000299,ORD-202002-0000001539,WH-00120,ESP,Oceania,DHL,Same Day,Delivered,2020-02-08 00:53:23,2020-02-14,2020-02-22 02:53:23,1,United States,2020-02-08 00:53:23,susan.rice083@commerce.example.com
,SHP-202002-0000000300,ORD-202002-0000000918,WH-00003,ESP,North America,UPS,Pickup,Delivered,2020-02-25 08:26:57,2020-02-28,2020-03-01 13:26:57,1,United Kingdom,2020-02-25 08:26:57,micheal.chen050@dataops.example.com
,SHP-202002-0000000301,ORD-202002-0000002071,WH-00212,ESP,North America,Royal Mail,Same Day,In Transit,2020-02-01 02:37:40,2020-02-06,,4,Germany,2020-02-01 02:37:40,adam.gordon030@commerce.example.com
,SHP-202002-0000000302,ORD-202002-0000001757,WH-00151,GBR,Europe,Australia Post,Same Day,Delayed,2020-02-07 02:19:26,2020-02-14,,1,Singapore,2020-02-07 02:19:26,john.mullins109@commerce.example.com
,SHP-202002-0000000303,ORD-202002-0000001893,WH-00166,IND,Asia,DHL,Express,Delayed,2020-02-21 05:05:48,2020-03-02,,1,United States,2020-02-21 05:05:48,peter.martinez098@platform.example.com
,SHP-202002-0000000304,ORD-202002-0000001877,WH-00036,USA,Europe,Royal Mail,Pickup,Delivered,2020-02-22 05:53:20,2020-02-25,2020-02-24 14:53:20,1,Italy,2020-02-22 05:53:20,peter.martinez098@platform.example.com
,SHP-202002-0000000305,ORD-202002-0000001181,WH-00080,NLD,Europe,DPD,Same Day,Delivered,2020-02-08 19:11:48,2020-02-10,2020-02-18 04:11:48,1,Brazil,2020-02-08 19:11:48,michelle.sims041@analytics.example.com
,SHP-202002-0000000306,ORD-202002-0000000072,WH-00116,NLD,Asia,DPD,Economy,Delayed,2020-02-03 15:04:54,2020-02-10,,1,Singapore,2020-02-03 15:04:54,john.mullins109@commerce.example.com
,SHP-202002-0000000307,ORD-202002-0000001591,WH-00005,NLD,Asia,FedEx,Economy,Delivered,2020-02-03 01:52:47,2020-02-12,2020-02-05 05:52:47,1,Mexico,2020-02-03 01:52:47,susan.rice083@commerce.example.com
,SHP-202002-0000000308,ORD-202002-0000002050,WH-00011,JPN,Asia,DPD,Economy,Shipped,2020-02-14 23:04:32,2020-02-21,,1,United Kingdom,2020-02-14 23:04:32,tina.williams074@commerce.example.com
,SHP-202002-0000000309,ORD-202002-0000000781,WH-00013,ITA,South America,USPS,Express,Delivered,2020-02-11 09:22:38,2020-02-18,2020-02-17 10:22:38,1,Japan,2020-02-11 09:22:38,stephen.daniels076@commerce.example.com
,SHP-202002-0000000310,ORD-202002-0000001524,WH-00208,DEU,Asia,FedEx,Standard,In Transit,2020-02-29 05:35:17,2020-03-04,,1,India,2020-02-29 05:35:17,ryan.steele043@commerce.example.com
,SHP-202002-0000000311,ORD-202002-0000000358,WH-00156,ITA,North America,DPD,Economy,Delivered,2020-02-19 14:54:02,2020-02-26,2020-02-25 23:54:02,3,France,2020-02-19 14:54:02,michael.berger060@platform.example.com
,SHP-202002-0000000312,ORD-202002-0000001947,WH-00250,NLD,North America,Royal Mail,Economy,Delivered,2020-02-27 14:48:49,2020-03-07,2020-03-12 21:48:49,1,Singapore,2020-02-27 14:48:49,david.cabrera119@dataops.example.com
,SHP-202002-0000000313,ORD-202002-0000000315,WH-00180,CAN,Europe,USPS,Pickup,In Transit,2020-02-28 23:32:46,2020-03-07,,1,India,2020-02-28 23:32:46,james.proctor094@dataops.example.com
,SHP-202002-0000000314,ORD-202002-0000000335,WH-00249,USA,Asia,Royal Mail,Pickup,Delivered,2020-02-05 04:53:39,2020-02-12,2020-02-09 12:53:39,3,Netherlands,2020-02-05 04:53:39,tina.williams074@commerce.example.com
,SHP-202002-0000000315,ORD-202002-0000000312,WH-00228,GBR,Europe,USPS,Economy,Delivered,2020-02-04 11:18:09,2020-02-06,2020-02-18 12:18:09,1,United States,2020-02-04 11:18:09,brandi.carter038@dataops.example.com
,SHP-202002-0000000316,ORD-202002-0000002729,WH-00240,FRA,Europe,DHL,Standard,Delivered,2020-02-06 15:36:33,2020-02-10,2020-02-21 03:36:33,1,Netherlands,2020-02-06 15:36:33,jeffery.miller012@commerce.example.com
,SHP-202002-0000000317,ORD-202002-0000002734,WH-00199,FRA,Europe,DHL,Express,Delivered,2020-02-21 10:47:31,2020-02-28,2020-02-23 15:47:31,1,Netherlands,2020-02-21 10:47:31,michelle.sims041@analytics.example.com
,SHP-202002-0000000318,ORD-202002-0000000121,WH-00098,FRA,Asia,UPS,Same Day,Delivered,2020-02-04 19:21:43,2020-02-12,2020-02-17 01:21:43,1,Japan,2020-02-04 19:21:43,kelsey.taylor010@platform.example.com
,SHP-202002-0000000319,ORD-202002-0000001625,WH-00223,ARE,Asia,USPS,Express,Delayed,2020-02-25 01:24:45,2020-03-03,,1,India,2020-02-25 01:24:45,james.proctor094@dataops.example.com
,SHP-202002-0000000320,ORD-202002-0000002586,WH-00235,ITA,Asia,Royal Mail,Standard,Delivered,2020-02-19 05:49:18,2020-02-25,2020-03-03 10:49:18,1,Netherlands,2020-02-19 05:49:18,eric.horton058@analytics.example.com
,SHP-202002-0000000321,ORD-202002-0000000909,WH-00188,NLD,North America,Australia Post,Pickup,Delivered,2020-02-23 09:03:13,2020-02-27,2020-02-29 12:03:13,1,United Kingdom,2020-02-23 09:03:13,victor.palmer071@platform.example.com
,SHP-202002-0000000322,ORD-202002-0000000249,WH-00134,ITA,South America,DHL,Standard,Delivered,2020-02-11 11:40:27,2020-02-16,2020-02-20 12:40:27,2,United States,2020-02-11 11:40:27,stephen.clark001@analytics.example.com
,SHP-202002-0000000323,ORD-202002-0000002211,WH-00091,NLD,North America,USPS,Pickup,Returned,2020-02-27 02:24:57,2020-03-03,,1,France,2020-02-27 02:24:57,jeffery.miller012@commerce.example.com
,SHP-202002-0000000324,ORD-202002-0000000590,WH-00084,ITA,Europe,FedEx,Standard,In Transit,2020-02-24 05:22:25,2020-03-03,,1,India,2020-02-24 05:22:25,stephen.daniels076@commerce.example.com
,SHP-202002-0000000325,ORD-202002-0000000766,WH-00241,IND,Oceania,DPD,Standard,Shipped,2020-02-22 17:27:49,2020-02-26,,1,United Arab Emirates,2020-02-22 17:27:49,victor.palmer071@platform.example.com
,SHP-202002-0000000326,ORD-202002-0000002562,WH-00039,AUS,North America,Royal Mail,Pickup,Delivered,2020-02-24 20:47:29,2020-03-03,2020-03-09 02:47:29,1,Spain,2020-02-24 20:47:29,stephen.clark001@analytics.example.com
,SHP-202002-0000000327,ORD-202002-0000002302,WH-00229,USA,Europe,USPS,Standard,Delivered,2020-02-07 18:36:43,2020-02-12,2020-02-20 23:36:43,1,United Kingdom,2020-02-07 18:36:43,jennifer.bauer068@analytics.example.com
,SHP-202002-0000000328,ORD-202002-0000002177,WH-00163,BRA,North America,USPS,Same Day,Delivered,2020-02-06 12:12:48,2020-02-15,2020-02-10 17:12:48,1,United Arab Emirates,2020-02-06 12:12:48,maria.ashley046@analytics.example.com
,SHP-202002-0000000329,ORD-202002-0000001477,WH-00122,FRA,Europe,Royal Mail,Express,Delivered,2020-02-23 22:48:32,2020-02-25,2020-02-25 22:48:32,3,Australia,2020-02-23 22:48:32,james.proctor094@dataops.example.com
,SHP-202002-0000000330,ORD-202002-0000000787,WH-00231,CAN,North America,FedEx,Same Day,Delivered,2020-02-21 21:52:24,2020-03-01,2020-03-01 23:52:24,1,Australia,2020-02-21 21:52:24,patrick.gonzalez035@dataops.example.com
,SHP-202002-0000000331,ORD-202002-0000000502,WH-00026,SGP,North America,UPS,Express,Delayed,2020-02-01 04:19:57,2020-02-10,,1,United States,2020-02-01 04:19:57,ashley.marks069@commerce.example.com
,SHP-202002-0000000332,ORD-202002-0000002290,WH-00249,AUS,Asia,DPD,Same Day,Delayed,2020-02-09 21:44:03,2020-02-17,,1,Spain,2020-02-09 21:44:03,brandi.carter038@dataops.example.com
,SHP-202002-0000000333,ORD-202002-0000001000,WH-00132,FRA,Oceania,Australia Post,Standard,Delivered,2020-02-16 06:01:12,2020-02-20,2020-02-29 09:01:12,1,France,2020-02-16 06:01:12,adam.gordon030@commerce.example.com
,SHP-202002-0000000334,ORD-202002-0000000649,WH-00013,NLD,Europe,UPS,Express,Delivered,2020-02-10 00:50:32,2020-02-13,2020-02-24 10:50:32,2,India,2020-02-10 00:50:32,megan.cunningham013@commerce.example.com
,SHP-202002-0000000335,ORD-202002-0000001825,WH-00078,IND,Europe,Australia Post,Express,Delivered,2020-02-29 12:55:00,2020-03-06,2020-03-03 16:55:00,2,United Kingdom,2020-02-29 12:55:00,peter.martinez098@platform.example.com
,SHP-202002-0000000336,ORD-202002-0000002907,WH-00233,ARE,South America,USPS,Pickup,Delivered,2020-02-11 15:28:54,2020-02-17,2020-02-21 22:28:54,1,Canada,2020-02-11 15:28:54,stephen.clark001@analytics.example.com
,SHP-202002-0000000337,ORD-202002-0000002230,WH-00032,NLD,Asia,DHL,Express,Delivered,2020-02-25 13:54:33,2020-03-04,2020-03-09 00:54:33,1,United Kingdom,2020-02-25 13:54:33,michael.berger060@platform.example.com
,SHP-202002-0000000338,ORD-202002-0000000856,WH-00051,NLD,Asia,Australia Post,Same Day,Delayed,2020-02-08 18:49:08,2020-02-11,,1,Spain,2020-02-08 18:49:08,michael.berger060@platform.example.com
,SHP-202002-0000000339,ORD-202002-0000000309,WH-00114,JPN,Europe,DHL,Same Day,Delivered,2020-02-11 23:09:13,2020-02-19,2020-02-14 04:09:13,1,Mexico,2020-02-11 23:09:13,ashley.marks069@commerce.example.com
,SHP-202002-0000000340,ORD-202002-0000001039,WH-00220,ESP,Oceania,DHL,Economy,Returned,2020-02-25 06:48:27,2020-03-06,,1,United States,2020-02-25 06:48:27,jennifer.bauer068@analytics.example.com
,SHP-202002-0000000341,ORD-202002-0000000210,WH-00208,USA,Europe,DPD,Express,Delayed,2020-02-10 18:56:21,2020-02-14,,1,Spain,2020-02-10 18:56:21,michael.johnson061@platform.example.com
,SHP-202002-0000000342,ORD-202002-0000000572,WH-00172,DEU,Europe,USPS,Express,Delayed,2020-02-22 14:10:39,2020-03-03,,1,Australia,2020-02-22 14:10:39,maria.ashley046@analytics.example.com
,SHP-202002-0000000343,ORD-202002-0000001164,WH-00223,JPN,North America,Australia Post,Express,In Transit,2020-02-11 09:28:54,2020-02-18,,1,United States,2020-02-11 09:28:54,adam.gordon030@commerce.example.com
,SHP-202002-0000000344,ORD-202002-0000001056,WH-00238,CAN,Europe,FedEx,Standard,Delivered,2020-02-04 23:47:39,2020-02-09,2020-02-09 23:47:39,2,United States,2020-02-04 23:47:39,kelsey.taylor010@platform.example.com
,SHP-202002-0000000345,ORD-202002-0000000991,WH-00109,ESP,Europe,UPS,Express,Delayed,2020-02-10 05:43:10,2020-02-18,,1,Singapore,2020-02-10 05:43:10,kelsey.taylor010@platform.example.com
,SHP-202002-0000000346,ORD-202002-0000000330,WH-00016,ESP,Europe,USPS,Same Day,Delivered,2020-02-05 00:51:13,2020-02-13,2020-02-18 11:51:13,1,Singapore,2020-02-05 00:51:13,lance.williams029@platform.example.com
,SHP-202002-0000000347,ORD-202002-0000000607,WH-00031,ITA,Europe,FedEx,Economy,Delivered,2020-02-22 15:16:34,2020-02-27,2020-03-06 20:16:34,1,Canada,2020-02-22 15:16:34,jeffery.miller012@commerce.example.com
,SHP-202002-0000000348,ORD-202002-0000000197,WH-00073,GBR,Europe,Royal Mail,Express,Delivered,2020-02-07 02:03:04,2020-02-12,2020-02-20 03:03:04,1,Spain,2020-02-07 02:03:04,adam.gordon030@commerce.example.com
,SHP-202002-0000000349,ORD-202002-0000000126,WH-00064,SGP,Asia,Australia Post,Economy,In Transit,2020-02-21 05:43:42,2020-02-25,,2,Spain,2020-02-21 05:43:42,david.cabrera119@dataops.example.com
,SHP-202002-0000000350,ORD-202002-0000000768,WH-00049,GBR,Europe,Royal Mail,Same Day,Shipped,2020-02-01 06:21:27,2020-02-11,,2,Australia,2020-02-01 06:21:27,stephen.clark001@analytics.example.com
,SHP-202002-0000000351,ORD-202002-0000002409,WH-00158,SGP,Europe,USPS,Same Day,Delivered,2020-02-27 18:32:35,2020-03-02,2020-03-10 23:32:35,1,United States,2020-02-27 18:32:35,adam.gordon030@commerce.example.com
,SHP-202002-0000000352,ORD-202002-0000001465,WH-00117,USA,North America,Royal Mail,Same Day,Delivered,2020-02-10 11:14:47,2020-02-20,2020-02-12 17:14:47,1,Netherlands,2020-02-10 11:14:47,ryan.steele043@commerce.example.com
,SHP-202002-0000000353,ORD-202002-0000000329,WH-00162,BRA,Asia,UPS,Standard,Delivered,2020-02-03 19:22:12,2020-02-12,2020-02-15 21:22:12,1,Italy,2020-02-03 19:22:12,eric.horton058@analytics.example.com
,SHP-202002-0000000354,ORD-202002-0000002558,WH-00155,ARE,Oceania,Australia Post,Express,Delivered,2020-02-21 16:42:28,2020-02-25,2020-03-06 04:42:28,1,Spain,2020-02-21 16:42:28,adam.gordon030@commerce.example.com
,SHP-202002-0000000355,ORD-202002-0000000134,WH-00015,SGP,Asia,FedEx,Express,Delivered,2020-02-28 13:53:22,2020-03-08,2020-03-12 22:53:22,1,Mexico,2020-02-28 13:53:22,andrea.cummings039@platform.example.com
,SHP-202002-0000000356,ORD-202002-0000002328,WH-00082,NLD,Europe,Australia Post,Economy,Delayed,2020-02-10 08:12:31,2020-02-14,,1,Singapore,2020-02-10 08:12:31,brandi.carter038@dataops.example.com
,SHP-202002-0000000357,ORD-202002-0000000811,WH-00129,USA,Asia,USPS,Pickup,In Transit,2020-02-19 20:25:18,2020-02-25,,1,Germany,2020-02-19 20:25:18,patrick.gonzalez035@dataops.example.com
,SHP-202002-0000000358,ORD-202002-0000000825,WH-00040,CAN,North America,DPD,Economy,In Transit,2020-02-25 10:42:42,2020-02-28,,1,Singapore,2020-02-25 10:42:42,adam.gordon030@commerce.example.com
,SHP-202002-0000000359,ORD-202002-0000000378,WH-00104,NLD,North America,Australia Post,Standard,Shipped,2020-02-21 03:43:16,2020-02-29,,1,Brazil,2020-02-21 03:43:16,stephen.daniels076@commerce.example.com
,SHP-202002-0000000360,ORD-202002-0000002802,WH-00082,MEX,Europe,Australia Post,Pickup,Delivered,2020-02-08 22:52:33,2020-02-14,2020-02-18 04:52:33,1,Spain,2020-02-08 22:52:33,adam.gordon030@commerce.example.com
,SHP-202002-0000000361,ORD-202002-0000002351,WH-00064,USA,Asia,DHL,Pickup,Delivered,2020-02-09 01:17:25,2020-02-18,2020-02-20 10:17:25,1,Italy,2020-02-09 01:17:25,victor.palmer071@platform.example.com
,SHP-202002-0000000362,ORD-202002-0000002713,WH-00097,ARE,Europe,UPS,Pickup,Delivered,2020-02-09 14:49:03,2020-02-16,2020-02-23 16:49:03,1,United Kingdom,2020-02-09 14:49:03,joseph.johnson049@dataops.example.com
,SHP-202002-0000000363,ORD-202002-0000002555,WH-00008,FRA,Europe,DHL,Standard,Delayed,2020-02-12 20:09:59,2020-02-18,,2,Netherlands,2020-02-12 20:09:59,micheal.hall064@dataops.example.com
,SHP-202002-0000000364,ORD-202002-0000001949,WH-00236,BRA,Europe,UPS,Economy,Delivered,2020-02-02 09:18:41,2020-02-05,2020-02-11 14:18:41,1,Canada,2020-02-02 09:18:41,micheal.hall064@dataops.example.com
,SHP-202002-0000000365,ORD-202002-0000002608,WH-00100,NLD,Asia,USPS,Same Day,Delivered,2020-02-27 08:26:53,2020-03-02,2020-03-06 14:26:53,1,Germany,2020-02-27 08:26:53,patrick.gonzalez035@dataops.example.com
,SHP-202002-0000000366,ORD-202002-0000000955,WH-00102,FRA,North America,FedEx,Same Day,Delivered,2020-02-25 01:57:38,2020-03-06,2020-03-01 11:57:38,1,Canada,2020-02-25 01:57:38,ashley.marks069@commerce.example.com
,SHP-202002-0000000367,ORD-202002-0000001576,WH-00086,NLD,Europe,DHL,Standard,Delayed,2020-02-09 02:12:18,2020-02-15,,1,France,2020-02-09 02:12:18,david.cabrera119@dataops.example.com
,SHP-202002-0000000368,ORD-202002-0000002208,WH-00076,NLD,Asia,DHL,Pickup,Delivered,2020-02-14 10:54:26,2020-02-21,2020-02-20 17:54:26,1,United States,2020-02-14 10:54:26,james.proctor094@dataops.example.com
,SHP-202002-0000000369,ORD-202002-0000001643,WH-00207,DEU,Europe,DHL,Same Day,Delivered,2020-02-05 00:01:02,2020-02-15,2020-02-15 02:01:02,1,Brazil,2020-02-05 00:01:02,stephen.clark001@analytics.example.com
,SHP-202002-0000000370,ORD-202002-0000000865,WH-00033,GBR,North America,FedEx,Express,Delivered,2020-02-28 13:37:30,2020-03-02,2020-03-01 22:37:30,1,Mexico,2020-02-28 13:37:30,jeffery.miller012@commerce.example.com
,SHP-202002-0000000371,ORD-202002-0000000300,WH-00197,IND,Asia,Australia Post,Economy,Delayed,2020-02-15 01:54:13,2020-02-18,,1,Spain,2020-02-15 01:54:13,david.cabrera119@dataops.example.com
,SHP-202002-0000000372,ORD-202002-0000000906,WH-00083,MEX,North America,USPS,Pickup,In Transit,2020-02-27 09:18:35,2020-03-06,,1,Australia,2020-02-27 09:18:35,john.mullins109@commerce.example.com
,SHP-202002-0000000373,ORD-202002-0000001696,WH-00227,MEX,Europe,USPS,Pickup,Delivered,2020-02-17 03:17:13,2020-02-27,2020-02-23 06:17:13,1,France,2020-02-17 03:17:13,stephen.daniels076@commerce.example.com
,SHP-202002-0000000374,ORD-202002-0000001910,WH-00142,SGP,Oceania,Australia Post,Express,Shipped,2020-02-26 12:38:36,2020-03-07,,1,Spain,2020-02-26 12:38:36,james.proctor094@dataops.example.com
,SHP-202002-0000000375,ORD-202002-0000001101,WH-00171,BRA,Europe,DPD,Express,Delivered,2020-02-12 18:23:57,2020-02-18,2020-02-15 02:23:57,1,Brazil,2020-02-12 18:23:57,eric.horton058@analytics.example.com
,SHP-202002-0000000376,ORD-202002-0000000722,WH-00094,IND,North America,Royal Mail,Express,Delivered,2020-02-16 13:44:44,2020-02-26,2020-03-01 17:44:44,1,Germany,2020-02-16 13:44:44,peter.martinez098@platform.example.com
,SHP-202002-0000000377,ORD-202002-0000000387,WH-00049,JPN,North America,DHL,Standard,Delayed,2020-02-07 23:56:37,2020-02-12,,1,Brazil,2020-02-07 23:56:37,taylor.cunningham023@commerce.example.com
,SHP-202002-0000000378,ORD-202002-0000001195,WH-00225,MEX,North America,Royal Mail,Pickup,Delayed,2020-02-02 19:06:51,2020-02-04,,1,Netherlands,2020-02-02 19:06:51,tina.williams074@commerce.example.com
,SHP-202002-0000000379,ORD-202002-0000001413,WH-00035,BRA,North America,DPD,Economy,Delivered,2020-02-13 05:23:03,2020-02-17,2020-02-25 17:23:03,2,Japan,2020-02-13 05:23:03,michael.berger060@platform.example.com
,SHP-202002-0000000380,ORD-202002-0000001443,WH-00123,MEX,Europe,USPS,Express,Delivered,2020-02-07 22:19:02,2020-02-17,2020-02-16 06:19:02,2,India,2020-02-07 22:19:02,joseph.johnson049@dataops.example.com
,SHP-202002-0000000381,ORD-202002-0000001926,WH-00192,SGP,Europe,FedEx,Pickup,In Transit,2020-02-22 08:07:40,2020-02-25,,2,Germany,2020-02-22 08:07:40,ryan.steele043@commerce.example.com
,SHP-202002-0000000382,ORD-202002-0000001821,WH-00090,FRA,Asia,FedEx,Economy,In Transit,2020-02-24 19:52:02,2020-02-29,,2,United Kingdom,2020-02-24 19:52:02,adam.gordon030@commerce.example.com
,SHP-202002-0000000383,ORD-202002-0000000164,WH-00109,USA,Europe,DHL,Pickup,Returned,2020-02-09 10:58:21,2020-02-16,,1,India,2020-02-09 10:58:21,jeffery.miller012@commerce.example.com
,SHP-202002-0000000384,ORD-202002-0000000933,WH-00124,FRA,Asia,FedEx,Economy,Delayed,2020-02-02 16:27:36,2020-02-12,,1,United States,2020-02-02 16:27:36,maria.ashley046@analytics.example.com
,SHP-202002-0000000385,ORD-202002-0000002204,WH-00055,FRA,Oceania,DHL,Same Day,Shipped,2020-02-16 20:11:49,2020-02-23,,1,Netherlands,2020-02-16 20:11:49,lance.williams029@platform.example.com
,SHP-202002-0000000386,ORD-202002-0000001761,WH-00141,SGP,Europe,Australia Post,Economy,Delayed,2020-02-05 11:39:13,2020-02-15,,1,Singapore,2020-02-05 11:39:13,patrick.gonzalez035@dataops.example.com
,SHP-202002-0000000387,ORD-202002-0000001592,WH-00063,ESP,Europe,USPS,Same Day,Delivered,2020-02-17 07:07:07,2020-02-24,2020-02-28 12:07:07,1,Canada,2020-02-17 07:07:07,taylor.cunningham023@commerce.example.com
,SHP-202002-0000000388,ORD-202002-0000002207,WH-00013,USA,Europe,DPD,Pickup,Shipped,2020-02-27 06:26:16,2020-03-04,,1,United Kingdom,2020-02-27 06:26:16,ashley.marks069@commerce.example.com
,SHP-202002-0000000389,ORD-202002-0000000992,WH-00198,ESP,Oceania,USPS,Standard,Delivered,2020-02-24 23:00:17,2020-03-04,2020-03-10 02:00:17,1,Australia,2020-02-24 23:00:17,jeffery.miller012@commerce.example.com
,SHP-202002-0000000390,ORD-202002-0000002621,WH-00104,GBR,Asia,FedEx,Pickup,Delivered,2020-02-23 03:42:44,2020-03-04,2020-02-25 12:42:44,2,India,2020-02-23 03:42:44,taylor.cunningham023@commerce.example.com
,SHP-202002-0000000391,ORD-202002-0000001062,WH-00146,JPN,North America,FedEx,Express,Delivered,2020-02-09 18:07:34,2020-02-16,2020-02-16 03:07:34,1,Italy,2020-02-09 18:07:34,patrick.gonzalez035@dataops.example.com
,SHP-202002-0000000392,ORD-202002-0000002412,WH-00163,USA,Europe,USPS,Pickup,Delivered,2020-02-27 19:14:28,2020-03-03,2020-03-01 00:14:28,1,United Arab Emirates,2020-02-27 19:14:28,ashley.marks069@commerce.example.com
,SHP-202002-0000000393,ORD-202002-0000002575,WH-00062,DEU,Europe,UPS,Express,Delivered,2020-02-20 12:55:57,2020-02-25,2020-03-05 00:55:57,1,Mexico,2020-02-20 12:55:57,peter.martinez098@platform.example.com
,SHP-202002-0000000394,ORD-202002-0000000683,WH-00167,JPN,Asia,Royal Mail,Express,Delayed,2020-02-20 17:55:54,2020-02-22,,1,United Arab Emirates,2020-02-20 17:55:54,susan.rice083@commerce.example.com
,SHP-202002-0000000395,ORD-202002-0000000607,WH-00160,CAN,Asia,Australia Post,Pickup,Delivered,2020-02-11 04:23:29,2020-02-19,2020-02-17 04:23:29,2,Australia,2020-02-11 04:23:29,jennifer.hudson020@analytics.example.com
,SHP-202002-0000000396,ORD-202002-0000001418,WH-00076,ITA,Asia,FedEx,Standard,Delivered,2020-02-25 09:23:07,2020-03-05,2020-03-04 19:23:07,1,Singapore,2020-02-25 09:23:07,andrea.cummings039@platform.example.com
,SHP-202002-0000000397,ORD-202002-0000001084,WH-00118,JPN,South America,Royal Mail,Express,Delivered,2020-02-21 13:48:29,2020-02-28,2020-02-27 13:48:29,1,France,2020-02-21 13:48:29,michelle.sims041@analytics.example.com
,SHP-202002-0000000398,ORD-202002-0000002032,WH-00166,BRA,Europe,USPS,Express,Delivered,2020-02-19 06:07:26,2020-02-25,2020-02-28 09:07:26,4,United Kingdom,2020-02-19 06:07:26,susan.rice083@commerce.example.com
,SHP-202002-0000000399,ORD-202002-0000000431,WH-00248,AUS,Oceania,FedEx,Pickup,Delivered,2020-02-24 14:22:18,2020-03-05,2020-03-06 15:22:18,1,Singapore,2020-02-24 14:22:18,micheal.chen050@dataops.example.com
,SHP-202002-0000000400,ORD-202002-0000002183,WH-00092,BRA,Europe,UPS,Express,Delivered,2020-02-22 16:41:59,2020-02-28,2020-03-01 02:41:59,1,Mexico,2020-02-22 16:41:59,andrea.cummings039@platform.example.com
,SHP-202002-0000000401,ORD-202002-0000000975,WH-00091,IND,South America,Australia Post,Same Day,Delivered,2020-02-07 13:06:47,2020-02-16,2020-02-11 22:06:47,1,Japan,2020-02-07 13:06:47,ryan.steele043@commerce.example.com
,SHP-202002-0000000402,ORD-202002-0000000837,WH-00093,ITA,North America,UPS,Economy,Delivered,2020-02-01 06:09:31,2020-02-05,2020-02-03 09:09:31,1,United States,2020-02-01 06:09:31,megan.cunningham013@commerce.example.com
,SHP-202002-0000000403,ORD-202002-0000002379,WH-00180,SGP,North America,UPS,Pickup,Shipped,2020-02-20 03:19:14,2020-03-01,,1,Australia,2020-02-20 03:19:14,ryan.steele043@commerce.example.com
,SHP-202002-0000000404,ORD-202002-0000002464,WH-00233,GBR,North America,Royal Mail,Same Day,In Transit,2020-02-03 03:01:23,2020-02-06,,4,Australia,2020-02-03 03:01:23,ryan.steele043@commerce.example.com
,SHP-202002-0000000405,ORD-202002-0000001425,WH-00155,JPN,South America,UPS,Pickup,Delivered,2020-02-15 07:28:29,2020-02-23,2020-02-28 10:28:29,2,India,2020-02-15 07:28:29,jennifer.bauer068@analytics.example.com
,SHP-202002-0000000406,ORD-202002-0000001062,WH-00087,SGP,Europe,Australia Post,Same Day,Delivered,2020-02-09 05:05:50,2020-02-12,2020-02-14 09:05:50,1,Brazil,2020-02-09 05:05:50,susan.rice083@commerce.example.com
,SHP-202002-0000000407,ORD-202002-0000000595,WH-00197,NLD,Europe,FedEx,Pickup,Delayed,2020-02-29 04:38:37,2020-03-09,,1,United States,2020-02-29 04:38:37,patrick.gonzalez035@dataops.example.com
,SHP-202002-0000000408,ORD-202002-0000000059,WH-00194,IND,Europe,FedEx,Pickup,Shipped,2020-02-03 22:49:38,2020-02-07,,1,France,2020-02-03 22:49:38,david.cabrera119@dataops.example.com
,SHP-202002-0000000409,ORD-202002-0000002677,WH-00022,NLD,Asia,UPS,Standard,Returned,2020-02-25 15:49:19,2020-03-05,,2,United Arab Emirates,2020-02-25 15:49:19,jennifer.hudson020@analytics.example.com
,SHP-202002-0000000410,ORD-202002-0000000453,WH-00042,SGP,North America,Royal Mail,Pickup,Delivered,2020-02-04 17:25:43,2020-02-11,2020-02-08 20:25:43,2,France,2020-02-04 17:25:43,michelle.sims041@analytics.example.com
,SHP-202002-0000000411,ORD-202002-0000000101,WH-00203,IND,North America,USPS,Standard,Delivered,2020-02-28 23:24:20,2020-03-03,2020-03-03 02:24:20,1,United States,2020-02-28 23:24:20,john.mullins109@commerce.example.com
,SHP-202002-0000000412,ORD-202002-0000000079,WH-00165,CAN,South America,DPD,Pickup,Delivered,2020-02-23 09:36:41,2020-03-01,2020-02-26 17:36:41,1,United Kingdom,2020-02-23 09:36:41,michael.johnson061@platform.example.com
,SHP-202002-0000000413,ORD-202002-0000001097,WH-00144,BRA,Oceania,DPD,Economy,Shipped,2020-02-22 19:02:49,2020-02-28,,1,Italy,2020-02-22 19:02:49,michael.johnson061@platform.example.com
,SHP-202002-0000000414,ORD-202002-0000000182,WH-00228,DEU,Asia,Australia Post,Standard,Delivered,2020-02-03 05:14:05,2020-02-11,2020-02-07 13:14:05,1,Spain,2020-02-03 05:14:05,david.cabrera119@dataops.example.com
,SHP-202002-0000000415,ORD-202002-0000000295,WH-00247,GBR,Europe,FedEx,Economy,Shipped,2020-02-09 12:03:16,2020-02-16,,2,United Kingdom,2020-02-09 12:03:16,ashley.marks069@commerce.example.com
,SHP-202002-0000000416,ORD-202002-0000001250,WH-00092,AUS,Asia,FedEx,Pickup,Delayed,2020-02-25 11:55:37,2020-03-05,,1,Spain,2020-02-25 11:55:37,patrick.gonzalez035@dataops.example.com
,SHP-202002-0000000417,ORD-202002-0000001276,WH-00110,ESP,Asia,DHL,Standard,Delivered,2020-02-25 18:24:06,2020-03-03,2020-03-10 23:24:06,1,Netherlands,2020-02-25 18:24:06,eric.horton058@analytics.example.com
,SHP-202002-0000000418,ORD-202002-0000000924,WH-00189,CAN,Europe,Australia Post,Economy,Delivered,2020-02-22 22:22:35,2020-02-24,2020-03-01 09:22:35,1,Germany,2020-02-22 22:22:35,micheal.chen050@dataops.example.com
,SHP-202002-0000000419,ORD-202002-0000002117,WH-00015,NLD,Europe,FedEx,Economy,Delivered,2020-02-15 21:09:05,2020-02-24,2020-03-01 00:09:05,1,Canada,2020-02-15 21:09:05,ryan.steele043@commerce.example.com
,SHP-202002-0000000420,ORD-202002-0000002222,WH-00012,AUS,South America,DPD,Standard,Delivered,2020-02-06 00:49:12,2020-02-08,2020-02-10 11:49:12,1,Australia,2020-02-06 00:49:12,michael.berger060@platform.example.com
,SHP-202002-0000000421,ORD-202002-0000000168,WH-00189,MEX,Asia,Royal Mail,Standard,Delivered,2020-02-23 06:17:22,2020-03-02,2020-03-06 06:17:22,1,India,2020-02-23 06:17:22,jeffery.miller012@commerce.example.com
,SHP-202002-0000000422,ORD-202002-0000002330,WH-00093,MEX,Europe,USPS,Express,In Transit,2020-02-23 14:49:51,2020-02-29,,1,Brazil,2020-02-23 14:49:51,victor.palmer071@platform.example.com
,SHP-202002-0000000423,ORD-202002-0000001631,WH-00194,ITA,Asia,DPD,Express,Delivered,2020-02-24 10:50:59,2020-02-26,2020-03-02 19:50:59,1,Japan,2020-02-24 10:50:59,michael.johnson061@platform.example.com
,SHP-202002-0000000424,ORD-202002-0000002427,WH-00053,NLD,Asia,DHL,Economy,Delivered,2020-02-28 23:31:19,2020-03-04,2020-03-12 07:31:19,1,United Arab Emirates,2020-02-28 23:31:19,michael.berger060@platform.example.com
,SHP-202002-0000000425,ORD-202002-0000001226,WH-00244,JPN,Europe,Australia Post,Economy,Delivered,2020-02-29 09:31:49,2020-03-08,2020-03-02 16:31:49,1,Mexico,2020-02-29 09:31:49,joseph.johnson049@dataops.example.com
,SHP-202002-0000000426,ORD-202002-0000000705,WH-00059,ITA,North America,UPS,Economy,Delivered,2020-02-17 14:03:40,2020-02-20,2020-02-19 14:03:40,1,Spain,2020-02-17 14:03:40,lance.williams029@platform.example.com
,SHP-202002-0000000427,ORD-202002-0000000508,WH-00168,BRA,Europe,FedEx,Express,Delivered,2020-02-09 07:55:44,2020-02-12,2020-02-22 13:55:44,1,United States,2020-02-09 07:55:44,maria.ashley046@analytics.example.com
,SHP-202002-0000000428,ORD-202002-0000000998,WH-00167,SGP,Europe,Royal Mail,Express,Delayed,2020-02-23 23:16:52,2020-02-27,,1,India,2020-02-23 23:16:52,jennifer.hudson020@analytics.example.com
,SHP-202002-0000000429,ORD-202002-0000001280,WH-00159,AUS,Oceania,Australia Post,Standard,Delayed,2020-02-22 21:25:37,2020-02-26,,1,India,2020-02-22 21:25:37,stephen.clark001@analytics.example.com
,SHP-202002-0000000430,ORD-202002-0000000983,WH-00215,MEX,Europe,Australia Post,Same Day,In Transit,2020-02-18 06:50:10,2020-02-27,,1,Italy,2020-02-18 06:50:10,ashley.marks069@commerce.example.com
,SHP-202002-0000000431,ORD-202002-0000000407,WH-00139,ARE,Asia,Royal Mail,Economy,Delivered,2020-02-01 10:10:33,2020-02-05,2020-02-07 16:10:33,3,France,2020-02-01 10:10:33,john.mullins109@commerce.example.com
,SHP-202002-0000000432,ORD-202002-0000001974,WH-00133,NLD,Europe,DHL,Express,Delivered,2020-02-24 18:17:34,2020-03-05,2020-03-07 03:17:34,1,Italy,2020-02-24 18:17:34,michael.johnson061@platform.example.com
,SHP-202002-0000000433,ORD-202002-0000001516,WH-00170,GBR,Europe,DHL,Economy,Delivered,2020-02-12 14:20:19,2020-02-22,2020-02-26 20:20:19,1,Canada,2020-02-12 14:20:19,michelle.sims041@analytics.example.com
,SHP-202002-0000000434,ORD-202002-0000001331,WH-00200,BRA,Asia,DHL,Pickup,Delivered,2020-02-20 19:52:37,2020-02-23,2020-02-24 00:52:37,1,Netherlands,2020-02-20 19:52:37,david.cabrera119@dataops.example.com
,SHP-202002-0000000435,ORD-202002-0000002054,WH-00023,ITA,North America,FedEx,Standard,Delivered,2020-02-15 18:01:41,2020-02-19,2020-02-20 01:01:41,1,Brazil,2020-02-15 18:01:41,susan.rice083@commerce.example.com
,SHP-202002-0000000436,ORD-202002-0000001226,WH-00158,GBR,Europe,Royal Mail,Express,Delivered,2020-02-18 10:37:16,2020-02-26,2020-03-01 20:37:16,1,Brazil,2020-02-18 10:37:16,susan.rice083@commerce.example.com
,SHP-202002-0000000437,ORD-202002-0000002714,WH-00144,ARE,North America,Royal Mail,Economy,Delivered,2020-02-05 23:51:26,2020-02-11,2020-02-09 23:51:26,2,Spain,2020-02-05 23:51:26,eric.horton058@analytics.example.com
,SHP-202002-0000000438,ORD-202002-0000001461,WH-00111,DEU,North America,UPS,Same Day,Delivered,2020-02-16 00:21:50,2020-02-24,2020-02-29 00:21:50,2,Singapore,2020-02-16 00:21:50,joseph.johnson049@dataops.example.com
,SHP-202002-0000000439,ORD-202002-0000000068,WH-00118,BRA,Europe,Royal Mail,Standard,In Transit,2020-02-18 15:15:06,2020-02-20,,1,Italy,2020-02-18 15:15:06,michelle.sims041@analytics.example.com
,SHP-202002-0000000440,ORD-202002-0000000718,WH-00040,ESP,North America,Royal Mail,Pickup,Delivered,2020-02-21 09:11:37,2020-02-25,2020-03-01 17:11:37,4,Australia,2020-02-21 09:11:37,peter.martinez098@platform.example.com
,SHP-202002-0000000441,ORD-202002-0000001936,WH-00081,GBR,Europe,DPD,Standard,Delivered,2020-02-20 22:19:20,2020-02-23,2020-02-25 22:19:20,3,United Arab Emirates,2020-02-20 22:19:20,maria.ashley046@analytics.example.com
,SHP-202002-0000000442,ORD-202002-0000002385,WH-00166,ESP,Europe,DHL,Economy,In Transit,2020-02-11 03:25:01,2020-02-15,,2,Brazil,2020-02-11 03:25:01,jennifer.bauer068@analytics.example.com
,SHP-202002-0000000443,ORD-202002-0000001593,WH-00240,ARE,Europe,DHL,Express,In Transit,2020-02-10 17:44:34,2020-02-20,,1,Spain,2020-02-10 17:44:34,tina.williams074@commerce.example.com
,SHP-202002-0000000444,ORD-202002-0000002518,WH-00206,ESP,Asia,DPD,Express,Delivered,2020-02-29 08:09:50,2020-03-04,2020-03-11 14:09:50,1,Mexico,2020-02-29 08:09:50,kelsey.taylor010@platform.example.com
,SHP-202002-0000000445,ORD-202002-0000000637,WH-00174,AUS,Oceania,DPD,Economy,Returned,2020-02-15 18:41:23,2020-02-17,,1,United Kingdom,2020-02-15 18:41:23,adam.gordon030@commerce.example.com
,SHP-202002-0000000446,ORD-202002-0000000965,WH-00099,MEX,North America,DHL,Standard,Delivered,2020-02-14 09:40:15,2020-02-19,2020-02-22 19:40:15,1,Singapore,2020-02-14 09:40:15,ryan.steele043@commerce.example.com
,SHP-202002-0000000447,ORD-202002-0000002705,WH-00153,IND,Asia,FedEx,Same Day,Delivered,2020-02-16 21:41:08,2020-02-25,2020-02-29 03:41:08,1,India,2020-02-16 21:41:08,michael.berger060@platform.example.com
,SHP-202002-0000000448,ORD-202002-0000002694,WH-00033,CAN,Asia,DHL,Pickup,Delivered,2020-02-29 11:06:32,2020-03-09,2020-03-03 12:06:32,1,Netherlands,2020-02-29 11:06:32,eric.horton058@analytics.example.com
,SHP-202002-0000000449,ORD-202002-0000002764,WH-00018,AUS,North America,DHL,Express,Delivered,2020-02-24 02:29:20,2020-02-26,2020-02-26 05:29:20,1,Brazil,2020-02-24 02:29:20,andrea.cummings039@platform.example.com
,SHP-202002-0000000450,ORD-202002-0000000877,WH-00129,USA,Asia,USPS,Standard,In Transit,2020-02-18 02:01:16,2020-02-20,,1,France,2020-02-18 02:01:16,kelsey.taylor010@platform.example.com
,SHP-202002-0000000451,ORD-202002-0000002786,WH-00090,BRA,Europe,Australia Post,Pickup,Delivered,2020-02-28 01:00:42,2020-03-01,2020-03-07 10:00:42,1,United Kingdom,2020-02-28 01:00:42,megan.cunningham013@commerce.example.com
,SHP-202002-0000000452,ORD-202002-0000002776,WH-00057,USA,North America,FedEx,Same Day,Delivered,2020-02-06 03:28:40,2020-02-13,2020-02-12 10:28:40,1,Spain,2020-02-06 03:28:40,susan.rice083@commerce.example.com
,SHP-202002-0000000453,ORD-202002-0000002886,WH-00078,FRA,Asia,DPD,Standard,Delivered,2020-02-03 05:29:09,2020-02-12,2020-02-11 12:29:09,1,Mexico,2020-02-03 05:29:09,taylor.cunningham023@commerce.example.com
,SHP-202002-0000000454,ORD-202002-0000000726,WH-00001,BRA,South America,Royal Mail,Same Day,Shipped,2020-02-20 02:48:09,2020-02-25,,1,India,2020-02-20 02:48:09,jennifer.bauer068@analytics.example.com
,SHP-202002-0000000455,ORD-202002-0000001675,WH-00083,GBR,Europe,Royal Mail,Same Day,Delivered,2020-02-01 07:04:52,2020-02-05,2020-02-05 07:04:52,1,Japan,2020-02-01 07:04:52,michael.johnson061@platform.example.com
,SHP-202002-0000000456,ORD-202002-0000002464,WH-00196,ESP,North America,DPD,Same Day,Delivered,2020-02-11 00:40:01,2020-02-19,2020-02-16 00:40:01,1,Mexico,2020-02-11 00:40:01,micheal.hall064@dataops.example.com
,SHP-202002-0000000457,ORD-202002-0000000104,WH-00135,MEX,Europe,FedEx,Same Day,Delivered,2020-02-19 07:49:23,2020-02-29,2020-02-27 11:49:23,1,United Arab Emirates,2020-02-19 07:49:23,michelle.sims041@analytics.example.com
,SHP-202002-0000000458,ORD-202002-0000001079,WH-00068,FRA,North America,Australia Post,Express,Delayed,2020-02-19 03:30:59,2020-02-22,,2,France,2020-02-19 03:30:59,micheal.hall064@dataops.example.com
,SHP-202002-0000000459,ORD-202002-0000001354,WH-00174,GBR,Europe,Royal Mail,Economy,Shipped,2020-02-15 21:34:52,2020-02-23,,3,United States,2020-02-15 21:34:52,tina.williams074@commerce.example.com
,SHP-202002-0000000460,ORD-202002-0000000674,WH-00121,MEX,Europe,FedEx,Pickup,Delivered,2020-02-06 19:27:54,2020-02-09,2020-02-14 23:27:54,2,Mexico,2020-02-06 19:27:54,jeffery.miller012@commerce.example.com
,SHP-202002-0000000461,ORD-202002-0000001034,WH-00194,BRA,Europe,DPD,Economy,Delivered,2020-02-29 17:35:47,2020-03-05,2020-03-09 23:35:47,1,India,2020-02-29 17:35:47,michelle.bender024@analytics.example.com
,SHP-202002-0000000462,ORD-202002-0000000340,WH-00132,CAN,South America,USPS,Express,Delivered,2020-02-12 15:34:11,2020-02-21,2020-02-23 20:34:11,1,United Arab Emirates,2020-02-12 15:34:11,taylor.cunningham023@commerce.example.com
,SHP-202002-0000000463,ORD-202002-0000000709,WH-00136,ESP,South America,USPS,Economy,Delivered,2020-02-19 22:36:01,2020-02-28,2020-02-29 05:36:01,1,France,2020-02-19 22:36:01,susan.rice083@commerce.example.com
,SHP-202002-0000000464,ORD-202002-0000000891,WH-00164,ESP,Oceania,UPS,Standard,Delivered,2020-02-06 13:13:33,2020-02-14,2020-02-09 23:13:33,1,Italy,2020-02-06 13:13:33,lance.williams029@platform.example.com
,SHP-202002-0000000465,ORD-202002-0000000488,WH-00059,FRA,Europe,Australia Post,Pickup,Delivered,2020-02-17 17:15:26,2020-02-26,2020-02-25 00:15:26,2,Singapore,2020-02-17 17:15:26,victor.palmer071@platform.example.com
,SHP-202002-0000000466,ORD-202002-0000002345,WH-00144,AUS,Europe,Australia Post,Economy,Delivered,2020-02-21 16:04:57,2020-03-01,2020-03-06 20:04:57,1,India,2020-02-21 16:04:57,michael.johnson061@platform.example.com
,SHP-202002-0000000467,ORD-202002-0000001261,WH-00120,SGP,North America,UPS,Same Day,Shipped,2020-02-23 20:03:51,2020-02-28,,1,Australia,2020-02-23 20:03:51,megan.cunningham013@commerce.example.com
,SHP-202002-0000000468,ORD-202002-0000000656,WH-00087,MEX,North America,UPS,Standard,Delivered,2020-02-05 00:04:26,2020-02-10,2020-02-19 09:04:26,1,Japan,2020-02-05 00:04:26,stephen.clark001@analytics.example.com
,SHP-202002-0000000469,ORD-202002-0000001612,WH-00118,GBR,Europe,DPD,Same Day,Delivered,2020-02-01 04:10:20,2020-02-08,2020-02-04 12:10:20,3,India,2020-02-01 04:10:20,eric.horton058@analytics.example.com
,SHP-202002-0000000470,ORD-202002-0000001858,WH-00207,MEX,Asia,DPD,Standard,Delivered,2020-02-27 16:03:43,2020-03-07,2020-03-08 22:03:43,1,United Kingdom,2020-02-27 16:03:43,michelle.bender024@analytics.example.com
,SHP-202002-0000000471,ORD-202002-0000000855,WH-00186,IND,Asia,Royal Mail,Economy,Delivered,2020-02-10 05:10:54,2020-02-17,2020-02-12 08:10:54,2,United Arab Emirates,2020-02-10 05:10:54,david.cabrera119@dataops.example.com
,SHP-202002-0000000472,ORD-202002-0000000910,WH-00173,CAN,North America,USPS,Same Day,Delivered,2020-02-24 14:45:09,2020-03-02,2020-03-03 16:45:09,1,Australia,2020-02-24 14:45:09,david.cabrera119@dataops.example.com
,SHP-202002-0000000473,ORD-202002-0000001665,WH-00095,FRA,South America,FedEx,Same Day,Delivered,2020-02-15 09:00:54,2020-02-25,2020-02-21 11:00:54,2,Canada,2020-02-15 09:00:54,ashley.marks069@commerce.example.com
,SHP-202002-0000000474,ORD-202002-0000002110,WH-00124,BRA,Oceania,USPS,Economy,Delayed,2020-02-06 22:33:08,2020-02-13,,1,Netherlands,2020-02-06 22:33:08,stephen.clark001@analytics.example.com
,SHP-202002-0000000475,ORD-202002-0000002012,WH-00151,NLD,Europe,Royal Mail,Pickup,Shipped,2020-02-05 14:40:57,2020-02-15,,2,France,2020-02-05 14:40:57,patrick.gonzalez035@dataops.example.com
,SHP-202002-0000000476,ORD-202002-0000000171,WH-00109,IND,Asia,FedEx,Express,Delivered,2020-02-16 02:20:29,2020-02-23,2020-02-29 11:20:29,2,Australia,2020-02-16 02:20:29,michelle.sims041@analytics.example.com
,SHP-202002-0000000477,ORD-202002-0000001824,WH-00082,SGP,Asia,Australia Post,Same Day,Shipped,2020-02-17 02:41:12,2020-02-22,,1,France,2020-02-17 02:41:12,eric.horton058@analytics.example.com
,SHP-202002-0000000478,ORD-202002-0000000195,WH-00227,CAN,North America,USPS,Express,Delivered,2020-02-15 10:48:45,2020-02-23,2020-02-28 17:48:45,1,Mexico,2020-02-15 10:48:45,peter.martinez098@platform.example.com
,SHP-202002-0000000479,ORD-202002-0000002628,WH-00227,DEU,North America,UPS,Economy,Delivered,2020-02-20 08:55:33,2020-02-26,2020-02-26 12:55:33,2,France,2020-02-20 08:55:33,peter.martinez098@platform.example.com
,SHP-202002-0000000480,ORD-202002-0000001017,WH-00020,SGP,North America,USPS,Express,Delivered,2020-02-14 12:05:51,2020-02-21,2020-02-16 13:05:51,1,Brazil,2020-02-14 12:05:51,patrick.gonzalez035@dataops.example.com
,SHP-202002-0000000481,ORD-202002-0000002567,WH-00092,AUS,Europe,UPS,Express,Delivered,2020-02-10 10:29:34,2020-02-13,2020-02-23 12:29:34,3,Singapore,2020-02-10 10:29:34,eric.horton058@analytics.example.com
,SHP-202002-0000000482,ORD-202002-0000002904,WH-00115,ITA,Asia,Australia Post,Express,Delivered,2020-02-21 11:30:30,2020-02-24,2020-02-27 12:30:30,1,Spain,2020-02-21 11:30:30,andrea.cummings039@platform.example.com
,SHP-202002-0000000483,ORD-202002-0000001925,WH-00243,ITA,Europe,Royal Mail,Pickup,Delivered,2020-02-10 22:40:47,2020-02-20,2020-02-15 06:40:47,1,United Arab Emirates,2020-02-10 22:40:47,stephen.clark001@analytics.example.com
,SHP-202002-0000000484,ORD-202002-0000002313,WH-00123,ITA,Europe,USPS,Same Day,Delivered,2020-02-21 14:04:12,2020-02-23,2020-02-28 23:04:12,1,Brazil,2020-02-21 14:04:12,jennifer.bauer068@analytics.example.com
,SHP-202002-0000000485,ORD-202002-0000000403,WH-00179,ESP,Europe,UPS,Economy,Delivered,2020-02-01 23:01:40,2020-02-04,2020-02-07 01:01:40,1,Netherlands,2020-02-01 23:01:40,victor.palmer071@platform.example.com
,SHP-202002-0000000486,ORD-202002-0000001814,WH-00147,MEX,Europe,DHL,Economy,In Transit,2020-02-25 02:23:41,2020-02-27,,2,Japan,2020-02-25 02:23:41,adam.gordon030@commerce.example.com
,SHP-202002-0000000487,ORD-202002-0000001700,WH-00070,MEX,South America,Australia Post,Express,Delivered,2020-02-21 17:17:14,2020-03-02,2020-02-25 18:17:14,1,Canada,2020-02-21 17:17:14,micheal.hall064@dataops.example.com
,SHP-202002-0000000488,ORD-202002-0000001943,WH-00147,ESP,North America,Australia Post,Same Day,Delivered,2020-02-13 23:24:52,2020-02-22,2020-02-21 10:24:52,2,United Kingdom,2020-02-13 23:24:52,ryan.steele043@commerce.example.com
,SHP-202002-0000000489,ORD-202002-0000000960,WH-00124,USA,Asia,UPS,Same Day,Shipped,2020-02-28 22:31:08,2020-03-04,,1,Singapore,2020-02-28 22:31:08,stephen.clark001@analytics.example.com
,SHP-202002-0000000490,ORD-202002-0000001444,WH-00142,MEX,Europe,Royal Mail,Standard,Delivered,2020-02-07 10:14:52,2020-02-09,2020-02-18 20:14:52,4,United Kingdom,2020-02-07 10:14:52,megan.cunningham013@commerce.example.com
,SHP-202002-0000000491,ORD-202002-0000000604,WH-00213,ARE,Europe,DHL,Standard,Delivered,2020-02-28 14:40:47,2020-03-06,2020-03-10 20:40:47,1,Japan,2020-02-28 14:40:47,taylor.cunningham023@commerce.example.com
,SHP-202002-0000000492,ORD-202002-0000001213,WH-00208,FRA,Asia,UPS,Same Day,Delayed,2020-02-01 05:24:08,2020-02-11,,1,Netherlands,2020-02-01 05:24:08,jennifer.bauer068@analytics.example.com
,SHP-202002-0000000493,ORD-202002-0000001900,WH-00091,DEU,Oceania,FedEx,Pickup,Delivered,2020-02-04 08:32:10,2020-02-07,2020-02-18 11:32:10,2,India,2020-02-04 08:32:10,ashley.marks069@commerce.example.com
,SHP-202002-0000000494,ORD-202002-0000002308,WH-00023,AUS,North America,DPD,Standard,Delivered,2020-02-04 04:13:05,2020-02-06,2020-02-16 04:13:05,2,Japan,2020-02-04 04:13:05,michelle.sims041@analytics.example.com
,SHP-202002-0000000495,ORD-202002-0000000801,WH-00164,ITA,North America,Australia Post,Standard,Delivered,2020-02-07 10:43:02,2020-02-17,2020-02-14 11:43:02,1,Australia,2020-02-07 10:43:02,megan.cunningham013@commerce.example.com
,SHP-202002-0000000496,ORD-202002-0000002531,WH-00037,FRA,Europe,UPS,Economy,Delivered,2020-02-27 16:59:29,2020-03-06,2020-03-08 17:59:29,2,France,2020-02-27 16:59:29,stephen.clark001@analytics.example.com
,SHP-202002-0000000497,ORD-202002-0000002284,WH-00178,NLD,Asia,UPS,Express,Delivered,2020-02-27 12:20:21,2020-03-03,2020-03-12 12:20:21,2,Singapore,2020-02-27 12:20:21,megan.cunningham013@commerce.example.com
,SHP-202002-0000000498,ORD-202002-0000002186,WH-00064,SGP,Oceania,DHL,Pickup,Delivered,2020-02-18 23:09:34,2020-02-26,2020-02-27 04:09:34,1,United Kingdom,2020-02-18 23:09:34,michelle.sims041@analytics.example.com
,SHP-202002-0000000499,ORD-202002-0000000088,WH-00009,AUS,South America,Royal Mail,Pickup,Delivered,2020-02-09 17:35:00,2020-02-16,2020-02-11 20:35:00,1,Netherlands,2020-02-09 17:35:00,michelle.sims041@analytics.example.com
,SHP-202002-0000000500,ORD-202002-0000000836,WH-00029,JPN,North America,Royal Mail,Express,In Transit,2020-02-26 12:56:35,2020-03-06,,1,Germany,2020-02-26 12:56:35,brandi.carter038@dataops.example.com
,SHP-202002-0000000501,ORD-202002-0000000687,WH-00174,MEX,Europe,USPS,Same Day,In Transit,2020-02-01 23:31:33,2020-02-11,,1,United Arab Emirates,2020-02-01 23:31:33,lance.williams029@platform.example.com
,SHP-202002-0000000502,ORD-202002-0000002415,WH-00069,MEX,Europe,DHL,Pickup,Delivered,2020-02-03 11:56:33,2020-02-13,2020-02-05 13:56:33,1,Australia,2020-02-03 11:56:33,kelsey.taylor010@platform.example.com
,SHP-202002-0000000503,ORD-202002-0000001137,WH-00036,IND,Asia,Australia Post,Pickup,Shipped,2020-02-17 03:16:34,2020-02-26,,1,France,2020-02-17 03:16:34,adam.gordon030@commerce.example.com
,SHP-202002-0000000504,ORD-202002-0000002881,WH-00070,BRA,Asia,UPS,Standard,Delivered,2020-02-25 11:52:03,2020-03-05,2020-03-09 21:52:03,1,Canada,2020-02-25 11:52:03,micheal.chen050@dataops.example.com
,SHP-202002-0000000505,ORD-202002-0000000862,WH-00138,GBR,North America,Royal Mail,Economy,Delivered,2020-02-27 23:16:21,2020-03-01,2020-03-11 23:16:21,1,Singapore,2020-02-27 23:16:21,micheal.chen050@dataops.example.com
,SHP-202002-0000000506,ORD-202002-0000002789,WH-00095,ITA,Asia,Royal Mail,Same Day,In Transit,2020-02-09 00:39:49,2020-02-14,,1,Singapore,2020-02-09 00:39:49,megan.cunningham013@commerce.example.com
,SHP-202002-0000000507,ORD-202002-0000000342,WH-00031,FRA,Asia,DHL,Same Day,Delivered,2020-02-21 22:02:18,2020-02-27,2020-02-26 23:02:18,2,Netherlands,2020-02-21 22:02:18,ashley.marks069@commerce.example.com
,SHP-202002-0000000508,ORD-202002-0000002090,WH-00223,MEX,Europe,Royal Mail,Pickup,Delivered,2020-02-19 04:35:11,2020-02-29,2020-02-23 05:35:11,1,United States,2020-02-19 04:35:11,patrick.gonzalez035@dataops.example.com
,SHP-202002-0000000509,ORD-202002-0000002303,WH-00186,FRA,North America,FedEx,Pickup,Delivered,2020-02-29 14:54:08,2020-03-04,2020-03-03 14:54:08,4,Germany,2020-02-29 14:54:08,jeffery.miller012@commerce.example.com
,SHP-202002-0000000510,ORD-202002-0000002661,WH-00153,USA,Europe,USPS,Express,Delivered,2020-02-22 02:13:09,2020-02-25,2020-02-27 14:13:09,1,France,2020-02-22 02:13:09,adam.gordon030@commerce.example.com
,SHP-202002-0000000511,ORD-202002-0000002565,WH-00249,FRA,Oceania,Australia Post,Express,Delivered,2020-02-11 00:34:07,2020-02-13,2020-02-25 12:34:07,1,Spain,2020-02-11 00:34:07,patrick.gonzalez035@dataops.example.com
,SHP-202002-0000000512,ORD-202002-0000002475,WH-00184,NLD,South America,Australia Post,Economy,In Transit,2020-02-07 18:34:31,2020-02-16,,2,United States,2020-02-07 18:34:31,susan.rice083@commerce.example.com
,SHP-202002-0000000513,ORD-202002-0000002834,WH-00006,AUS,Europe,DPD,Economy,Delivered,2020-02-06 18:53:33,2020-02-09,2020-02-20 05:53:33,1,United States,2020-02-06 18:53:33,tina.williams074@commerce.example.com
,SHP-202002-0000000514,ORD-202002-0000000727,WH-00189,NLD,North America,FedEx,Express,Delivered,2020-02-26 04:39:06,2020-03-04,2020-03-03 11:39:06,1,Canada,2020-02-26 04:39:06,andrea.cummings039@platform.example.com
,SHP-202002-0000000515,ORD-202002-0000002601,WH-00149,BRA,Europe,DHL,Standard,In Transit,2020-02-12 00:46:05,2020-02-17,,1,Spain,2020-02-12 00:46:05,adam.gordon030@commerce.example.com
,SHP-202002-0000000516,ORD-202002-0000000525,WH-00028,FRA,Asia,USPS,Express,In Transit,2020-02-18 12:02:33,2020-02-21,,3,Italy,2020-02-18 12:02:33,jennifer.hudson020@analytics.example.com
,SHP-202002-0000000517,ORD-202002-0000002034,WH-00097,AUS,Asia,DHL,Economy,Delivered,2020-02-27 06:23:08,2020-03-08,2020-03-04 08:23:08,2,Singapore,2020-02-27 06:23:08,lance.williams029@platform.example.com
,SHP-202002-0000000518,ORD-202002-0000002304,WH-00165,ITA,North America,Australia Post,Pickup,Delivered,2020-02-23 23:59:36,2020-02-29,2020-03-02 06:59:36,2,United Kingdom,2020-02-23 23:59:36,stephen.daniels076@commerce.example.com
,SHP-202002-0000000519,ORD-202002-0000001665,WH-00017,SGP,Oceania,Australia Post,Same Day,Shipped,2020-02-27 19:05:19,2020-03-06,,1,United States,2020-02-27 19:05:19,david.cabrera119@dataops.example.com
,SHP-202002-0000000520,ORD-202002-0000001613,WH-00216,MEX,North America,FedEx,Standard,Delivered,2020-02-07 03:45:15,2020-02-14,2020-02-11 12:45:15,1,India,2020-02-07 03:45:15,david.cabrera119@dataops.example.com
,SHP-202002-0000000521,ORD-202002-0000001501,WH-00070,FRA,Europe,Royal Mail,Economy,Shipped,2020-02-12 00:29:59,2020-02-15,,1,France,2020-02-12 00:29:59,micheal.hall064@dataops.example.com
,SHP-202002-0000000522,ORD-202002-0000001169,WH-00082,SGP,Europe,Royal Mail,Pickup,Delivered,2020-02-21 07:53:59,2020-02-26,2020-02-27 07:53:59,2,Spain,2020-02-21 07:53:59,eric.horton058@analytics.example.com
,SHP-202002-0000000523,ORD-202002-0000000688,WH-00105,CAN,North America,Royal Mail,Pickup,In Transit,2020-02-16 04:21:20,2020-02-21,,1,Spain,2020-02-16 04:21:20,susan.rice083@commerce.example.com
,SHP-202002-0000000524,ORD-202002-0000002469,WH-00169,USA,Europe,DHL,Pickup,Delivered,2020-02-08 23:27:53,2020-02-10,2020-02-21 23:27:53,1,Japan,2020-02-08 23:27:53,michael.berger060@platform.example.com
,SHP-202002-0000000525,ORD-202002-0000001510,WH-00145,GBR,Asia,USPS,Standard,Delivered,2020-02-15 14:59:24,2020-02-19,2020-02-20 00:59:24,1,Brazil,2020-02-15 14:59:24,eric.horton058@analytics.example.com
,SHP-202002-0000000526,ORD-202002-0000000574,WH-00203,MEX,Europe,DPD,Standard,Delivered,2020-02-29 00:16:37,2020-03-10,2020-03-13 06:16:37,1,France,2020-02-29 00:16:37,victor.palmer071@platform.example.com
,SHP-202002-0000000527,ORD-202002-0000002481,WH-00099,FRA,Asia,Australia Post,Express,Delivered,2020-02-21 08:51:36,2020-02-25,2020-02-25 19:51:36,1,Canada,2020-02-21 08:51:36,lance.williams029@platform.example.com
,SHP-202002-0000000528,ORD-202002-0000001365,WH-00124,GBR,Oceania,Royal Mail,Economy,Delayed,2020-02-19 12:15:15,2020-02-25,,1,Netherlands,2020-02-19 12:15:15,taylor.cunningham023@commerce.example.com
,SHP-202002-0000000529,ORD-202002-0000002431,WH-00244,DEU,North America,Royal Mail,Standard,Delivered,2020-02-10 08:47:50,2020-02-15,2020-02-12 17:47:50,1,United States,2020-02-10 08:47:50,micheal.chen050@dataops.example.com
,SHP-202002-0000000530,ORD-202002-0000001085,WH-00216,DEU,North America,Royal Mail,Standard,Delivered,2020-02-19 02:15:01,2020-02-28,2020-02-21 13:15:01,1,United States,2020-02-19 02:15:01,michelle.bender024@analytics.example.com
,SHP-202002-0000000531,ORD-202002-0000000358,WH-00104,FRA,Asia,DPD,Pickup,Returned,2020-02-19 11:08:26,2020-02-29,,1,Italy,2020-02-19 11:08:26,lance.williams029@platform.example.com
,SHP-202002-0000000532,ORD-202002-0000002887,WH-00150,USA,Asia,Royal Mail,Standard,In Transit,2020-02-04 07:29:08,2020-02-06,,1,Brazil,2020-02-04 07:29:08,micheal.chen050@dataops.example.com
,SHP-202002-0000000533,ORD-202002-0000000395,WH-00234,ITA,Asia,FedEx,Standard,Delivered,2020-02-25 06:33:19,2020-03-03,2020-03-02 17:33:19,1,India,2020-02-25 06:33:19,adam.gordon030@commerce.example.com
,SHP-202002-0000000534,ORD-202002-0000000696,WH-00105,BRA,Asia,USPS,Pickup,Delivered,2020-02-03 09:06:23,2020-02-10,2020-02-17 13:06:23,1,Brazil,2020-02-03 09:06:23,tina.williams074@commerce.example.com
,SHP-202002-0000000535,ORD-202002-0000001768,WH-00213,GBR,Europe,USPS,Express,Shipped,2020-02-17 11:23:30,2020-02-19,,1,Japan,2020-02-17 11:23:30,tina.williams074@commerce.example.com
,SHP-202002-0000000536,ORD-202002-0000000983,WH-00111,USA,Asia,Australia Post,Economy,Delivered,2020-02-14 07:24:42,2020-02-18,2020-02-22 19:24:42,1,Australia,2020-02-14 07:24:42,ashley.marks069@commerce.example.com
,SHP-202002-0000000537,ORD-202002-0000002813,WH-00064,USA,South America,FedEx,Standard,Shipped,2020-02-10 09:02:25,2020-02-14,,1,Netherlands,2020-02-10 09:02:25,victor.palmer071@platform.example.com
,SHP-202002-0000000538,ORD-202002-0000000405,WH-00185,SGP,North America,USPS,Pickup,Delivered,2020-02-08 10:31:41,2020-02-13,2020-02-19 20:31:41,1,Australia,2020-02-08 10:31:41,megan.cunningham013@commerce.example.com
,SHP-202002-0000000539,ORD-202002-0000001067,WH-00155,SGP,Europe,FedEx,Express,Delivered,2020-02-19 03:43:31,2020-02-23,2020-02-23 10:43:31,1,Brazil,2020-02-19 03:43:31,jennifer.bauer068@analytics.example.com
,SHP-202002-0000000540,ORD-202002-0000000389,WH-00121,NLD,Europe,USPS,Standard,In Transit,2020-02-06 05:29:31,2020-02-09,,2,Australia,2020-02-06 05:29:31,michael.berger060@platform.example.com
,SHP-202002-0000000541,ORD-202002-0000000892,WH-00159,MEX,North America,DHL,Standard,Delivered,2020-02-12 15:38:18,2020-02-18,2020-02-19 20:38:18,1,United Kingdom,2020-02-12 15:38:18,david.cabrera119@dataops.example.com
,SHP-202002-0000000542,ORD-202002-0000001261,WH-00106,BRA,Europe,Australia Post,Economy,Delivered,2020-02-18 09:33:45,2020-02-27,2020-02-22 09:33:45,1,Spain,2020-02-18 09:33:45,joseph.johnson049@dataops.example.com
,SHP-202002-0000000543,ORD-202002-0000002125,WH-00122,IND,Oceania,UPS,Standard,In Transit,2020-02-22 03:02:23,2020-02-25,,1,United Arab Emirates,2020-02-22 03:02:23,jeffery.miller012@commerce.example.com
,SHP-202002-0000000544,ORD-202002-0000001270,WH-00086,FRA,Europe,FedEx,Pickup,Delayed,2020-02-21 05:08:07,2020-02-26,,1,India,2020-02-21 05:08:07,brandi.carter038@dataops.example.com
,SHP-202002-0000000545,ORD-202002-0000001698,WH-00074,GBR,Oceania,Royal Mail,Standard,Delivered,2020-02-29 17:40:37,2020-03-10,2020-03-07 17:40:37,1,United Arab Emirates,2020-02-29 17:40:37,stephen.clark001@analytics.example.com
,SHP-202002-0000000546,ORD-202002-0000001810,WH-00007,CAN,North America,DHL,Standard,In Transit,2020-02-20 04:58:19,2020-02-23,,1,Australia,2020-02-20 04:58:19,jennifer.hudson020@analytics.example.com
,SHP-202002-0000000547,ORD-202002-0000000864,WH-00160,ESP,North America,UPS,Same Day,Delivered,2020-02-27 17:17:45,2020-03-03,2020-03-10 03:17:45,1,Mexico,2020-02-27 17:17:45,john.mullins109@commerce.example.com
,SHP-202002-0000000548,ORD-202002-0000001267,WH-00085,JPN,Europe,Australia Post,Economy,Delivered,2020-02-29 19:16:47,2020-03-06,2020-03-07 20:16:47,1,Netherlands,2020-02-29 19:16:47,tina.williams074@commerce.example.com
,SHP-202002-0000000549,ORD-202002-0000001176,WH-00155,SGP,North America,UPS,Pickup,Returned,2020-02-10 15:52:26,2020-02-19,,1,Germany,2020-02-10 15:52:26,micheal.chen050@dataops.example.com
,SHP-202002-0000000550,ORD-202002-0000002100,WH-00139,DEU,Europe,UPS,Express,Delivered,2020-02-27 05:24:50,2020-03-07,2020-03-09 11:24:50,1,Mexico,2020-02-27 05:24:50,andrea.cummings039@platform.example.com
,SHP-202002-0000000551,ORD-202002-0000001721,WH-00174,ITA,North America,Australia Post,Standard,Delivered,2020-02-11 18:15:03,2020-02-13,2020-02-20 04:15:03,1,Mexico,2020-02-11 18:15:03,michael.berger060@platform.example.com
,SHP-202002-0000000552,ORD-202002-0000000849,WH-00144,GBR,Asia,FedEx,Same Day,Delivered,2020-02-26 20:10:40,2020-03-02,2020-03-08 08:10:40,2,United Kingdom,2020-02-26 20:10:40,james.proctor094@dataops.example.com
,SHP-202002-0000000553,ORD-202002-0000001727,WH-00025,BRA,Europe,UPS,Economy,Delivered,2020-02-09 23:40:18,2020-02-13,2020-02-13 06:40:18,1,Brazil,2020-02-09 23:40:18,ryan.steele043@commerce.example.com
,SHP-202002-0000000554,ORD-202002-0000000602,WH-00216,BRA,North America,USPS,Same Day,In Transit,2020-02-28 15:43:46,2020-03-07,,1,Japan,2020-02-28 15:43:46,adam.gordon030@commerce.example.com
,SHP-202002-0000000555,ORD-202002-0000000328,WH-00198,BRA,Asia,DHL,Standard,Delivered,2020-02-17 12:38:38,2020-02-20,2020-02-22 12:38:38,2,Brazil,2020-02-17 12:38:38,stephen.clark001@analytics.example.com
,SHP-202002-0000000556,ORD-202002-0000001855,WH-00151,ARE,South America,DHL,Pickup,Delivered,2020-02-29 17:23:08,2020-03-04,2020-03-11 18:23:08,1,Japan,2020-02-29 17:23:08,jennifer.bauer068@analytics.example.com
,SHP-202002-0000000557,ORD-202002-0000001153,WH-00185,ESP,Oceania,FedEx,Same Day,Delivered,2020-02-22 15:55:41,2020-02-24,2020-02-26 15:55:41,2,Mexico,2020-02-22 15:55:41,tina.williams074@commerce.example.com
,SHP-202002-0000000558,ORD-202002-0000000237,WH-00157,DEU,Asia,FedEx,Standard,Shipped,2020-02-14 08:01:13,2020-02-16,,1,Spain,2020-02-14 08:01:13,michelle.sims041@analytics.example.com
,SHP-202002-0000000559,ORD-202002-0000000034,WH-00212,FRA,Europe,FedEx,Economy,Shipped,2020-02-19 04:31:40,2020-02-29,,1,Brazil,2020-02-19 04:31:40,susan.rice083@commerce.example.com
,SHP-202002-0000000560,ORD-202002-0000002032,WH-00229,CAN,Europe,UPS,Standard,Delayed,2020-02-15 10:50:42,2020-02-25,,2,United Arab Emirates,2020-02-15 10:50:42,michelle.bender024@analytics.example.com
,SHP-202002-0000000561,ORD-202002-0000002047,WH-00130,CAN,North America,UPS,Pickup,Delivered,2020-02-17 00:29:18,2020-02-23,2020-02-26 08:29:18,1,Italy,2020-02-17 00:29:18,jennifer.hudson020@analytics.example.com
,SHP-202002-0000000562,ORD-202002-0000000016,WH-00132,BRA,Asia,FedEx,Standard,Delayed,2020-02-02 17:24:18,2020-02-10,,1,Canada,2020-02-02 17:24:18,susan.rice083@commerce.example.com
,SHP-202002-0000000563,ORD-202002-0000000107,WH-00002,IND,Europe,UPS,Pickup,Delivered,2020-02-26 17:17:13,2020-02-29,2020-03-05 04:17:13,1,Netherlands,2020-02-26 17:17:13,ryan.steele043@commerce.example.com
,SHP-202002-0000000564,ORD-202002-0000002081,WH-00230,ESP,Asia,FedEx,Pickup,Delivered,2020-02-14 07:54:01,2020-02-17,2020-02-24 15:54:01,1,Australia,2020-02-14 07:54:01,joseph.johnson049@dataops.example.com
,SHP-202002-0000000565,ORD-202002-0000002518,WH-00113,ESP,North America,UPS,Economy,Delivered,2020-02-01 11:14:06,2020-02-08,2020-02-06 20:14:06,2,Japan,2020-02-01 11:14:06,lance.williams029@platform.example.com
,SHP-202002-0000000566,ORD-202002-0000002667,WH-00053,MEX,Europe,DPD,Express,Delivered,2020-02-29 07:59:19,2020-03-06,2020-03-02 09:59:19,1,United Kingdom,2020-02-29 07:59:19,brandi.carter038@dataops.example.com
,SHP-202002-0000000567,ORD-202002-0000000402,WH-00213,AUS,Asia,Australia Post,Pickup,Delivered,2020-02-07 19:17:19,2020-02-09,2020-02-22 07:17:19,1,India,2020-02-07 19:17:19,john.mullins109@commerce.example.com
,SHP-202002-0000000568,ORD-202002-0000002503,WH-00242,JPN,Oceania,FedEx,Same Day,Delivered,2020-02-21 10:38:03,2020-02-23,2020-02-25 19:38:03,1,United Arab Emirates,2020-02-21 10:38:03,adam.gordon030@commerce.example.com
,SHP-202002-0000000569,ORD-202002-0000000364,WH-00083,BRA,North America,FedEx,Pickup,Delivered,2020-02-21 12:39:49,2020-03-02,2020-02-23 12:39:49,1,Netherlands,2020-02-21 12:39:49,patrick.gonzalez035@dataops.example.com
,SHP-202002-0000000570,ORD-202002-0000002346,WH-00204,DEU,Asia,Australia Post,Standard,Delivered,2020-02-22 23:45:28,2020-03-01,2020-03-05 02:45:28,2,France,2020-02-22 23:45:28,andrea.cummings039@platform.example.com
,SHP-202002-0000000571,ORD-202002-0000000650,WH-00110,ESP,Europe,FedEx,Express,Delivered,2020-02-08 08:55:54,2020-02-10,2020-02-18 09:55:54,1,Italy,2020-02-08 08:55:54,michelle.sims041@analytics.example.com
,SHP-202002-0000000572,ORD-202002-0000000423,WH-00171,AUS,Europe,Australia Post,Standard,Delivered,2020-02-25 08:38:34,2020-03-03,2020-03-09 18:38:34,1,Netherlands,2020-02-25 08:38:34,victor.palmer071@platform.example.com
,SHP-202002-0000000573,ORD-202002-0000002524,WH-00056,USA,Oceania,Australia Post,Same Day,Delivered,2020-02-10 11:01:56,2020-02-13,2020-02-15 16:01:56,1,France,2020-02-10 11:01:56,micheal.chen050@dataops.example.com
,SHP-202002-0000000574,ORD-202002-0000002525,WH-00105,BRA,Europe,DHL,Pickup,Delivered,2020-02-02 12:32:34,2020-02-09,2020-02-06 15:32:34,3,Germany,2020-02-02 12:32:34,david.cabrera119@dataops.example.com
,SHP-202002-0000000575,ORD-202002-0000001430,WH-00107,NLD,Asia,FedEx,Economy,Delivered,2020-02-18 15:18:16,2020-02-22,2020-02-29 23:18:16,1,India,2020-02-18 15:18:16,james.proctor094@dataops.example.com
,SHP-202002-0000000576,ORD-202002-0000000945,WH-00190,AUS,Europe,USPS,Economy,Shipped,2020-02-04 04:02:24,2020-02-12,,2,Canada,2020-02-04 04:02:24,tina.williams074@commerce.example.com
,SHP-202002-0000000577,ORD-202002-0000000906,WH-00197,CAN,North America,FedEx,Pickup,Delivered,2020-02-14 06:08:28,2020-02-17,2020-02-17 10:08:28,2,Netherlands,2020-02-14 06:08:28,stephen.clark001@analytics.example.com
,SHP-202002-0000000578,ORD-202002-0000000877,WH-00064,ARE,Asia,USPS,Same Day,Delivered,2020-02-07 12:04:15,2020-02-15,2020-02-21 14:04:15,1,Germany,2020-02-07 12:04:15,michael.johnson061@platform.example.com
,SHP-202002-0000000579,ORD-202002-0000002021,WH-00155,ESP,North America,USPS,Express,Shipped,2020-02-28 21:09:33,2020-03-02,,1,France,2020-02-28 21:09:33,peter.martinez098@platform.example.com
,SHP-202002-0000000580,ORD-202002-0000002906,WH-00207,ESP,Asia,Royal Mail,Same Day,Delivered,2020-02-03 11:11:08,2020-02-05,2020-02-13 21:11:08,1,Australia,2020-02-03 11:11:08,ryan.steele043@commerce.example.com
,SHP-202002-0000000581,ORD-202002-0000002245,WH-00010,JPN,Europe,DPD,Express,Delivered,2020-02-29 07:39:43,2020-03-03,2020-03-12 10:39:43,1,Germany,2020-02-29 07:39:43,eric.horton058@analytics.example.com
,SHP-202002-0000000582,ORD-202002-0000001619,WH-00222,SGP,Europe,Royal Mail,Same Day,Delivered,2020-02-05 13:44:39,2020-02-15,2020-02-20 01:44:39,2,Canada,2020-02-05 13:44:39,maria.ashley046@analytics.example.com
,SHP-202002-0000000583,ORD-202002-0000001187,WH-00115,MEX,Asia,UPS,Pickup,Delayed,2020-02-13 22:04:47,2020-02-19,,2,Mexico,2020-02-13 22:04:47,ryan.steele043@commerce.example.com
,SHP-202002-0000000584,ORD-202002-0000001341,WH-00191,ITA,Europe,UPS,Standard,Delivered,2020-02-15 03:24:36,2020-02-20,2020-02-23 12:24:36,1,United Kingdom,2020-02-15 03:24:36,jennifer.hudson020@analytics.example.com
,SHP-202002-0000000585,ORD-202002-0000000683,WH-00082,CAN,Europe,DHL,Economy,Delivered,2020-02-25 01:17:32,2020-03-03,2020-03-10 01:17:32,1,Netherlands,2020-02-25 01:17:32,kelsey.taylor010@platform.example.com
,SHP-202002-0000000586,ORD-202002-0000001490,WH-00126,ARE,Europe,DPD,Pickup,In Transit,2020-02-23 04:20:12,2020-02-27,,4,France,2020-02-23 04:20:12,lance.williams029@platform.example.com
,SHP-202002-0000000587,ORD-202002-0000001405,WH-00169,CAN,North America,FedEx,Express,Delivered,2020-02-20 06:38:56,2020-02-25,2020-02-24 11:38:56,3,United Kingdom,2020-02-20 06:38:56,brandi.carter038@dataops.example.com
,SHP-202002-0000000588,ORD-202002-0000002467,WH-00214,SGP,Asia,Australia Post,Pickup,Delivered,2020-02-19 19:01:48,2020-02-24,2020-02-26 01:01:48,3,United States,2020-02-19 19:01:48,michelle.bender024@analytics.example.com
,SHP-202002-0000000589,ORD-202002-0000001687,WH-00002,CAN,Asia,FedEx,Economy,Delivered,2020-02-08 07:57:36,2020-02-18,2020-02-12 14:57:36,1,Mexico,2020-02-08 07:57:36,adam.gordon030@commerce.example.com
,SHP-202002-0000000590,ORD-202002-0000000139,WH-00003,ARE,Asia,USPS,Economy,Delivered,2020-02-05 23:38:58,2020-02-14,2020-02-10 06:38:58,1,United Arab Emirates,2020-02-05 23:38:58,joseph.johnson049@dataops.example.com
,SHP-202002-0000000591,ORD-202002-0000002568,WH-00186,USA,Europe,UPS,Standard,Delivered,2020-02-16 14:32:16,2020-02-21,2020-02-28 15:32:16,1,Netherlands,2020-02-16 14:32:16,tina.williams074@commerce.example.com
,SHP-202002-0000000592,ORD-202002-0000000872,WH-00235,SGP,Europe,FedEx,Same Day,Delivered,2020-02-22 14:16:19,2020-02-26,2020-03-06 02:16:19,1,Spain,2020-02-22 14:16:19,susan.rice083@commerce.example.com
,SHP-202002-0000000593,ORD-202002-0000000656,WH-00124,BRA,Europe,Australia Post,Economy,Delivered,2020-02-18 01:48:30,2020-02-20,2020-02-27 12:48:30,2,Singapore,2020-02-18 01:48:30,john.mullins109@commerce.example.com
,SHP-202002-0000000594,ORD-202002-0000002677,WH-00048,BRA,Oceania,DPD,Pickup,Delivered,2020-02-12 06:45:32,2020-02-18,2020-02-15 14:45:32,1,Germany,2020-02-12 06:45:32,micheal.hall064@dataops.example.com
,SHP-202002-0000000595,ORD-202002-0000002832,WH-00039,AUS,Asia,FedEx,Standard,Delayed,2020-02-27 05:17:43,2020-03-02,,1,Brazil,2020-02-27 05:17:43,david.cabrera119@dataops.example.com
,SHP-202002-0000000596,ORD-202002-0000002023,WH-00171,ESP,Europe,USPS,Economy,Delivered,2020-02-28 10:12:16,2020-03-02,2020-03-08 13:12:16,1,Germany,2020-02-28 10:12:16,tina.williams074@commerce.example.com
,SHP-202002-0000000597,ORD-202002-0000001589,WH-00024,JPN,Asia,UPS,Standard,Delivered,2020-02-04 02:19:25,2020-02-09,2020-02-18 13:19:25,1,United States,2020-02-04 02:19:25,brandi.carter038@dataops.example.com
,SHP-202002-0000000598,ORD-202002-0000001741,WH-00058,IND,Europe,Royal Mail,Same Day,In Transit,2020-02-20 04:01:47,2020-02-29,,1,Spain,2020-02-20 04:01:47,maria.ashley046@analytics.example.com
,SHP-202002-0000000599,ORD-202002-0000002419,WH-00002,USA,Asia,DPD,Pickup,Delivered,2020-02-09 14:00:51,2020-02-13,2020-02-22 18:00:51,1,Netherlands,2020-02-09 14:00:51,john.mullins109@commerce.example.com
,SHP-202002-0000000600,ORD-202002-0000000577,WH-00128,NLD,Asia,DHL,Pickup,Delivered,2020-02-18 06:31:27,2020-02-25,2020-02-23 11:31:27,2,Singapore,2020-02-18 06:31:27,peter.martinez098@platform.example.com
,SHP-202002-0000000601,ORD-202002-0000002684,WH-00176,AUS,Oceania,Australia Post,Same Day,Delivered,2020-02-14 04:24:25,2020-02-19,2020-02-22 09:24:25,4,United States,2020-02-14 04:24:25,brandi.carter038@dataops.example.com
,SHP-202002-0000000602,ORD-202002-0000001807,WH-00053,JPN,Europe,Australia Post,Pickup,Delivered,2020-02-17 11:03:19,2020-02-21,2020-02-25 20:03:19,1,United States,2020-02-17 11:03:19,micheal.chen050@dataops.example.com
,SHP-202002-0000000603,ORD-202002-0000002135,WH-00190,ARE,South America,USPS,Economy,Delivered,2020-02-21 12:09:08,2020-03-02,2020-02-27 19:09:08,1,Brazil,2020-02-21 12:09:08,eric.horton058@analytics.example.com
,SHP-202002-0000000604,ORD-202002-0000001161,WH-00021,MEX,North America,Royal Mail,Economy,In Transit,2020-02-07 12:20:34,2020-02-11,,1,France,2020-02-07 12:20:34,victor.palmer071@platform.example.com
,SHP-202002-0000000605,ORD-202002-0000001539,WH-00211,AUS,North America,FedEx,Standard,Delivered,2020-02-28 00:49:32,2020-03-02,2020-03-02 03:49:32,4,France,2020-02-28 00:49:32,michael.johnson061@platform.example.com
,SHP-202002-0000000606,ORD-202002-0000002793,WH-00215,CAN,Asia,DPD,Express,Delivered,2020-02-07 12:39:36,2020-02-10,2020-02-19 21:39:36,1,Canada,2020-02-07 12:39:36,megan.cunningham013@commerce.example.com
,SHP-202002-0000000607,ORD-202002-0000000494,WH-00123,GBR,Asia,DPD,Same Day,Delivered,2020-02-06 08:41:00,2020-02-10,2020-02-19 14:41:00,1,Brazil,2020-02-06 08:41:00,michelle.bender024@analytics.example.com
,SHP-202002-0000000608,ORD-202002-0000000591,WH-00152,NLD,North America,UPS,Economy,Delivered,2020-02-26 02:59:32,2020-03-05,2020-03-05 06:59:32,1,Spain,2020-02-26 02:59:32,lance.williams029@platform.example.com
,SHP-202002-0000000609,ORD-202002-0000001595,WH-00133,AUS,North America,FedEx,Pickup,Delivered,2020-02-24 05:45:55,2020-02-26,2020-02-27 06:45:55,1,United Arab Emirates,2020-02-24 05:45:55,michelle.bender024@analytics.example.com
,SHP-202002-0000000610,ORD-202002-0000002286,WH-00016,IND,Europe,UPS,Standard,Delayed,2020-02-07 13:53:04,2020-02-14,,2,France,2020-02-07 13:53:04,brandi.carter038@dataops.example.com
,SHP-202002-0000000611,ORD-202002-0000002617,WH-00177,AUS,South America,DHL,Economy,Delivered,2020-02-15 03:11:31,2020-02-19,2020-02-21 08:11:31,3,Canada,2020-02-15 03:11:31,micheal.hall064@dataops.example.com
,SHP-202002-0000000612,ORD-202002-0000002093,WH-00222,JPN,Oceania,DHL,Pickup,Shipped,2020-02-18 13:53:24,2020-02-22,,1,Japan,2020-02-18 13:53:24,andrea.cummings039@platform.example.com
,SHP-202002-0000000613,ORD-202002-0000001228,WH-00082,ITA,Asia,Australia Post,Pickup,Delivered,2020-02-27 20:45:57,2020-03-03,2020-03-10 03:45:57,1,Spain,2020-02-27 20:45:57,adam.gordon030@commerce.example.com
,SHP-202002-0000000614,ORD-202002-0000001882,WH-00155,USA,Europe,FedEx,Pickup,Delivered,2020-02-10 20:26:21,2020-02-14,2020-02-12 22:26:21,1,Brazil,2020-02-10 20:26:21,tina.williams074@commerce.example.com
,SHP-202002-0000000615,ORD-202002-0000002828,WH-00078,CAN,North America,UPS,Standard,Delivered,2020-02-15 20:09:59,2020-02-18,2020-02-21 05:09:59,1,Italy,2020-02-15 20:09:59,patrick.gonzalez035@dataops.example.com
,SHP-202002-0000000616,ORD-202002-0000000663,WH-00133,AUS,Asia,FedEx,Economy,In Transit,2020-02-08 14:35:33,2020-02-15,,1,Australia,2020-02-08 14:35:33,michelle.sims041@analytics.example.com
,SHP-202002-0000000617,ORD-202002-0000000611,WH-00229,GBR,Europe,Australia Post,Express,Shipped,2020-02-17 11:18:57,2020-02-19,,2,United Kingdom,2020-02-17 11:18:57,susan.rice083@commerce.example.com
,SHP-202002-0000000618,ORD-202002-0000002076,WH-00043,GBR,Oceania,Australia Post,Economy,Delivered,2020-02-13 22:43:24,2020-02-20,2020-02-21 22:43:24,2,France,2020-02-13 22:43:24,patrick.gonzalez035@dataops.example.com
,SHP-202002-0000000619,ORD-202002-0000000250,WH-00175,CAN,Europe,DHL,Standard,Delivered,2020-02-08 09:55:58,2020-02-12,2020-02-14 13:55:58,1,Japan,2020-02-08 09:55:58,joseph.johnson049@dataops.example.com
,SHP-202002-0000000620,ORD-202002-0000001520,WH-00186,BRA,Asia,DHL,Same Day,Delivered,2020-02-28 20:24:49,2020-03-09,2020-03-02 06:24:49,2,Germany,2020-02-28 20:24:49,stephen.clark001@analytics.example.com
,SHP-202002-0000000621,ORD-202002-0000001891,WH-00229,ITA,North America,FedEx,Express,Delivered,2020-02-03 06:43:03,2020-02-12,2020-02-10 17:43:03,1,Spain,2020-02-03 06:43:03,brandi.carter038@dataops.example.com
,SHP-202002-0000000622,ORD-202002-0000001113,WH-00088,USA,Europe,DPD,Express,Shipped,2020-02-17 22:48:04,2020-02-20,,2,United Arab Emirates,2020-02-17 22:48:04,jeffery.miller012@commerce.example.com
,SHP-202002-0000000623,ORD-202002-0000001234,WH-00212,ESP,Oceania,Royal Mail,Economy,Delivered,2020-02-05 06:04:43,2020-02-15,2020-02-07 07:04:43,2,United States,2020-02-05 06:04:43,kelsey.taylor010@platform.example.com
,SHP-202002-0000000624,ORD-202002-0000001323,WH-00205,CAN,Europe,DHL,Express,Returned,2020-02-16 10:35:26,2020-02-19,,1,India,2020-02-16 10:35:26,jennifer.hudson020@analytics.example.com
,SHP-202002-0000000625,ORD-202002-0000000666,WH-00066,CAN,Europe,UPS,Pickup,In Transit,2020-02-07 10:03:44,2020-02-12,,1,Spain,2020-02-07 10:03:44,stephen.daniels076@commerce.example.com
,SHP-202002-0000000626,ORD-202002-0000002235,WH-00033,IND,Europe,Royal Mail,Express,Shipped,2020-02-11 06:01:54,2020-02-21,,1,France,2020-02-11 06:01:54,susan.rice083@commerce.example.com
,SHP-202002-0000000627,ORD-202002-0000001817,WH-00136,SGP,North America,DPD,Pickup,Delivered,2020-02-06 16:14:48,2020-02-11,2020-02-12 04:14:48,1,France,2020-02-06 16:14:48,brandi.carter038@dataops.example.com
,SHP-202002-0000000628,ORD-202002-0000001039,WH-00070,MEX,Europe,FedEx,Standard,Delivered,2020-02-21 02:34:33,2020-03-02,2020-03-06 02:34:33,1,Brazil,2020-02-21 02:34:33,andrea.cummings039@platform.example.com
,SHP-202002-0000000629,ORD-202002-0000001209,WH-00187,MEX,Europe,DPD,Express,In Transit,2020-02-22 15:13:00,2020-02-26,,2,United Arab Emirates,2020-02-22 15:13:00,david.cabrera119@dataops.example.com
,SHP-202002-0000000630,ORD-202002-0000002770,WH-00111,GBR,North America,UPS,Pickup,In Transit,2020-02-15 12:53:46,2020-02-24,,2,Netherlands,2020-02-15 12:53:46,michelle.bender024@analytics.example.com
,SHP-202002-0000000631,ORD-202002-0000002051,WH-00212,AUS,Europe,DHL,Express,Delivered,2020-02-18 18:43:20,2020-02-21,2020-02-26 22:43:20,2,United States,2020-02-18 18:43:20,john.mullins109@commerce.example.com
,SHP-202002-0000000632,ORD-202002-0000001626,WH-00026,ESP,South America,FedEx,Standard,Shipped,2020-02-14 22:26:11,2020-02-24,,1,United States,2020-02-14 22:26:11,james.proctor094@dataops.example.com
,SHP-202002-0000000633,ORD-202002-0000000527,WH-00081,ITA,Europe,UPS,Economy,Delivered,2020-02-18 04:53:03,2020-02-25,2020-02-23 13:53:03,1,United States,2020-02-18 04:53:03,joseph.johnson049@dataops.example.com
,SHP-202002-0000000634,ORD-202002-0000002642,WH-00115,USA,Europe,Australia Post,Standard,Delivered,2020-02-08 06:47:49,2020-02-12,2020-02-20 10:47:49,1,United Kingdom,2020-02-08 06:47:49,victor.palmer071@platform.example.com
,SHP-202002-0000000635,ORD-202002-0000000726,WH-00238,AUS,Europe,FedEx,Economy,Delivered,2020-02-24 14:06:08,2020-02-29,2020-03-04 00:06:08,1,France,2020-02-24 14:06:08,brandi.carter038@dataops.example.com
,SHP-202002-0000000636,ORD-202002-0000000629,WH-00030,IND,Asia,USPS,Pickup,Delivered,2020-02-11 14:19:42,2020-02-15,2020-02-16 23:19:42,1,Japan,2020-02-11 14:19:42,brandi.carter038@dataops.example.com
,SHP-202002-0000000637,ORD-202002-0000002820,WH-00067,GBR,Europe,DHL,Same Day,Delivered,2020-02-21 17:37:41,2020-02-26,2020-03-05 18:37:41,1,Japan,2020-02-21 17:37:41,david.cabrera119@dataops.example.com
,SHP-202002-0000000638,ORD-202002-0000000754,WH-00055,DEU,North America,Australia Post,Economy,Delivered,2020-02-27 22:56:25,2020-03-01,2020-03-08 05:56:25,3,United States,2020-02-27 22:56:25,jennifer.bauer068@analytics.example.com
,SHP-202002-0000000639,ORD-202002-0000000405,WH-00047,GBR,Europe,DHL,Standard,Delivered,2020-02-10 08:41:51,2020-02-14,2020-02-24 20:41:51,2,Italy,2020-02-10 08:41:51,susan.rice083@commerce.example.com
,SHP-202002-0000000640,ORD-202002-0000000796,WH-00127,JPN,Asia,UPS,Pickup,Delivered,2020-02-14 12:06:32,2020-02-17,2020-02-22 19:06:32,1,Singapore,2020-02-14 12:06:32,michelle.bender024@analytics.example.com
,SHP-202002-0000000641,ORD-202002-0000001471,WH-00036,ARE,Oceania,UPS,Same Day,In Transit,2020-02-21 00:00:38,2020-02-27,,2,United Arab Emirates,2020-02-21 00:00:38,michelle.bender024@analytics.example.com
,SHP-202002-0000000642,ORD-202002-0000000398,WH-00145,BRA,Europe,UPS,Economy,Delivered,2020-02-05 08:10:52,2020-02-08,2020-02-13 14:10:52,1,France,2020-02-05 08:10:52,patrick.gonzalez035@dataops.example.com
,SHP-202002-0000000643,ORD-202002-0000001660,WH-00191,BRA,Asia,Royal Mail,Standard,Shipped,2020-02-16 13:08:34,2020-02-18,,1,Netherlands,2020-02-16 13:08:34,michael.johnson061@platform.example.com
,SHP-202002-0000000644,ORD-202002-0000001003,WH-00074,ARE,North America,USPS,Express,Delivered,2020-02-02 20:35:02,2020-02-05,2020-02-14 04:35:02,1,United States,2020-02-02 20:35:02,stephen.daniels076@commerce.example.com
,SHP-202002-0000000645,ORD-202002-0000000489,WH-00004,JPN,Europe,Australia Post,Economy,Delayed,2020-02-13 17:13:16,2020-02-23,,2,Mexico,2020-02-13 17:13:16,taylor.cunningham023@commerce.example.com
,SHP-202002-0000000646,ORD-202002-0000000899,WH-00238,USA,Europe,USPS,Economy,In Transit,2020-02-17 06:22:30,2020-02-23,,1,Netherlands,2020-02-17 06:22:30,victor.palmer071@platform.example.com
,SHP-202002-0000000647,ORD-202002-0000002901,WH-00011,IND,Europe,Australia Post,Pickup,Delivered,2020-02-20 01:49:44,2020-03-01,2020-03-02 08:49:44,1,Spain,2020-02-20 01:49:44,susan.rice083@commerce.example.com
,SHP-202002-0000000648,ORD-202002-0000002637,WH-00209,IND,Asia,USPS,Same Day,In Transit,2020-02-11 06:51:06,2020-02-17,,1,Singapore,2020-02-11 06:51:06,jennifer.hudson020@analytics.example.com
,SHP-202002-0000000649,ORD-202002-0000000029,WH-00069,IND,Europe,Royal Mail,Pickup,Delivered,2020-02-19 09:47:47,2020-02-28,2020-03-04 19:47:47,1,France,2020-02-19 09:47:47,stephen.clark001@analytics.example.com
,SHP-202002-0000000650,ORD-202002-0000000657,WH-00169,IND,Asia,Australia Post,Express,Delivered,2020-02-13 03:31:55,2020-02-19,2020-02-16 05:31:55,1,Germany,2020-02-13 03:31:55,jeffery.miller012@commerce.example.com
,SHP-202002-0000000651,ORD-202002-0000000198,WH-00016,IND,North America,UPS,Pickup,Returned,2020-02-13 05:09:39,2020-02-18,,1,Spain,2020-02-13 05:09:39,maria.ashley046@analytics.example.com
,SHP-202002-0000000652,ORD-202002-0000001443,WH-00224,MEX,South America,Australia Post,Same Day,Delivered,2020-02-03 01:50:03,2020-02-05,2020-02-16 08:50:03,1,United Arab Emirates,2020-02-03 01:50:03,james.proctor094@dataops.example.com
,SHP-202002-0000000653,ORD-202002-0000001933,WH-00249,MEX,North America,FedEx,Express,Delivered,2020-02-19 15:58:08,2020-02-27,2020-03-01 15:58:08,1,Singapore,2020-02-19 15:58:08,lance.williams029@platform.example.com
,SHP-202002-0000000654,ORD-202002-0000000662,WH-00052,NLD,Europe,UPS,Same Day,Delivered,2020-02-16 06:07:05,2020-02-18,2020-02-24 16:07:05,1,United Kingdom,2020-02-16 06:07:05,kelsey.taylor010@platform.example.com
,SHP-202002-0000000655,ORD-202002-0000002701,WH-00005,GBR,North America,FedEx,Express,Delivered,2020-02-16 12:36:19,2020-02-19,2020-03-01 23:36:19,1,United States,2020-02-16 12:36:19,stephen.daniels076@commerce.example.com
,SHP-202002-0000000656,ORD-202002-0000002101,WH-00146,BRA,Asia,UPS,Standard,Delivered,2020-02-23 22:29:33,2020-02-28,2020-03-08 22:29:33,1,United Kingdom,2020-02-23 22:29:33,susan.rice083@commerce.example.com
,SHP-202002-0000000657,ORD-202002-0000000418,WH-00160,ESP,North America,USPS,Pickup,Delivered,2020-02-12 20:50:13,2020-02-14,2020-02-25 20:50:13,1,Spain,2020-02-12 20:50:13,john.mullins109@commerce.example.com
,SHP-202002-0000000658,ORD-202002-0000002012,WH-00219,SGP,Europe,UPS,Standard,Delivered,2020-02-07 11:09:02,2020-02-12,2020-02-21 14:09:02,1,Australia,2020-02-07 11:09:02,lance.williams029@platform.example.com
,SHP-202002-0000000659,ORD-202002-0000000770,WH-00135,DEU,Asia,Australia Post,Same Day,Delivered,2020-02-20 23:19:15,2020-02-27,2020-02-28 06:19:15,3,United Kingdom,2020-02-20 23:19:15,micheal.hall064@dataops.example.com
,SHP-202002-0000000660,ORD-202002-0000001513,WH-00208,SGP,North America,DPD,Pickup,Delivered,2020-02-21 07:27:47,2020-02-26,2020-03-05 09:27:47,1,Italy,2020-02-21 07:27:47,ryan.steele043@commerce.example.com
,SHP-202002-0000000661,ORD-202002-0000000301,WH-00065,GBR,Asia,USPS,Pickup,Delivered,2020-02-10 07:45:43,2020-02-17,2020-02-14 09:45:43,1,Spain,2020-02-10 07:45:43,john.mullins109@commerce.example.com
,SHP-202002-0000000662,ORD-202002-0000002117,WH-00131,ESP,Asia,DHL,Economy,Delivered,2020-02-18 02:51:04,2020-02-22,2020-03-02 03:51:04,1,France,2020-02-18 02:51:04,micheal.hall064@dataops.example.com
,SHP-202002-0000000663,ORD-202002-0000001497,WH-00097,NLD,North America,DHL,Express,Delivered,2020-02-15 08:54:47,2020-02-23,2020-02-22 15:54:47,1,India,2020-02-15 08:54:47,tina.williams074@commerce.example.com
,SHP-202002-0000000664,ORD-202002-0000001573,WH-00248,CAN,North America,USPS,Same Day,Delivered,2020-02-04 21:55:22,2020-02-08,2020-02-15 03:55:22,1,Singapore,2020-02-04 21:55:22,joseph.johnson049@dataops.example.com
,SHP-202002-0000000665,ORD-202002-0000002150,WH-00220,ESP,Asia,FedEx,Express,Delivered,2020-02-01 12:53:13,2020-02-10,2020-02-10 12:53:13,2,Spain,2020-02-01 12:53:13,taylor.cunningham023@commerce.example.com
,SHP-202002-0000000666,ORD-202002-0000000809,WH-00001,AUS,Asia,DHL,Economy,Delayed,2020-02-03 18:33:39,2020-02-08,,1,Mexico,2020-02-03 18:33:39,micheal.hall064@dataops.example.com
,SHP-202002-0000000667,ORD-202002-0000002583,WH-00172,GBR,North America,Royal Mail,Pickup,Delivered,2020-02-18 11:08:58,2020-02-21,2020-02-21 15:08:58,1,Germany,2020-02-18 11:08:58,victor.palmer071@platform.example.com
,SHP-202002-0000000668,ORD-202002-0000000324,WH-00078,DEU,Europe,FedEx,Same Day,Delivered,2020-02-22 06:54:41,2020-03-01,2020-03-06 09:54:41,1,Italy,2020-02-22 06:54:41,ryan.steele043@commerce.example.com
,SHP-202002-0000000669,ORD-202002-0000002230,WH-00019,SGP,Asia,Royal Mail,Express,Delivered,2020-02-10 17:48:35,2020-02-17,2020-02-14 05:48:35,2,Netherlands,2020-02-10 17:48:35,michelle.sims041@analytics.example.com
,SHP-202002-0000000670,ORD-202002-0000000596,WH-00006,ARE,Asia,DPD,Same Day,Shipped,2020-02-27 21:55:43,2020-03-05,,1,United Kingdom,2020-02-27 21:55:43,david.cabrera119@dataops.example.com
,SHP-202002-0000000671,ORD-202002-0000000609,WH-00025,IND,Oceania,Australia Post,Economy,Delivered,2020-02-22 20:54:20,2020-02-24,2020-02-28 06:54:20,1,Australia,2020-02-22 20:54:20,jennifer.bauer068@analytics.example.com
,SHP-202002-0000000672,ORD-202002-0000001641,WH-00078,CAN,North America,DPD,Express,In Transit,2020-02-17 22:26:02,2020-02-19,,1,Canada,2020-02-17 22:26:02,brandi.carter038@dataops.example.com
,SHP-202002-0000000673,ORD-202002-0000000844,WH-00189,ESP,Asia,DPD,Standard,Delivered,2020-02-01 01:25:00,2020-02-09,2020-02-12 06:25:00,1,Germany,2020-02-01 01:25:00,ashley.marks069@commerce.example.com
,SHP-202002-0000000674,ORD-202002-0000001527,WH-00043,ITA,Europe,FedEx,Economy,Shipped,2020-02-27 09:26:37,2020-03-03,,1,Japan,2020-02-27 09:26:37,patrick.gonzalez035@dataops.example.com
,SHP-202002-0000000675,ORD-202002-0000002235,WH-00224,BRA,Europe,FedEx,Same Day,Shipped,2020-02-15 19:16:12,2020-02-22,,1,Spain,2020-02-15 19:16:12,ashley.marks069@commerce.example.com
,SHP-202002-0000000676,ORD-202002-0000002557,WH-00006,DEU,Europe,Australia Post,Same Day,Delivered,2020-02-18 03:29:14,2020-02-27,2020-02-25 04:29:14,1,Spain,2020-02-18 03:29:14,megan.cunningham013@commerce.example.com
,SHP-202002-0000000677,ORD-202002-0000000101,WH-00129,GBR,Europe,UPS,Pickup,Delivered,2020-02-05 08:23:02,2020-02-08,2020-02-10 15:23:02,1,Japan,2020-02-05 08:23:02,jeffery.miller012@commerce.example.com
,SHP-202002-0000000678,ORD-202002-0000002313,WH-00152,CAN,Oceania,DHL,Economy,Delivered,2020-02-06 12:49:12,2020-02-15,2020-02-18 19:49:12,2,United Arab Emirates,2020-02-06 12:49:12,ashley.marks069@commerce.example.com
,SHP-202002-0000000679,ORD-202002-0000002493,WH-00065,ITA,Europe,FedEx,Economy,Delivered,2020-02-22 03:40:57,2020-02-29,2020-02-27 15:40:57,1,Spain,2020-02-22 03:40:57,brandi.carter038@dataops.example.com
,SHP-202002-0000000680,ORD-202002-0000001965,WH-00023,DEU,South America,DHL,Standard,In Transit,2020-02-20 13:02:54,2020-02-27,,1,United States,2020-02-20 13:02:54,jeffery.miller012@commerce.example.com
,SHP-202002-0000000681,ORD-202002-0000001192,WH-00058,CAN,Asia,USPS,Standard,Delivered,2020-02-29 00:33:54,2020-03-08,2020-03-04 04:33:54,1,Mexico,2020-02-29 00:33:54,michelle.bender024@analytics.example.com
,SHP-202002-0000000682,ORD-202002-0000001585,WH-00086,ARE,Asia,DHL,Express,Delivered,2020-02-05 19:43:08,2020-02-07,2020-02-15 00:43:08,1,France,2020-02-05 19:43:08,micheal.hall064@dataops.example.com
,SHP-202002-0000000683,ORD-202002-0000002278,WH-00210,USA,Asia,FedEx,Economy,Delivered,2020-02-19 17:49:27,2020-02-29,2020-02-23 02:49:27,1,Canada,2020-02-19 17:49:27,maria.ashley046@analytics.example.com
,SHP-202002-0000000684,ORD-202002-0000001832,WH-00195,IND,Europe,Australia Post,Economy,Shipped,2020-02-18 14:43:03,2020-02-23,,2,Mexico,2020-02-18 14:43:03,patrick.gonzalez035@dataops.example.com
,SHP-202002-0000000685,ORD-202002-0000001780,WH-00161,FRA,North America,UPS,Pickup,Delivered,2020-02-05 07:17:39,2020-02-13,2020-02-12 16:17:39,1,Italy,2020-02-05 07:17:39,brandi.carter038@dataops.example.com
,SHP-202002-0000000686,ORD-202002-0000001424,WH-00053,ESP,North America,Royal Mail,Same Day,Delivered,2020-02-24 10:04:40,2020-03-03,2020-03-02 15:04:40,2,Netherlands,2020-02-24 10:04:40,susan.rice083@commerce.example.com
,SHP-202002-0000000687,ORD-202002-0000002770,WH-00124,ESP,South America,Royal Mail,Express,Delivered,2020-02-09 04:14:44,2020-02-19,2020-02-11 15:14:44,2,Canada,2020-02-09 04:14:44,patrick.gonzalez035@dataops.example.com
,SHP-202002-0000000688,ORD-202002-0000000611,WH-00182,GBR,Asia,DPD,Same Day,Delivered,2020-02-10 06:56:14,2020-02-17,2020-02-24 09:56:14,1,Spain,2020-02-10 06:56:14,michael.berger060@platform.example.com
,SHP-202002-0000000689,ORD-202002-0000001148,WH-00181,DEU,Asia,DPD,Standard,In Transit,2020-02-01 15:23:01,2020-02-05,,3,Mexico,2020-02-01 15:23:01,michelle.bender024@analytics.example.com
,SHP-202002-0000000690,ORD-202002-0000000643,WH-00109,ESP,North America,DPD,Economy,Delivered,2020-02-09 07:06:19,2020-02-18,2020-02-13 07:06:19,2,Netherlands,2020-02-09 07:06:19,taylor.cunningham023@commerce.example.com
,SHP-202002-0000000691,ORD-202002-0000000267,WH-00204,AUS,North America,FedEx,Standard,Shipped,2020-02-07 13:08:39,2020-02-15,,3,Italy,2020-02-07 13:08:39,andrea.cummings039@platform.example.com
,SHP-202002-0000000692,ORD-202002-0000002423,WH-00123,ESP,Oceania,DHL,Express,Delivered,2020-02-25 06:14:26,2020-02-29,2020-03-03 11:14:26,1,Japan,2020-02-25 06:14:26,micheal.chen050@dataops.example.com
,SHP-202002-0000000693,ORD-202002-0000002816,WH-00004,AUS,North America,DHL,Same Day,Delivered,2020-02-28 06:16:13,2020-03-06,2020-03-06 09:16:13,1,India,2020-02-28 06:16:13,tina.williams074@commerce.example.com
,SHP-202002-0000000694,ORD-202002-0000002130,WH-00074,ESP,Oceania,DPD,Economy,Delivered,2020-02-06 11:07:15,2020-02-16,2020-02-15 13:07:15,2,Brazil,2020-02-06 11:07:15,stephen.daniels076@commerce.example.com
,SHP-202002-0000000695,ORD-202002-0000001232,WH-00172,MEX,Asia,DPD,Standard,Delivered,2020-02-05 10:59:58,2020-02-12,2020-02-08 10:59:58,1,Germany,2020-02-05 10:59:58,michael.berger060@platform.example.com
,SHP-202002-0000000696,ORD-202002-0000001590,WH-00194,DEU,Europe,Royal Mail,Standard,Delivered,2020-02-21 08:18:19,2020-02-28,2020-02-28 11:18:19,1,Canada,2020-02-21 08:18:19,andrea.cummings039@platform.example.com
,SHP-202002-0000000697,ORD-202002-0000001406,WH-00078,AUS,Europe,UPS,Standard,Delivered,2020-02-04 18:14:01,2020-02-06,2020-02-17 00:14:01,2,Australia,2020-02-04 18:14:01,taylor.cunningham023@commerce.example.com
,SHP-202002-0000000698,ORD-202002-0000000095,WH-00250,ARE,Asia,USPS,Economy,Delivered,2020-02-06 17:43:37,2020-02-08,2020-02-20 23:43:37,1,United Arab Emirates,2020-02-06 17:43:37,michelle.bender024@analytics.example.com
,SHP-202002-0000000699,ORD-202002-0000001315,WH-00162,ARE,Asia,DPD,Standard,Delivered,2020-02-28 19:28:47,2020-03-07,2020-03-08 20:28:47,3,United Arab Emirates,2020-02-28 19:28:47,michael.berger060@platform.example.com
,SHP-202002-0000000700,ORD-202002-0000001999,WH-00123,FRA,North America,DHL,Same Day,Shipped,2020-02-20 16:55:29,2020-02-22,,1,United Arab Emirates,2020-02-20 16:55:29,tina.williams074@commerce.example.com
,SHP-202002-0000000701,ORD-202002-0000002850,WH-00050,ESP,Asia,USPS,Express,Delivered,2020-02-08 23:20:26,2020-02-10,2020-02-23 00:20:26,1,Brazil,2020-02-08 23:20:26,eric.horton058@analytics.example.com
,SHP-202002-0000000702,ORD-202002-0000000617,WH-00089,BRA,Asia,UPS,Same Day,Shipped,2020-02-06 13:49:21,2020-02-14,,3,United Kingdom,2020-02-06 13:49:21,micheal.hall064@dataops.example.com
,SHP-202002-0000000703,ORD-202002-0000000454,WH-00112,AUS,Europe,Australia Post,Express,Returned,2020-02-05 03:19:14,2020-02-13,,1,India,2020-02-05 03:19:14,david.cabrera119@dataops.example.com
,SHP-202002-0000000704,ORD-202002-0000002806,WH-00134,JPN,Europe,Royal Mail,Pickup,Delivered,2020-02-23 10:02:17,2020-02-25,2020-03-08 11:02:17,2,Netherlands,2020-02-23 10:02:17,jennifer.hudson020@analytics.example.com
,SHP-202002-0000000705,ORD-202002-0000000866,WH-00107,MEX,Oceania,USPS,Economy,Delivered,2020-02-21 03:52:23,2020-02-29,2020-02-24 04:52:23,1,Italy,2020-02-21 03:52:23,ashley.marks069@commerce.example.com
,SHP-202002-0000000706,ORD-202002-0000002287,WH-00092,USA,North America,DHL,Same Day,Shipped,2020-02-15 00:22:51,2020-02-22,,2,United Arab Emirates,2020-02-15 00:22:51,lance.williams029@platform.example.com
,SHP-202002-0000000707,ORD-202002-0000000379,WH-00144,ITA,Europe,FedEx,Standard,Delivered,2020-02-02 21:33:35,2020-02-09,2020-02-16 23:33:35,2,United Kingdom,2020-02-02 21:33:35,patrick.gonzalez035@dataops.example.com
,SHP-202002-0000000708,ORD-202002-0000001074,WH-00143,IND,Oceania,Australia Post,Pickup,Delivered,2020-02-21 20:29:58,2020-02-25,2020-03-07 05:29:58,2,Italy,2020-02-21 20:29:58,brandi.carter038@dataops.example.com
,SHP-202002-0000000709,ORD-202002-0000001841,WH-00019,SGP,North America,UPS,Express,Delivered,2020-02-01 00:26:09,2020-02-06,2020-02-03 05:26:09,1,United Kingdom,2020-02-01 00:26:09,maria.ashley046@analytics.example.com
,SHP-202002-0000000710,ORD-202002-0000002237,WH-00177,MEX,North America,UPS,Express,Delivered,2020-02-04 09:09:09,2020-02-10,2020-02-12 20:09:09,1,France,2020-02-04 09:09:09,eric.horton058@analytics.example.com
,SHP-202002-0000000711,ORD-202002-0000000817,WH-00173,AUS,North America,USPS,Standard,Delivered,2020-02-28 14:07:14,2020-03-03,2020-03-13 22:07:14,1,Singapore,2020-02-28 14:07:14,jennifer.hudson020@analytics.example.com
,SHP-202002-0000000712,ORD-202002-0000002209,WH-00246,SGP,Oceania,DHL,Standard,Delivered,2020-02-01 13:48:53,2020-02-03,2020-02-05 23:48:53,1,Singapore,2020-02-01 13:48:53,jeffery.miller012@commerce.example.com
,SHP-202002-0000000713,ORD-202002-0000001201,WH-00047,JPN,Europe,Royal Mail,Same Day,Delivered,2020-02-18 23:42:54,2020-02-27,2020-03-04 10:42:54,1,France,2020-02-18 23:42:54,michelle.bender024@analytics.example.com
,SHP-202002-0000000714,ORD-202002-0000001131,WH-00058,MEX,Europe,UPS,Standard,In Transit,2020-02-28 14:32:47,2020-03-05,,2,Japan,2020-02-28 14:32:47,joseph.johnson049@dataops.example.com
,SHP-202002-0000000715,ORD-202002-0000002510,WH-00149,DEU,Asia,DPD,Economy,Delivered,2020-02-05 11:33:01,2020-02-10,2020-02-07 21:33:01,2,Italy,2020-02-05 11:33:01,peter.martinez098@platform.example.com
,SHP-202002-0000000716,ORD-202002-0000001046,WH-00132,ESP,Asia,FedEx,Same Day,Delivered,2020-02-21 11:27:10,2020-02-29,2020-03-01 14:27:10,1,Mexico,2020-02-21 11:27:10,maria.ashley046@analytics.example.com
,SHP-202002-0000000717,ORD-202002-0000002103,WH-00071,AUS,Oceania,DPD,Express,Delivered,2020-02-09 06:26:12,2020-02-11,2020-02-11 18:26:12,1,Canada,2020-02-09 06:26:12,susan.rice083@commerce.example.com
,SHP-202002-0000000718,ORD-202002-0000002072,WH-00130,IND,North America,DHL,Pickup,Delivered,2020-02-01 09:11:26,2020-02-09,2020-02-05 09:11:26,1,Japan,2020-02-01 09:11:26,taylor.cunningham023@commerce.example.com
,SHP-202002-0000000719,ORD-202002-0000001955,WH-00153,MEX,Europe,Royal Mail,Economy,Delivered,2020-02-04 11:00:53,2020-02-14,2020-02-15 20:00:53,3,India,2020-02-04 11:00:53,kelsey.taylor010@platform.example.com
,SHP-202002-0000000720,ORD-202002-0000002312,WH-00172,DEU,Oceania,Royal Mail,Economy,Delivered,2020-02-27 08:27:18,2020-02-29,2020-03-02 13:27:18,1,United Kingdom,2020-02-27 08:27:18,michelle.sims041@analytics.example.com
,SHP-202002-0000000721,ORD-202002-0000002908,WH-00104,ESP,North America,Australia Post,Express,Delivered,2020-02-17 20:37:01,2020-02-21,2020-02-21 05:37:01,1,Australia,2020-02-17 20:37:01,kelsey.taylor010@platform.example.com
,SHP-202002-0000000722,ORD-202002-0000002837,WH-00165,JPN,North America,UPS,Economy,Delivered,2020-02-19 10:52:41,2020-02-26,2020-02-22 22:52:41,1,Germany,2020-02-19 10:52:41,tina.williams074@commerce.example.com
,SHP-202002-0000000723,ORD-202002-0000000902,WH-00039,ESP,North America,USPS,Standard,Delivered,2020-02-14 07:01:14,2020-02-17,2020-02-16 10:01:14,2,United States,2020-02-14 07:01:14,ashley.marks069@commerce.example.com
,SHP-202002-0000000724,ORD-202002-0000000872,WH-00178,NLD,Asia,Royal Mail,Economy,Delivered,2020-02-11 11:33:25,2020-02-15,2020-02-24 14:33:25,1,Australia,2020-02-11 11:33:25,peter.martinez098@platform.example.com
,SHP-202002-0000000725,ORD-202002-0000002552,WH-00055,NLD,Oceania,Royal Mail,Same Day,Delivered,2020-02-05 08:07:25,2020-02-14,2020-02-16 08:07:25,1,Brazil,2020-02-05 08:07:25,susan.rice083@commerce.example.com
,SHP-202002-0000000726,ORD-202002-0000001421,WH-00109,IND,Asia,Royal Mail,Express,Shipped,2020-02-29 14:04:08,2020-03-10,,1,Italy,2020-02-29 14:04:08,ashley.marks069@commerce.example.com
,SHP-202002-0000000727,ORD-202002-0000000644,WH-00167,USA,South America,Royal Mail,Pickup,In Transit,2020-02-18 02:28:05,2020-02-26,,1,Japan,2020-02-18 02:28:05,kelsey.taylor010@platform.example.com
,SHP-202002-0000000728,ORD-202002-0000001462,WH-00096,NLD,Europe,Australia Post,Economy,Delivered,2020-02-07 17:42:04,2020-02-09,2020-02-16 19:42:04,2,Canada,2020-02-07 17:42:04,james.proctor094@dataops.example.com
,SHP-202002-0000000729,ORD-202002-0000002193,WH-00198,ITA,South America,DHL,Standard,Delayed,2020-02-02 04:09:15,2020-02-04,,2,United Arab Emirates,2020-02-02 04:09:15,joseph.johnson049@dataops.example.com
,SHP-202002-0000000730,ORD-202002-0000001305,WH-00099,DEU,Asia,Australia Post,Pickup,Delivered,2020-02-10 18:05:19,2020-02-19,2020-02-18 06:05:19,2,Netherlands,2020-02-10 18:05:19,taylor.cunningham023@commerce.example.com
,SHP-202002-0000000731,ORD-202002-0000000647,WH-00044,ESP,Europe,UPS,Economy,Shipped,2020-02-16 07:29:41,2020-02-25,,1,Singapore,2020-02-16 07:29:41,taylor.cunningham023@commerce.example.com
,SHP-202002-0000000732,ORD-202002-0000000569,WH-00129,AUS,Europe,Australia Post,Express,Shipped,2020-02-23 17:34:30,2020-02-29,,1,Spain,2020-02-23 17:34:30,jennifer.hudson020@analytics.example.com
,SHP-202002-0000000733,ORD-202002-0000000808,WH-00011,NLD,Oceania,Royal Mail,Pickup,Shipped,2020-02-26 10:41:11,2020-03-02,,1,Italy,2020-02-26 10:41:11,peter.martinez098@platform.example.com
,SHP-202002-0000000734,ORD-202002-0000002818,WH-00031,ARE,Europe,Royal Mail,Standard,Delayed,2020-02-16 03:34:22,2020-02-25,,1,Japan,2020-02-16 03:34:22,ashley.marks069@commerce.example.com
,SHP-202002-0000000735,ORD-202002-0000002879,WH-00222,ESP,North America,FedEx,Economy,Delivered,2020-02-28 02:11:53,2020-03-03,2020-03-05 08:11:53,1,Canada,2020-02-28 02:11:53,kelsey.taylor010@platform.example.com
,SHP-202002-0000000736,ORD-202002-0000002607,WH-00040,CAN,North America,DHL,Standard,Returned,2020-02-17 00:22:28,2020-02-21,,1,Mexico,2020-02-17 00:22:28,kelsey.taylor010@platform.example.com
,SHP-202002-0000000737,ORD-202002-0000002648,WH-00168,IND,Europe,DHL,Standard,Delivered,2020-02-27 07:06:01,2020-03-01,2020-03-11 07:06:01,1,Australia,2020-02-27 07:06:01,michelle.bender024@analytics.example.com
,SHP-202002-0000000738,ORD-202002-0000002520,WH-00036,FRA,North America,Australia Post,Same Day,Delivered,2020-02-04 06:27:18,2020-02-06,2020-02-14 10:27:18,1,United Arab Emirates,2020-02-04 06:27:18,jennifer.hudson020@analytics.example.com
,SHP-202002-0000000739,ORD-202002-0000001251,WH-00149,AUS,South America,USPS,Standard,Delayed,2020-02-23 03:28:16,2020-02-28,,1,Canada,2020-02-23 03:28:16,susan.rice083@commerce.example.com
,SHP-202002-0000000740,ORD-202002-0000002431,WH-00079,ARE,Europe,Royal Mail,Economy,Delivered,2020-02-14 14:25:55,2020-02-24,2020-02-23 00:25:55,1,Italy,2020-02-14 14:25:55,taylor.cunningham023@commerce.example.com
,SHP-202002-0000000741,ORD-202002-0000002566,WH-00010,ARE,Asia,UPS,Same Day,Delivered,2020-02-15 21:17:49,2020-02-21,2020-02-23 05:17:49,1,United States,2020-02-15 21:17:49,peter.martinez098@platform.example.com
,SHP-202002-0000000742,ORD-202002-0000000497,WH-00116,USA,Europe,USPS,Same Day,Delivered,2020-02-06 10:03:14,2020-02-10,2020-02-12 14:03:14,1,Singapore,2020-02-06 10:03:14,jennifer.hudson020@analytics.example.com
,SHP-202002-0000000743,ORD-202002-0000001550,WH-00135,MEX,Asia,UPS,Same Day,Delivered,2020-02-11 13:38:09,2020-02-19,2020-02-15 15:38:09,1,United Arab Emirates,2020-02-11 13:38:09,micheal.hall064@dataops.example.com
,SHP-202002-0000000744,ORD-202002-0000001215,WH-00245,GBR,Europe,Australia Post,Pickup,Delivered,2020-02-28 09:05:37,2020-03-01,2020-03-03 19:05:37,1,France,2020-02-28 09:05:37,michelle.sims041@analytics.example.com
,SHP-202002-0000000745,ORD-202002-0000000070,WH-00235,AUS,Asia,Australia Post,Economy,Delivered,2020-02-17 16:55:13,2020-02-19,2020-02-22 03:55:13,1,India,2020-02-17 16:55:13,kelsey.taylor010@platform.example.com
,SHP-202002-0000000746,ORD-202002-0000001347,WH-00005,FRA,North America,UPS,Pickup,In Transit,2020-02-23 01:37:16,2020-03-04,,1,Singapore,2020-02-23 01:37:16,brandi.carter038@dataops.example.com
,SHP-202002-0000000747,ORD-202002-0000002318,WH-00135,SGP,North America,DPD,Standard,Delivered,2020-02-12 12:53:52,2020-02-15,2020-02-14 15:53:52,1,Italy,2020-02-12 12:53:52,ashley.marks069@commerce.example.com
,SHP-202002-0000000748,ORD-202002-0000000123,WH-00069,MEX,Asia,Australia Post,Standard,Delayed,2020-02-25 23:11:27,2020-03-06,,1,Singapore,2020-02-25 23:11:27,jeffery.miller012@commerce.example.com
,SHP-202002-0000000749,ORD-202002-0000001969,WH-00223,SGP,Europe,Australia Post,Pickup,Returned,2020-02-16 17:15:29,2020-02-26,,1,Italy,2020-02-16 17:15:29,michael.johnson061@platform.example.com
,SHP-202002-0000000750,ORD-202002-0000002702,WH-00137,AUS,Asia,FedEx,Economy,Delivered,2020-02-13 05:21:07,2020-02-23,2020-02-19 16:21:07,1,United Arab Emirates,2020-02-13 05:21:07,micheal.chen050@dataops.example.com
,SHP-202002-0000000751,ORD-202002-0000000622,WH-00104,USA,Europe,FedEx,Express,Delivered,2020-02-15 01:11:10,2020-02-21,2020-02-23 10:11:10,1,Singapore,2020-02-15 01:11:10,jennifer.bauer068@analytics.example.com
,SHP-202002-0000000752,ORD-202002-0000002108,WH-00173,ESP,Asia,USPS,Same Day,In Transit,2020-02-03 22:36:47,2020-02-05,,2,United Kingdom,2020-02-03 22:36:47,jennifer.bauer068@analytics.example.com
,SHP-202002-0000000753,ORD-202002-0000001915,WH-00090,JPN,Asia,Royal Mail,Same Day,Delivered,2020-02-26 18:18:59,2020-02-29,2020-03-11 18:18:59,1,Singapore,2020-02-26 18:18:59,micheal.chen050@dataops.example.com
,SHP-202002-0000000754,ORD-202002-0000000404,WH-00163,USA,South America,DPD,Same Day,Delivered,2020-02-12 09:03:33,2020-02-18,2020-02-17 13:03:33,1,Spain,2020-02-12 09:03:33,patrick.gonzalez035@dataops.example.com
,SHP-202002-0000000755,ORD-202002-0000001560,WH-00072,USA,North America,UPS,Pickup,Delivered,2020-02-09 00:56:24,2020-02-18,2020-02-19 09:56:24,1,Singapore,2020-02-09 00:56:24,micheal.chen050@dataops.example.com
,SHP-202002-0000000756,ORD-202002-0000002041,WH-00095,IND,Europe,Royal Mail,Express,Delayed,2020-02-23 17:20:46,2020-03-03,,1,United Kingdom,2020-02-23 17:20:46,john.mullins109@commerce.example.com
,SHP-202002-0000000757,ORD-202002-0000001167,WH-00031,USA,Europe,Australia Post,Standard,Delivered,2020-02-14 17:02:22,2020-02-21,2020-02-29 04:02:22,2,Australia,2020-02-14 17:02:22,john.mullins109@commerce.example.com
,SHP-202002-0000000758,ORD-202002-0000002430,WH-00241,MEX,Asia,DHL,Same Day,Delivered,2020-02-20 14:22:10,2020-02-24,2020-02-27 01:22:10,1,Germany,2020-02-20 14:22:10,michelle.bender024@analytics.example.com
,SHP-202002-0000000759,ORD-202002-0000002895,WH-00197,IND,Oceania,Royal Mail,Economy,Delivered,2020-02-21 23:58:05,2020-02-28,2020-02-29 08:58:05,1,Canada,2020-02-21 23:58:05,micheal.hall064@dataops.example.com
,SHP-202002-0000000760,ORD-202002-0000000308,WH-00009,JPN,Europe,UPS,Standard,Delivered,2020-02-03 23:23:14,2020-02-08,2020-02-18 08:23:14,2,Australia,2020-02-03 23:23:14,joseph.johnson049@dataops.example.com
,SHP-202002-0000000761,ORD-202002-0000000483,WH-00225,JPN,Asia,UPS,Pickup,Delivered,2020-02-24 10:16:37,2020-02-27,2020-03-02 16:16:37,1,United Kingdom,2020-02-24 10:16:37,brandi.carter038@dataops.example.com
,SHP-202002-0000000762,ORD-202002-0000001707,WH-00150,DEU,North America,UPS,Same Day,Delivered,2020-02-14 11:05:35,2020-02-21,2020-02-18 19:05:35,2,United States,2020-02-14 11:05:35,patrick.gonzalez035@dataops.example.com
,SHP-202002-0000000763,ORD-202002-0000000483,WH-00130,BRA,Europe,DHL,Pickup,Returned,2020-02-10 06:23:51,2020-02-13,,1,Brazil,2020-02-10 06:23:51,kelsey.taylor010@platform.example.com
,SHP-202002-0000000764,ORD-202002-0000000145,WH-00172,ESP,Europe,Australia Post,Standard,Delivered,2020-02-07 12:45:41,2020-02-14,2020-02-10 18:45:41,2,Japan,2020-02-07 12:45:41,jeffery.miller012@commerce.example.com
,SHP-202002-0000000765,ORD-202002-0000001553,WH-00068,CAN,North America,Royal Mail,Economy,Delivered,2020-02-13 23:54:11,2020-02-23,2020-02-25 23:54:11,1,Japan,2020-02-13 23:54:11,jeffery.miller012@commerce.example.com
,SHP-202002-0000000766,ORD-202002-0000002708,WH-00189,ESP,North America,USPS,Economy,Delivered,2020-02-08 10:26:22,2020-02-13,2020-02-12 17:26:22,1,United Arab Emirates,2020-02-08 10:26:22,lance.williams029@platform.example.com
,SHP-202002-0000000767,ORD-202002-0000002507,WH-00085,USA,Europe,Royal Mail,Express,Delivered,2020-02-17 02:54:31,2020-02-24,2020-02-29 14:54:31,1,Brazil,2020-02-17 02:54:31,joseph.johnson049@dataops.example.com
,SHP-202002-0000000768,ORD-202002-0000002779,WH-00071,ARE,Asia,DPD,Economy,Delivered,2020-02-02 16:56:19,2020-02-04,2020-02-06 02:56:19,1,Mexico,2020-02-02 16:56:19,susan.rice083@commerce.example.com
,SHP-202002-0000000769,ORD-202002-0000002555,WH-00153,BRA,Asia,FedEx,Standard,Delivered,2020-02-04 00:24:06,2020-02-10,2020-02-08 12:24:06,1,Germany,2020-02-04 00:24:06,michael.johnson061@platform.example.com
,SHP-202002-0000000770,ORD-202002-0000002547,WH-00233,USA,Asia,DHL,Economy,Delivered,2020-02-11 10:13:14,2020-02-17,2020-02-24 18:13:14,1,Italy,2020-02-11 10:13:14,taylor.cunningham023@commerce.example.com
,SHP-202002-0000000771,ORD-202002-0000001230,WH-00106,IND,Europe,Australia Post,Express,Delivered,2020-02-13 11:49:38,2020-02-15,2020-02-25 23:49:38,2,France,2020-02-13 11:49:38,taylor.cunningham023@commerce.example.com
,SHP-202002-0000000772,ORD-202002-0000002394,WH-00174,USA,Asia,Australia Post,Express,Delivered,2020-02-24 07:26:43,2020-03-03,2020-03-05 08:26:43,1,Singapore,2020-02-24 07:26:43,susan.rice083@commerce.example.com
,SHP-202002-0000000773,ORD-202002-0000001731,WH-00167,JPN,South America,Australia Post,Same Day,Delivered,2020-02-21 07:09:32,2020-02-26,2020-03-05 19:09:32,1,Netherlands,2020-02-21 07:09:32,ryan.steele043@commerce.example.com
,SHP-202002-0000000774,ORD-202002-0000000577,WH-00014,ESP,Europe,UPS,Pickup,In Transit,2020-02-23 12:10:14,2020-02-27,,1,Japan,2020-02-23 12:10:14,jennifer.hudson020@analytics.example.com
,SHP-202002-0000000775,ORD-202002-0000002706,WH-00250,JPN,South America,DPD,Economy,Delivered,2020-02-29 13:27:39,2020-03-05,2020-03-12 21:27:39,2,United States,2020-02-29 13:27:39,adam.gordon030@commerce.example.com
,SHP-202002-0000000776,ORD-202002-0000001437,WH-00139,AUS,Asia,Royal Mail,Express,In Transit,2020-02-19 00:09:59,2020-02-24,,1,Japan,2020-02-19 00:09:59,patrick.gonzalez035@dataops.example.com
,SHP-202002-0000000777,ORD-202002-0000002701,WH-00076,FRA,North America,USPS,Same Day,Delivered,2020-02-18 11:44:45,2020-02-28,2020-02-25 13:44:45,1,Germany,2020-02-18 11:44:45,michelle.sims041@analytics.example.com
,SHP-202002-0000000778,ORD-202002-0000001505,WH-00112,GBR,Asia,DHL,Express,Delivered,2020-02-09 17:36:34,2020-02-17,2020-02-18 02:36:34,2,Netherlands,2020-02-09 17:36:34,peter.martinez098@platform.example.com
,SHP-202002-0000000779,ORD-202002-0000002089,WH-00125,ESP,North America,Australia Post,Express,Delivered,2020-02-18 03:09:46,2020-02-21,2020-03-01 10:09:46,1,United Kingdom,2020-02-18 03:09:46,john.mullins109@commerce.example.com
,SHP-202002-0000000780,ORD-202002-0000002552,WH-00119,MEX,North America,DPD,Economy,Delivered,2020-02-01 07:01:02,2020-02-11,2020-02-04 19:01:02,1,Spain,2020-02-01 07:01:02,adam.gordon030@commerce.example.com
,SHP-202002-0000000781,ORD-202002-0000001270,WH-00175,FRA,Asia,DHL,Standard,In Transit,2020-02-11 09:10:18,2020-02-21,,1,Japan,2020-02-11 09:10:18,victor.palmer071@platform.example.com
,SHP-202002-0000000782,ORD-202002-0000000646,WH-00145,ITA,Asia,Australia Post,Standard,Delayed,2020-02-17 02:53:28,2020-02-23,,1,Italy,2020-02-17 02:53:28,jennifer.bauer068@analytics.example.com
,SHP-202002-0000000783,ORD-202002-0000000312,WH-00128,IND,North America,USPS,Same Day,Delivered,2020-02-25 11:52:57,2020-03-02,2020-03-01 23:52:57,1,Germany,2020-02-25 11:52:57,joseph.johnson049@dataops.example.com
,SHP-202002-0000000784,ORD-202002-0000001086,WH-00227,SGP,Europe,Australia Post,Same Day,Delivered,2020-02-14 15:55:28,2020-02-19,2020-02-18 23:55:28,1,India,2020-02-14 15:55:28,john.mullins109@commerce.example.com
,SHP-202002-0000000785,ORD-202002-0000002794,WH-00153,ARE,Asia,USPS,Standard,Delivered,2020-02-16 05:14:16,2020-02-19,2020-03-01 07:14:16,1,Canada,2020-02-16 05:14:16,megan.cunningham013@commerce.example.com
,SHP-202002-0000000786,ORD-202002-0000002268,WH-00206,GBR,North America,DPD,Standard,In Transit,2020-02-08 11:57:18,2020-02-10,,2,Spain,2020-02-08 11:57:18,micheal.chen050@dataops.example.com
,SHP-202002-0000000787,ORD-202002-0000000298,WH-00224,SGP,Asia,DHL,Standard,Delivered,2020-02-13 06:04:48,2020-02-15,2020-02-17 12:04:48,1,Italy,2020-02-13 06:04:48,maria.ashley046@analytics.example.com
,SHP-202002-0000000788,ORD-202002-0000000857,WH-00075,DEU,North America,Australia Post,Standard,Delayed,2020-02-15 22:51:18,2020-02-25,,2,Mexico,2020-02-15 22:51:18,taylor.cunningham023@commerce.example.com
,SHP-202002-0000000789,ORD-202002-0000000497,WH-00052,USA,Europe,USPS,Express,Delivered,2020-02-12 10:24:10,2020-02-20,2020-02-22 11:24:10,3,Spain,2020-02-12 10:24:10,ryan.steele043@commerce.example.com
,SHP-202002-0000000790,ORD-202002-0000001296,WH-00141,GBR,Oceania,Royal Mail,Same Day,Delivered,2020-02-22 12:18:05,2020-03-02,2020-03-06 16:18:05,1,India,2020-02-22 12:18:05,michael.berger060@platform.example.com
,SHP-202002-0000000791,ORD-202002-0000001794,WH-00206,JPN,Europe,Australia Post,Same Day,In Transit,2020-02-24 19:45:03,2020-03-03,,1,Mexico,2020-02-24 19:45:03,michelle.sims041@analytics.example.com
,SHP-202002-0000000792,ORD-202002-0000001029,WH-00040,CAN,South America,Royal Mail,Express,Delivered,2020-02-12 11:28:40,2020-02-18,2020-02-16 17:28:40,1,Spain,2020-02-12 11:28:40,jennifer.hudson020@analytics.example.com
,SHP-202002-0000000793,ORD-202002-0000001612,WH-00053,DEU,Europe,DPD,Pickup,Delivered,2020-02-20 06:52:40,2020-02-29,2020-03-05 15:52:40,1,Netherlands,2020-02-20 06:52:40,david.cabrera119@dataops.example.com
,SHP-202002-0000000794,ORD-202002-0000002866,WH-00147,ITA,North America,DPD,Express,In Transit,2020-02-05 23:51:40,2020-02-13,,1,Germany,2020-02-05 23:51:40,megan.cunningham013@commerce.example.com
,SHP-202002-0000000795,ORD-202002-0000000408,WH-00113,SGP,Oceania,Royal Mail,Express,Delayed,2020-02-01 18:20:50,2020-02-08,,1,Canada,2020-02-01 18:20:50,james.proctor094@dataops.example.com
,SHP-202002-0000000796,ORD-202002-0000000820,WH-00085,USA,Oceania,FedEx,Express,Delayed,2020-02-27 17:15:25,2020-03-06,,1,Australia,2020-02-27 17:15:25,andrea.cummings039@platform.example.com
,SHP-202002-0000000797,ORD-202002-0000001355,WH-00078,JPN,Asia,Royal Mail,Pickup,Delivered,2020-02-25 21:53:54,2020-03-03,2020-03-07 01:53:54,1,Netherlands,2020-02-25 21:53:54,michael.berger060@platform.example.com
,SHP-202002-0000000798,ORD-202002-0000002322,WH-00179,ITA,North America,USPS,Express,Delivered,2020-02-27 05:38:45,2020-03-06,2020-03-09 11:38:45,1,Italy,2020-02-27 05:38:45,tina.williams074@commerce.example.com
,SHP-202002-0000000799,ORD-202002-0000000449,WH-00095,SGP,Asia,DPD,Express,Delivered,2020-02-22 02:59:14,2020-02-29,2020-03-01 13:59:14,1,Mexico,2020-02-22 02:59:14,adam.gordon030@commerce.example.com
,SHP-202002-0000000800,ORD-202002-0000001146,WH-00185,BRA,Oceania,FedEx,Same Day,Delivered,2020-02-21 18:27:26,2020-03-01,2020-02-29 05:27:26,1,Canada,2020-02-21 18:27:26,patrick.gonzalez035@dataops.example.com
,SHP-202002-0000000801,ORD-202002-0000000203,WH-00162,MEX,Europe,DPD,Express,Delivered,2020-02-06 09:55:24,2020-02-15,2020-02-20 16:55:24,2,Netherlands,2020-02-06 09:55:24,megan.cunningham013@commerce.example.com
,SHP-202002-0000000802,ORD-202002-0000001172,WH-00034,CAN,Europe,Australia Post,Economy,Delayed,2020-02-26 17:50:57,2020-03-03,,2,Mexico,2020-02-26 17:50:57,micheal.hall064@dataops.example.com
,SHP-202002-0000000803,ORD-202002-0000000224,WH-00131,ITA,North America,DHL,Express,Delivered,2020-02-29 00:41:27,2020-03-09,2020-03-02 02:41:27,1,India,2020-02-29 00:41:27,ashley.marks069@commerce.example.com
,SHP-202002-0000000804,ORD-202002-0000001510,WH-00035,ARE,Europe,DHL,Economy,Delivered,2020-02-18 07:48:07,2020-02-21,2020-02-20 13:48:07,1,Canada,2020-02-18 07:48:07,tina.williams074@commerce.example.com
,SHP-202002-0000000805,ORD-202002-0000000720,WH-00199,AUS,Asia,Australia Post,Economy,Delivered,2020-02-12 04:04:48,2020-02-15,2020-02-22 14:04:48,1,France,2020-02-12 04:04:48,stephen.clark001@analytics.example.com
,SHP-202002-0000000806,ORD-202002-0000000528,WH-00153,JPN,Europe,USPS,Express,In Transit,2020-02-03 00:27:43,2020-02-05,,1,Brazil,2020-02-03 00:27:43,tina.williams074@commerce.example.com
,SHP-202002-0000000807,ORD-202002-0000001466,WH-00025,JPN,North America,DHL,Standard,Delivered,2020-02-05 21:27:54,2020-02-12,2020-02-16 01:27:54,1,France,2020-02-05 21:27:54,james.proctor094@dataops.example.com
,SHP-202002-0000000808,ORD-202002-0000000825,WH-00180,AUS,Europe,Royal Mail,Economy,In Transit,2020-02-08 21:40:18,2020-02-18,,1,Canada,2020-02-08 21:40:18,tina.williams074@commerce.example.com
,SHP-202002-0000000809,ORD-202002-0000000082,WH-00043,CAN,Asia,USPS,Express,Delivered,2020-02-26 22:45:52,2020-03-03,2020-03-06 06:45:52,1,United Arab Emirates,2020-02-26 22:45:52,lance.williams029@platform.example.com
,SHP-202002-0000000810,ORD-202002-0000001142,WH-00047,CAN,Europe,Australia Post,Express,In Transit,2020-02-17 21:47:12,2020-02-22,,1,Singapore,2020-02-17 21:47:12,ryan.steele043@commerce.example.com
,SHP-202002-0000000811,ORD-202002-0000000742,WH-00024,USA,Oceania,Australia Post,Standard,Delivered,2020-02-15 09:00:37,2020-02-20,2020-02-17 15:00:37,1,Germany,2020-02-15 09:00:37,lance.williams029@platform.example.com
,SHP-202002-0000000812,ORD-202002-0000001293,WH-00235,FRA,Europe,USPS,Economy,Delivered,2020-02-18 17:19:41,2020-02-26,2020-02-28 19:19:41,1,Netherlands,2020-02-18 17:19:41,jennifer.bauer068@analytics.example.com
,SHP-202002-0000000813,ORD-202002-0000000563,WH-00214,ARE,Europe,FedEx,Same Day,Delivered,2020-02-23 05:17:45,2020-02-25,2020-03-04 17:17:45,1,France,2020-02-23 05:17:45,michelle.sims041@analytics.example.com
,SHP-202002-0000000814,ORD-202002-0000001440,WH-00199,BRA,Asia,FedEx,Economy,Delivered,2020-02-24 04:19:35,2020-03-03,2020-03-03 11:19:35,1,Spain,2020-02-24 04:19:35,david.cabrera119@dataops.example.com
,SHP-202002-0000000815,ORD-202002-0000000161,WH-00074,USA,North America,DPD,Pickup,In Transit,2020-02-15 15:38:53,2020-02-21,,1,Japan,2020-02-15 15:38:53,susan.rice083@commerce.example.com
,SHP-202002-0000000816,ORD-202002-0000000240,WH-00212,GBR,Europe,DHL,Pickup,Delivered,2020-02-22 05:19:55,2020-02-26,2020-03-01 10:19:55,1,Singapore,2020-02-22 05:19:55,ryan.steele043@commerce.example.com
,SHP-202002-0000000817,ORD-202002-0000001727,WH-00173,AUS,North America,UPS,Express,Returned,2020-02-18 05:03:06,2020-02-20,,1,Canada,2020-02-18 05:03:06,michelle.bender024@analytics.example.com
,SHP-202002-0000000818,ORD-202002-0000001973,WH-00093,ITA,Asia,Royal Mail,Same Day,Delivered,2020-02-13 18:22:26,2020-02-23,2020-02-27 05:22:26,1,Australia,2020-02-13 18:22:26,megan.cunningham013@commerce.example.com
,SHP-202002-0000000819,ORD-202002-0000002651,WH-00056,FRA,Oceania,FedEx,Same Day,Delivered,2020-02-15 19:25:19,2020-02-18,2020-02-18 21:25:19,2,Netherlands,2020-02-15 19:25:19,michael.johnson061@platform.example.com
,SHP-202002-0000000820,ORD-202002-0000000241,WH-00001,DEU,North America,DHL,Standard,In Transit,2020-02-23 12:40:22,2020-03-02,,1,Netherlands,2020-02-23 12:40:22,david.cabrera119@dataops.example.com
,SHP-202002-0000000821,ORD-202002-0000001126,WH-00119,SGP,Asia,FedEx,Pickup,Delivered,2020-02-02 17:43:39,2020-02-06,2020-02-13 01:43:39,1,Australia,2020-02-02 17:43:39,taylor.cunningham023@commerce.example.com
,SHP-202002-0000000822,ORD-202002-0000001476,WH-00011,BRA,South America,DPD,Pickup,In Transit,2020-02-22 06:05:00,2020-03-03,,1,Mexico,2020-02-22 06:05:00,michael.berger060@platform.example.com
,SHP-202002-0000000823,ORD-202002-0000000232,WH-00128,SGP,Europe,UPS,Pickup,Shipped,2020-02-01 00:30:21,2020-02-08,,1,Singapore,2020-02-01 00:30:21,micheal.chen050@dataops.example.com
,SHP-202002-0000000824,ORD-202002-0000000493,WH-00166,JPN,North America,Australia Post,Economy,Delivered,2020-02-05 11:30:11,2020-02-15,2020-02-07 21:30:11,1,Canada,2020-02-05 11:30:11,andrea.cummings039@platform.example.com
,SHP-202002-0000000825,ORD-202002-0000001640,WH-00187,ITA,Asia,USPS,Standard,Delivered,2020-02-14 12:50:58,2020-02-16,2020-02-27 20:50:58,1,Singapore,2020-02-14 12:50:58,kelsey.taylor010@platform.example.com
,SHP-202002-0000000826,ORD-202002-0000002017,WH-00230,NLD,North America,USPS,Same Day,In Transit,2020-02-26 20:44:47,2020-03-01,,1,Germany,2020-02-26 20:44:47,jeffery.miller012@commerce.example.com
,SHP-202002-0000000827,ORD-202002-0000001281,WH-00068,IND,Europe,FedEx,Standard,Delivered,2020-02-10 14:17:59,2020-02-16,2020-02-15 21:17:59,1,Australia,2020-02-10 14:17:59,michelle.bender024@analytics.example.com
,SHP-202002-0000000828,ORD-202002-0000001349,WH-00235,BRA,Asia,FedEx,Express,Delayed,2020-02-03 09:59:46,2020-02-13,,1,Spain,2020-02-03 09:59:46,brandi.carter038@dataops.example.com
,SHP-202002-0000000829,ORD-202002-0000001297,WH-00140,FRA,Europe,USPS,Express,Delivered,2020-02-08 20:10:06,2020-02-12,2020-02-16 02:10:06,1,France,2020-02-08 20:10:06,taylor.cunningham023@commerce.example.com
,SHP-202002-0000000830,ORD-202002-0000000022,WH-00118,USA,North America,USPS,Pickup,Delivered,2020-02-23 09:47:51,2020-03-03,2020-02-29 16:47:51,2,Japan,2020-02-23 09:47:51,michael.johnson061@platform.example.com
,SHP-202002-0000000831,ORD-202002-0000000984,WH-00218,FRA,Asia,DPD,Standard,Returned,2020-02-26 00:27:05,2020-03-04,,1,United States,2020-02-26 00:27:05,kelsey.taylor010@platform.example.com
,SHP-202002-0000000832,ORD-202002-0000001521,WH-00054,MEX,Europe,Royal Mail,Express,Delayed,2020-02-06 07:52:52,2020-02-10,,1,Singapore,2020-02-06 07:52:52,peter.martinez098@platform.example.com
,SHP-202002-0000000833,ORD-202002-0000000187,WH-00135,CAN,Europe,UPS,Same Day,Shipped,2020-02-09 10:17:00,2020-02-13,,1,Australia,2020-02-09 10:17:00,micheal.chen050@dataops.example.com
,SHP-202002-0000000834,ORD-202002-0000000495,WH-00013,IND,Oceania,UPS,Express,Delivered,2020-02-17 20:48:32,2020-02-19,2020-02-19 23:48:32,1,India,2020-02-17 20:48:32,michael.johnson061@platform.example.com
,SHP-202002-0000000835,ORD-202002-0000000627,WH-00163,SGP,North America,Royal Mail,Economy,In Transit,2020-02-07 07:35:49,2020-02-12,,1,United Arab Emirates,2020-02-07 07:35:49,stephen.clark001@analytics.example.com
,SHP-202002-0000000836,ORD-202002-0000001156,WH-00090,IND,Asia,FedEx,Pickup,Delivered,2020-02-15 02:49:43,2020-02-24,2020-02-29 14:49:43,1,United Kingdom,2020-02-15 02:49:43,james.proctor094@dataops.example.com
,SHP-202002-0000000837,ORD-202002-0000000609,WH-00088,ITA,Asia,DPD,Express,Delivered,2020-02-01 06:54:38,2020-02-08,2020-02-08 14:54:38,3,Spain,2020-02-01 06:54:38,brandi.carter038@dataops.example.com
,SHP-202002-0000000838,ORD-202002-0000001933,WH-00151,BRA,Asia,DHL,Express,Delivered,2020-02-25 03:22:37,2020-03-02,2020-02-27 04:22:37,1,Canada,2020-02-25 03:22:37,patrick.gonzalez035@dataops.example.com
,SHP-202002-0000000839,ORD-202002-0000002521,WH-00211,FRA,South America,Australia Post,Express,Delivered,2020-02-04 18:23:06,2020-02-14,2020-02-06 22:23:06,1,Germany,2020-02-04 18:23:06,stephen.daniels076@commerce.example.com
,SHP-202002-0000000840,ORD-202002-0000001920,WH-00073,ARE,North America,USPS,Standard,Delivered,2020-02-14 14:49:18,2020-02-19,2020-02-18 22:49:18,1,Canada,2020-02-14 14:49:18,jennifer.bauer068@analytics.example.com
,SHP-202002-0000000841,ORD-202002-0000000915,WH-00140,NLD,Europe,UPS,Express,Delivered,2020-02-26 21:42:01,2020-03-05,2020-03-11 22:42:01,1,Brazil,2020-02-26 21:42:01,ashley.marks069@commerce.example.com
,SHP-202002-0000000842,ORD-202002-0000000960,WH-00192,FRA,Europe,UPS,Same Day,Delivered,2020-02-01 00:43:56,2020-02-11,2020-02-05 11:43:56,1,France,2020-02-01 00:43:56,stephen.clark001@analytics.example.com
,SHP-202002-0000000843,ORD-202002-0000002092,WH-00208,SGP,South America,Royal Mail,Standard,Delayed,2020-02-17 21:09:02,2020-02-24,,1,France,2020-02-17 21:09:02,jeffery.miller012@commerce.example.com
,SHP-202002-0000000844,ORD-202002-0000001865,WH-00227,NLD,Europe,FedEx,Pickup,In Transit,2020-02-22 02:20:18,2020-03-01,,1,Australia,2020-02-22 02:20:18,peter.martinez098@platform.example.com
,SHP-202002-0000000845,ORD-202002-0000001696,WH-00195,DEU,Europe,Royal Mail,Pickup,Delivered,2020-02-14 13:29:38,2020-02-19,2020-02-17 16:29:38,1,Netherlands,2020-02-14 13:29:38,jennifer.hudson020@analytics.example.com
,SHP-202002-0000000846,ORD-202002-0000002556,WH-00044,ITA,Europe,USPS,Economy,Delivered,2020-02-01 20:02:00,2020-02-09,2020-02-06 05:02:00,2,Spain,2020-02-01 20:02:00,michael.berger060@platform.example.com
,SHP-202002-0000000847,ORD-202002-0000001517,WH-00188,JPN,Europe,Royal Mail,Standard,Delivered,2020-02-28 21:13:42,2020-03-08,2020-03-10 02:13:42,1,Germany,2020-02-28 21:13:42,john.mullins109@commerce.example.com
,SHP-202002-0000000848,ORD-202002-0000002287,WH-00194,CAN,South America,FedEx,Economy,Delivered,2020-02-03 04:58:17,2020-02-05,2020-02-12 06:58:17,1,Italy,2020-02-03 04:58:17,michelle.sims041@analytics.example.com
,SHP-202002-0000000849,ORD-202002-0000000822,WH-00215,NLD,Asia,DHL,Economy,Delivered,2020-02-27 12:08:20,2020-03-06,2020-03-11 18:08:20,1,Singapore,2020-02-27 12:08:20,eric.horton058@analytics.example.com
,SHP-202002-0000000850,ORD-202002-0000000307,WH-00212,MEX,Europe,FedEx,Express,In Transit,2020-02-01 06:56:21,2020-02-07,,1,Japan,2020-02-01 06:56:21,joseph.johnson049@dataops.example.com
,SHP-202002-0000000851,ORD-202002-0000002087,WH-00154,JPN,Europe,Royal Mail,Same Day,Delivered,2020-02-02 07:27:07,2020-02-12,2020-02-06 13:27:07,2,United Arab Emirates,2020-02-02 07:27:07,michael.johnson061@platform.example.com
,SHP-202002-0000000852,ORD-202002-0000000343,WH-00094,ESP,Europe,DPD,Standard,Shipped,2020-02-06 09:23:45,2020-02-13,,1,Netherlands,2020-02-06 09:23:45,michelle.sims041@analytics.example.com
,SHP-202002-0000000853,ORD-202002-0000000608,WH-00207,BRA,Asia,FedEx,Economy,Delivered,2020-02-11 11:30:55,2020-02-20,2020-02-23 11:30:55,1,Germany,2020-02-11 11:30:55,jennifer.bauer068@analytics.example.com
,SHP-202002-0000000854,ORD-202002-0000002394,WH-00229,MEX,Europe,UPS,Pickup,Delivered,2020-02-17 07:09:52,2020-02-25,2020-02-25 19:09:52,1,Italy,2020-02-17 07:09:52,joseph.johnson049@dataops.example.com
,SHP-202002-0000000855,ORD-202002-0000000601,WH-00179,IND,Europe,DHL,Pickup,Delivered,2020-02-10 16:29:31,2020-02-19,2020-02-14 19:29:31,1,Germany,2020-02-10 16:29:31,michael.berger060@platform.example.com
,SHP-202002-0000000856,ORD-202002-0000001969,WH-00247,ITA,Europe,USPS,Standard,Shipped,2020-02-18 16:35:24,2020-02-28,,1,Italy,2020-02-18 16:35:24,tina.williams074@commerce.example.com
,SHP-202002-0000000857,ORD-202002-0000000658,WH-00130,FRA,Asia,DPD,Pickup,Delivered,2020-02-24 20:29:08,2020-02-28,2020-03-09 01:29:08,1,Japan,2020-02-24 20:29:08,adam.gordon030@commerce.example.com
,SHP-202002-0000000858,ORD-202002-0000001187,WH-00101,ARE,Europe,USPS,Economy,Delivered,2020-02-13 04:49:13,2020-02-22,2020-02-25 07:49:13,1,Singapore,2020-02-13 04:49:13,john.mullins109@commerce.example.com
,SHP-202002-0000000859,ORD-202002-0000000508,WH-00206,GBR,Europe,FedEx,Express,Delivered,2020-02-17 08:03:29,2020-02-27,2020-03-02 08:03:29,1,Canada,2020-02-17 08:03:29,john.mullins109@commerce.example.com
,SHP-202002-0000000860,ORD-202002-0000001446,WH-00128,ARE,North America,Australia Post,Standard,Delivered,2020-02-20 09:17:45,2020-02-29,2020-02-24 14:17:45,1,France,2020-02-20 09:17:45,michelle.sims041@analytics.example.com
,SHP-202002-0000000861,ORD-202002-0000001055,WH-00025,AUS,Asia,DPD,Standard,Delivered,2020-02-25 20:20:53,2020-03-04,2020-03-03 02:20:53,1,Mexico,2020-02-25 20:20:53,james.proctor094@dataops.example.com
,SHP-202002-0000000862,ORD-202002-0000000091,WH-00164,MEX,Europe,DHL,Same Day,In Transit,2020-02-02 11:05:34,2020-02-09,,1,Germany,2020-02-02 11:05:34,susan.rice083@commerce.example.com
,SHP-202002-0000000863,ORD-202002-0000001371,WH-00068,DEU,Europe,USPS,Same Day,Delivered,2020-02-13 07:56:39,2020-02-18,2020-02-19 10:56:39,1,Germany,2020-02-13 07:56:39,james.proctor094@dataops.example.com
,SHP-202002-0000000864,ORD-202002-0000000966,WH-00067,MEX,Europe,UPS,Same Day,Delivered,2020-02-08 05:29:53,2020-02-14,2020-02-12 14:29:53,1,Japan,2020-02-08 05:29:53,kelsey.taylor010@platform.example.com
,SHP-202002-0000000865,ORD-202002-0000001120,WH-00024,MEX,Europe,USPS,Standard,In Transit,2020-02-28 08:09:48,2020-03-01,,1,United States,2020-02-28 08:09:48,brandi.carter038@dataops.example.com
,SHP-202002-0000000866,ORD-202002-0000001795,WH-00182,ITA,Europe,Australia Post,Pickup,In Transit,2020-02-01 10:57:28,2020-02-07,,1,Canada,2020-02-01 10:57:28,susan.rice083@commerce.example.com
,SHP-202002-0000000867,ORD-202002-0000000736,WH-00114,AUS,Asia,Royal Mail,Economy,Delivered,2020-02-21 20:04:18,2020-02-29,2020-03-05 05:04:18,1,United Arab Emirates,2020-02-21 20:04:18,ashley.marks069@commerce.example.com
,SHP-202002-0000000868,ORD-202002-0000000839,WH-00176,JPN,South America,UPS,Express,Delivered,2020-02-04 22:56:36,2020-02-10,2020-02-17 03:56:36,1,Italy,2020-02-04 22:56:36,eric.horton058@analytics.example.com
,SHP-202002-0000000869,ORD-202002-0000001135,WH-00211,IND,North America,USPS,Economy,Delivered,2020-02-10 17:25:31,2020-02-20,2020-02-23 05:25:31,2,Netherlands,2020-02-10 17:25:31,ryan.steele043@commerce.example.com
,SHP-202002-0000000870,ORD-202002-0000002518,WH-00125,USA,Europe,Australia Post,Same Day,Delayed,2020-02-23 06:35:27,2020-03-02,,2,United Arab Emirates,2020-02-23 06:35:27,michael.berger060@platform.example.com
,SHP-202002-0000000871,ORD-202002-0000002866,WH-00098,CAN,Europe,USPS,Pickup,Delayed,2020-02-22 04:42:35,2020-03-03,,1,United Arab Emirates,2020-02-22 04:42:35,adam.gordon030@commerce.example.com
,SHP-202002-0000000872,ORD-202002-0000001099,WH-00204,BRA,Asia,UPS,Economy,Delivered,2020-02-19 12:50:05,2020-02-23,2020-02-27 15:50:05,1,Singapore,2020-02-19 12:50:05,micheal.chen050@dataops.example.com
,SHP-202002-0000000873,ORD-202002-0000001273,WH-00064,CAN,Europe,DHL,Express,In Transit,2020-02-29 17:53:23,2020-03-04,,1,Canada,2020-02-29 17:53:23,patrick.gonzalez035@dataops.example.com
,SHP-202002-0000000874,ORD-202002-0000002889,WH-00228,MEX,Asia,FedEx,Pickup,Delivered,2020-02-06 01:54:59,2020-02-14,2020-02-09 09:54:59,1,Brazil,2020-02-06 01:54:59,lance.williams029@platform.example.com
,SHP-202002-0000000875,ORD-202002-0000000048,WH-00081,ARE,North America,USPS,Express,Delivered,2020-02-21 13:25:27,2020-02-24,2020-03-01 23:25:27,1,Germany,2020-02-21 13:25:27,john.mullins109@commerce.example.com
,SHP-202002-0000000876,ORD-202002-0000000887,WH-00228,GBR,Europe,DPD,Standard,Delivered,2020-02-26 18:33:18,2020-03-06,2020-02-29 19:33:18,1,Japan,2020-02-26 18:33:18,taylor.cunningham023@commerce.example.com
,SHP-202002-0000000877,ORD-202002-0000001098,WH-00085,JPN,North America,DPD,Economy,Delivered,2020-02-04 06:55:55,2020-02-11,2020-02-11 11:55:55,1,Netherlands,2020-02-04 06:55:55,brandi.carter038@dataops.example.com
,SHP-202002-0000000878,ORD-202002-0000002793,WH-00044,USA,Oceania,Royal Mail,Express,Delivered,2020-02-10 18:07:45,2020-02-14,2020-02-22 04:07:45,1,Australia,2020-02-10 18:07:45,kelsey.taylor010@platform.example.com
,SHP-202002-0000000879,ORD-202002-0000001710,WH-00220,CAN,Europe,Royal Mail,Economy,Delivered,2020-02-22 01:38:36,2020-03-01,2020-03-07 12:38:36,1,United Arab Emirates,2020-02-22 01:38:36,jeffery.miller012@commerce.example.com
,SHP-202002-0000000880,ORD-202002-0000000560,WH-00049,DEU,Asia,DPD,Same Day,Delivered,2020-02-29 20:20:42,2020-03-03,2020-03-05 08:20:42,1,Canada,2020-02-29 20:20:42,micheal.hall064@dataops.example.com
,SHP-202002-0000000881,ORD-202002-0000001678,WH-00242,MEX,Asia,UPS,Express,Delivered,2020-02-01 05:43:50,2020-02-08,2020-02-06 14:43:50,1,Japan,2020-02-01 05:43:50,lance.williams029@platform.example.com
,SHP-202002-0000000882,ORD-202002-0000000765,WH-00135,AUS,Oceania,UPS,Standard,Delivered,2020-02-21 00:32:12,2020-03-01,2020-02-27 05:32:12,1,Italy,2020-02-21 00:32:12,andrea.cummings039@platform.example.com
,SHP-202002-0000000883,ORD-202002-0000002514,WH-00109,IND,Europe,Australia Post,Pickup,Delivered,2020-02-21 11:45:41,2020-02-23,2020-03-03 22:45:41,1,United States,2020-02-21 11:45:41,michelle.sims041@analytics.example.com
,SHP-202002-0000000884,ORD-202002-0000001940,WH-00072,JPN,Oceania,Royal Mail,Express,Shipped,2020-02-14 12:03:07,2020-02-24,,1,Italy,2020-02-14 12:03:07,victor.palmer071@platform.example.com
,SHP-202002-0000000885,ORD-202002-0000002881,WH-00184,JPN,Asia,FedEx,Same Day,Delivered,2020-02-23 12:02:32,2020-02-26,2020-03-05 17:02:32,2,Australia,2020-02-23 12:02:32,michelle.bender024@analytics.example.com
,SHP-202002-0000000886,ORD-202002-0000002718,WH-00202,USA,Europe,DHL,Standard,Delivered,2020-02-10 11:54:30,2020-02-16,2020-02-18 15:54:30,1,Singapore,2020-02-10 11:54:30,taylor.cunningham023@commerce.example.com
,SHP-202002-0000000887,ORD-202002-0000001696,WH-00183,AUS,Asia,Royal Mail,Express,In Transit,2020-02-24 21:40:58,2020-03-02,,1,Spain,2020-02-24 21:40:58,taylor.cunningham023@commerce.example.com
,SHP-202002-0000000888,ORD-202002-0000001047,WH-00111,MEX,North America,USPS,Same Day,Delayed,2020-02-17 00:45:39,2020-02-21,,1,Australia,2020-02-17 00:45:39,megan.cunningham013@commerce.example.com
,SHP-202002-0000000889,ORD-202002-0000002527,WH-00130,AUS,Oceania,UPS,Economy,Delivered,2020-02-20 18:12:00,2020-02-24,2020-02-26 19:12:00,1,Canada,2020-02-20 18:12:00,michael.berger060@platform.example.com
,SHP-202002-0000000890,ORD-202002-0000001023,WH-00134,ESP,Asia,USPS,Same Day,Delivered,2020-02-18 19:26:43,2020-02-25,2020-02-24 07:26:43,2,Spain,2020-02-18 19:26:43,maria.ashley046@analytics.example.com
,SHP-202002-0000000891,ORD-202002-0000000658,WH-00045,IND,Europe,Australia Post,Express,In Transit,2020-02-10 06:12:37,2020-02-14,,1,Netherlands,2020-02-10 06:12:37,maria.ashley046@analytics.example.com
,SHP-202002-0000000892,ORD-202002-0000001258,WH-00062,GBR,North America,FedEx,Standard,Returned,2020-02-14 09:50:02,2020-02-21,,2,Mexico,2020-02-14 09:50:02,ryan.steele043@commerce.example.com
,SHP-202002-0000000893,ORD-202002-0000001616,WH-00190,ESP,Europe,Australia Post,Pickup,Delivered,2020-02-23 11:48:37,2020-03-04,2020-03-05 18:48:37,1,Spain,2020-02-23 11:48:37,david.cabrera119@dataops.example.com
,SHP-202002-0000000894,ORD-202002-0000001493,WH-00052,ESP,Europe,Australia Post,Standard,Shipped,2020-02-25 08:36:22,2020-03-04,,1,United Arab Emirates,2020-02-25 08:36:22,james.proctor094@dataops.example.com
,SHP-202002-0000000895,ORD-202002-0000000893,WH-00004,NLD,Europe,DPD,Standard,Delivered,2020-02-11 00:19:25,2020-02-19,2020-02-15 03:19:25,3,Mexico,2020-02-11 00:19:25,andrea.cummings039@platform.example.com
,SHP-202002-0000000896,ORD-202002-0000001804,WH-00142,ITA,Asia,DPD,Same Day,Delivered,2020-02-04 15:34:19,2020-02-14,2020-02-16 15:34:19,1,Mexico,2020-02-04 15:34:19,maria.ashley046@analytics.example.com
,SHP-202002-0000000897,ORD-202002-0000000787,WH-00065,USA,Europe,Royal Mail,Economy,Delivered,2020-02-24 01:43:48,2020-02-27,2020-02-26 09:43:48,1,United Kingdom,2020-02-24 01:43:48,adam.gordon030@commerce.example.com
,SHP-202002-0000000898,ORD-202002-0000002205,WH-00236,NLD,Europe,USPS,Express,Shipped,2020-02-10 10:36:11,2020-02-12,,1,Japan,2020-02-10 10:36:11,lance.williams029@platform.example.com
,SHP-202002-0000000899,ORD-202002-0000000897,WH-00129,ARE,Europe,Royal Mail,Pickup,Delivered,2020-02-20 23:00:11,2020-02-22,2020-02-24 09:00:11,1,Netherlands,2020-02-20 23:00:11,michelle.sims041@analytics.example.com
,SHP-202002-0000000900,ORD-202002-0000001319,WH-00076,USA,North America,DPD,Standard,Delivered,2020-02-12 06:26:36,2020-02-14,2020-02-21 10:26:36,1,United Arab Emirates,2020-02-12 06:26:36,susan.rice083@commerce.example.com
,SHP-202002-0000000901,ORD-202002-0000002680,WH-00005,DEU,Asia,FedEx,Pickup,Delivered,2020-02-23 15:49:05,2020-02-26,2020-03-01 01:49:05,1,Canada,2020-02-23 15:49:05,joseph.johnson049@dataops.example.com
,SHP-202002-0000000902,ORD-202002-0000001054,WH-00048,JPN,Europe,Australia Post,Same Day,In Transit,2020-02-05 21:51:39,2020-02-14,,1,Japan,2020-02-05 21:51:39,kelsey.taylor010@platform.example.com
,SHP-202002-0000000903,ORD-202002-0000002150,WH-00024,BRA,Oceania,Australia Post,Express,Delivered,2020-02-22 22:32:31,2020-03-03,2020-02-29 03:32:31,1,United Arab Emirates,2020-02-22 22:32:31,stephen.clark001@analytics.example.com
,SHP-202002-0000000904,ORD-202002-0000000353,WH-00084,IND,Europe,DHL,Pickup,Delivered,2020-02-04 01:58:02,2020-02-11,2020-02-11 12:58:02,1,United Arab Emirates,2020-02-04 01:58:02,john.mullins109@commerce.example.com
,SHP-202002-0000000905,ORD-202002-0000002380,WH-00123,GBR,Asia,USPS,Same Day,Delivered,2020-02-02 10:29:40,2020-02-05,2020-02-08 12:29:40,1,Mexico,2020-02-02 10:29:40,michelle.sims041@analytics.example.com
,SHP-202002-0000000906,ORD-202002-0000000595,WH-00031,NLD,North America,USPS,Express,Delivered,2020-02-09 19:44:34,2020-02-15,2020-02-11 20:44:34,1,United Arab Emirates,2020-02-09 19:44:34,megan.cunningham013@commerce.example.com
,SHP-202002-0000000907,ORD-202002-0000002215,WH-00199,FRA,Europe,FedEx,Pickup,Delivered,2020-02-11 14:21:32,2020-02-18,2020-02-20 21:21:32,1,France,2020-02-11 14:21:32,peter.martinez098@platform.example.com
,SHP-202002-0000000908,ORD-202002-0000001562,WH-00178,JPN,North America,Royal Mail,Same Day,Delivered,2020-02-08 22:04:50,2020-02-12,2020-02-13 22:04:50,1,United Kingdom,2020-02-08 22:04:50,stephen.daniels076@commerce.example.com
,SHP-202002-0000000909,ORD-202002-0000001840,WH-00100,SGP,Europe,Australia Post,Pickup,In Transit,2020-02-27 02:54:29,2020-03-01,,2,Singapore,2020-02-27 02:54:29,kelsey.taylor010@platform.example.com
,SHP-202002-0000000910,ORD-202002-0000000063,WH-00195,AUS,Asia,DHL,Same Day,Delivered,2020-02-01 03:47:52,2020-02-06,2020-02-08 03:47:52,1,Italy,2020-02-01 03:47:52,james.proctor094@dataops.example.com
,SHP-202002-0000000911,ORD-202002-0000001466,WH-00101,GBR,Europe,DHL,Standard,In Transit,2020-02-07 14:06:46,2020-02-10,,1,Brazil,2020-02-07 14:06:46,andrea.cummings039@platform.example.com
,SHP-202002-0000000912,ORD-202002-0000001553,WH-00210,AUS,Europe,DPD,Pickup,Shipped,2020-02-15 13:54:45,2020-02-25,,2,Netherlands,2020-02-15 13:54:45,stephen.daniels076@commerce.example.com
,SHP-202002-0000000913,ORD-202002-0000000532,WH-00140,GBR,South America,UPS,Economy,Delivered,2020-02-06 23:48:08,2020-02-08,2020-02-16 00:48:08,1,Singapore,2020-02-06 23:48:08,ashley.marks069@commerce.example.com
,SHP-202002-0000000914,ORD-202002-0000002337,WH-00147,USA,Europe,Royal Mail,Economy,Delivered,2020-02-23 23:38:27,2020-02-26,2020-03-04 23:38:27,1,Netherlands,2020-02-23 23:38:27,michelle.sims041@analytics.example.com
,SHP-202002-0000000915,ORD-202002-0000001568,WH-00195,ITA,Europe,USPS,Economy,Delivered,2020-02-28 19:36:49,2020-03-06,2020-03-07 22:36:49,1,Singapore,2020-02-28 19:36:49,michelle.sims041@analytics.example.com
,SHP-202002-0000000916,ORD-202002-0000001478,WH-00118,DEU,Asia,DHL,Express,Returned,2020-02-26 12:52:46,2020-03-03,,2,France,2020-02-26 12:52:46,tina.williams074@commerce.example.com
,SHP-202002-0000000917,ORD-202002-0000002280,WH-00170,JPN,North America,FedEx,Economy,Delivered,2020-02-23 11:22:27,2020-03-04,2020-02-27 15:22:27,1,United Arab Emirates,2020-02-23 11:22:27,kelsey.taylor010@platform.example.com
,SHP-202002-0000000918,ORD-202002-0000002688,WH-00159,GBR,Europe,DHL,Pickup,Delivered,2020-02-23 11:45:05,2020-02-29,2020-03-08 23:45:05,1,Spain,2020-02-23 11:45:05,kelsey.taylor010@platform.example.com
,SHP-202002-0000000919,ORD-202002-0000001190,WH-00137,SGP,North America,DHL,Standard,Shipped,2020-02-05 13:59:32,2020-02-13,,1,Japan,2020-02-05 13:59:32,michelle.sims041@analytics.example.com
,SHP-202002-0000000920,ORD-202002-0000000097,WH-00247,NLD,Asia,USPS,Economy,Delivered,2020-02-19 00:34:05,2020-02-25,2020-02-22 11:34:05,1,Australia,2020-02-19 00:34:05,patrick.gonzalez035@dataops.example.com
,SHP-202002-0000000921,ORD-202002-0000001104,WH-00072,USA,Europe,DHL,Same Day,Delivered,2020-02-01 23:06:20,2020-02-08,2020-02-10 08:06:20,1,Spain,2020-02-01 23:06:20,victor.palmer071@platform.example.com
,SHP-202002-0000000922,ORD-202002-0000001144,WH-00149,DEU,North America,Australia Post,Same Day,Delivered,2020-02-26 08:38:10,2020-03-04,2020-03-07 08:38:10,1,Mexico,2020-02-26 08:38:10,jennifer.hudson020@analytics.example.com
,SHP-202002-0000000923,ORD-202002-0000002816,WH-00247,JPN,Europe,UPS,Economy,In Transit,2020-02-05 03:59:23,2020-02-09,,1,Canada,2020-02-05 03:59:23,michelle.bender024@analytics.example.com
,SHP-202002-0000000924,ORD-202002-0000000914,WH-00110,IND,Oceania,Royal Mail,Same Day,Delivered,2020-02-09 09:23:56,2020-02-13,2020-02-23 15:23:56,1,Japan,2020-02-09 09:23:56,peter.martinez098@platform.example.com
,SHP-202002-0000000925,ORD-202002-0000002447,WH-00078,ESP,North America,USPS,Pickup,Shipped,2020-02-04 17:45:22,2020-02-08,,1,Mexico,2020-02-04 17:45:22,jennifer.hudson020@analytics.example.com
,SHP-202002-0000000926,ORD-202002-0000000729,WH-00160,DEU,Europe,Royal Mail,Pickup,Delivered,2020-02-11 03:35:01,2020-02-14,2020-02-25 10:35:01,1,United Kingdom,2020-02-11 03:35:01,stephen.daniels076@commerce.example.com
,SHP-202002-0000000927,ORD-202002-0000000347,WH-00055,FRA,Europe,UPS,Same Day,Delivered,2020-02-24 01:28:37,2020-02-27,2020-03-02 05:28:37,1,India,2020-02-24 01:28:37,michelle.sims041@analytics.example.com
,SHP-202002-0000000928,ORD-202002-0000002537,WH-00047,DEU,Europe,DPD,Express,Delivered,2020-02-14 11:29:49,2020-02-16,2020-02-27 11:29:49,1,Canada,2020-02-14 11:29:49,michael.johnson061@platform.example.com
,SHP-202002-0000000929,ORD-202002-0000000762,WH-00174,ITA,Europe,UPS,Pickup,Delivered,2020-02-11 20:31:01,2020-02-19,2020-02-18 02:31:01,1,United Kingdom,2020-02-11 20:31:01,tina.williams074@commerce.example.com
,SHP-202002-0000000930,ORD-202002-0000000721,WH-00135,NLD,Europe,USPS,Express,Shipped,2020-02-28 06:59:54,2020-03-04,,1,Brazil,2020-02-28 06:59:54,michael.johnson061@platform.example.com
,SHP-202002-0000000931,ORD-202002-0000002728,WH-00141,MEX,North America,UPS,Economy,Delivered,2020-02-26 02:55:01,2020-03-02,2020-03-10 06:55:01,1,Brazil,2020-02-26 02:55:01,jennifer.bauer068@analytics.example.com
,SHP-202002-0000000932,ORD-202002-0000001995,WH-00176,FRA,Oceania,USPS,Standard,Shipped,2020-02-04 11:50:52,2020-02-08,,1,Japan,2020-02-04 11:50:52,james.proctor094@dataops.example.com
,SHP-202002-0000000933,ORD-202002-0000001019,WH-00113,IND,Europe,Royal Mail,Pickup,Delivered,2020-02-03 10:36:12,2020-02-11,2020-02-14 15:36:12,1,Canada,2020-02-03 10:36:12,jennifer.bauer068@analytics.example.com
,SHP-202002-0000000934,ORD-202002-0000001413,WH-00086,NLD,Europe,Royal Mail,Standard,Delivered,2020-02-28 09:58:00,2020-03-01,2020-03-10 17:58:00,1,Italy,2020-02-28 09:58:00,tina.williams074@commerce.example.com
,SHP-202002-0000000935,ORD-202002-0000000952,WH-00097,GBR,North America,Royal Mail,Express,Delivered,2020-02-05 18:55:02,2020-02-13,2020-02-09 02:55:02,1,Spain,2020-02-05 18:55:02,patrick.gonzalez035@dataops.example.com
,SHP-202002-0000000936,ORD-202002-0000000880,WH-00214,ITA,South America,FedEx,Same Day,Delivered,2020-02-20 13:56:46,2020-02-28,2020-02-27 21:56:46,1,Singapore,2020-02-20 13:56:46,victor.palmer071@platform.example.com
,SHP-202002-0000000937,ORD-202002-0000001216,WH-00216,IND,Asia,Royal Mail,Same Day,Delivered,2020-02-12 14:12:15,2020-02-17,2020-02-22 00:12:15,1,France,2020-02-12 14:12:15,jennifer.hudson020@analytics.example.com
,SHP-202002-0000000938,ORD-202002-0000002883,WH-00248,IND,Europe,FedEx,Express,Delivered,2020-02-20 01:12:58,2020-02-23,2020-02-27 11:12:58,1,United Kingdom,2020-02-20 01:12:58,ryan.steele043@commerce.example.com
,SHP-202002-0000000939,ORD-202002-0000001527,WH-00160,IND,Europe,UPS,Economy,Delayed,2020-02-21 21:08:33,2020-02-28,,2,Spain,2020-02-21 21:08:33,michael.berger060@platform.example.com
,SHP-202002-0000000940,ORD-202002-0000002806,WH-00039,ESP,Europe,DHL,Express,Delivered,2020-02-08 19:50:58,2020-02-18,2020-02-11 22:50:58,1,Japan,2020-02-08 19:50:58,john.mullins109@commerce.example.com
,SHP-202002-0000000941,ORD-202002-0000000526,WH-00204,SGP,Europe,Australia Post,Express,Delivered,2020-02-13 20:08:18,2020-02-20,2020-02-21 02:08:18,1,Australia,2020-02-13 20:08:18,micheal.chen050@dataops.example.com
,SHP-202002-0000000942,ORD-202002-0000000603,WH-00029,ITA,Europe,USPS,Economy,Delivered,2020-02-01 18:42:59,2020-02-07,2020-02-10 19:42:59,1,Spain,2020-02-01 18:42:59,jeffery.miller012@commerce.example.com
,SHP-202002-0000000943,ORD-202002-0000002467,WH-00201,AUS,Asia,UPS,Pickup,Delivered,2020-02-06 07:22:21,2020-02-15,2020-02-11 10:22:21,1,United Arab Emirates,2020-02-06 07:22:21,lance.williams029@platform.example.com
,SHP-202002-0000000944,ORD-202002-0000001852,WH-00238,CAN,Asia,Royal Mail,Standard,Delivered,2020-02-07 19:23:02,2020-02-11,2020-02-13 19:23:02,1,Germany,2020-02-07 19:23:02,jennifer.bauer068@analytics.example.com
,SHP-202002-0000000945,ORD-202002-0000002249,WH-00180,SGP,Asia,UPS,Pickup,Delivered,2020-02-25 02:41:49,2020-03-02,2020-03-10 03:41:49,1,India,2020-02-25 02:41:49,taylor.cunningham023@commerce.example.com
,SHP-202002-0000000946,ORD-202002-0000001138,WH-00048,ESP,Asia,DHL,Economy,Shipped,2020-02-28 12:23:43,2020-03-08,,1,Singapore,2020-02-28 12:23:43,peter.martinez098@platform.example.com
,SHP-202002-0000000947,ORD-202002-0000000333,WH-00173,DEU,North America,UPS,Pickup,Delivered,2020-02-14 15:20:16,2020-02-22,2020-02-28 03:20:16,1,United Arab Emirates,2020-02-14 15:20:16,andrea.cummings039@platform.example.com
,SHP-202002-0000000948,ORD-202002-0000002678,WH-00129,ITA,South America,DHL,Same Day,In Transit,2020-02-26 18:12:29,2020-03-03,,1,Canada,2020-02-26 18:12:29,micheal.chen050@dataops.example.com
,SHP-202002-0000000949,ORD-202002-0000000272,WH-00114,MEX,Asia,UPS,Same Day,In Transit,2020-02-02 07:50:52,2020-02-06,,1,Netherlands,2020-02-02 07:50:52,david.cabrera119@dataops.example.com
,SHP-202002-0000000950,ORD-202002-0000002211,WH-00009,CAN,Oceania,DPD,Same Day,Delayed,2020-02-18 16:00:55,2020-02-28,,1,Mexico,2020-02-18 16:00:55,ashley.marks069@commerce.example.com
,SHP-202002-0000000951,ORD-202002-0000000464,WH-00190,ITA,Asia,Royal Mail,Pickup,Delivered,2020-02-18 11:36:49,2020-02-23,2020-02-23 16:36:49,1,Australia,2020-02-18 11:36:49,tina.williams074@commerce.example.com
,SHP-202002-0000000952,ORD-202002-0000001646,WH-00160,NLD,Europe,Royal Mail,Economy,Delivered,2020-02-11 11:47:44,2020-02-21,2020-02-19 17:47:44,1,United Arab Emirates,2020-02-11 11:47:44,david.cabrera119@dataops.example.com
,SHP-202002-0000000953,ORD-202002-0000001943,WH-00117,GBR,Europe,DPD,Same Day,Delivered,2020-02-16 10:31:46,2020-02-20,2020-02-29 17:31:46,2,India,2020-02-16 10:31:46,joseph.johnson049@dataops.example.com
,SHP-202002-0000000954,ORD-202002-0000002903,WH-00157,JPN,North America,UPS,Standard,Delivered,2020-02-08 21:11:04,2020-02-15,2020-02-11 06:11:04,1,Mexico,2020-02-08 21:11:04,tina.williams074@commerce.example.com
,SHP-202002-0000000955,ORD-202002-0000002704,WH-00174,AUS,Europe,UPS,Same Day,Delivered,2020-02-24 16:13:50,2020-03-01,2020-02-29 23:13:50,1,Mexico,2020-02-24 16:13:50,adam.gordon030@commerce.example.com
,SHP-202002-0000000956,ORD-202002-0000001634,WH-00011,IND,North America,USPS,Express,In Transit,2020-02-05 13:06:45,2020-02-15,,1,Netherlands,2020-02-05 13:06:45,stephen.daniels076@commerce.example.com
,SHP-202002-0000000957,ORD-202002-0000001287,WH-00040,USA,Europe,USPS,Pickup,Delivered,2020-02-05 10:38:20,2020-02-08,2020-02-09 21:38:20,1,Spain,2020-02-05 10:38:20,stephen.daniels076@commerce.example.com
,SHP-202002-0000000958,ORD-202002-0000001358,WH-00144,JPN,North America,USPS,Same Day,In Transit,2020-02-19 05:06:30,2020-02-22,,1,Japan,2020-02-19 05:06:30,ryan.steele043@commerce.example.com
,SHP-202002-0000000959,ORD-202002-0000002506,WH-00169,ITA,Europe,FedEx,Pickup,Delivered,2020-02-08 03:49:03,2020-02-14,2020-02-16 15:49:03,1,Germany,2020-02-08 03:49:03,peter.martinez098@platform.example.com
,SHP-202002-0000000960,ORD-202002-0000001796,WH-00230,ESP,South America,UPS,Same Day,Delivered,2020-02-25 08:49:05,2020-03-04,2020-03-06 10:49:05,1,Netherlands,2020-02-25 08:49:05,andrea.cummings039@platform.example.com
,SHP-202002-0000000961,ORD-202002-0000002127,WH-00220,ITA,Europe,UPS,Standard,Delivered,2020-02-06 22:40:51,2020-02-15,2020-02-18 06:40:51,1,France,2020-02-06 22:40:51,jennifer.bauer068@analytics.example.com
,SHP-202002-0000000962,ORD-202002-0000000410,WH-00184,MEX,South America,DHL,Standard,Delivered,2020-02-16 20:06:21,2020-02-20,2020-02-22 00:06:21,1,Spain,2020-02-16 20:06:21,micheal.hall064@dataops.example.com
,SHP-202002-0000000963,ORD-202002-0000002185,WH-00093,JPN,Asia,DPD,Express,Delivered,2020-02-07 15:46:25,2020-02-11,2020-02-20 17:46:25,1,United Kingdom,2020-02-07 15:46:25,jennifer.hudson020@analytics.example.com
,SHP-202002-0000000964,ORD-202002-0000000045,WH-00037,MEX,North America,USPS,Same Day,Delivered,2020-02-01 08:24:43,2020-02-10,2020-02-11 08:24:43,1,Brazil,2020-02-01 08:24:43,adam.gordon030@commerce.example.com
,SHP-202002-0000000965,ORD-202002-0000001850,WH-00054,BRA,Asia,DHL,Pickup,Delivered,2020-02-11 20:16:28,2020-02-20,2020-02-23 07:16:28,1,Canada,2020-02-11 20:16:28,jeffery.miller012@commerce.example.com
,SHP-202002-0000000966,ORD-202002-0000002219,WH-00209,SGP,North America,DPD,Economy,Delayed,2020-02-07 04:34:45,2020-02-12,,1,Canada,2020-02-07 04:34:45,jennifer.bauer068@analytics.example.com
,SHP-202002-0000000967,ORD-202002-0000002485,WH-00122,USA,Europe,Royal Mail,Standard,Delivered,2020-02-01 05:31:38,2020-02-04,2020-02-14 10:31:38,1,France,2020-02-01 05:31:38,stephen.clark001@analytics.example.com
,SHP-202002-0000000968,ORD-202002-0000001128,WH-00187,AUS,Europe,Royal Mail,Express,Delivered,2020-02-29 20:20:52,2020-03-05,2020-03-12 06:20:52,2,Germany,2020-02-29 20:20:52,ashley.marks069@commerce.example.com
,SHP-202002-0000000969,ORD-202002-0000001542,WH-00032,ARE,Asia,Australia Post,Economy,Delivered,2020-02-16 16:40:20,2020-02-22,2020-02-23 01:40:20,1,Japan,2020-02-16 16:40:20,maria.ashley046@analytics.example.com
,SHP-202002-0000000970,ORD-202002-0000001999,WH-00012,GBR,Asia,UPS,Express,Delivered,2020-02-13 08:20:10,2020-02-15,2020-02-23 16:20:10,1,Brazil,2020-02-13 08:20:10,david.cabrera119@dataops.example.com
,SHP-202002-0000000971,ORD-202002-0000000951,WH-00119,FRA,Europe,DPD,Same Day,In Transit,2020-02-26 08:34:09,2020-03-06,,1,Netherlands,2020-02-26 08:34:09,ryan.steele043@commerce.example.com
,SHP-202002-0000000972,ORD-202002-0000000454,WH-00037,GBR,Asia,UPS,Same Day,Shipped,2020-02-11 17:12:37,2020-02-19,,1,India,2020-02-11 17:12:37,stephen.clark001@analytics.example.com
,SHP-202002-0000000973,ORD-202002-0000001688,WH-00219,ITA,South America,DPD,Express,Delivered,2020-02-27 13:47:44,2020-03-07,2020-03-06 23:47:44,1,Spain,2020-02-27 13:47:44,james.proctor094@dataops.example.com
,SHP-202002-0000000974,ORD-202002-0000001612,WH-00014,ITA,Oceania,FedEx,Economy,Delivered,2020-02-02 10:13:58,2020-02-12,2020-02-09 12:13:58,2,Italy,2020-02-02 10:13:58,michelle.bender024@analytics.example.com
,SHP-202002-0000000975,ORD-202002-0000002373,WH-00021,ITA,Asia,Australia Post,Pickup,Shipped,2020-02-04 00:54:51,2020-02-13,,2,Netherlands,2020-02-04 00:54:51,taylor.cunningham023@commerce.example.com
,SHP-202002-0000000976,ORD-202002-0000000551,WH-00148,MEX,South America,FedEx,Standard,In Transit,2020-02-08 03:47:46,2020-02-14,,1,France,2020-02-08 03:47:46,susan.rice083@commerce.example.com
,SHP-202002-0000000977,ORD-202002-0000000890,WH-00244,MEX,Europe,Royal Mail,Express,Delivered,2020-02-18 19:49:58,2020-02-22,2020-03-02 23:49:58,1,Canada,2020-02-18 19:49:58,michael.johnson061@platform.example.com
,SHP-202002-0000000978,ORD-202002-0000001205,WH-00169,IND,North America,Royal Mail,Pickup,Delivered,2020-02-27 05:18:47,2020-03-08,2020-03-10 08:18:47,1,Mexico,2020-02-27 05:18:47,victor.palmer071@platform.example.com
,SHP-202002-0000000979,ORD-202002-0000001397,WH-00029,ITA,Europe,UPS,Express,Delivered,2020-02-09 17:04:53,2020-02-11,2020-02-16 20:04:53,1,France,2020-02-09 17:04:53,adam.gordon030@commerce.example.com
,SHP-202002-0000000980,ORD-202002-0000001807,WH-00068,ITA,Europe,DHL,Express,Shipped,2020-02-14 01:13:28,2020-02-18,,1,Singapore,2020-02-14 01:13:28,stephen.daniels076@commerce.example.com
,SHP-202002-0000000981,ORD-202002-0000000828,WH-00097,FRA,Asia,Australia Post,Pickup,Delivered,2020-02-01 14:42:01,2020-02-09,2020-02-13 23:42:01,2,Mexico,2020-02-01 14:42:01,ashley.marks069@commerce.example.com
,SHP-202002-0000000982,ORD-202002-0000002060,WH-00224,IND,Asia,USPS,Pickup,Delivered,2020-02-23 05:43:21,2020-03-02,2020-02-25 14:43:21,2,Spain,2020-02-23 05:43:21,eric.horton058@analytics.example.com
,SHP-202002-0000000983,ORD-202002-0000000901,WH-00236,FRA,North America,USPS,Standard,Shipped,2020-02-20 11:56:14,2020-03-01,,1,India,2020-02-20 11:56:14,ashley.marks069@commerce.example.com
,SHP-202002-0000000984,ORD-202002-0000001426,WH-00212,CAN,Oceania,UPS,Pickup,Delivered,2020-02-26 14:53:36,2020-03-04,2020-03-09 14:53:36,2,France,2020-02-26 14:53:36,maria.ashley046@analytics.example.com
,SHP-202002-0000000985,ORD-202002-0000000039,WH-00125,ARE,South America,Royal Mail,Same Day,Delivered,2020-02-06 18:07:36,2020-02-14,2020-02-18 22:07:36,3,United Kingdom,2020-02-06 18:07:36,john.mullins109@commerce.example.com
,SHP-202002-0000000986,ORD-202002-0000000123,WH-00023,BRA,Europe,Royal Mail,Pickup,In Transit,2020-02-20 16:18:22,2020-02-24,,2,France,2020-02-20 16:18:22,maria.ashley046@analytics.example.com
,SHP-202002-0000000987,ORD-202002-0000002534,WH-00005,GBR,Oceania,USPS,Pickup,Delivered,2020-02-22 14:27:14,2020-02-26,2020-02-28 01:27:14,1,France,2020-02-22 14:27:14,maria.ashley046@analytics.example.com
,SHP-202002-0000000988,ORD-202002-0000001428,WH-00124,AUS,Europe,UPS,Pickup,In Transit,2020-02-27 23:42:10,2020-03-03,,1,France,2020-02-27 23:42:10,michael.berger060@platform.example.com
,SHP-202002-0000000989,ORD-202002-0000002292,WH-00231,GBR,North America,DHL,Same Day,Delivered,2020-02-15 15:19:54,2020-02-21,2020-02-29 02:19:54,1,Germany,2020-02-15 15:19:54,stephen.clark001@analytics.example.com
,SHP-202002-0000000990,ORD-202002-0000000113,WH-00100,SGP,Europe,Royal Mail,Express,Delivered,2020-02-04 09:07:00,2020-02-09,2020-02-14 14:07:00,1,Mexico,2020-02-04 09:07:00,peter.martinez098@platform.example.com
,SHP-202002-0000000991,ORD-202002-0000000904,WH-00102,ARE,North America,UPS,Express,Delivered,2020-02-13 00:08:42,2020-02-19,2020-02-24 07:08:42,1,France,2020-02-13 00:08:42,stephen.daniels076@commerce.example.com
,SHP-202002-0000000992,ORD-202002-0000002724,WH-00077,CAN,Asia,Royal Mail,Economy,Delivered,2020-02-14 01:52:25,2020-02-20,2020-02-20 01:52:25,1,France,2020-02-14 01:52:25,james.proctor094@dataops.example.com
,SHP-202002-0000000993,ORD-202002-0000001972,WH-00163,GBR,North America,Royal Mail,Express,Delivered,2020-02-05 15:59:28,2020-02-12,2020-02-16 19:59:28,1,Canada,2020-02-05 15:59:28,james.proctor094@dataops.example.com
,SHP-202002-0000000994,ORD-202002-0000001395,WH-00147,MEX,Europe,DPD,Same Day,Delivered,2020-02-11 05:08:54,2020-02-19,2020-02-21 08:08:54,1,Brazil,2020-02-11 05:08:54,stephen.daniels076@commerce.example.com
,SHP-202002-0000000995,ORD-202002-0000000992,WH-00133,IND,Europe,DPD,Standard,Delivered,2020-02-11 07:42:37,2020-02-18,2020-02-16 17:42:37,1,United States,2020-02-11 07:42:37,joseph.johnson049@dataops.example.com
,SHP-202002-0000000996,ORD-202002-0000001146,WH-00178,NLD,Oceania,DHL,Pickup,Delivered,2020-02-21 23:30:17,2020-03-01,2020-03-01 04:30:17,1,Netherlands,2020-02-21 23:30:17,david.cabrera119@dataops.example.com
,SHP-202002-0000000997,ORD-202002-0000001712,WH-00073,BRA,Asia,USPS,Economy,Delivered,2020-02-07 17:23:37,2020-02-17,2020-02-16 05:23:37,2,Mexico,2020-02-07 17:23:37,micheal.chen050@dataops.example.com
,SHP-202002-0000000998,ORD-202002-0000001725,WH-00064,ARE,Europe,DHL,Express,In Transit,2020-02-05 02:34:15,2020-02-10,,1,France,2020-02-05 02:34:15,lance.williams029@platform.example.com
,SHP-202002-0000000999,ORD-202002-0000000655,WH-00188,GBR,Asia,UPS,Same Day,Delivered,2020-02-18 15:34:35,2020-02-21,2020-02-28 23:34:35,1,Canada,2020-02-18 15:34:35,lance.williams029@platform.example.com
,SHP-202002-0000001000,ORD-202002-0000001683,WH-00211,ESP,Europe,FedEx,Economy,Delivered,2020-02-20 06:13:01,2020-03-01,2020-03-04 18:13:01,1,Australia,2020-02-20 06:13:01,ryan.steele043@commerce.example.com
,SHP-202002-0000001001,ORD-202002-0000002053,WH-00194,CAN,Asia,UPS,Same Day,Delivered,2020-02-06 20:10:54,2020-02-15,2020-02-21 03:10:54,1,Netherlands,2020-02-06 20:10:54,stephen.clark001@analytics.example.com
,SHP-202002-0000001002,ORD-202002-0000001215,WH-00198,MEX,North America,Australia Post,Standard,Delivered,2020-02-18 06:33:37,2020-02-28,2020-02-22 17:33:37,1,Netherlands,2020-02-18 06:33:37,jennifer.bauer068@analytics.example.com
,SHP-202002-0000001003,ORD-202002-0000002522,WH-00033,JPN,Europe,DHL,Pickup,Delivered,2020-02-16 04:40:00,2020-02-25,2020-02-23 04:40:00,1,Brazil,2020-02-16 04:40:00,kelsey.taylor010@platform.example.com
,SHP-202002-0000001004,ORD-202002-0000001176,WH-00223,JPN,Asia,DHL,Pickup,Shipped,2020-02-28 17:47:51,2020-03-04,,2,Italy,2020-02-28 17:47:51,taylor.cunningham023@commerce.example.com
,SHP-202002-0000001005,ORD-202002-0000002636,WH-00104,USA,South America,USPS,Economy,Delivered,2020-02-20 17:03:14,2020-02-25,2020-02-26 20:03:14,2,Spain,2020-02-20 17:03:14,ryan.steele043@commerce.example.com
,SHP-202002-0000001006,ORD-202002-0000000997,WH-00031,ITA,Asia,UPS,Standard,Delivered,2020-02-13 16:51:27,2020-02-17,2020-02-25 00:51:27,1,Australia,2020-02-13 16:51:27,ashley.marks069@commerce.example.com
,SHP-202002-0000001007,ORD-202002-0000002399,WH-00140,FRA,North America,FedEx,Pickup,Delivered,2020-02-18 16:57:54,2020-02-26,2020-03-02 22:57:54,3,Canada,2020-02-18 16:57:54,michelle.sims041@analytics.example.com
,SHP-202002-0000001008,ORD-202002-0000000524,WH-00077,ESP,Europe,FedEx,Pickup,Delivered,2020-02-20 13:15:13,2020-02-24,2020-02-22 22:15:13,1,United States,2020-02-20 13:15:13,micheal.hall064@dataops.example.com
,SHP-202002-0000001009,ORD-202002-0000001819,WH-00195,USA,Asia,DHL,Pickup,Delivered,2020-02-15 14:00:55,2020-02-24,2020-03-01 02:00:55,1,Canada,2020-02-15 14:00:55,susan.rice083@commerce.example.com
,SHP-202002-0000001010,ORD-202002-0000002137,WH-00220,NLD,Europe,USPS,Standard,Shipped,2020-02-08 12:09:53,2020-02-15,,1,Brazil,2020-02-08 12:09:53,james.proctor094@dataops.example.com
,SHP-202002-0000001011,ORD-202002-0000002146,WH-00094,JPN,North America,Royal Mail,Standard,In Transit,2020-02-26 18:30:53,2020-03-07,,1,Germany,2020-02-26 18:30:53,peter.martinez098@platform.example.com
,SHP-202002-0000001012,ORD-202002-0000001938,WH-00028,JPN,Oceania,DHL,Express,In Transit,2020-02-29 05:38:56,2020-03-08,,1,Singapore,2020-02-29 05:38:56,megan.cunningham013@commerce.example.com
,SHP-202002-0000001013,ORD-202002-0000002186,WH-00211,ESP,Asia,USPS,Standard,Delivered,2020-02-28 05:50:02,2020-03-05,2020-03-06 12:50:02,1,United States,2020-02-28 05:50:02,joseph.johnson049@dataops.example.com
,SHP-202002-0000001014,ORD-202002-0000002081,WH-00055,JPN,Europe,USPS,Express,Delivered,2020-02-20 09:33:24,2020-02-22,2020-02-29 14:33:24,1,United Kingdom,2020-02-20 09:33:24,brandi.carter038@dataops.example.com
,SHP-202002-0000001015,ORD-202002-0000001172,WH-00034,NLD,South America,DPD,Express,Shipped,2020-02-05 09:02:36,2020-02-12,,1,Italy,2020-02-05 09:02:36,stephen.clark001@analytics.example.com
,SHP-202002-0000001016,ORD-202002-0000000654,WH-00033,GBR,Asia,UPS,Economy,Delivered,2020-02-14 15:12:01,2020-02-24,2020-02-25 21:12:01,1,Japan,2020-02-14 15:12:01,megan.cunningham013@commerce.example.com
,SHP-202002-0000001017,ORD-202002-0000002539,WH-00143,MEX,North America,Australia Post,Standard,Shipped,2020-02-25 11:41:09,2020-02-28,,1,Singapore,2020-02-25 11:41:09,eric.horton058@analytics.example.com
,SHP-202002-0000001018,ORD-202002-0000000367,WH-00173,ITA,Oceania,UPS,Same Day,Delayed,2020-02-14 17:34:37,2020-02-16,,1,Mexico,2020-02-14 17:34:37,david.cabrera119@dataops.example.com
,SHP-202002-0000001019,ORD-202002-0000000890,WH-00021,ITA,Europe,FedEx,Same Day,Delivered,2020-02-09 22:23:10,2020-02-13,2020-02-19 09:23:10,1,United Arab Emirates,2020-02-09 22:23:10,david.cabrera119@dataops.example.com
,SHP-202002-0000001020,ORD-202002-0000002556,WH-00209,SGP,South America,UPS,Standard,Delivered,2020-02-12 21:22:31,2020-02-17,2020-02-17 09:22:31,1,Australia,2020-02-12 21:22:31,stephen.clark001@analytics.example.com
,SHP-202002-0000001021,ORD-202002-0000002469,WH-00191,JPN,Asia,UPS,Pickup,Delivered,2020-02-18 09:11:53,2020-02-24,2020-03-01 16:11:53,1,India,2020-02-18 09:11:53,andrea.cummings039@platform.example.com
,SHP-202002-0000001022,ORD-202002-0000002713,WH-00046,BRA,Asia,DHL,Standard,Delivered,2020-02-25 19:45:01,2020-02-29,2020-03-04 06:45:01,2,Italy,2020-02-25 19:45:01,victor.palmer071@platform.example.com
,SHP-202002-0000001023,ORD-202002-0000002480,WH-00022,MEX,Asia,DPD,Standard,Delayed,2020-02-26 05:16:19,2020-02-29,,1,Mexico,2020-02-26 05:16:19,john.mullins109@commerce.example.com
,SHP-202002-0000001024,ORD-202002-0000000994,WH-00203,BRA,North America,Royal Mail,Economy,Delivered,2020-02-18 11:41:31,2020-02-22,2020-03-02 12:41:31,1,France,2020-02-18 11:41:31,megan.cunningham013@commerce.example.com
,SHP-202002-0000001025,ORD-202002-0000002180,WH-00025,BRA,South America,DPD,Same Day,Delivered,2020-02-03 21:33:45,2020-02-07,2020-02-11 07:33:45,2,India,2020-02-03 21:33:45,taylor.cunningham023@commerce.example.com
,SHP-202002-0000001026,ORD-202002-0000000744,WH-00079,ITA,Asia,DHL,Standard,Delivered,2020-02-19 06:40:22,2020-02-28,2020-02-26 06:40:22,1,Mexico,2020-02-19 06:40:22,james.proctor094@dataops.example.com
,SHP-202002-0000001027,ORD-202002-0000000326,WH-00184,SGP,Europe,USPS,Express,Delivered,2020-02-29 15:48:12,2020-03-10,2020-03-14 20:48:12,1,United States,2020-02-29 15:48:12,micheal.chen050@dataops.example.com
,SHP-202002-0000001028,ORD-202002-0000000414,WH-00105,CAN,Asia,Australia Post,Same Day,Delivered,2020-02-08 13:02:12,2020-02-10,2020-02-11 00:02:12,1,Singapore,2020-02-08 13:02:12,stephen.daniels076@commerce.example.com
,SHP-202002-0000001029,ORD-202002-0000001192,WH-00065,ITA,Asia,Australia Post,Economy,Delivered,2020-02-22 04:36:04,2020-03-01,2020-03-07 06:36:04,1,India,2020-02-22 04:36:04,patrick.gonzalez035@dataops.example.com
,SHP-202002-0000001030,ORD-202002-0000000235,WH-00105,BRA,Europe,DPD,Standard,Delivered,2020-02-15 01:19:28,2020-02-20,2020-02-23 12:19:28,1,Italy,2020-02-15 01:19:28,jennifer.hudson020@analytics.example.com
,SHP-202002-0000001031,ORD-202002-0000001341,WH-00025,USA,Europe,Royal Mail,Same Day,In Transit,2020-02-16 17:26:49,2020-02-23,,1,Italy,2020-02-16 17:26:49,michelle.sims041@analytics.example.com
,SHP-202002-0000001032,ORD-202002-0000000254,WH-00172,USA,North America,USPS,Economy,Delivered,2020-02-24 18:30:49,2020-03-01,2020-03-02 05:30:49,1,Brazil,2020-02-24 18:30:49,jennifer.bauer068@analytics.example.com
,SHP-202002-0000001033,ORD-202002-0000002335,WH-00228,CAN,North America,USPS,Same Day,Delivered,2020-02-26 11:11:06,2020-03-01,2020-03-10 22:11:06,1,Australia,2020-02-26 11:11:06,megan.cunningham013@commerce.example.com
,SHP-202002-0000001034,ORD-202002-0000002427,WH-00197,ITA,South America,DPD,Standard,Delivered,2020-02-19 23:33:51,2020-02-23,2020-03-01 03:33:51,1,Italy,2020-02-19 23:33:51,maria.ashley046@analytics.example.com
,SHP-202002-0000001035,ORD-202002-0000002275,WH-00020,NLD,South America,Royal Mail,Same Day,Delayed,2020-02-22 09:53:48,2020-03-03,,1,Germany,2020-02-22 09:53:48,michelle.sims041@analytics.example.com
,SHP-202002-0000001036,ORD-202002-0000001547,WH-00052,IND,Asia,UPS,Pickup,Delivered,2020-02-07 16:40:07,2020-02-16,2020-02-16 22:40:07,2,Netherlands,2020-02-07 16:40:07,david.cabrera119@dataops.example.com
,SHP-202002-0000001037,ORD-202002-0000000541,WH-00240,USA,South America,FedEx,Express,Delivered,2020-02-08 00:56:32,2020-02-13,2020-02-16 01:56:32,1,Netherlands,2020-02-08 00:56:32,stephen.clark001@analytics.example.com
,SHP-202002-0000001038,ORD-202002-0000000212,WH-00049,SGP,Asia,UPS,Pickup,Delivered,2020-02-03 10:38:58,2020-02-13,2020-02-13 10:38:58,1,Australia,2020-02-03 10:38:58,jennifer.bauer068@analytics.example.com
,SHP-202002-0000001039,ORD-202002-0000002831,WH-00144,DEU,Europe,UPS,Express,Delivered,2020-02-24 20:46:26,2020-03-02,2020-03-03 05:46:26,2,Japan,2020-02-24 20:46:26,jeffery.miller012@commerce.example.com
,SHP-202002-0000001040,ORD-202002-0000000453,WH-00070,CAN,Asia,USPS,Same Day,Delivered,2020-02-01 19:07:43,2020-02-07,2020-02-13 06:07:43,1,United Kingdom,2020-02-01 19:07:43,jennifer.bauer068@analytics.example.com
,SHP-202002-0000001041,ORD-202002-0000001558,WH-00248,ESP,North America,Australia Post,Same Day,Delivered,2020-02-19 11:21:01,2020-02-22,2020-02-23 18:21:01,1,Singapore,2020-02-19 11:21:01,jeffery.miller012@commerce.example.com
,SHP-202002-0000001042,ORD-202002-0000001589,WH-00122,NLD,Asia,UPS,Express,Shipped,2020-02-28 05:17:53,2020-03-06,,1,Netherlands,2020-02-28 05:17:53,michael.berger060@platform.example.com
,SHP-202002-0000001043,ORD-202002-0000001440,WH-00138,ESP,North America,USPS,Standard,Delivered,2020-02-04 06:41:10,2020-02-09,2020-02-07 07:41:10,1,India,2020-02-04 06:41:10,david.cabrera119@dataops.example.com
,SHP-202002-0000001044,ORD-202002-0000002489,WH-00195,AUS,Europe,Royal Mail,Same Day,Delivered,2020-02-04 08:11:43,2020-02-09,2020-02-16 18:11:43,1,Spain,2020-02-04 08:11:43,adam.gordon030@commerce.example.com
,SHP-202002-0000001045,ORD-202002-0000001666,WH-00048,BRA,Europe,Australia Post,Pickup,Delivered,2020-02-01 06:48:34,2020-02-07,2020-02-11 17:48:34,1,United Kingdom,2020-02-01 06:48:34,maria.ashley046@analytics.example.com
,SHP-202002-0000001046,ORD-202002-0000002811,WH-00004,JPN,Europe,FedEx,Same Day,Delivered,2020-02-24 22:39:55,2020-02-29,2020-02-27 09:39:55,1,Germany,2020-02-24 22:39:55,ashley.marks069@commerce.example.com
,SHP-202002-0000001047,ORD-202002-0000002654,WH-00150,NLD,South America,UPS,Express,Delivered,2020-02-28 15:25:32,2020-03-03,2020-03-08 17:25:32,1,Netherlands,2020-02-28 15:25:32,michelle.bender024@analytics.example.com
,SHP-202002-0000001048,ORD-202002-0000002334,WH-00178,GBR,Europe,DPD,Same Day,Returned,2020-02-01 04:05:07,2020-02-07,,1,Singapore,2020-02-01 04:05:07,jeffery.miller012@commerce.example.com
,SHP-202002-0000001049,ORD-202002-0000002537,WH-00047,SGP,Europe,UPS,Express,Delivered,2020-02-29 09:26:33,2020-03-03,2020-03-12 15:26:33,1,France,2020-02-29 09:26:33,jennifer.bauer068@analytics.example.com
,SHP-202002-0000001050,ORD-202002-0000002759,WH-00205,JPN,Europe,DPD,Standard,Delivered,2020-02-13 15:22:46,2020-02-17,2020-02-24 03:22:46,4,India,2020-02-13 15:22:46,john.mullins109@commerce.example.com
,SHP-202002-0000001051,ORD-202002-0000002887,WH-00148,ITA,South America,UPS,Express,Shipped,2020-02-23 06:20:46,2020-02-26,,1,Italy,2020-02-23 06:20:46,jennifer.hudson020@analytics.example.com
,SHP-202002-0000001052,ORD-202002-0000001187,WH-00192,DEU,Europe,USPS,Same Day,Delivered,2020-02-18 23:21:04,2020-02-24,2020-03-01 11:21:04,2,Brazil,2020-02-18 23:21:04,james.proctor094@dataops.example.com
,SHP-202002-0000001053,ORD-202002-0000000172,WH-00102,BRA,Europe,DPD,Economy,In Transit,2020-02-12 13:42:33,2020-02-21,,2,Netherlands,2020-02-12 13:42:33,susan.rice083@commerce.example.com
,SHP-202002-0000001054,ORD-202002-0000002174,WH-00174,ARE,Europe,DHL,Same Day,Delivered,2020-02-05 18:49:54,2020-02-08,2020-02-18 18:49:54,1,Spain,2020-02-05 18:49:54,jennifer.bauer068@analytics.example.com
,SHP-202002-0000001055,ORD-202002-0000002897,WH-00055,ITA,Europe,DPD,Same Day,Shipped,2020-02-08 05:23:55,2020-02-17,,1,Japan,2020-02-08 05:23:55,ashley.marks069@commerce.example.com
,SHP-202002-0000001056,ORD-202002-0000000647,WH-00119,NLD,Europe,DHL,Same Day,Shipped,2020-02-06 15:02:53,2020-02-13,,1,Germany,2020-02-06 15:02:53,megan.cunningham013@commerce.example.com
,SHP-202002-0000001057,ORD-202002-0000000217,WH-00240,ESP,Asia,DPD,Standard,Delivered,2020-02-15 22:42:46,2020-02-17,2020-02-18 05:42:46,1,Italy,2020-02-15 22:42:46,eric.horton058@analytics.example.com
,SHP-202002-0000001058,ORD-202002-0000000342,WH-00059,DEU,Europe,USPS,Economy,Delivered,2020-02-05 01:06:24,2020-02-13,2020-02-09 02:06:24,1,Mexico,2020-02-05 01:06:24,maria.ashley046@analytics.example.com
,SHP-202002-0000001059,ORD-202002-0000001311,WH-00064,NLD,Asia,Australia Post,Pickup,Delivered,2020-02-01 00:40:11,2020-02-04,2020-02-07 00:40:11,1,United Kingdom,2020-02-01 00:40:11,stephen.clark001@analytics.example.com
,SHP-202002-0000001060,ORD-202002-0000000448,WH-00070,JPN,Europe,USPS,Pickup,Delivered,2020-02-15 22:19:53,2020-02-25,2020-02-23 02:19:53,2,Italy,2020-02-15 22:19:53,eric.horton058@analytics.example.com
,SHP-202002-0000001061,ORD-202002-0000001843,WH-00184,ESP,Europe,USPS,Pickup,Delivered,2020-02-23 11:09:36,2020-03-02,2020-03-05 19:09:36,1,Australia,2020-02-23 11:09:36,patrick.gonzalez035@dataops.example.com
,SHP-202002-0000001062,ORD-202002-0000000973,WH-00111,GBR,Asia,Australia Post,Pickup,Delivered,2020-02-04 00:59:47,2020-02-11,2020-02-15 12:59:47,1,Spain,2020-02-04 00:59:47,ryan.steele043@commerce.example.com
,SHP-202002-0000001063,ORD-202002-0000002840,WH-00032,DEU,Europe,USPS,Same Day,Returned,2020-02-28 22:31:01,2020-03-04,,1,United States,2020-02-28 22:31:01,stephen.clark001@analytics.example.com
,SHP-202002-0000001064,ORD-202002-0000002562,WH-00094,SGP,North America,Australia Post,Express,Shipped,2020-02-02 21:25:08,2020-02-10,,1,Singapore,2020-02-02 21:25:08,jennifer.hudson020@analytics.example.com
,SHP-202002-0000001065,ORD-202002-0000001236,WH-00232,BRA,Europe,UPS,Pickup,Delivered,2020-02-07 06:45:14,2020-02-13,2020-02-16 12:45:14,3,Singapore,2020-02-07 06:45:14,kelsey.taylor010@platform.example.com
,SHP-202002-0000001066,ORD-202002-0000001340,WH-00102,AUS,Asia,DPD,Standard,Delivered,2020-02-27 00:44:46,2020-03-05,2020-03-10 11:44:46,1,India,2020-02-27 00:44:46,jeffery.miller012@commerce.example.com
,SHP-202002-0000001067,ORD-202002-0000001734,WH-00228,GBR,North America,USPS,Same Day,Delivered,2020-02-29 00:06:52,2020-03-06,2020-03-08 08:06:52,1,Spain,2020-02-29 00:06:52,ashley.marks069@commerce.example.com
,SHP-202002-0000001068,ORD-202002-0000001019,WH-00077,ESP,Asia,UPS,Same Day,In Transit,2020-02-11 05:32:23,2020-02-13,,2,Japan,2020-02-11 05:32:23,david.cabrera119@dataops.example.com
,SHP-202002-0000001069,ORD-202002-0000002047,WH-00128,ITA,Europe,USPS,Same Day,Delivered,2020-02-23 15:53:40,2020-03-04,2020-03-06 00:53:40,1,Netherlands,2020-02-23 15:53:40,patrick.gonzalez035@dataops.example.com
,SHP-202002-0000001070,ORD-202002-0000000950,WH-00243,AUS,Asia,Royal Mail,Economy,Delayed,2020-02-28 14:23:15,2020-03-04,,1,United States,2020-02-28 14:23:15,michelle.bender024@analytics.example.com
,SHP-202002-0000001071,ORD-202002-0000000472,WH-00151,ITA,North America,FedEx,Standard,Delivered,2020-02-08 00:49:01,2020-02-16,2020-02-17 10:49:01,1,United Arab Emirates,2020-02-08 00:49:01,michael.johnson061@platform.example.com
,SHP-202002-0000001072,ORD-202002-0000000598,WH-00228,SGP,North America,DPD,Standard,In Transit,2020-02-08 12:27:23,2020-02-17,,1,United Arab Emirates,2020-02-08 12:27:23,lance.williams029@platform.example.com
,SHP-202002-0000001073,ORD-202002-0000002637,WH-00195,ITA,Europe,USPS,Standard,In Transit,2020-02-12 21:30:48,2020-02-20,,1,United States,2020-02-12 21:30:48,jennifer.bauer068@analytics.example.com
,SHP-202002-0000001074,ORD-202002-0000001496,WH-00129,SGP,Europe,USPS,Standard,Delivered,2020-02-02 03:53:56,2020-02-12,2020-02-10 11:53:56,1,Italy,2020-02-02 03:53:56,john.mullins109@commerce.example.com
,SHP-202002-0000001075,ORD-202002-0000001550,WH-00191,NLD,Europe,Royal Mail,Standard,Delivered,2020-02-01 11:06:56,2020-02-04,2020-02-12 18:06:56,1,Singapore,2020-02-01 11:06:56,michael.berger060@platform.example.com
,SHP-202002-0000001076,ORD-202002-0000002011,WH-00064,ITA,Europe,FedEx,Same Day,Delivered,2020-02-17 06:13:14,2020-02-22,2020-02-27 18:13:14,1,India,2020-02-17 06:13:14,tina.williams074@commerce.example.com
,SHP-202002-0000001077,ORD-202002-0000002553,WH-00043,FRA,Oceania,Royal Mail,Express,Delivered,2020-02-29 14:57:18,2020-03-08,2020-03-09 16:57:18,2,United Kingdom,2020-02-29 14:57:18,micheal.chen050@dataops.example.com
,SHP-202002-0000001078,ORD-202002-0000001861,WH-00100,ESP,Europe,DPD,Pickup,Delivered,2020-02-17 07:10:10,2020-02-23,2020-02-22 18:10:10,2,Germany,2020-02-17 07:10:10,andrea.cummings039@platform.example.com
,SHP-202002-0000001079,ORD-202002-0000001605,WH-00119,NLD,Europe,USPS,Express,Delivered,2020-02-14 14:55:20,2020-02-21,2020-02-29 02:55:20,1,France,2020-02-14 14:55:20,micheal.chen050@dataops.example.com
,SHP-202002-0000001080,ORD-202002-0000000866,WH-00134,FRA,North America,FedEx,Economy,Delivered,2020-02-24 17:00:00,2020-03-05,2020-03-06 04:00:00,1,Brazil,2020-02-24 17:00:00,stephen.daniels076@commerce.example.com
,SHP-202002-0000001081,ORD-202002-0000002566,WH-00162,FRA,Europe,Australia Post,Express,Delivered,2020-02-18 20:24:09,2020-02-22,2020-02-21 08:24:09,3,Germany,2020-02-18 20:24:09,megan.cunningham013@commerce.example.com
,SHP-202002-0000001082,ORD-202002-0000001729,WH-00249,ARE,North America,USPS,Standard,Delivered,2020-02-21 12:19:30,2020-02-24,2020-03-01 18:19:30,1,France,2020-02-21 12:19:30,micheal.chen050@dataops.example.com
,SHP-202002-0000001083,ORD-202002-0000000392,WH-00130,MEX,Europe,Australia Post,Pickup,Delivered,2020-02-25 02:00:43,2020-03-04,2020-03-04 11:00:43,1,Canada,2020-02-25 02:00:43,tina.williams074@commerce.example.com
,SHP-202002-0000001084,ORD-202002-0000002042,WH-00084,ITA,Asia,UPS,Economy,Shipped,2020-02-29 09:15:29,2020-03-04,,1,United Kingdom,2020-02-29 09:15:29,john.mullins109@commerce.example.com
,SHP-202002-0000001085,ORD-202002-0000002234,WH-00045,SGP,Europe,FedEx,Same Day,Delayed,2020-02-02 05:52:26,2020-02-10,,1,Mexico,2020-02-02 05:52:26,micheal.hall064@dataops.example.com
,SHP-202002-0000001086,ORD-202002-0000000134,WH-00058,CAN,Asia,Australia Post,Standard,In Transit,2020-02-08 18:15:05,2020-02-11,,2,France,2020-02-08 18:15:05,michael.johnson061@platform.example.com
,SHP-202002-0000001087,ORD-202002-0000001596,WH-00096,IND,North America,DHL,Economy,Delivered,2020-02-26 02:46:11,2020-03-04,2020-03-02 02:46:11,2,India,2020-02-26 02:46:11,james.proctor094@dataops.example.com
,SHP-202002-0000001088,ORD-202002-0000002151,WH-00133,JPN,North America,UPS,Standard,Shipped,2020-02-15 12:56:11,2020-02-21,,1,Singapore,2020-02-15 12:56:11,tina.williams074@commerce.example.com
,SHP-202002-0000001089,ORD-202002-0000002289,WH-00083,DEU,Europe,DHL,Same Day,Delivered,2020-02-20 02:31:47,2020-03-01,2020-03-01 10:31:47,1,Netherlands,2020-02-20 02:31:47,stephen.daniels076@commerce.example.com
,SHP-202002-0000001090,ORD-202002-0000002829,WH-00060,MEX,Asia,Royal Mail,Standard,Delivered,2020-02-23 23:35:37,2020-02-27,2020-03-08 11:35:37,2,Italy,2020-02-23 23:35:37,megan.cunningham013@commerce.example.com
,SHP-202002-0000001091,ORD-202002-0000002057,WH-00147,GBR,North America,UPS,Economy,Shipped,2020-02-20 17:08:31,2020-02-28,,1,Canada,2020-02-20 17:08:31,michael.johnson061@platform.example.com
,SHP-202002-0000001092,ORD-202002-0000002342,WH-00149,ITA,Europe,UPS,Economy,Delivered,2020-02-21 06:46:31,2020-02-29,2020-03-04 18:46:31,1,Mexico,2020-02-21 06:46:31,joseph.johnson049@dataops.example.com
,SHP-202002-0000001093,ORD-202002-0000001522,WH-00123,NLD,Europe,Royal Mail,Pickup,Delivered,2020-02-18 16:11:07,2020-02-20,2020-02-28 00:11:07,1,United States,2020-02-18 16:11:07,adam.gordon030@commerce.example.com
,SHP-202002-0000001094,ORD-202002-0000002308,WH-00019,IND,Europe,DHL,Economy,Delivered,2020-02-01 22:23:16,2020-02-05,2020-02-04 09:23:16,1,Canada,2020-02-01 22:23:16,ryan.steele043@commerce.example.com
,SHP-202002-0000001095,ORD-202002-0000002624,WH-00016,ITA,Europe,DPD,Express,Delivered,2020-02-28 04:03:59,2020-03-03,2020-03-05 07:03:59,1,India,2020-02-28 04:03:59,stephen.daniels076@commerce.example.com
,SHP-202002-0000001096,ORD-202002-0000001578,WH-00214,ITA,North America,Royal Mail,Economy,Delivered,2020-02-06 07:55:20,2020-02-12,2020-02-18 09:55:20,1,Netherlands,2020-02-06 07:55:20,andrea.cummings039@platform.example.com
,SHP-202002-0000001097,ORD-202002-0000000741,WH-00182,DEU,Asia,FedEx,Same Day,Shipped,2020-02-29 12:54:26,2020-03-06,,1,Brazil,2020-02-29 12:54:26,andrea.cummings039@platform.example.com
,SHP-202002-0000001098,ORD-202002-0000000683,WH-00055,ITA,Europe,DHL,Standard,Delayed,2020-02-15 06:56:22,2020-02-20,,1,Singapore,2020-02-15 06:56:22,jennifer.bauer068@analytics.example.com
,SHP-202002-0000001099,ORD-202002-0000002577,WH-00158,FRA,South America,DHL,Express,Delivered,2020-02-22 16:17:13,2020-03-02,2020-02-25 02:17:13,1,Germany,2020-02-22 16:17:13,michelle.bender024@analytics.example.com
,SHP-202002-0000001100,ORD-202002-0000000806,WH-00099,USA,Oceania,DHL,Standard,Delayed,2020-02-15 09:57:52,2020-02-20,,1,France,2020-02-15 09:57:52,stephen.clark001@analytics.example.com
,SHP-202002-0000001101,ORD-202002-0000001951,WH-00207,FRA,Asia,UPS,Standard,Delivered,2020-02-12 14:05:20,2020-02-20,2020-02-15 15:05:20,1,Spain,2020-02-12 14:05:20,david.cabrera119@dataops.example.com
,SHP-202002-0000001102,ORD-202002-0000002253,WH-00132,USA,Asia,FedEx,Economy,Returned,2020-02-16 19:45:42,2020-02-24,,1,United Kingdom,2020-02-16 19:45:42,lance.williams029@platform.example.com
,SHP-202002-0000001103,ORD-202002-0000000527,WH-00042,USA,Europe,DHL,Economy,Delivered,2020-02-24 20:26:06,2020-02-28,2020-03-05 22:26:06,1,Australia,2020-02-24 20:26:06,michael.berger060@platform.example.com
,SHP-202002-0000001104,ORD-202002-0000002274,WH-00196,CAN,Asia,USPS,Standard,In Transit,2020-02-26 06:45:39,2020-03-04,,1,United States,2020-02-26 06:45:39,micheal.hall064@dataops.example.com
,SHP-202002-0000001105,ORD-202002-0000001865,WH-00005,SGP,Europe,DPD,Standard,Delivered,2020-02-02 05:22:58,2020-02-11,2020-02-11 16:22:58,1,India,2020-02-02 05:22:58,jennifer.bauer068@analytics.example.com
,SHP-202002-0000001106,ORD-202002-0000001983,WH-00176,BRA,Europe,Australia Post,Pickup,Delivered,2020-02-17 10:57:31,2020-02-19,2020-02-20 12:57:31,1,Spain,2020-02-17 10:57:31,ryan.steele043@commerce.example.com
,SHP-202002-0000001107,ORD-202002-0000001611,WH-00016,FRA,Europe,FedEx,Same Day,Delayed,2020-02-27 11:38:03,2020-03-02,,4,Netherlands,2020-02-27 11:38:03,jennifer.hudson020@analytics.example.com
,SHP-202002-0000001108,ORD-202002-0000001073,WH-00154,IND,Europe,Royal Mail,Standard,Delivered,2020-02-27 17:02:10,2020-03-08,2020-03-12 01:02:10,1,Australia,2020-02-27 17:02:10,jeffery.miller012@commerce.example.com
,SHP-202002-0000001109,ORD-202002-0000002045,WH-00167,SGP,Asia,Australia Post,Economy,Delivered,2020-02-15 02:27:47,2020-02-25,2020-02-18 04:27:47,2,Netherlands,2020-02-15 02:27:47,stephen.clark001@analytics.example.com
,SHP-202002-0000001110,ORD-202002-0000000305,WH-00049,IND,North America,Australia Post,Pickup,In Transit,2020-02-20 08:42:14,2020-03-01,,1,Mexico,2020-02-20 08:42:14,susan.rice083@commerce.example.com
,SHP-202002-0000001111,ORD-202002-0000001642,WH-00134,DEU,Europe,DPD,Standard,In Transit,2020-02-18 12:51:03,2020-02-28,,1,India,2020-02-18 12:51:03,stephen.clark001@analytics.example.com
,SHP-202002-0000001112,ORD-202002-0000002256,WH-00158,JPN,Europe,UPS,Pickup,Delivered,2020-02-06 15:46:12,2020-02-09,2020-02-12 21:46:12,1,United Kingdom,2020-02-06 15:46:12,michael.johnson061@platform.example.com
,SHP-202002-0000001113,ORD-202002-0000002589,WH-00127,NLD,Europe,DPD,Standard,Delivered,2020-02-17 21:14:38,2020-02-27,2020-03-03 01:14:38,1,Brazil,2020-02-17 21:14:38,taylor.cunningham023@commerce.example.com
,SHP-202002-0000001114,ORD-202002-0000001677,WH-00147,FRA,Asia,USPS,Same Day,Delivered,2020-02-13 22:21:51,2020-02-19,2020-02-15 22:21:51,3,Italy,2020-02-13 22:21:51,adam.gordon030@commerce.example.com
,SHP-202002-0000001115,ORD-202002-0000001571,WH-00204,JPN,North America,FedEx,Economy,Delivered,2020-02-22 08:06:04,2020-03-02,2020-02-27 16:06:04,3,Singapore,2020-02-22 08:06:04,james.proctor094@dataops.example.com
,SHP-202002-0000001116,ORD-202002-0000001566,WH-00003,BRA,Europe,DPD,Express,Delayed,2020-02-20 07:59:13,2020-02-26,,1,Spain,2020-02-20 07:59:13,susan.rice083@commerce.example.com
,SHP-202002-0000001117,ORD-202002-0000001625,WH-00193,BRA,Europe,Australia Post,Economy,Delivered,2020-02-11 04:36:26,2020-02-14,2020-02-20 07:36:26,1,Brazil,2020-02-11 04:36:26,michelle.sims041@analytics.example.com
,SHP-202002-0000001118,ORD-202002-0000000161,WH-00079,JPN,Asia,DHL,Same Day,Delayed,2020-02-29 05:29:18,2020-03-08,,2,India,2020-02-29 05:29:18,peter.martinez098@platform.example.com
,SHP-202002-0000001119,ORD-202002-0000000128,WH-00059,USA,Asia,Royal Mail,Economy,Returned,2020-02-07 18:59:29,2020-02-17,,2,United Kingdom,2020-02-07 18:59:29,tina.williams074@commerce.example.com
,SHP-202002-0000001120,ORD-202002-0000002074,WH-00171,JPN,Europe,UPS,Express,Delivered,2020-02-29 23:43:09,2020-03-04,2020-03-04 10:43:09,1,Singapore,2020-02-29 23:43:09,michael.johnson061@platform.example.com
,SHP-202002-0000001121,ORD-202002-0000001086,WH-00149,MEX,Europe,FedEx,Same Day,Delivered,2020-02-12 01:31:02,2020-02-17,2020-02-25 02:31:02,1,India,2020-02-12 01:31:02,michael.berger060@platform.example.com
,SHP-202002-0000001122,ORD-202002-0000001658,WH-00138,USA,North America,FedEx,Economy,In Transit,2020-02-04 01:43:10,2020-02-13,,1,Netherlands,2020-02-04 01:43:10,ashley.marks069@commerce.example.com
,SHP-202002-0000001123,ORD-202002-0000001268,WH-00150,BRA,Asia,DPD,Pickup,Delivered,2020-02-01 07:04:41,2020-02-06,2020-02-06 17:04:41,1,Japan,2020-02-01 07:04:41,kelsey.taylor010@platform.example.com
,SHP-202002-0000001124,ORD-202002-0000000512,WH-00240,FRA,Asia,DHL,Same Day,Delivered,2020-02-01 16:49:03,2020-02-11,2020-02-04 23:49:03,1,Italy,2020-02-01 16:49:03,peter.martinez098@platform.example.com
,SHP-202002-0000001125,ORD-202002-0000002199,WH-00125,CAN,Europe,UPS,Same Day,Delivered,2020-02-09 17:46:42,2020-02-15,2020-02-12 04:46:42,1,Australia,2020-02-09 17:46:42,jennifer.hudson020@analytics.example.com
,SHP-202002-0000001126,ORD-202002-0000000195,WH-00151,SGP,Oceania,USPS,Standard,Shipped,2020-02-17 11:27:39,2020-02-19,,1,Netherlands,2020-02-17 11:27:39,michelle.bender024@analytics.example.com
,SHP-202002-0000001127,ORD-202002-0000000217,WH-00149,ITA,Europe,DHL,Same Day,Delivered,2020-02-04 01:59:43,2020-02-13,2020-02-18 08:59:43,1,Brazil,2020-02-04 01:59:43,andrea.cummings039@platform.example.com
,SHP-202002-0000001128,ORD-202002-0000000043,WH-00002,GBR,Asia,DHL,Standard,Delivered,2020-02-16 00:45:06,2020-02-26,2020-03-01 09:45:06,1,Mexico,2020-02-16 00:45:06,tina.williams074@commerce.example.com
,SHP-202002-0000001129,ORD-202002-0000001235,WH-00038,ITA,South America,USPS,Same Day,Delivered,2020-02-05 22:07:48,2020-02-12,2020-02-09 00:07:48,1,Germany,2020-02-05 22:07:48,jennifer.bauer068@analytics.example.com
,SHP-202002-0000001130,ORD-202002-0000000706,WH-00224,IND,North America,DHL,Pickup,Delayed,2020-02-11 11:49:02,2020-02-18,,1,Italy,2020-02-11 11:49:02,joseph.johnson049@dataops.example.com
,SHP-202002-0000001131,ORD-202002-0000000568,WH-00195,ARE,North America,UPS,Pickup,Delivered,2020-02-08 19:37:15,2020-02-14,2020-02-11 02:37:15,1,Brazil,2020-02-08 19:37:15,stephen.clark001@analytics.example.com
,SHP-202002-0000001132,ORD-202002-0000000313,WH-00217,MEX,Asia,DHL,Same Day,Delivered,2020-02-28 08:27:59,2020-03-07,2020-03-07 18:27:59,1,Australia,2020-02-28 08:27:59,taylor.cunningham023@commerce.example.com
,SHP-202002-0000001133,ORD-202002-0000000004,WH-00195,SGP,Europe,UPS,Same Day,Delivered,2020-02-12 04:01:24,2020-02-15,2020-02-26 12:01:24,1,India,2020-02-12 04:01:24,james.proctor094@dataops.example.com
,SHP-202002-0000001134,ORD-202002-0000002560,WH-00249,USA,Asia,FedEx,Standard,Delivered,2020-02-28 19:55:11,2020-03-05,2020-03-06 19:55:11,1,United Arab Emirates,2020-02-28 19:55:11,jennifer.hudson020@analytics.example.com
,SHP-202002-0000001135,ORD-202002-0000002310,WH-00094,AUS,Asia,FedEx,Express,Returned,2020-02-27 18:31:55,2020-03-03,,1,Mexico,2020-02-27 18:31:55,david.cabrera119@dataops.example.com
,SHP-202002-0000001136,ORD-202002-0000002413,WH-00186,USA,Asia,UPS,Same Day,Delivered,2020-02-12 04:36:36,2020-02-19,2020-02-18 08:36:36,1,France,2020-02-12 04:36:36,john.mullins109@commerce.example.com
,SHP-202002-0000001137,ORD-202002-0000001785,WH-00161,CAN,Asia,USPS,Pickup,Shipped,2020-02-08 09:59:24,2020-02-12,,1,Germany,2020-02-08 09:59:24,michelle.bender024@analytics.example.com
,SHP-202002-0000001138,ORD-202002-0000002085,WH-00124,AUS,North America,DPD,Same Day,Delivered,2020-02-26 02:05:31,2020-03-01,2020-03-03 09:05:31,1,Netherlands,2020-02-26 02:05:31,adam.gordon030@commerce.example.com
,SHP-202002-0000001139,ORD-202002-0000000857,WH-00052,GBR,North America,DHL,Same Day,Delayed,2020-02-12 23:50:10,2020-02-22,,1,Italy,2020-02-12 23:50:10,stephen.daniels076@commerce.example.com
,SHP-202002-0000001140,ORD-202002-0000002457,WH-00109,MEX,Europe,USPS,Pickup,Delivered,2020-02-17 09:20:00,2020-02-24,2020-02-27 18:20:00,1,United Kingdom,2020-02-17 09:20:00,david.cabrera119@dataops.example.com
,SHP-202002-0000001141,ORD-202002-0000002111,WH-00130,CAN,Oceania,DHL,Standard,Delivered,2020-02-02 16:52:44,2020-02-05,2020-02-04 18:52:44,1,Canada,2020-02-02 16:52:44,micheal.hall064@dataops.example.com
,SHP-202002-0000001142,ORD-202002-0000001649,WH-00143,USA,Europe,DHL,Same Day,Delivered,2020-02-15 12:27:00,2020-02-25,2020-02-22 22:27:00,2,Japan,2020-02-15 12:27:00,joseph.johnson049@dataops.example.com
,SHP-202002-0000001143,ORD-202002-0000001698,WH-00157,IND,North America,Australia Post,Standard,Delayed,2020-02-21 21:13:45,2020-03-01,,1,Italy,2020-02-21 21:13:45,peter.martinez098@platform.example.com
,SHP-202002-0000001144,ORD-202002-0000002131,WH-00163,AUS,North America,DHL,Express,Delivered,2020-02-12 20:19:18,2020-02-16,2020-02-26 03:19:18,1,United Arab Emirates,2020-02-12 20:19:18,john.mullins109@commerce.example.com
,SHP-202002-0000001145,ORD-202002-0000002199,WH-00010,FRA,Europe,Royal Mail,Pickup,In Transit,2020-02-16 00:36:22,2020-02-24,,1,Singapore,2020-02-16 00:36:22,david.cabrera119@dataops.example.com
,SHP-202002-0000001146,ORD-202002-0000000841,WH-00150,ITA,Europe,FedEx,Pickup,Delivered,2020-02-24 10:45:01,2020-02-29,2020-03-08 22:45:01,1,Mexico,2020-02-24 10:45:01,michelle.sims041@analytics.example.com
,SHP-202002-0000001147,ORD-202002-0000000624,WH-00163,DEU,Europe,DHL,Express,Delivered,2020-02-17 16:48:40,2020-02-21,2020-02-20 22:48:40,1,Singapore,2020-02-17 16:48:40,michael.berger060@platform.example.com
,SHP-202002-0000001148,ORD-202002-0000000807,WH-00248,IND,Europe,Royal Mail,Express,Delivered,2020-02-08 05:12:37,2020-02-12,2020-02-18 13:12:37,1,India,2020-02-08 05:12:37,jennifer.bauer068@analytics.example.com
,SHP-202002-0000001149,ORD-202002-0000001418,WH-00227,FRA,Asia,USPS,Express,Delayed,2020-02-03 20:22:51,2020-02-05,,1,Mexico,2020-02-03 20:22:51,taylor.cunningham023@commerce.example.com
,SHP-202002-0000001150,ORD-202002-0000000231,WH-00138,MEX,Asia,FedEx,Standard,Delivered,2020-02-22 22:05:04,2020-02-28,2020-02-29 04:05:04,1,Mexico,2020-02-22 22:05:04,lance.williams029@platform.example.com
,SHP-202002-0000001151,ORD-202002-0000000055,WH-00227,NLD,Asia,Australia Post,Standard,In Transit,2020-02-11 17:04:48,2020-02-15,,1,France,2020-02-11 17:04:48,ryan.steele043@commerce.example.com
,SHP-202002-0000001152,ORD-202002-0000001558,WH-00004,FRA,Europe,UPS,Express,Returned,2020-02-06 16:49:37,2020-02-12,,1,Canada,2020-02-06 16:49:37,susan.rice083@commerce.example.com
,SHP-202002-0000001153,ORD-202002-0000001838,WH-00065,BRA,Asia,UPS,Pickup,Delivered,2020-02-13 09:42:57,2020-02-22,2020-02-17 21:42:57,1,Netherlands,2020-02-13 09:42:57,adam.gordon030@commerce.example.com
,SHP-202002-0000001154,ORD-202002-0000001568,WH-00042,ARE,Europe,Royal Mail,Same Day,Delivered,2020-02-29 14:21:06,2020-03-06,2020-03-05 20:21:06,1,Mexico,2020-02-29 14:21:06,jennifer.bauer068@analytics.example.com
,SHP-202002-0000001155,ORD-202002-0000001399,WH-00043,ARE,Europe,USPS,Express,Delivered,2020-02-23 08:43:56,2020-03-02,2020-02-25 20:43:56,1,Netherlands,2020-02-23 08:43:56,david.cabrera119@dataops.example.com
,SHP-202002-0000001156,ORD-202002-0000000256,WH-00136,IND,North America,UPS,Economy,Delivered,2020-02-22 23:40:24,2020-03-02,2020-03-05 02:40:24,1,Netherlands,2020-02-22 23:40:24,michael.johnson061@platform.example.com
,SHP-202002-0000001157,ORD-202002-0000000772,WH-00121,ESP,Asia,FedEx,Same Day,Delivered,2020-02-04 07:56:49,2020-02-10,2020-02-10 10:56:49,1,United Kingdom,2020-02-04 07:56:49,andrea.cummings039@platform.example.com
,SHP-202002-0000001158,ORD-202002-0000000384,WH-00210,AUS,Europe,UPS,Pickup,Delivered,2020-02-17 19:03:48,2020-02-19,2020-02-23 04:03:48,1,Italy,2020-02-17 19:03:48,joseph.johnson049@dataops.example.com
,SHP-202002-0000001159,ORD-202002-0000000361,WH-00113,NLD,Europe,Royal Mail,Express,Delivered,2020-02-29 04:49:50,2020-03-09,2020-03-03 07:49:50,3,Japan,2020-02-29 04:49:50,andrea.cummings039@platform.example.com
,SHP-202002-0000001160,ORD-202002-0000000375,WH-00041,ITA,Europe,FedEx,Same Day,Delivered,2020-02-20 21:40:03,2020-02-27,2020-03-04 09:40:03,1,United States,2020-02-20 21:40:03,michael.berger060@platform.example.com
,SHP-202002-0000001161,ORD-202002-0000002713,WH-00197,DEU,Europe,USPS,Economy,Delivered,2020-02-12 09:06:46,2020-02-20,2020-02-17 20:06:46,1,France,2020-02-12 09:06:46,micheal.hall064@dataops.example.com
,SHP-202002-0000001162,ORD-202002-0000001397,WH-00200,CAN,Europe,DHL,Same Day,Delivered,2020-02-20 12:22:29,2020-03-01,2020-02-29 21:22:29,2,Canada,2020-02-20 12:22:29,james.proctor094@dataops.example.com
,SHP-202002-0000001163,ORD-202002-0000000645,WH-00133,IND,North America,FedEx,Same Day,Delivered,2020-02-27 14:35:18,2020-03-07,2020-03-08 14:35:18,2,United States,2020-02-27 14:35:18,jennifer.bauer068@analytics.example.com
,SHP-202002-0000001164,ORD-202002-0000001703,WH-00096,GBR,North America,Australia Post,Economy,Delivered,2020-02-24 22:47:52,2020-03-05,2020-03-03 01:47:52,1,Brazil,2020-02-24 22:47:52,david.cabrera119@dataops.example.com
,SHP-202002-0000001165,ORD-202002-0000001847,WH-00161,USA,Europe,Royal Mail,Pickup,Delayed,2020-02-12 09:53:10,2020-02-19,,3,India,2020-02-12 09:53:10,maria.ashley046@analytics.example.com
,SHP-202002-0000001166,ORD-202002-0000000665,WH-00143,JPN,Europe,Australia Post,Economy,In Transit,2020-02-14 19:22:43,2020-02-20,,1,Netherlands,2020-02-14 19:22:43,michael.johnson061@platform.example.com
,SHP-202002-0000001167,ORD-202002-0000001580,WH-00199,FRA,Europe,DPD,Economy,In Transit,2020-02-16 16:28:35,2020-02-24,,1,Singapore,2020-02-16 16:28:35,susan.rice083@commerce.example.com
,SHP-202002-0000001168,ORD-202002-0000001496,WH-00075,NLD,Europe,FedEx,Standard,Shipped,2020-02-26 10:12:31,2020-03-06,,4,Japan,2020-02-26 10:12:31,michael.johnson061@platform.example.com
,SHP-202002-0000001169,ORD-202002-0000001480,WH-00070,ARE,Europe,UPS,Economy,Shipped,2020-02-05 14:29:14,2020-02-09,,1,France,2020-02-05 14:29:14,patrick.gonzalez035@dataops.example.com
,SHP-202002-0000001170,ORD-202002-0000000942,WH-00082,FRA,Asia,Royal Mail,Express,Returned,2020-02-08 12:58:06,2020-02-11,,1,Italy,2020-02-08 12:58:06,peter.martinez098@platform.example.com
,SHP-202002-0000001171,ORD-202002-0000001957,WH-00141,NLD,Asia,Australia Post,Same Day,Delivered,2020-02-07 15:08:29,2020-02-16,2020-02-20 20:08:29,1,Singapore,2020-02-07 15:08:29,david.cabrera119@dataops.example.com
,SHP-202002-0000001172,ORD-202002-0000000931,WH-00247,ITA,Europe,USPS,Standard,Delivered,2020-02-13 07:24:49,2020-02-23,2020-02-26 19:24:49,2,Singapore,2020-02-13 07:24:49,jeffery.miller012@commerce.example.com
,SHP-202002-0000001173,ORD-202002-0000002097,WH-00023,GBR,Europe,Royal Mail,Express,Delivered,2020-02-22 17:40:30,2020-02-28,2020-03-06 22:40:30,2,India,2020-02-22 17:40:30,michael.johnson061@platform.example.com
,SHP-202002-0000001174,ORD-202002-0000002497,WH-00013,IND,Europe,Royal Mail,Standard,Delivered,2020-02-16 15:54:16,2020-02-25,2020-02-26 00:54:16,2,United Kingdom,2020-02-16 15:54:16,peter.martinez098@platform.example.com
,SHP-202002-0000001175,ORD-202002-0000002409,WH-00132,ARE,Europe,DHL,Economy,Delivered,2020-02-05 11:28:44,2020-02-13,2020-02-07 15:28:44,1,Singapore,2020-02-05 11:28:44,andrea.cummings039@platform.example.com
,SHP-202002-0000001176,ORD-202002-0000001877,WH-00097,IND,Europe,FedEx,Same Day,Delayed,2020-02-18 03:56:49,2020-02-26,,1,Japan,2020-02-18 03:56:49,jeffery.miller012@commerce.example.com
,SHP-202002-0000001177,ORD-202002-0000000690,WH-00157,SGP,North America,FedEx,Standard,In Transit,2020-02-20 14:56:58,2020-02-23,,2,India,2020-02-20 14:56:58,andrea.cummings039@platform.example.com
,SHP-202002-0000001178,ORD-202002-0000001358,WH-00156,USA,Europe,FedEx,Express,Delivered,2020-02-26 06:08:40,2020-03-03,2020-03-11 15:08:40,1,Canada,2020-02-26 06:08:40,michael.johnson061@platform.example.com
,SHP-202002-0000001179,ORD-202002-0000002377,WH-00031,GBR,Asia,UPS,Express,Delivered,2020-02-28 07:04:06,2020-03-06,2020-03-03 13:04:06,1,Germany,2020-02-28 07:04:06,tina.williams074@commerce.example.com
,SHP-202002-0000001180,ORD-202002-0000002228,WH-00096,CAN,Europe,UPS,Pickup,Shipped,2020-02-27 20:40:28,2020-03-06,,1,Singapore,2020-02-27 20:40:28,lance.williams029@platform.example.com
,SHP-202002-0000001181,ORD-202002-0000001948,WH-00112,ITA,Europe,Australia Post,Express,Delivered,2020-02-19 20:22:12,2020-02-27,2020-03-02 01:22:12,1,Italy,2020-02-19 20:22:12,joseph.johnson049@dataops.example.com
,SHP-202002-0000001182,ORD-202002-0000002879,WH-00067,BRA,Europe,USPS,Same Day,Delivered,2020-02-11 23:52:58,2020-02-14,2020-02-19 05:52:58,1,Canada,2020-02-11 23:52:58,john.mullins109@commerce.example.com
,SHP-202002-0000001183,ORD-202002-0000001033,WH-00089,NLD,Europe,DPD,Standard,Delayed,2020-02-20 00:03:43,2020-03-01,,2,United Arab Emirates,2020-02-20 00:03:43,stephen.daniels076@commerce.example.com
,SHP-202002-0000001184,ORD-202002-0000001939,WH-00153,FRA,Asia,DPD,Economy,Delivered,2020-02-07 06:24:49,2020-02-10,2020-02-10 15:24:49,1,United Arab Emirates,2020-02-07 06:24:49,ashley.marks069@commerce.example.com
,SHP-202002-0000001185,ORD-202002-0000000590,WH-00021,CAN,Oceania,Royal Mail,Standard,Delivered,2020-02-23 07:55:17,2020-02-26,2020-02-28 17:55:17,1,United Arab Emirates,2020-02-23 07:55:17,lance.williams029@platform.example.com
,SHP-202002-0000001186,ORD-202002-0000000909,WH-00057,FRA,North America,Royal Mail,Pickup,Delivered,2020-02-26 19:15:23,2020-03-05,2020-03-06 00:15:23,2,United Kingdom,2020-02-26 19:15:23,stephen.clark001@analytics.example.com
,SHP-202002-0000001187,ORD-202002-0000001768,WH-00048,NLD,Europe,UPS,Pickup,Delayed,2020-02-28 22:50:10,2020-03-08,,2,United Arab Emirates,2020-02-28 22:50:10,david.cabrera119@dataops.example.com
,SHP-202002-0000001188,ORD-202002-0000001602,WH-00173,FRA,Asia,Australia Post,Same Day,Delivered,2020-02-24 10:29:11,2020-03-04,2020-02-27 11:29:11,1,Italy,2020-02-24 10:29:11,micheal.hall064@dataops.example.com
,SHP-202002-0000001189,ORD-202002-0000002740,WH-00224,ITA,Asia,USPS,Standard,Delivered,2020-02-05 00:22:57,2020-02-09,2020-02-12 07:22:57,1,India,2020-02-05 00:22:57,stephen.clark001@analytics.example.com
,SHP-202002-0000001190,ORD-202002-0000000804,WH-00010,NLD,Europe,Australia Post,Pickup,Shipped,2020-02-27 07:53:54,2020-03-07,,1,Canada,2020-02-27 07:53:54,taylor.cunningham023@commerce.example.com
,SHP-202002-0000001191,ORD-202002-0000000307,WH-00134,ITA,Asia,UPS,Economy,Delivered,2020-02-05 00:28:12,2020-02-08,2020-02-08 12:28:12,1,United Arab Emirates,2020-02-05 00:28:12,kelsey.taylor010@platform.example.com
,SHP-202002-0000001192,ORD-202002-0000001846,WH-00194,USA,Europe,DHL,Express,Delivered,2020-02-26 10:39:24,2020-03-01,2020-03-10 11:39:24,1,Netherlands,2020-02-26 10:39:24,victor.palmer071@platform.example.com
,SHP-202002-0000001193,ORD-202002-0000000230,WH-00014,FRA,Europe,USPS,Standard,Returned,2020-02-06 06:28:37,2020-02-10,,1,Netherlands,2020-02-06 06:28:37,michelle.bender024@analytics.example.com
,SHP-202002-0000001194,ORD-202002-0000002130,WH-00153,FRA,North America,Royal Mail,Pickup,Delivered,2020-02-17 16:48:27,2020-02-20,2020-03-01 01:48:27,2,Australia,2020-02-17 16:48:27,megan.cunningham013@commerce.example.com
,SHP-202002-0000001195,ORD-202002-0000000672,WH-00248,SGP,Europe,UPS,Standard,Delivered,2020-02-17 21:07:06,2020-02-21,2020-02-25 23:07:06,2,Singapore,2020-02-17 21:07:06,kelsey.taylor010@platform.example.com
,SHP-202002-0000001196,ORD-202002-0000000488,WH-00206,GBR,North America,Australia Post,Express,Delivered,2020-02-04 18:01:33,2020-02-08,2020-02-11 06:01:33,1,Australia,2020-02-04 18:01:33,michelle.sims041@analytics.example.com
,SHP-202002-0000001197,ORD-202002-0000001906,WH-00191,FRA,North America,FedEx,Same Day,Delivered,2020-02-06 10:48:44,2020-02-14,2020-02-19 20:48:44,1,Netherlands,2020-02-06 10:48:44,megan.cunningham013@commerce.example.com
,SHP-202002-0000001198,ORD-202002-0000002574,WH-00012,BRA,Asia,DHL,Standard,Delivered,2020-02-07 02:45:29,2020-02-14,2020-02-09 08:45:29,1,Japan,2020-02-07 02:45:29,jennifer.bauer068@analytics.example.com
,SHP-202002-0000001199,ORD-202002-0000002667,WH-00143,NLD,North America,DHL,Standard,In Transit,2020-02-10 01:47:19,2020-02-15,,1,Canada,2020-02-10 01:47:19,david.cabrera119@dataops.example.com
,SHP-202002-0000001200,ORD-202002-0000000936,WH-00114,JPN,Europe,DHL,Same Day,Delivered,2020-02-27 12:38:18,2020-03-07,2020-03-10 17:38:18,2,Canada,2020-02-27 12:38:18,ryan.steele043@commerce.example.com
,SHP-202002-0000001201,ORD-202002-0000002257,WH-00145,GBR,North America,UPS,Pickup,In Transit,2020-02-04 22:29:19,2020-02-09,,3,United States,2020-02-04 22:29:19,adam.gordon030@commerce.example.com
,SHP-202002-0000001202,ORD-202002-0000002631,WH-00105,ARE,Asia,FedEx,Express,Delivered,2020-02-09 12:23:08,2020-02-17,2020-02-20 19:23:08,1,United Arab Emirates,2020-02-09 12:23:08,michelle.bender024@analytics.example.com
,SHP-202002-0000001203,ORD-202002-0000001073,WH-00020,ESP,Asia,DPD,Express,Delivered,2020-02-05 05:02:27,2020-02-13,2020-02-07 14:02:27,1,Canada,2020-02-05 05:02:27,eric.horton058@analytics.example.com
,SHP-202002-0000001204,ORD-202002-0000002467,WH-00227,BRA,Asia,FedEx,Standard,Delivered,2020-02-02 14:41:39,2020-02-08,2020-02-05 00:41:39,1,United Kingdom,2020-02-02 14:41:39,micheal.chen050@dataops.example.com
,SHP-202002-0000001205,ORD-202002-0000000183,WH-00229,NLD,Europe,DHL,Standard,Delivered,2020-02-11 21:16:46,2020-02-18,2020-02-20 22:16:46,2,France,2020-02-11 21:16:46,michael.berger060@platform.example.com
,SHP-202002-0000001206,ORD-202002-0000001955,WH-00010,ARE,Europe,USPS,Express,In Transit,2020-02-06 22:24:38,2020-02-12,,1,France,2020-02-06 22:24:38,victor.palmer071@platform.example.com
,SHP-202002-0000001207,ORD-202002-0000002194,WH-00224,DEU,Europe,USPS,Same Day,Delivered,2020-02-05 09:02:07,2020-02-12,2020-02-11 16:02:07,1,Spain,2020-02-05 09:02:07,micheal.hall064@dataops.example.com
,SHP-202002-0000001208,ORD-202002-0000002733,WH-00123,AUS,Asia,Australia Post,Express,In Transit,2020-02-22 00:26:38,2020-03-01,,2,Italy,2020-02-22 00:26:38,micheal.hall064@dataops.example.com
,SHP-202002-0000001209,ORD-202002-0000000425,WH-00193,SGP,Europe,DPD,Express,Delivered,2020-02-01 10:53:14,2020-02-03,2020-02-15 11:53:14,1,India,2020-02-01 10:53:14,tina.williams074@commerce.example.com
,SHP-202002-0000001210,ORD-202002-0000002866,WH-00055,ITA,Europe,DPD,Pickup,In Transit,2020-02-01 09:10:33,2020-02-05,,1,Brazil,2020-02-01 09:10:33,ryan.steele043@commerce.example.com
,SHP-202002-0000001211,ORD-202002-0000000735,WH-00173,ITA,North America,Australia Post,Economy,Delivered,2020-02-10 04:43:47,2020-02-18,2020-02-17 13:43:47,2,Brazil,2020-02-10 04:43:47,james.proctor094@dataops.example.com
,SHP-202002-0000001212,ORD-202002-0000000383,WH-00180,ARE,Europe,FedEx,Economy,In Transit,2020-02-27 07:21:57,2020-03-04,,1,Australia,2020-02-27 07:21:57,susan.rice083@commerce.example.com
,SHP-202002-0000001213,ORD-202002-0000000468,WH-00216,BRA,North America,DHL,Express,Delivered,2020-02-16 03:23:20,2020-02-25,2020-02-19 03:23:20,1,United States,2020-02-16 03:23:20,michael.johnson061@platform.example.com
,SHP-202002-0000001214,ORD-202002-0000000648,WH-00007,BRA,Asia,FedEx,Economy,Delivered,2020-02-02 21:13:48,2020-02-12,2020-02-09 21:13:48,1,Australia,2020-02-02 21:13:48,michelle.bender024@analytics.example.com
,SHP-202002-0000001215,ORD-202002-0000000052,WH-00056,AUS,Asia,DPD,Economy,Delivered,2020-02-21 11:43:11,2020-02-26,2020-03-06 14:43:11,1,United Arab Emirates,2020-02-21 11:43:11,jennifer.hudson020@analytics.example.com
,SHP-202002-0000001216,ORD-202002-0000001968,WH-00112,DEU,Europe,DHL,Same Day,Delivered,2020-02-04 22:28:23,2020-02-14,2020-02-17 04:28:23,1,Australia,2020-02-04 22:28:23,michael.berger060@platform.example.com
,SHP-202002-0000001217,ORD-202002-0000000847,WH-00108,ITA,Asia,UPS,Economy,Delivered,2020-02-16 20:12:45,2020-02-20,2020-02-22 21:12:45,1,Mexico,2020-02-16 20:12:45,ryan.steele043@commerce.example.com
,SHP-202002-0000001218,ORD-202002-0000000615,WH-00173,AUS,Europe,DPD,Same Day,Delivered,2020-02-18 14:31:11,2020-02-24,2020-03-03 15:31:11,1,India,2020-02-18 14:31:11,victor.palmer071@platform.example.com
,SHP-202002-0000001219,ORD-202002-0000002471,WH-00224,ITA,Europe,DHL,Express,Delivered,2020-02-29 17:40:01,2020-03-04,2020-03-13 02:40:01,1,United Kingdom,2020-02-29 17:40:01,jennifer.hudson020@analytics.example.com
,SHP-202002-0000001220,ORD-202002-0000000650,WH-00167,SGP,Europe,FedEx,Same Day,Delivered,2020-02-13 20:44:28,2020-02-21,2020-02-19 03:44:28,1,Canada,2020-02-13 20:44:28,jennifer.hudson020@analytics.example.com
,SHP-202002-0000001221,ORD-202002-0000000930,WH-00138,ITA,South America,Australia Post,Standard,Delivered,2020-02-19 08:34:02,2020-02-21,2020-03-02 15:34:02,1,United Kingdom,2020-02-19 08:34:02,patrick.gonzalez035@dataops.example.com
,SHP-202002-0000001222,ORD-202002-0000002900,WH-00242,USA,North America,DHL,Standard,Delivered,2020-02-13 04:37:15,2020-02-15,2020-02-15 11:37:15,1,Canada,2020-02-13 04:37:15,patrick.gonzalez035@dataops.example.com
,SHP-202002-0000001223,ORD-202002-0000000999,WH-00090,SGP,Europe,Australia Post,Standard,Delivered,2020-02-03 08:09:03,2020-02-06,2020-02-13 18:09:03,1,United Kingdom,2020-02-03 08:09:03,james.proctor094@dataops.example.com
,SHP-202002-0000001224,ORD-202002-0000001792,WH-00165,MEX,Asia,DHL,Standard,Shipped,2020-02-25 14:47:15,2020-03-01,,1,Brazil,2020-02-25 14:47:15,maria.ashley046@analytics.example.com
,SHP-202002-0000001225,ORD-202002-0000000137,WH-00065,GBR,Europe,DPD,Standard,Delayed,2020-02-08 09:22:07,2020-02-17,,3,Spain,2020-02-08 09:22:07,maria.ashley046@analytics.example.com
,SHP-202002-0000001226,ORD-202002-0000001403,WH-00199,BRA,North America,Royal Mail,Economy,Delivered,2020-02-06 01:33:57,2020-02-09,2020-02-12 07:33:57,1,Netherlands,2020-02-06 01:33:57,jeffery.miller012@commerce.example.com
,SHP-202002-0000001227,ORD-202002-0000001240,WH-00092,FRA,Asia,FedEx,Standard,Delivered,2020-02-14 08:03:10,2020-02-22,2020-02-18 17:03:10,1,Italy,2020-02-14 08:03:10,michael.johnson061@platform.example.com
,SHP-202002-0000001228,ORD-202002-0000002646,WH-00067,SGP,Asia,Royal Mail,Pickup,Delivered,2020-02-09 09:00:49,2020-02-18,2020-02-19 17:00:49,1,Brazil,2020-02-09 09:00:49,micheal.hall064@dataops.example.com
,SHP-202002-0000001229,ORD-202002-0000001984,WH-00036,NLD,Asia,DPD,Pickup,Delayed,2020-02-09 22:34:17,2020-02-18,,2,Canada,2020-02-09 22:34:17,patrick.gonzalez035@dataops.example.com
,SHP-202002-0000001230,ORD-202002-0000000495,WH-00244,CAN,North America,UPS,Pickup,Delivered,2020-02-09 01:03:06,2020-02-16,2020-02-17 07:03:06,1,Canada,2020-02-09 01:03:06,michelle.bender024@analytics.example.com
,SHP-202002-0000001231,ORD-202002-0000002446,WH-00080,ARE,Europe,USPS,Express,Delayed,2020-02-17 22:40:48,2020-02-23,,1,United States,2020-02-17 22:40:48,brandi.carter038@dataops.example.com
,SHP-202002-0000001232,ORD-202002-0000002350,WH-00054,GBR,Europe,DHL,Same Day,In Transit,2020-02-21 17:13:50,2020-02-26,,1,Japan,2020-02-21 17:13:50,adam.gordon030@commerce.example.com
,SHP-202002-0000001233,ORD-202002-0000000377,WH-00122,NLD,Europe,UPS,Economy,Delivered,2020-02-04 10:53:55,2020-02-14,2020-02-14 21:53:55,1,Singapore,2020-02-04 10:53:55,brandi.carter038@dataops.example.com
,SHP-202002-0000001234,ORD-202002-0000000506,WH-00063,ESP,Europe,UPS,Standard,Delayed,2020-02-18 01:50:34,2020-02-20,,1,United States,2020-02-18 01:50:34,adam.gordon030@commerce.example.com
,SHP-202002-0000001235,ORD-202002-0000001310,WH-00031,AUS,Europe,USPS,Economy,Delivered,2020-02-06 19:58:31,2020-02-08,2020-02-13 04:58:31,1,United Kingdom,2020-02-06 19:58:31,brandi.carter038@dataops.example.com
,SHP-202002-0000001236,ORD-202002-0000002575,WH-00218,NLD,Europe,DHL,Express,Delivered,2020-02-14 00:23:01,2020-02-24,2020-02-22 04:23:01,1,United Arab Emirates,2020-02-14 00:23:01,susan.rice083@commerce.example.com
,SHP-202002-0000001237,ORD-202002-0000001956,WH-00065,GBR,Europe,DPD,Same Day,In Transit,2020-02-05 02:40:25,2020-02-15,,1,Canada,2020-02-05 02:40:25,susan.rice083@commerce.example.com
,SHP-202002-0000001238,ORD-202002-0000001974,WH-00087,NLD,North America,DHL,Economy,Delivered,2020-02-01 06:07:00,2020-02-10,2020-02-11 06:07:00,1,United States,2020-02-01 06:07:00,brandi.carter038@dataops.example.com
,SHP-202002-0000001239,ORD-202002-0000002808,WH-00132,GBR,Europe,USPS,Standard,Delivered,2020-02-26 18:41:38,2020-03-05,2020-03-09 19:41:38,1,India,2020-02-26 18:41:38,lance.williams029@platform.example.com
,SHP-202002-0000001240,ORD-202002-0000000301,WH-00192,MEX,Europe,Australia Post,Express,Delivered,2020-02-16 13:07:49,2020-02-20,2020-02-26 18:07:49,1,India,2020-02-16 13:07:49,michael.johnson061@platform.example.com
,SHP-202002-0000001241,ORD-202002-0000000247,WH-00142,DEU,North America,Royal Mail,Same Day,Delivered,2020-02-27 14:49:11,2020-02-29,2020-03-08 16:49:11,1,Brazil,2020-02-27 14:49:11,peter.martinez098@platform.example.com
,SHP-202002-0000001242,ORD-202002-0000000453,WH-00076,GBR,North America,UPS,Economy,Delivered,2020-02-17 15:01:02,2020-02-27,2020-02-21 03:01:02,2,France,2020-02-17 15:01:02,susan.rice083@commerce.example.com
,SHP-202002-0000001243,ORD-202002-0000000435,WH-00125,ARE,Europe,DPD,Same Day,Returned,2020-02-21 10:46:53,2020-02-23,,3,Canada,2020-02-21 10:46:53,ashley.marks069@commerce.example.com
,SHP-202002-0000001244,ORD-202002-0000001951,WH-00173,ESP,Asia,UPS,Same Day,Shipped,2020-02-06 16:00:25,2020-02-08,,1,Mexico,2020-02-06 16:00:25,megan.cunningham013@commerce.example.com
,SHP-202002-0000001245,ORD-202002-0000000964,WH-00188,SGP,Asia,UPS,Economy,Delivered,2020-02-27 13:03:35,2020-03-05,2020-03-08 22:03:35,1,Italy,2020-02-27 13:03:35,james.proctor094@dataops.example.com
,SHP-202002-0000001246,ORD-202002-0000001979,WH-00063,CAN,North America,Australia Post,Pickup,In Transit,2020-02-17 11:52:03,2020-02-23,,1,United Arab Emirates,2020-02-17 11:52:03,victor.palmer071@platform.example.com
,SHP-202002-0000001247,ORD-202002-0000001752,WH-00100,SGP,Asia,USPS,Same Day,In Transit,2020-02-01 22:10:24,2020-02-07,,1,Japan,2020-02-01 22:10:24,michael.berger060@platform.example.com
,SHP-202002-0000001248,ORD-202002-0000000944,WH-00142,GBR,Europe,FedEx,Same Day,Delivered,2020-02-09 23:56:05,2020-02-17,2020-02-17 08:56:05,1,United Arab Emirates,2020-02-09 23:56:05,taylor.cunningham023@commerce.example.com
,SHP-202002-0000001249,ORD-202002-0000000559,WH-00002,ESP,Oceania,DHL,Standard,In Transit,2020-02-25 00:52:54,2020-03-06,,1,United Arab Emirates,2020-02-25 00:52:54,joseph.johnson049@dataops.example.com
,SHP-202002-0000001250,ORD-202002-0000002746,WH-00232,MEX,Europe,Royal Mail,Same Day,Delivered,2020-02-23 11:11:21,2020-02-28,2020-03-08 22:11:21,1,Spain,2020-02-23 11:11:21,michael.berger060@platform.example.com
,SHP-202002-0000001251,ORD-202002-0000001208,WH-00004,IND,Europe,USPS,Standard,Delivered,2020-02-17 06:25:13,2020-02-23,2020-03-01 12:25:13,1,United States,2020-02-17 06:25:13,jeffery.miller012@commerce.example.com
,SHP-202002-0000001252,ORD-202002-0000002006,WH-00006,DEU,North America,Royal Mail,Economy,In Transit,2020-02-19 10:07:33,2020-02-21,,1,Italy,2020-02-19 10:07:33,david.cabrera119@dataops.example.com
,SHP-202002-0000001253,ORD-202002-0000001814,WH-00220,IND,Europe,DHL,Economy,Delivered,2020-02-01 06:11:23,2020-02-07,2020-02-08 18:11:23,2,Australia,2020-02-01 06:11:23,susan.rice083@commerce.example.com
,SHP-202002-0000001254,ORD-202002-0000001856,WH-00012,IND,Europe,FedEx,Pickup,Delivered,2020-02-12 11:48:19,2020-02-21,2020-02-18 12:48:19,1,Netherlands,2020-02-12 11:48:19,ashley.marks069@commerce.example.com
,SHP-202002-0000001255,ORD-202002-0000000196,WH-00092,CAN,Asia,DPD,Economy,Delivered,2020-02-23 16:33:19,2020-03-03,2020-03-02 19:33:19,1,United States,2020-02-23 16:33:19,michael.berger060@platform.example.com
,SHP-202002-0000001256,ORD-202002-0000000816,WH-00120,CAN,Asia,Australia Post,Economy,Delivered,2020-02-10 10:58:45,2020-02-18,2020-02-18 20:58:45,1,Germany,2020-02-10 10:58:45,andrea.cummings039@platform.example.com
,SHP-202002-0000001257,ORD-202002-0000000403,WH-00150,NLD,Oceania,Australia Post,Pickup,Delivered,2020-02-22 04:09:23,2020-02-25,2020-02-25 09:09:23,1,Netherlands,2020-02-22 04:09:23,stephen.clark001@analytics.example.com
,SHP-202002-0000001258,ORD-202002-0000000744,WH-00037,NLD,North America,FedEx,Economy,Delayed,2020-02-05 22:55:46,2020-02-10,,1,France,2020-02-05 22:55:46,brandi.carter038@dataops.example.com
,SHP-202002-0000001259,ORD-202002-0000001253,WH-00022,FRA,Europe,USPS,Pickup,Delayed,2020-02-11 03:41:05,2020-02-18,,1,Brazil,2020-02-11 03:41:05,david.cabrera119@dataops.example.com
,SHP-202002-0000001260,ORD-202002-0000002065,WH-00006,AUS,Asia,Royal Mail,Express,Delivered,2020-02-21 04:53:24,2020-02-24,2020-03-04 11:53:24,1,Singapore,2020-02-21 04:53:24,victor.palmer071@platform.example.com
,SHP-202002-0000001261,ORD-202002-0000000066,WH-00100,GBR,Asia,FedEx,Pickup,In Transit,2020-02-18 21:43:54,2020-02-20,,1,Spain,2020-02-18 21:43:54,stephen.daniels076@commerce.example.com
,SHP-202002-0000001262,ORD-202002-0000000930,WH-00046,ESP,Asia,FedEx,Standard,Delivered,2020-02-16 19:34:36,2020-02-18,2020-02-27 19:34:36,1,United Arab Emirates,2020-02-16 19:34:36,lance.williams029@platform.example.com
,SHP-202002-0000001263,ORD-202002-0000001601,WH-00162,ESP,Asia,USPS,Economy,In Transit,2020-02-27 07:42:50,2020-02-29,,1,India,2020-02-27 07:42:50,michelle.bender024@analytics.example.com
,SHP-202002-0000001264,ORD-202002-0000000160,WH-00008,DEU,Asia,Australia Post,Same Day,Delivered,2020-02-15 01:34:38,2020-02-19,2020-02-17 08:34:38,2,Brazil,2020-02-15 01:34:38,james.proctor094@dataops.example.com
,SHP-202002-0000001265,ORD-202002-0000001240,WH-00166,USA,North America,DHL,Pickup,In Transit,2020-02-25 14:32:43,2020-02-29,,1,Germany,2020-02-25 14:32:43,jeffery.miller012@commerce.example.com
,SHP-202002-0000001266,ORD-202002-0000001743,WH-00159,CAN,Asia,Australia Post,Standard,Shipped,2020-02-04 13:06:16,2020-02-10,,2,United Kingdom,2020-02-04 13:06:16,peter.martinez098@platform.example.com
,SHP-202002-0000001267,ORD-202002-0000000990,WH-00206,ITA,Asia,UPS,Standard,Shipped,2020-02-18 00:52:46,2020-02-28,,2,United Kingdom,2020-02-18 00:52:46,jennifer.bauer068@analytics.example.com
,SHP-202002-0000001268,ORD-202002-0000001721,WH-00206,JPN,Europe,Royal Mail,Economy,Delivered,2020-02-27 08:56:30,2020-03-05,2020-03-03 10:56:30,1,Netherlands,2020-02-27 08:56:30,john.mullins109@commerce.example.com
,SHP-202002-0000001269,ORD-202002-0000000157,WH-00149,USA,Europe,DHL,Same Day,Delivered,2020-02-27 07:27:35,2020-03-08,2020-03-01 11:27:35,1,Brazil,2020-02-27 07:27:35,jennifer.bauer068@analytics.example.com
,SHP-202002-0000001270,ORD-202002-0000002112,WH-00092,IND,Asia,DHL,Standard,Delivered,2020-02-05 01:59:51,2020-02-15,2020-02-19 11:59:51,1,Singapore,2020-02-05 01:59:51,tina.williams074@commerce.example.com
,SHP-202002-0000001271,ORD-202002-0000000816,WH-00221,AUS,Oceania,DHL,Standard,Delayed,2020-02-25 10:36:02,2020-03-05,,3,Australia,2020-02-25 10:36:02,michael.berger060@platform.example.com
,SHP-202002-0000001272,ORD-202002-0000002127,WH-00069,DEU,Europe,UPS,Same Day,Delivered,2020-02-15 02:10:20,2020-02-24,2020-02-20 13:10:20,1,Canada,2020-02-15 02:10:20,michael.johnson061@platform.example.com
,SHP-202002-0000001273,ORD-202002-0000001575,WH-00239,AUS,North America,Australia Post,Economy,In Transit,2020-02-06 16:42:02,2020-02-14,,1,United Arab Emirates,2020-02-06 16:42:02,joseph.johnson049@dataops.example.com
,SHP-202002-0000001274,ORD-202002-0000000144,WH-00074,AUS,Europe,DPD,Pickup,Shipped,2020-02-27 18:38:15,2020-02-29,,1,Japan,2020-02-27 18:38:15,adam.gordon030@commerce.example.com
,SHP-202002-0000001275,ORD-202002-0000000440,WH-00005,DEU,North America,Royal Mail,Economy,In Transit,2020-02-19 00:57:26,2020-02-28,,2,Spain,2020-02-19 00:57:26,megan.cunningham013@commerce.example.com
,SHP-202002-0000001276,ORD-202002-0000001237,WH-00187,JPN,North America,UPS,Pickup,Delivered,2020-02-01 20:48:35,2020-02-11,2020-02-14 05:48:35,1,Spain,2020-02-01 20:48:35,tina.williams074@commerce.example.com
,SHP-202002-0000001277,ORD-202002-0000002757,WH-00098,CAN,North America,DPD,Express,Delayed,2020-02-21 14:28:54,2020-02-25,,1,Canada,2020-02-21 14:28:54,taylor.cunningham023@commerce.example.com
,SHP-202002-0000001278,ORD-202002-0000001092,WH-00192,CAN,Asia,Australia Post,Same Day,In Transit,2020-02-10 14:37:46,2020-02-15,,1,United Kingdom,2020-02-10 14:37:46,andrea.cummings039@platform.example.com
,SHP-202002-0000001279,ORD-202002-0000002214,WH-00058,FRA,Europe,Royal Mail,Pickup,Delivered,2020-02-22 22:07:21,2020-02-24,2020-02-28 05:07:21,1,Germany,2020-02-22 22:07:21,david.cabrera119@dataops.example.com
,SHP-202002-0000001280,ORD-202002-0000002372,WH-00180,ESP,Europe,Royal Mail,Same Day,Returned,2020-02-21 22:33:46,2020-03-02,,1,Brazil,2020-02-21 22:33:46,james.proctor094@dataops.example.com
,SHP-202002-0000001281,ORD-202002-0000000863,WH-00192,DEU,Oceania,Royal Mail,Standard,Delivered,2020-02-24 01:54:12,2020-03-04,2020-03-07 04:54:12,1,Canada,2020-02-24 01:54:12,david.cabrera119@dataops.example.com
,SHP-202002-0000001282,ORD-202002-0000002812,WH-00129,JPN,Europe,DPD,Economy,Delivered,2020-02-25 15:31:35,2020-03-05,2020-03-06 16:31:35,1,Mexico,2020-02-25 15:31:35,micheal.hall064@dataops.example.com
,SHP-202002-0000001283,ORD-202002-0000002242,WH-00076,BRA,Asia,DPD,Express,Delivered,2020-02-05 19:44:24,2020-02-10,2020-02-11 02:44:24,1,Mexico,2020-02-05 19:44:24,brandi.carter038@dataops.example.com
,SHP-202002-0000001284,ORD-202002-0000002283,WH-00183,ARE,Asia,DHL,Same Day,Shipped,2020-02-18 14:18:52,2020-02-26,,1,India,2020-02-18 14:18:52,patrick.gonzalez035@dataops.example.com
,SHP-202002-0000001285,ORD-202002-0000002674,WH-00136,CAN,Asia,USPS,Pickup,Returned,2020-02-12 20:05:44,2020-02-19,,1,Mexico,2020-02-12 20:05:44,patrick.gonzalez035@dataops.example.com
,SHP-202002-0000001286,ORD-202002-0000000706,WH-00181,AUS,North America,UPS,Standard,Delivered,2020-02-29 04:08:58,2020-03-04,2020-03-02 06:08:58,1,Italy,2020-02-29 04:08:58,michelle.sims041@analytics.example.com
,SHP-202002-0000001287,ORD-202002-0000002750,WH-00136,NLD,Asia,DHL,Pickup,Shipped,2020-02-21 17:00:45,2020-02-24,,1,Australia,2020-02-21 17:00:45,lance.williams029@platform.example.com
,SHP-202002-0000001288,ORD-202002-0000002091,WH-00045,JPN,Europe,FedEx,Pickup,In Transit,2020-02-17 22:20:42,2020-02-24,,1,Canada,2020-02-17 22:20:42,eric.horton058@analytics.example.com
,SHP-202002-0000001289,ORD-202002-0000000404,WH-00190,MEX,Asia,DPD,Express,In Transit,2020-02-23 13:01:29,2020-03-01,,2,United Arab Emirates,2020-02-23 13:01:29,susan.rice083@commerce.example.com
,SHP-202002-0000001290,ORD-202002-0000000007,WH-00186,USA,Europe,Royal Mail,Express,Delivered,2020-02-12 14:49:55,2020-02-14,2020-02-24 19:49:55,1,France,2020-02-12 14:49:55,susan.rice083@commerce.example.com
,SHP-202002-0000001291,ORD-202002-0000002861,WH-00007,ESP,North America,UPS,Same Day,Delivered,2020-02-28 08:49:05,2020-03-05,2020-03-01 16:49:05,1,Germany,2020-02-28 08:49:05,david.cabrera119@dataops.example.com
,SHP-202002-0000001292,ORD-202002-0000001029,WH-00015,AUS,Asia,FedEx,Standard,Delivered,2020-02-06 00:11:39,2020-02-09,2020-02-17 03:11:39,1,United Arab Emirates,2020-02-06 00:11:39,susan.rice083@commerce.example.com
,SHP-202002-0000001293,ORD-202002-0000000516,WH-00038,SGP,Europe,UPS,Express,Delivered,2020-02-21 17:46:24,2020-02-27,2020-02-29 05:46:24,1,Spain,2020-02-21 17:46:24,ashley.marks069@commerce.example.com
,SHP-202002-0000001294,ORD-202002-0000002457,WH-00188,ESP,Europe,DPD,Pickup,Delivered,2020-02-11 01:17:22,2020-02-21,2020-02-16 11:17:22,1,Canada,2020-02-11 01:17:22,andrea.cummings039@platform.example.com
,SHP-202002-0000001295,ORD-202002-0000000555,WH-00202,CAN,Asia,Australia Post,Express,Delivered,2020-02-19 11:01:13,2020-02-28,2020-02-23 21:01:13,1,India,2020-02-19 11:01:13,adam.gordon030@commerce.example.com
,SHP-202002-0000001296,ORD-202002-0000001473,WH-00238,IND,Europe,DPD,Express,In Transit,2020-02-14 13:52:44,2020-02-16,,1,Brazil,2020-02-14 13:52:44,michelle.bender024@analytics.example.com
,SHP-202002-0000001297,ORD-202002-0000001240,WH-00117,ARE,Asia,USPS,Same Day,Returned,2020-02-20 00:46:01,2020-02-25,,1,India,2020-02-20 00:46:01,kelsey.taylor010@platform.example.com
,SHP-202002-0000001298,ORD-202002-0000001358,WH-00245,AUS,Europe,Royal Mail,Economy,Delivered,2020-02-05 12:26:02,2020-02-07,2020-02-10 00:26:02,1,Germany,2020-02-05 12:26:02,michelle.sims041@analytics.example.com
,SHP-202002-0000001299,ORD-202002-0000002830,WH-00035,ESP,North America,USPS,Economy,Delivered,2020-02-06 20:16:34,2020-02-16,2020-02-20 03:16:34,1,Mexico,2020-02-06 20:16:34,maria.ashley046@analytics.example.com
,SHP-202002-0000001300,ORD-202002-0000001273,WH-00154,ARE,South America,USPS,Pickup,Delayed,2020-02-17 21:14:37,2020-02-26,,1,Netherlands,2020-02-17 21:14:37,micheal.chen050@dataops.example.com
,SHP-202002-0000001301,ORD-202002-0000000453,WH-00089,IND,Europe,FedEx,Economy,Delivered,2020-02-10 21:40:13,2020-02-18,2020-02-22 01:40:13,1,Japan,2020-02-10 21:40:13,taylor.cunningham023@commerce.example.com
,SHP-202002-0000001302,ORD-202002-0000002806,WH-00205,ARE,Europe,Australia Post,Standard,Delivered,2020-02-24 21:51:59,2020-02-28,2020-03-03 23:51:59,1,Canada,2020-02-24 21:51:59,michelle.bender024@analytics.example.com
,SHP-202002-0000001303,ORD-202002-0000002301,WH-00211,BRA,North America,USPS,Same Day,In Transit,2020-02-09 18:29:31,2020-02-18,,1,Germany,2020-02-09 18:29:31,patrick.gonzalez035@dataops.example.com
,SHP-202002-0000001304,ORD-202002-0000001541,WH-00191,USA,North America,USPS,Standard,In Transit,2020-02-27 21:22:09,2020-03-06,,1,Australia,2020-02-27 21:22:09,tina.williams074@commerce.example.com
,SHP-202002-0000001305,ORD-202002-0000002566,WH-00037,GBR,North America,Royal Mail,Standard,Delivered,2020-02-26 09:14:27,2020-03-06,2020-03-02 16:14:27,1,Australia,2020-02-26 09:14:27,megan.cunningham013@commerce.example.com
,SHP-202002-0000001306,ORD-202002-0000000476,WH-00053,ARE,North America,DHL,Economy,Delivered,2020-02-19 11:11:29,2020-02-21,2020-02-24 12:11:29,1,Mexico,2020-02-19 11:11:29,ashley.marks069@commerce.example.com
,SHP-202002-0000001307,ORD-202002-0000000878,WH-00198,JPN,Asia,Australia Post,Economy,Delivered,2020-02-01 17:49:08,2020-02-11,2020-02-08 19:49:08,1,Netherlands,2020-02-01 17:49:08,eric.horton058@analytics.example.com
,SHP-202002-0000001308,ORD-202002-0000002832,WH-00078,IND,Europe,DHL,Express,Shipped,2020-02-20 23:42:47,2020-02-26,,1,Australia,2020-02-20 23:42:47,michael.johnson061@platform.example.com
,SHP-202002-0000001309,ORD-202002-0000000073,WH-00228,AUS,North America,FedEx,Same Day,Delivered,2020-02-18 08:11:20,2020-02-27,2020-02-27 08:11:20,1,India,2020-02-18 08:11:20,james.proctor094@dataops.example.com
,SHP-202002-0000001310,ORD-202002-0000001311,WH-00006,MEX,Asia,Australia Post,Economy,In Transit,2020-02-04 10:16:32,2020-02-07,,2,Singapore,2020-02-04 10:16:32,peter.martinez098@platform.example.com
,SHP-202002-0000001311,ORD-202002-0000001985,WH-00238,USA,Europe,DPD,Pickup,Shipped,2020-02-02 21:56:07,2020-02-10,,1,Australia,2020-02-02 21:56:07,lance.williams029@platform.example.com
,SHP-202002-0000001312,ORD-202002-0000000307,WH-00093,ARE,Europe,USPS,Pickup,Delivered,2020-02-02 13:18:22,2020-02-04,2020-02-11 14:18:22,1,Japan,2020-02-02 13:18:22,tina.williams074@commerce.example.com
,SHP-202002-0000001313,ORD-202002-0000000531,WH-00065,ARE,Asia,Australia Post,Economy,Delivered,2020-02-03 17:58:53,2020-02-09,2020-02-08 23:58:53,2,India,2020-02-03 17:58:53,michelle.sims041@analytics.example.com
,SHP-202002-0000001314,ORD-202002-0000001578,WH-00243,ARE,South America,UPS,Economy,Delivered,2020-02-06 10:31:33,2020-02-11,2020-02-20 17:31:33,2,Italy,2020-02-06 10:31:33,maria.ashley046@analytics.example.com
,SHP-202002-0000001315,ORD-202002-0000000546,WH-00128,DEU,Asia,USPS,Same Day,Delivered,2020-02-02 07:14:44,2020-02-12,2020-02-05 14:14:44,1,Italy,2020-02-02 07:14:44,michael.johnson061@platform.example.com
,SHP-202002-0000001316,ORD-202002-0000001998,WH-00179,CAN,Europe,FedEx,Express,Shipped,2020-02-06 06:21:55,2020-02-14,,1,Spain,2020-02-06 06:21:55,james.proctor094@dataops.example.com
,SHP-202002-0000001317,ORD-202002-0000000543,WH-00165,ARE,North America,UPS,Same Day,In Transit,2020-02-08 20:01:18,2020-02-11,,1,Singapore,2020-02-08 20:01:18,james.proctor094@dataops.example.com
,SHP-202002-0000001318,ORD-202002-0000002209,WH-00046,DEU,South America,Royal Mail,Same Day,Delivered,2020-02-15 00:34:20,2020-02-24,2020-02-25 09:34:20,1,Italy,2020-02-15 00:34:20,ashley.marks069@commerce.example.com
,SHP-202002-0000001319,ORD-202002-0000000131,WH-00049,USA,Europe,USPS,Economy,In Transit,2020-02-21 00:43:39,2020-02-23,,1,Spain,2020-02-21 00:43:39,ryan.steele043@commerce.example.com
,SHP-202002-0000001320,ORD-202002-0000000268,WH-00094,FRA,Europe,Australia Post,Pickup,Delivered,2020-02-20 05:23:44,2020-02-29,2020-03-01 09:23:44,1,Brazil,2020-02-20 05:23:44,michelle.sims041@analytics.example.com
,SHP-202002-0000001321,ORD-202002-0000001171,WH-00221,DEU,Europe,DPD,Express,Delivered,2020-02-11 10:54:17,2020-02-16,2020-02-16 22:54:17,2,United Arab Emirates,2020-02-11 10:54:17,jennifer.hudson020@analytics.example.com
,SHP-202002-0000001322,ORD-202002-0000000334,WH-00086,ESP,Europe,Australia Post,Express,Delivered,2020-02-13 19:02:15,2020-02-21,2020-02-15 21:02:15,1,France,2020-02-13 19:02:15,stephen.clark001@analytics.example.com
,SHP-202002-0000001323,ORD-202002-0000000014,WH-00154,BRA,Asia,Royal Mail,Economy,Delayed,2020-02-29 05:03:21,2020-03-03,,1,United Arab Emirates,2020-02-29 05:03:21,james.proctor094@dataops.example.com
,SHP-202002-0000001324,ORD-202002-0000002439,WH-00039,ARE,Europe,FedEx,Standard,Delivered,2020-02-28 04:04:35,2020-03-06,2020-03-04 10:04:35,1,Italy,2020-02-28 04:04:35,lance.williams029@platform.example.com
,SHP-202002-0000001325,ORD-202002-0000000690,WH-00142,DEU,Europe,DHL,Same Day,Delayed,2020-02-07 13:02:36,2020-02-14,,1,Italy,2020-02-07 13:02:36,taylor.cunningham023@commerce.example.com
,SHP-202002-0000001326,ORD-202002-0000001144,WH-00164,FRA,Europe,DHL,Express,Delivered,2020-02-02 13:20:24,2020-02-09,2020-02-09 17:20:24,1,Italy,2020-02-02 13:20:24,stephen.daniels076@commerce.example.com
,SHP-202002-0000001327,ORD-202002-0000000754,WH-00101,DEU,Asia,Australia Post,Same Day,Delivered,2020-02-26 11:58:07,2020-03-02,2020-02-29 13:58:07,1,Brazil,2020-02-26 11:58:07,stephen.clark001@analytics.example.com
,SHP-202002-0000001328,ORD-202002-0000002811,WH-00169,NLD,Asia,Royal Mail,Express,Delivered,2020-02-27 13:42:52,2020-02-29,2020-03-12 17:42:52,1,Germany,2020-02-27 13:42:52,jennifer.bauer068@analytics.example.com
,SHP-202002-0000001329,ORD-202002-0000002305,WH-00025,GBR,Asia,UPS,Express,Delivered,2020-02-14 12:08:03,2020-02-22,2020-02-24 20:08:03,2,India,2020-02-14 12:08:03,andrea.cummings039@platform.example.com
,SHP-202002-0000001330,ORD-202002-0000001519,WH-00107,AUS,Asia,DPD,Economy,Delivered,2020-02-18 23:34:45,2020-02-26,2020-02-26 04:34:45,2,Singapore,2020-02-18 23:34:45,andrea.cummings039@platform.example.com
,SHP-202002-0000001331,ORD-202002-0000002892,WH-00037,GBR,Europe,Royal Mail,Standard,Delivered,2020-02-20 06:18:34,2020-02-28,2020-02-26 10:18:34,1,France,2020-02-20 06:18:34,ryan.steele043@commerce.example.com
,SHP-202002-0000001332,ORD-202002-0000001421,WH-00003,USA,Asia,Australia Post,Same Day,Delayed,2020-02-01 11:49:16,2020-02-09,,1,Australia,2020-02-01 11:49:16,taylor.cunningham023@commerce.example.com
,SHP-202002-0000001333,ORD-202002-0000002158,WH-00006,CAN,Europe,USPS,Standard,Delivered,2020-02-04 23:00:09,2020-02-07,2020-02-18 11:00:09,1,Brazil,2020-02-04 23:00:09,micheal.chen050@dataops.example.com
,SHP-202002-0000001334,ORD-202002-0000001264,WH-00008,AUS,South America,Royal Mail,Same Day,Delivered,2020-02-03 07:57:01,2020-02-05,2020-02-13 12:57:01,1,Mexico,2020-02-03 07:57:01,adam.gordon030@commerce.example.com
,SHP-202002-0000001335,ORD-202002-0000000874,WH-00017,MEX,North America,Australia Post,Pickup,Delivered,2020-02-11 01:11:17,2020-02-21,2020-02-14 10:11:17,2,Australia,2020-02-11 01:11:17,michelle.sims041@analytics.example.com
,SHP-202002-0000001336,ORD-202002-0000002757,WH-00027,ARE,Europe,FedEx,Pickup,Delivered,2020-02-10 10:15:37,2020-02-19,2020-02-17 19:15:37,1,United Arab Emirates,2020-02-10 10:15:37,andrea.cummings039@platform.example.com
,SHP-202002-0000001337,ORD-202002-0000000014,WH-00141,ITA,Oceania,DPD,Same Day,Delivered,2020-02-16 17:32:28,2020-02-25,2020-02-24 22:32:28,1,United States,2020-02-16 17:32:28,victor.palmer071@platform.example.com
,SHP-202002-0000001338,ORD-202002-0000001821,WH-00150,NLD,Europe,Royal Mail,Express,Delivered,2020-02-24 21:22:31,2020-02-27,2020-03-03 01:22:31,1,Brazil,2020-02-24 21:22:31,brandi.carter038@dataops.example.com
,SHP-202002-0000001339,ORD-202002-0000000299,WH-00207,AUS,North America,DHL,Express,In Transit,2020-02-29 10:45:50,2020-03-08,,1,United States,2020-02-29 10:45:50,james.proctor094@dataops.example.com
,SHP-202002-0000001340,ORD-202002-0000000086,WH-00158,IND,Europe,Royal Mail,Same Day,In Transit,2020-02-11 03:29:12,2020-02-18,,1,Germany,2020-02-11 03:29:12,ashley.marks069@commerce.example.com
,SHP-202002-0000001341,ORD-202002-0000001025,WH-00232,FRA,Europe,DHL,Same Day,Delivered,2020-02-27 05:43:11,2020-03-02,2020-03-01 08:43:11,3,Spain,2020-02-27 05:43:11,tina.williams074@commerce.example.com
,SHP-202002-0000001342,ORD-202002-0000001193,WH-00018,CAN,Europe,DPD,Economy,Delivered,2020-02-01 19:46:17,2020-02-07,2020-02-13 07:46:17,2,Italy,2020-02-01 19:46:17,eric.horton058@analytics.example.com
,SHP-202002-0000001343,ORD-202002-0000002252,WH-00132,GBR,Oceania,DPD,Standard,Delivered,2020-02-01 23:09:34,2020-02-08,2020-02-13 11:09:34,1,France,2020-02-01 23:09:34,brandi.carter038@dataops.example.com
,SHP-202002-0000001344,ORD-202002-0000000914,WH-00146,GBR,Asia,UPS,Same Day,Delivered,2020-02-10 21:57:02,2020-02-16,2020-02-19 04:57:02,1,Canada,2020-02-10 21:57:02,ryan.steele043@commerce.example.com
,SHP-202002-0000001345,ORD-202002-0000001717,WH-00097,CAN,Oceania,Australia Post,Economy,Delivered,2020-02-26 10:19:20,2020-02-29,2020-03-06 18:19:20,3,United States,2020-02-26 10:19:20,ashley.marks069@commerce.example.com
,SHP-202002-0000001346,ORD-202002-0000002575,WH-00113,SGP,Oceania,USPS,Same Day,Delivered,2020-02-13 15:53:21,2020-02-21,2020-02-16 20:53:21,1,Netherlands,2020-02-13 15:53:21,victor.palmer071@platform.example.com
,SHP-202002-0000001347,ORD-202002-0000000907,WH-00234,USA,Oceania,FedEx,Same Day,In Transit,2020-02-23 06:25:26,2020-03-02,,1,France,2020-02-23 06:25:26,ashley.marks069@commerce.example.com
,SHP-202002-0000001348,ORD-202002-0000001122,WH-00102,IND,Europe,Australia Post,Pickup,Delivered,2020-02-22 17:48:24,2020-02-29,2020-03-02 05:48:24,1,Japan,2020-02-22 17:48:24,lance.williams029@platform.example.com
,SHP-202002-0000001349,ORD-202002-0000000152,WH-00121,GBR,Europe,USPS,Express,Delivered,2020-02-15 11:39:12,2020-02-20,2020-02-17 22:39:12,1,Japan,2020-02-15 11:39:12,patrick.gonzalez035@dataops.example.com
,SHP-202002-0000001350,ORD-202002-0000002029,WH-00234,DEU,Europe,FedEx,Pickup,Delivered,2020-02-26 04:12:22,2020-03-03,2020-03-10 14:12:22,3,India,2020-02-26 04:12:22,michael.johnson061@platform.example.com
,SHP-202002-0000001351,ORD-202002-0000001749,WH-00015,USA,Europe,Royal Mail,Economy,Delivered,2020-02-26 22:21:23,2020-03-06,2020-03-04 01:21:23,2,Canada,2020-02-26 22:21:23,andrea.cummings039@platform.example.com
,SHP-202002-0000001352,ORD-202002-0000000046,WH-00239,BRA,Oceania,USPS,Express,Delivered,2020-02-20 18:50:19,2020-02-29,2020-02-25 06:50:19,2,Spain,2020-02-20 18:50:19,micheal.chen050@dataops.example.com
,SHP-202002-0000001353,ORD-202002-0000000390,WH-00147,FRA,Europe,FedEx,Pickup,Delivered,2020-02-05 13:46:15,2020-02-11,2020-02-11 21:46:15,1,France,2020-02-05 13:46:15,taylor.cunningham023@commerce.example.com
,SHP-202002-0000001354,ORD-202002-0000002609,WH-00216,ESP,South America,Australia Post,Same Day,Shipped,2020-02-02 11:37:34,2020-02-08,,1,Germany,2020-02-02 11:37:34,joseph.johnson049@dataops.example.com
,SHP-202002-0000001355,ORD-202002-0000002119,WH-00071,DEU,South America,DPD,Pickup,Delivered,2020-02-01 03:14:36,2020-02-04,2020-02-04 07:14:36,1,United Arab Emirates,2020-02-01 03:14:36,stephen.clark001@analytics.example.com
,SHP-202002-0000001356,ORD-202002-0000001531,WH-00099,CAN,North America,UPS,Standard,Delayed,2020-02-02 21:31:24,2020-02-11,,1,Australia,2020-02-02 21:31:24,jennifer.hudson020@analytics.example.com
,SHP-202002-0000001357,ORD-202002-0000000619,WH-00226,ARE,North America,Australia Post,Pickup,Shipped,2020-02-17 22:01:08,2020-02-24,,1,Australia,2020-02-17 22:01:08,michael.johnson061@platform.example.com
,SHP-202002-0000001358,ORD-202002-0000001768,WH-00174,ITA,Asia,USPS,Same Day,Delayed,2020-02-20 01:01:26,2020-02-26,,1,United Arab Emirates,2020-02-20 01:01:26,michael.berger060@platform.example.com
,SHP-202002-0000001359,ORD-202002-0000000149,WH-00161,MEX,South America,USPS,Economy,Shipped,2020-02-29 10:34:19,2020-03-02,,2,Australia,2020-02-29 10:34:19,john.mullins109@commerce.example.com
,SHP-202002-0000001360,ORD-202002-0000001862,WH-00137,IND,North America,DHL,Express,Delivered,2020-02-18 22:05:14,2020-02-27,2020-02-26 00:05:14,1,Japan,2020-02-18 22:05:14,james.proctor094@dataops.example.com
,SHP-202002-0000001361,ORD-202002-0000000806,WH-00185,GBR,Europe,USPS,Standard,Delivered,2020-02-19 08:00:28,2020-02-22,2020-02-27 09:00:28,2,Brazil,2020-02-19 08:00:28,jeffery.miller012@commerce.example.com
,SHP-202002-0000001362,ORD-202002-0000002230,WH-00023,BRA,Europe,DPD,Same Day,Delivered,2020-02-06 14:36:46,2020-02-08,2020-02-13 20:36:46,1,France,2020-02-06 14:36:46,michael.berger060@platform.example.com
,SHP-202002-0000001363,ORD-202002-0000002495,WH-00238,MEX,Europe,FedEx,Standard,Delayed,2020-02-26 23:14:48,2020-02-28,,2,Japan,2020-02-26 23:14:48,joseph.johnson049@dataops.example.com
,SHP-202002-0000001364,ORD-202002-0000000782,WH-00137,AUS,Asia,Royal Mail,Standard,Delivered,2020-02-23 10:40:33,2020-02-25,2020-03-06 13:40:33,1,Italy,2020-02-23 10:40:33,david.cabrera119@dataops.example.com
,SHP-202002-0000001365,ORD-202002-0000000884,WH-00017,BRA,South America,USPS,Standard,In Transit,2020-02-20 21:01:29,2020-02-27,,2,Canada,2020-02-20 21:01:29,micheal.chen050@dataops.example.com
,SHP-202002-0000001366,ORD-202002-0000002351,WH-00172,ITA,North America,USPS,Standard,Delivered,2020-02-14 18:03:08,2020-02-18,2020-02-29 05:03:08,2,Japan,2020-02-14 18:03:08,john.mullins109@commerce.example.com
,SHP-202002-0000001367,ORD-202002-0000000597,WH-00001,DEU,North America,DHL,Same Day,Delivered,2020-02-17 06:44:24,2020-02-20,2020-03-02 10:44:24,2,Netherlands,2020-02-17 06:44:24,micheal.hall064@dataops.example.com
,SHP-202002-0000001368,ORD-202002-0000001155,WH-00155,ESP,Asia,USPS,Express,Delivered,2020-02-12 12:45:10,2020-02-18,2020-02-22 12:45:10,1,Netherlands,2020-02-12 12:45:10,brandi.carter038@dataops.example.com
,SHP-202002-0000001369,ORD-202002-0000000301,WH-00211,SGP,Europe,Royal Mail,Same Day,Delayed,2020-02-04 01:05:16,2020-02-09,,1,United States,2020-02-04 01:05:16,jennifer.hudson020@analytics.example.com
,SHP-202002-0000001370,ORD-202002-0000002732,WH-00239,SGP,Europe,USPS,Pickup,Delivered,2020-02-27 20:28:56,2020-03-07,2020-03-04 00:28:56,1,France,2020-02-27 20:28:56,jennifer.hudson020@analytics.example.com
,SHP-202002-0000001371,ORD-202002-0000000931,WH-00110,ITA,Oceania,Australia Post,Standard,In Transit,2020-02-04 05:15:15,2020-02-13,,1,Singapore,2020-02-04 05:15:15,jennifer.bauer068@analytics.example.com
,SHP-202002-0000001372,ORD-202002-0000001322,WH-00169,GBR,Asia,Royal Mail,Pickup,Delivered,2020-02-05 22:01:38,2020-02-10,2020-02-20 06:01:38,1,Japan,2020-02-05 22:01:38,patrick.gonzalez035@dataops.example.com
,SHP-202002-0000001373,ORD-202002-0000001207,WH-00179,BRA,Europe,USPS,Standard,Delivered,2020-02-16 22:46:07,2020-02-24,2020-03-02 07:46:07,3,Australia,2020-02-16 22:46:07,kelsey.taylor010@platform.example.com
,SHP-202002-0000001374,ORD-202002-0000000486,WH-00037,AUS,Europe,USPS,Pickup,Returned,2020-02-12 20:25:59,2020-02-16,,1,Mexico,2020-02-12 20:25:59,jeffery.miller012@commerce.example.com
,SHP-202002-0000001375,ORD-202002-0000000589,WH-00215,SGP,North America,USPS,Same Day,Delivered,2020-02-24 01:19:18,2020-02-26,2020-02-26 13:19:18,1,United States,2020-02-24 01:19:18,peter.martinez098@platform.example.com
,SHP-202002-0000001376,ORD-202002-0000001777,WH-00208,USA,Europe,UPS,Pickup,Delivered,2020-02-03 14:54:24,2020-02-11,2020-02-07 14:54:24,1,Australia,2020-02-03 14:54:24,megan.cunningham013@commerce.example.com
,SHP-202002-0000001377,ORD-202002-0000001450,WH-00051,SGP,Asia,UPS,Same Day,Delivered,2020-02-25 19:22:42,2020-02-28,2020-03-10 06:22:42,2,Mexico,2020-02-25 19:22:42,brandi.carter038@dataops.example.com
,SHP-202002-0000001378,ORD-202002-0000000374,WH-00166,MEX,Europe,Australia Post,Economy,Delivered,2020-02-13 18:58:58,2020-02-17,2020-02-19 20:58:58,1,Italy,2020-02-13 18:58:58,stephen.daniels076@commerce.example.com
,SHP-202002-0000001379,ORD-202002-0000002475,WH-00066,NLD,Europe,FedEx,Pickup,Returned,2020-02-11 00:53:47,2020-02-19,,1,Italy,2020-02-11 00:53:47,micheal.hall064@dataops.example.com
,SHP-202002-0000001380,ORD-202002-0000002683,WH-00009,ITA,Europe,UPS,Economy,Returned,2020-02-21 07:27:42,2020-03-01,,1,India,2020-02-21 07:27:42,david.cabrera119@dataops.example.com
,SHP-202002-0000001381,ORD-202002-0000001059,WH-00010,MEX,Europe,UPS,Pickup,In Transit,2020-02-12 01:05:17,2020-02-14,,1,India,2020-02-12 01:05:17,victor.palmer071@platform.example.com
,SHP-202002-0000001382,ORD-202002-0000002503,WH-00197,ESP,North America,Royal Mail,Standard,Delivered,2020-02-03 09:11:50,2020-02-09,2020-02-05 20:11:50,1,Singapore,2020-02-03 09:11:50,micheal.chen050@dataops.example.com
,SHP-202002-0000001383,ORD-202002-0000002087,WH-00053,ESP,Europe,Royal Mail,Same Day,In Transit,2020-02-06 11:19:14,2020-02-13,,1,Canada,2020-02-06 11:19:14,michael.johnson061@platform.example.com
,SHP-202002-0000001384,ORD-202002-0000001935,WH-00112,ARE,Asia,DHL,Pickup,Shipped,2020-02-25 06:39:16,2020-03-01,,1,Netherlands,2020-02-25 06:39:16,peter.martinez098@platform.example.com
,SHP-202002-0000001385,ORD-202002-0000002124,WH-00066,ARE,Europe,Royal Mail,Same Day,Delivered,2020-02-21 10:22:34,2020-02-25,2020-03-02 20:22:34,1,India,2020-02-21 10:22:34,tina.williams074@commerce.example.com
,SHP-202002-0000001386,ORD-202002-0000000159,WH-00205,NLD,Europe,USPS,Express,In Transit,2020-02-09 12:22:51,2020-02-17,,1,India,2020-02-09 12:22:51,michael.berger060@platform.example.com
,SHP-202002-0000001387,ORD-202002-0000001963,WH-00082,CAN,Asia,Australia Post,Same Day,Delivered,2020-02-18 05:13:13,2020-02-27,2020-03-01 16:13:13,1,Canada,2020-02-18 05:13:13,michael.johnson061@platform.example.com
,SHP-202002-0000001388,ORD-202002-0000001487,WH-00194,CAN,North America,Australia Post,Same Day,Returned,2020-02-18 18:45:26,2020-02-25,,1,Brazil,2020-02-18 18:45:26,michael.berger060@platform.example.com
,SHP-202002-0000001389,ORD-202002-0000001525,WH-00134,FRA,North America,Royal Mail,Same Day,Delivered,2020-02-21 01:52:24,2020-02-27,2020-03-01 05:52:24,1,Singapore,2020-02-21 01:52:24,kelsey.taylor010@platform.example.com
,SHP-202002-0000001390,ORD-202002-0000002782,WH-00205,BRA,Asia,FedEx,Same Day,Delivered,2020-02-29 04:58:18,2020-03-06,2020-03-06 13:58:18,1,France,2020-02-29 04:58:18,taylor.cunningham023@commerce.example.com
,SHP-202002-0000001391,ORD-202002-0000002458,WH-00117,ESP,North America,USPS,Same Day,Delivered,2020-02-16 23:56:42,2020-02-24,2020-02-25 06:56:42,1,Germany,2020-02-16 23:56:42,jennifer.bauer068@analytics.example.com
,SHP-202002-0000001392,ORD-202002-0000000064,WH-00034,DEU,Europe,DPD,Standard,Delivered,2020-02-22 16:48:02,2020-02-24,2020-03-05 16:48:02,1,Australia,2020-02-22 16:48:02,jeffery.miller012@commerce.example.com
,SHP-202002-0000001393,ORD-202002-0000001950,WH-00086,DEU,Europe,Royal Mail,Economy,Delivered,2020-02-06 14:02:39,2020-02-16,2020-02-13 02:02:39,1,Germany,2020-02-06 14:02:39,eric.horton058@analytics.example.com
,SHP-202002-0000001394,ORD-202002-0000000763,WH-00227,ARE,Asia,DPD,Pickup,Delivered,2020-02-10 02:59:04,2020-02-14,2020-02-18 08:59:04,2,Mexico,2020-02-10 02:59:04,megan.cunningham013@commerce.example.com
,SHP-202002-0000001395,ORD-202002-0000000783,WH-00195,FRA,Asia,Royal Mail,Same Day,Delivered,2020-02-04 17:32:07,2020-02-12,2020-02-08 20:32:07,1,United Kingdom,2020-02-04 17:32:07,victor.palmer071@platform.example.com
,SHP-202002-0000001396,ORD-202002-0000000044,WH-00005,FRA,Oceania,FedEx,Standard,In Transit,2020-02-02 03:26:36,2020-02-11,,1,Germany,2020-02-02 03:26:36,jennifer.bauer068@analytics.example.com
,SHP-202002-0000001397,ORD-202002-0000000521,WH-00067,ITA,Europe,USPS,Standard,Delivered,2020-02-06 05:47:50,2020-02-15,2020-02-13 09:47:50,1,India,2020-02-06 05:47:50,micheal.chen050@dataops.example.com
,SHP-202002-0000001398,ORD-202002-0000002431,WH-00116,DEU,Europe,Royal Mail,Standard,Delivered,2020-02-02 23:38:32,2020-02-11,2020-02-14 08:38:32,2,India,2020-02-02 23:38:32,susan.rice083@commerce.example.com
,SHP-202002-0000001399,ORD-202002-0000001737,WH-00183,ARE,Europe,DPD,Economy,Delivered,2020-02-20 04:11:06,2020-03-01,2020-03-03 13:11:06,1,Mexico,2020-02-20 04:11:06,jennifer.hudson020@analytics.example.com
,SHP-202002-0000001400,ORD-202002-0000001828,WH-00199,ESP,North America,DPD,Express,Delivered,2020-02-23 18:29:35,2020-02-28,2020-02-29 02:29:35,1,Japan,2020-02-23 18:29:35,susan.rice083@commerce.example.com
,SHP-202002-0000001401,ORD-202002-0000002460,WH-00152,USA,Asia,FedEx,Same Day,In Transit,2020-02-25 18:16:09,2020-03-01,,1,Netherlands,2020-02-25 18:16:09,micheal.chen050@dataops.example.com
,SHP-202002-0000001402,ORD-202002-0000001153,WH-00105,CAN,North America,Royal Mail,Standard,Shipped,2020-02-24 05:25:27,2020-03-05,,1,Singapore,2020-02-24 05:25:27,john.mullins109@commerce.example.com
,SHP-202002-0000001403,ORD-202002-0000002201,WH-00009,NLD,South America,DPD,Economy,Delivered,2020-02-25 21:44:04,2020-02-27,2020-03-01 23:44:04,1,Netherlands,2020-02-25 21:44:04,ryan.steele043@commerce.example.com
,SHP-202002-0000001404,ORD-202002-0000002744,WH-00137,ITA,Asia,DHL,Same Day,In Transit,2020-02-25 01:55:38,2020-03-05,,1,France,2020-02-25 01:55:38,ashley.marks069@commerce.example.com
,SHP-202002-0000001405,ORD-202002-0000000035,WH-00230,DEU,Europe,UPS,Pickup,Shipped,2020-02-21 00:26:56,2020-02-24,,1,Japan,2020-02-21 00:26:56,peter.martinez098@platform.example.com
,SHP-202002-0000001406,ORD-202002-0000002582,WH-00107,CAN,Asia,DPD,Economy,Delayed,2020-02-08 23:35:08,2020-02-16,,1,Mexico,2020-02-08 23:35:08,jeffery.miller012@commerce.example.com
,SHP-202002-0000001407,ORD-202002-0000002287,WH-00006,ESP,Europe,FedEx,Economy,Delivered,2020-02-06 18:22:49,2020-02-15,2020-02-11 05:22:49,1,France,2020-02-06 18:22:49,brandi.carter038@dataops.example.com
,SHP-202002-0000001408,ORD-202002-0000001330,WH-00224,FRA,Europe,DPD,Same Day,In Transit,2020-02-28 05:24:14,2020-03-02,,1,United States,2020-02-28 05:24:14,ashley.marks069@commerce.example.com
,SHP-202002-0000001409,ORD-202002-0000000310,WH-00044,ARE,Europe,Australia Post,Same Day,Delivered,2020-02-28 05:18:40,2020-03-04,2020-03-07 05:18:40,1,Germany,2020-02-28 05:18:40,brandi.carter038@dataops.example.com
,SHP-202002-0000001410,ORD-202002-0000000634,WH-00103,JPN,Oceania,Australia Post,Economy,Delivered,2020-02-19 05:23:45,2020-02-29,2020-02-21 05:23:45,2,Australia,2020-02-19 05:23:45,victor.palmer071@platform.example.com
,SHP-202002-0000001411,ORD-202002-0000000293,WH-00072,BRA,Europe,DHL,Pickup,Delivered,2020-02-21 05:59:13,2020-02-27,2020-02-28 13:59:13,1,United Arab Emirates,2020-02-21 05:59:13,david.cabrera119@dataops.example.com
,SHP-202002-0000001412,ORD-202002-0000002871,WH-00170,SGP,North America,DPD,Express,Delivered,2020-02-16 12:42:49,2020-02-18,2020-02-24 22:42:49,1,India,2020-02-16 12:42:49,kelsey.taylor010@platform.example.com
,SHP-202002-0000001413,ORD-202002-0000002209,WH-00202,BRA,Asia,FedEx,Pickup,Delivered,2020-02-02 00:42:22,2020-02-09,2020-02-09 01:42:22,2,United Arab Emirates,2020-02-02 00:42:22,stephen.clark001@analytics.example.com
,SHP-202002-0000001414,ORD-202002-0000002073,WH-00223,AUS,Oceania,FedEx,Same Day,Delivered,2020-02-25 23:40:24,2020-03-02,2020-03-03 04:40:24,1,India,2020-02-25 23:40:24,michael.johnson061@platform.example.com
,SHP-202002-0000001415,ORD-202002-0000001200,WH-00033,CAN,Europe,DHL,Express,Delivered,2020-02-16 04:14:09,2020-02-23,2020-02-19 12:14:09,1,Spain,2020-02-16 04:14:09,james.proctor094@dataops.example.com
,SHP-202002-0000001416,ORD-202002-0000000847,WH-00113,ESP,Asia,UPS,Express,Delivered,2020-02-02 19:03:21,2020-02-07,2020-02-05 22:03:21,1,India,2020-02-02 19:03:21,jennifer.hudson020@analytics.example.com
,SHP-202002-0000001417,ORD-202002-0000002257,WH-00037,JPN,Europe,UPS,Standard,Delivered,2020-02-13 19:44:31,2020-02-21,2020-02-21 03:44:31,1,France,2020-02-13 19:44:31,michelle.bender024@analytics.example.com
,SHP-202002-0000001418,ORD-202002-0000000042,WH-00104,GBR,Asia,Australia Post,Standard,In Transit,2020-02-09 03:44:39,2020-02-13,,1,France,2020-02-09 03:44:39,micheal.chen050@dataops.example.com
,SHP-202002-0000001419,ORD-202002-0000001704,WH-00197,GBR,Asia,DPD,Same Day,In Transit,2020-02-15 23:20:08,2020-02-17,,2,Spain,2020-02-15 23:20:08,jeffery.miller012@commerce.example.com
,SHP-202002-0000001420,ORD-202002-0000002057,WH-00016,ARE,Europe,USPS,Standard,In Transit,2020-02-21 03:58:14,2020-02-28,,1,Netherlands,2020-02-21 03:58:14,victor.palmer071@platform.example.com
,SHP-202002-0000001421,ORD-202002-0000002855,WH-00069,FRA,Europe,Royal Mail,Standard,Delivered,2020-02-26 11:42:48,2020-02-28,2020-03-03 22:42:48,1,United States,2020-02-26 11:42:48,eric.horton058@analytics.example.com
,SHP-202002-0000001422,ORD-202002-0000002474,WH-00093,AUS,North America,DHL,Economy,Delayed,2020-02-25 04:18:07,2020-03-03,,1,United Arab Emirates,2020-02-25 04:18:07,jennifer.hudson020@analytics.example.com
,SHP-202002-0000001423,ORD-202002-0000002025,WH-00001,BRA,Oceania,UPS,Pickup,Delayed,2020-02-25 00:41:57,2020-03-02,,1,United Arab Emirates,2020-02-25 00:41:57,peter.martinez098@platform.example.com
,SHP-202002-0000001424,ORD-202002-0000000095,WH-00003,ARE,Europe,DPD,Economy,Delivered,2020-02-21 10:48:19,2020-02-28,2020-03-02 13:48:19,1,United States,2020-02-21 10:48:19,eric.horton058@analytics.example.com
,SHP-202002-0000001425,ORD-202002-0000000132,WH-00023,AUS,North America,UPS,Economy,Delivered,2020-02-29 03:35:05,2020-03-10,2020-03-13 11:35:05,1,Singapore,2020-02-29 03:35:05,micheal.hall064@dataops.example.com
,SHP-202002-0000001426,ORD-202002-0000000280,WH-00027,DEU,Asia,Royal Mail,Standard,Delivered,2020-02-20 18:43:56,2020-02-28,2020-03-05 21:43:56,1,Australia,2020-02-20 18:43:56,megan.cunningham013@commerce.example.com
,SHP-202002-0000001427,ORD-202002-0000000700,WH-00152,ITA,Europe,Royal Mail,Standard,Delivered,2020-02-03 19:18:56,2020-02-10,2020-02-08 21:18:56,2,Italy,2020-02-03 19:18:56,james.proctor094@dataops.example.com
,SHP-202002-0000001428,ORD-202002-0000001678,WH-00203,DEU,Europe,USPS,Express,Delivered,2020-02-19 03:45:21,2020-02-25,2020-02-26 04:45:21,2,India,2020-02-19 03:45:21,lance.williams029@platform.example.com
,SHP-202002-0000001429,ORD-202002-0000001922,WH-00148,DEU,Oceania,FedEx,Same Day,Delayed,2020-02-22 11:00:40,2020-02-28,,1,Spain,2020-02-22 11:00:40,stephen.clark001@analytics.example.com
,SHP-202002-0000001430,ORD-202002-0000001110,WH-00055,CAN,Europe,Royal Mail,Same Day,Delivered,2020-02-26 23:48:53,2020-03-01,2020-03-01 05:48:53,1,Brazil,2020-02-26 23:48:53,kelsey.taylor010@platform.example.com
,SHP-202002-0000001431,ORD-202002-0000000593,WH-00162,ARE,Europe,Australia Post,Express,Delivered,2020-02-10 02:35:26,2020-02-16,2020-02-23 07:35:26,2,United States,2020-02-10 02:35:26,james.proctor094@dataops.example.com
,SHP-202002-0000001432,ORD-202002-0000002766,WH-00178,CAN,North America,FedEx,Express,Delivered,2020-02-15 22:23:57,2020-02-20,2020-02-23 08:23:57,1,Australia,2020-02-15 22:23:57,joseph.johnson049@dataops.example.com
,SHP-202002-0000001433,ORD-202002-0000002432,WH-00044,GBR,North America,DPD,Pickup,Delivered,2020-02-09 07:44:01,2020-02-19,2020-02-14 13:44:01,1,India,2020-02-09 07:44:01,joseph.johnson049@dataops.example.com
,SHP-202002-0000001434,ORD-202002-0000000717,WH-00096,DEU,Europe,FedEx,Express,Delivered,2020-02-12 02:58:58,2020-02-15,2020-02-20 02:58:58,1,India,2020-02-12 02:58:58,andrea.cummings039@platform.example.com
,SHP-202002-0000001435,ORD-202002-0000002377,WH-00224,JPN,Europe,UPS,Same Day,Delivered,2020-02-24 17:25:14,2020-03-02,2020-02-28 02:25:14,1,Italy,2020-02-24 17:25:14,stephen.clark001@analytics.example.com
,SHP-202002-0000001436,ORD-202002-0000001539,WH-00002,ARE,North America,Royal Mail,Express,Delivered,2020-02-12 00:09:41,2020-02-19,2020-02-19 11:09:41,2,Japan,2020-02-12 00:09:41,michael.berger060@platform.example.com
,SHP-202002-0000001437,ORD-202002-0000000123,WH-00203,FRA,Oceania,USPS,Same Day,Delivered,2020-02-03 19:08:47,2020-02-13,2020-02-10 00:08:47,1,Australia,2020-02-03 19:08:47,james.proctor094@dataops.example.com
,SHP-202002-0000001438,ORD-202002-0000001115,WH-00200,CAN,North America,DPD,Express,Delivered,2020-02-10 01:47:17,2020-02-20,2020-02-13 12:47:17,4,Spain,2020-02-10 01:47:17,david.cabrera119@dataops.example.com
,SHP-202002-0000001439,ORD-202002-0000002697,WH-00139,ESP,Asia,UPS,Standard,Delivered,2020-02-03 09:14:11,2020-02-07,2020-02-11 17:14:11,2,Italy,2020-02-03 09:14:11,kelsey.taylor010@platform.example.com
,SHP-202002-0000001440,ORD-202002-0000000617,WH-00002,JPN,Europe,Royal Mail,Pickup,Delivered,2020-02-10 16:53:53,2020-02-13,2020-02-14 02:53:53,1,Spain,2020-02-10 16:53:53,micheal.chen050@dataops.example.com
,SHP-202002-0000001441,ORD-202002-0000001145,WH-00019,DEU,Europe,USPS,Standard,Delivered,2020-02-01 01:38:02,2020-02-09,2020-02-10 06:38:02,1,Italy,2020-02-01 01:38:02,david.cabrera119@dataops.example.com
,SHP-202002-0000001442,ORD-202002-0000001040,WH-00077,DEU,Asia,UPS,Express,Delivered,2020-02-07 18:02:16,2020-02-09,2020-02-20 05:02:16,3,United Arab Emirates,2020-02-07 18:02:16,jennifer.hudson020@analytics.example.com
,SHP-202002-0000001443,ORD-202002-0000000441,WH-00247,BRA,Asia,Royal Mail,Pickup,Delivered,2020-02-18 18:04:03,2020-02-28,2020-02-26 00:04:03,1,India,2020-02-18 18:04:03,stephen.daniels076@commerce.example.com
,SHP-202002-0000001444,ORD-202002-0000001188,WH-00230,FRA,Europe,USPS,Standard,Shipped,2020-02-28 22:40:08,2020-03-02,,2,Australia,2020-02-28 22:40:08,lance.williams029@platform.example.com
,SHP-202002-0000001445,ORD-202002-0000002160,WH-00203,ITA,Europe,Royal Mail,Pickup,Delivered,2020-02-10 08:47:36,2020-02-20,2020-02-12 16:47:36,2,United Kingdom,2020-02-10 08:47:36,michael.berger060@platform.example.com
,SHP-202002-0000001446,ORD-202002-0000000165,WH-00025,ESP,Europe,Australia Post,Standard,Delivered,2020-02-10 01:06:40,2020-02-13,2020-02-21 12:06:40,1,United Arab Emirates,2020-02-10 01:06:40,stephen.daniels076@commerce.example.com
,SHP-202002-0000001447,ORD-202002-0000000877,WH-00100,DEU,Oceania,DPD,Standard,In Transit,2020-02-20 04:04:19,2020-02-25,,1,United States,2020-02-20 04:04:19,andrea.cummings039@platform.example.com
,SHP-202002-0000001448,ORD-202002-0000000582,WH-00224,ARE,Europe,DPD,Standard,Delivered,2020-02-03 02:19:38,2020-02-11,2020-02-05 09:19:38,1,Canada,2020-02-03 02:19:38,joseph.johnson049@dataops.example.com
,SHP-202002-0000001449,ORD-202002-0000001665,WH-00085,SGP,Asia,DPD,Pickup,Delivered,2020-02-29 12:20:57,2020-03-03,2020-03-07 17:20:57,1,Australia,2020-02-29 12:20:57,micheal.chen050@dataops.example.com
,SHP-202002-0000001450,ORD-202002-0000001106,WH-00240,AUS,North America,USPS,Economy,Delivered,2020-02-10 18:03:26,2020-02-17,2020-02-13 22:03:26,1,Germany,2020-02-10 18:03:26,ashley.marks069@commerce.example.com
,SHP-202002-0000001451,ORD-202002-0000000301,WH-00142,JPN,North America,USPS,Express,Delayed,2020-02-27 12:11:39,2020-03-08,,1,Netherlands,2020-02-27 12:11:39,ryan.steele043@commerce.example.com
,SHP-202002-0000001452,ORD-202002-0000000088,WH-00186,AUS,Asia,UPS,Express,Delivered,2020-02-27 08:00:18,2020-03-01,2020-03-12 20:00:18,1,France,2020-02-27 08:00:18,susan.rice083@commerce.example.com
,SHP-202002-0000001453,ORD-202002-0000000570,WH-00065,FRA,North America,DHL,Standard,Delivered,2020-02-12 19:53:46,2020-02-22,2020-02-21 04:53:46,1,United Arab Emirates,2020-02-12 19:53:46,maria.ashley046@analytics.example.com
,SHP-202002-0000001454,ORD-202002-0000002532,WH-00220,ESP,Europe,DPD,Standard,Delivered,2020-02-02 14:26:04,2020-02-12,2020-02-07 14:26:04,1,Germany,2020-02-02 14:26:04,micheal.chen050@dataops.example.com
,SHP-202002-0000001455,ORD-202002-0000000153,WH-00104,FRA,Europe,DHL,Pickup,Delivered,2020-02-21 13:48:18,2020-02-23,2020-03-06 23:48:18,1,United Kingdom,2020-02-21 13:48:18,victor.palmer071@platform.example.com
,SHP-202002-0000001456,ORD-202002-0000002474,WH-00233,GBR,North America,USPS,Express,Delivered,2020-02-01 02:08:37,2020-02-07,2020-02-13 09:08:37,1,Germany,2020-02-01 02:08:37,megan.cunningham013@commerce.example.com
,SHP-202002-0000001457,ORD-202002-0000001241,WH-00007,ARE,North America,Royal Mail,Same Day,Delivered,2020-02-11 16:38:41,2020-02-19,2020-02-18 02:38:41,2,United Kingdom,2020-02-11 16:38:41,ryan.steele043@commerce.example.com
,SHP-202002-0000001458,ORD-202002-0000001164,WH-00040,FRA,Europe,FedEx,Express,Delivered,2020-02-09 00:40:58,2020-02-13,2020-02-12 05:40:58,1,Germany,2020-02-09 00:40:58,victor.palmer071@platform.example.com
,SHP-202002-0000001459,ORD-202002-0000002085,WH-00076,CAN,Europe,DPD,Standard,Delayed,2020-02-01 17:27:00,2020-02-09,,1,United Arab Emirates,2020-02-01 17:27:00,john.mullins109@commerce.example.com
,SHP-202002-0000001460,ORD-202002-0000002653,WH-00036,CAN,Asia,DPD,Same Day,Delivered,2020-02-10 19:42:09,2020-02-20,2020-02-14 01:42:09,1,Mexico,2020-02-10 19:42:09,michelle.sims041@analytics.example.com
,SHP-202002-0000001461,ORD-202002-0000000766,WH-00049,USA,North America,Australia Post,Standard,Delivered,2020-02-10 07:08:04,2020-02-17,2020-02-18 19:08:04,1,Netherlands,2020-02-10 07:08:04,megan.cunningham013@commerce.example.com
,SHP-202002-0000001462,ORD-202002-0000001227,WH-00087,ITA,Europe,DHL,Express,In Transit,2020-02-15 00:16:05,2020-02-24,,1,United Arab Emirates,2020-02-15 00:16:05,adam.gordon030@commerce.example.com
,SHP-202002-0000001463,ORD-202002-0000001815,WH-00008,CAN,Asia,Royal Mail,Pickup,Delivered,2020-02-18 19:53:31,2020-02-27,2020-03-02 22:53:31,1,United Kingdom,2020-02-18 19:53:31,victor.palmer071@platform.example.com
,SHP-202002-0000001464,ORD-202002-0000000782,WH-00227,AUS,Europe,UPS,Express,Delivered,2020-02-03 20:37:06,2020-02-09,2020-02-08 06:37:06,1,Brazil,2020-02-03 20:37:06,tina.williams074@commerce.example.com
,SHP-202002-0000001465,ORD-202002-0000002024,WH-00237,IND,Europe,Royal Mail,Express,Delivered,2020-02-13 07:34:58,2020-02-15,2020-02-26 09:34:58,3,Japan,2020-02-13 07:34:58,susan.rice083@commerce.example.com
,SHP-202002-0000001466,ORD-202002-0000001386,WH-00018,ARE,Asia,Australia Post,Pickup,Delivered,2020-02-14 01:44:18,2020-02-17,2020-02-24 13:44:18,1,India,2020-02-14 01:44:18,patrick.gonzalez035@dataops.example.com
,SHP-202002-0000001467,ORD-202002-0000000010,WH-00042,GBR,Europe,Australia Post,Express,Delivered,2020-02-08 06:49:19,2020-02-10,2020-02-13 17:49:19,1,United Arab Emirates,2020-02-08 06:49:19,michael.johnson061@platform.example.com
,SHP-202002-0000001468,ORD-202002-0000001014,WH-00041,GBR,Europe,Royal Mail,Same Day,Shipped,2020-02-15 01:27:56,2020-02-17,,1,France,2020-02-15 01:27:56,peter.martinez098@platform.example.com
,SHP-202002-0000001469,ORD-202002-0000001489,WH-00208,USA,Europe,Royal Mail,Same Day,Delivered,2020-02-16 16:43:44,2020-02-23,2020-02-28 00:43:44,1,Germany,2020-02-16 16:43:44,eric.horton058@analytics.example.com
,SHP-202002-0000001470,ORD-202002-0000002366,WH-00208,USA,Europe,DPD,Pickup,Delivered,2020-02-10 07:03:56,2020-02-13,2020-02-12 09:03:56,1,Japan,2020-02-10 07:03:56,tina.williams074@commerce.example.com
,SHP-202002-0000001471,ORD-202002-0000001362,WH-00152,ARE,Asia,DHL,Standard,Delivered,2020-02-11 16:43:32,2020-02-17,2020-02-13 17:43:32,1,Singapore,2020-02-11 16:43:32,stephen.clark001@analytics.example.com
,SHP-202002-0000001472,ORD-202002-0000000619,WH-00183,ITA,South America,USPS,Standard,Delayed,2020-02-18 01:38:45,2020-02-26,,2,Mexico,2020-02-18 01:38:45,brandi.carter038@dataops.example.com
,SHP-202002-0000001473,ORD-202002-0000001690,WH-00129,SGP,Asia,USPS,Express,Delivered,2020-02-20 07:01:48,2020-02-26,2020-02-25 08:01:48,1,Brazil,2020-02-20 07:01:48,tina.williams074@commerce.example.com
,SHP-202002-0000001474,ORD-202002-0000000511,WH-00004,NLD,Europe,DPD,Same Day,Delivered,2020-02-15 07:22:10,2020-02-21,2020-02-28 14:22:10,1,India,2020-02-15 07:22:10,jeffery.miller012@commerce.example.com
,SHP-202002-0000001475,ORD-202002-0000000870,WH-00196,NLD,South America,DPD,Standard,Delayed,2020-02-08 00:39:57,2020-02-16,,1,Spain,2020-02-08 00:39:57,patrick.gonzalez035@dataops.example.com
,SHP-202002-0000001476,ORD-202002-0000000048,WH-00005,SGP,North America,Royal Mail,Standard,Delivered,2020-02-29 11:28:05,2020-03-08,2020-03-06 23:28:05,1,Australia,2020-02-29 11:28:05,taylor.cunningham023@commerce.example.com
,SHP-202002-0000001477,ORD-202002-0000000181,WH-00091,DEU,Asia,UPS,Standard,Delivered,2020-02-13 23:47:50,2020-02-23,2020-02-22 01:47:50,1,Australia,2020-02-13 23:47:50,victor.palmer071@platform.example.com
,SHP-202002-0000001478,ORD-202002-0000000356,WH-00201,ITA,Europe,DHL,Standard,Delivered,2020-02-27 09:51:59,2020-03-06,2020-03-08 16:51:59,1,Germany,2020-02-27 09:51:59,maria.ashley046@analytics.example.com
,SHP-202002-0000001479,ORD-202002-0000002214,WH-00106,FRA,Europe,DPD,Pickup,Delivered,2020-02-08 13:50:22,2020-02-14,2020-02-13 01:50:22,1,Japan,2020-02-08 13:50:22,ashley.marks069@commerce.example.com
,SHP-202002-0000001480,ORD-202002-0000000376,WH-00212,GBR,South America,Royal Mail,Pickup,Delayed,2020-02-21 15:31:48,2020-02-27,,2,United Arab Emirates,2020-02-21 15:31:48,susan.rice083@commerce.example.com
,SHP-202002-0000001481,ORD-202002-0000002552,WH-00224,NLD,South America,FedEx,Standard,Delayed,2020-02-16 08:32:59,2020-02-19,,1,Italy,2020-02-16 08:32:59,peter.martinez098@platform.example.com
,SHP-202002-0000001482,ORD-202002-0000000434,WH-00022,ESP,Asia,DHL,Same Day,Delivered,2020-02-16 00:21:35,2020-02-23,2020-02-18 01:21:35,1,United Arab Emirates,2020-02-16 00:21:35,michael.johnson061@platform.example.com
,SHP-202002-0000001483,ORD-202002-0000000738,WH-00208,GBR,Asia,Australia Post,Economy,In Transit,2020-02-21 15:44:48,2020-03-01,,2,Spain,2020-02-21 15:44:48,brandi.carter038@dataops.example.com
,SHP-202002-0000001484,ORD-202002-0000002907,WH-00006,SGP,Asia,DPD,Same Day,Delivered,2020-02-16 04:20:02,2020-02-26,2020-02-23 14:20:02,1,United Kingdom,2020-02-16 04:20:02,kelsey.taylor010@platform.example.com
,SHP-202002-0000001485,ORD-202002-0000002014,WH-00245,AUS,South America,UPS,Standard,Delivered,2020-02-07 20:13:36,2020-02-10,2020-02-16 22:13:36,2,United Arab Emirates,2020-02-07 20:13:36,ryan.steele043@commerce.example.com
,SHP-202002-0000001486,ORD-202002-0000000708,WH-00217,ESP,South America,USPS,Same Day,In Transit,2020-02-14 20:17:38,2020-02-16,,1,United States,2020-02-14 20:17:38,stephen.daniels076@commerce.example.com
,SHP-202002-0000001487,ORD-202002-0000001723,WH-00195,GBR,Europe,DPD,Standard,Delayed,2020-02-05 04:24:41,2020-02-07,,2,Japan,2020-02-05 04:24:41,michael.johnson061@platform.example.com
,SHP-202002-0000001488,ORD-202002-0000001037,WH-00019,JPN,Asia,UPS,Economy,Delivered,2020-02-17 01:31:51,2020-02-24,2020-02-22 05:31:51,2,United Arab Emirates,2020-02-17 01:31:51,tina.williams074@commerce.example.com
,SHP-202002-0000001489,ORD-202002-0000000636,WH-00193,FRA,Asia,DHL,Same Day,Delivered,2020-02-28 09:35:56,2020-03-01,2020-03-13 19:35:56,1,United Arab Emirates,2020-02-28 09:35:56,maria.ashley046@analytics.example.com
,SHP-202002-0000001490,ORD-202002-0000001342,WH-00137,IND,Oceania,USPS,Pickup,Delivered,2020-02-21 23:05:46,2020-02-26,2020-02-25 05:05:46,1,Italy,2020-02-21 23:05:46,michelle.sims041@analytics.example.com
,SHP-202002-0000001491,ORD-202002-0000000620,WH-00231,FRA,Europe,UPS,Same Day,Delivered,2020-02-02 13:05:08,2020-02-05,2020-02-06 23:05:08,1,United Kingdom,2020-02-02 13:05:08,micheal.hall064@dataops.example.com
,SHP-202002-0000001492,ORD-202002-0000000408,WH-00163,BRA,North America,Royal Mail,Express,Delivered,2020-02-23 03:16:12,2020-02-27,2020-03-07 10:16:12,1,Spain,2020-02-23 03:16:12,jeffery.miller012@commerce.example.com
,SHP-202002-0000001493,ORD-202002-0000001288,WH-00166,USA,South America,DPD,Economy,Delivered,2020-02-05 17:07:39,2020-02-07,2020-02-15 23:07:39,1,Singapore,2020-02-05 17:07:39,jennifer.bauer068@analytics.example.com
,SHP-202002-0000001494,ORD-202002-0000002909,WH-00175,ARE,Asia,DPD,Same Day,Delivered,2020-02-01 20:58:23,2020-02-05,2020-02-08 08:58:23,1,India,2020-02-01 20:58:23,patrick.gonzalez035@dataops.example.com
,SHP-202002-0000001495,ORD-202002-0000001922,WH-00179,SGP,North America,USPS,Pickup,In Transit,2020-02-28 18:10:29,2020-03-04,,2,United Kingdom,2020-02-28 18:10:29,tina.williams074@commerce.example.com
,SHP-202002-0000001496,ORD-202002-0000000352,WH-00204,ITA,Europe,FedEx,Pickup,Delivered,2020-02-09 12:07:35,2020-02-19,2020-02-14 15:07:35,1,United Kingdom,2020-02-09 12:07:35,joseph.johnson049@dataops.example.com
,SHP-202002-0000001497,ORD-202002-0000000678,WH-00209,SGP,Asia,FedEx,Standard,Delivered,2020-02-29 16:11:51,2020-03-05,2020-03-08 16:11:51,1,United Arab Emirates,2020-02-29 16:11:51,joseph.johnson049@dataops.example.com
,SHP-202002-0000001498,ORD-202002-0000001219,WH-00168,JPN,Asia,Royal Mail,Pickup,Delivered,2020-02-06 16:35:53,2020-02-09,2020-02-20 20:35:53,1,France,2020-02-06 16:35:53,john.mullins109@commerce.example.com
,SHP-202002-0000001499,ORD-202002-0000000203,WH-00135,NLD,Asia,DHL,Express,In Transit,2020-02-05 12:05:04,2020-02-12,,1,Japan,2020-02-05 12:05:04,jeffery.miller012@commerce.example.com
,SHP-202002-0000001500,ORD-202002-0000000079,WH-00111,NLD,Asia,DPD,Express,Returned,2020-02-19 10:34:13,2020-02-25,,1,Spain,2020-02-19 10:34:13,victor.palmer071@platform.example.com
,SHP-202002-0000001501,ORD-202002-0000000933,WH-00088,IND,South America,DHL,Standard,Shipped,2020-02-28 15:04:21,2020-03-05,,2,United States,2020-02-28 15:04:21,michelle.sims041@analytics.example.com
,SHP-202002-0000001502,ORD-202002-0000002793,WH-00233,FRA,Europe,Royal Mail,Express,Delivered,2020-02-09 14:45:06,2020-02-11,2020-02-15 16:45:06,1,India,2020-02-09 14:45:06,jennifer.bauer068@analytics.example.com
,SHP-202002-0000001503,ORD-202002-0000000338,WH-00216,FRA,North America,Royal Mail,Economy,Delivered,2020-02-26 19:02:12,2020-03-03,2020-03-10 21:02:12,1,Australia,2020-02-26 19:02:12,lance.williams029@platform.example.com
,SHP-202002-0000001504,ORD-202002-0000001763,WH-00229,ITA,North America,DHL,Standard,In Transit,2020-02-07 23:31:22,2020-02-10,,1,India,2020-02-07 23:31:22,james.proctor094@dataops.example.com
,SHP-202002-0000001505,ORD-202002-0000000628,WH-00238,NLD,Asia,DPD,Same Day,Delivered,2020-02-04 15:37:30,2020-02-11,2020-02-17 20:37:30,1,Spain,2020-02-04 15:37:30,jennifer.hudson020@analytics.example.com
,SHP-202002-0000001506,ORD-202002-0000000060,WH-00122,ARE,Asia,DPD,Same Day,Delivered,2020-02-26 11:59:26,2020-03-02,2020-02-28 22:59:26,1,United Arab Emirates,2020-02-26 11:59:26,david.cabrera119@dataops.example.com
,SHP-202002-0000001507,ORD-202002-0000002897,WH-00237,MEX,Europe,UPS,Express,Delivered,2020-02-25 19:27:05,2020-03-05,2020-03-07 00:27:05,1,Germany,2020-02-25 19:27:05,stephen.daniels076@commerce.example.com
,SHP-202002-0000001508,ORD-202002-0000000131,WH-00006,JPN,Asia,DHL,Pickup,Delivered,2020-02-14 01:16:40,2020-02-20,2020-02-18 06:16:40,1,France,2020-02-14 01:16:40,david.cabrera119@dataops.example.com
,SHP-202002-0000001509,ORD-202002-0000002473,WH-00028,BRA,Asia,DPD,Express,In Transit,2020-02-19 06:50:17,2020-02-22,,1,France,2020-02-19 06:50:17,jennifer.bauer068@analytics.example.com
,SHP-202002-0000001510,ORD-202002-0000002638,WH-00072,MEX,Asia,Royal Mail,Pickup,Delivered,2020-02-29 22:33:22,2020-03-07,2020-03-12 08:33:22,3,United States,2020-02-29 22:33:22,maria.ashley046@analytics.example.com
,SHP-202002-0000001511,ORD-202002-0000001213,WH-00059,ESP,Europe,DHL,Express,Delivered,2020-02-05 06:08:34,2020-02-07,2020-02-17 10:08:34,1,United Arab Emirates,2020-02-05 06:08:34,michelle.bender024@analytics.example.com
,SHP-202002-0000001512,ORD-202002-0000002237,WH-00202,JPN,Oceania,DHL,Pickup,In Transit,2020-02-01 00:32:05,2020-02-04,,1,Germany,2020-02-01 00:32:05,maria.ashley046@analytics.example.com
,SHP-202002-0000001513,ORD-202002-0000001657,WH-00233,ARE,Europe,DPD,Same Day,Delivered,2020-02-28 02:45:24,2020-03-04,2020-03-08 13:45:24,1,Australia,2020-02-28 02:45:24,ryan.steele043@commerce.example.com
,SHP-202002-0000001514,ORD-202002-0000002655,WH-00001,ARE,North America,FedEx,Standard,In Transit,2020-02-05 23:49:05,2020-02-08,,1,India,2020-02-05 23:49:05,stephen.clark001@analytics.example.com
,SHP-202002-0000001515,ORD-202002-0000002129,WH-00069,MEX,Asia,DPD,Same Day,Delivered,2020-02-26 11:56:20,2020-02-29,2020-03-09 23:56:20,1,Japan,2020-02-26 11:56:20,jeffery.miller012@commerce.example.com
,SHP-202002-0000001516,ORD-202002-0000001976,WH-00225,SGP,Europe,Australia Post,Pickup,Returned,2020-02-02 06:54:10,2020-02-08,,1,France,2020-02-02 06:54:10,joseph.johnson049@dataops.example.com
,SHP-202002-0000001517,ORD-202002-0000000705,WH-00053,FRA,Europe,Royal Mail,Standard,Delivered,2020-02-21 06:55:31,2020-03-01,2020-02-27 14:55:31,1,Australia,2020-02-21 06:55:31,megan.cunningham013@commerce.example.com
,SHP-202002-0000001518,ORD-202002-0000001929,WH-00223,ESP,North America,DHL,Economy,Delayed,2020-02-21 09:32:47,2020-02-28,,1,Mexico,2020-02-21 09:32:47,taylor.cunningham023@commerce.example.com
,SHP-202002-0000001519,ORD-202002-0000000598,WH-00090,BRA,Asia,Australia Post,Same Day,In Transit,2020-02-29 23:35:51,2020-03-08,,1,Mexico,2020-02-29 23:35:51,micheal.hall064@dataops.example.com
,SHP-202002-0000001520,ORD-202002-0000000799,WH-00199,FRA,Europe,DPD,Economy,Delivered,2020-02-19 02:47:07,2020-02-25,2020-02-27 07:47:07,1,Italy,2020-02-19 02:47:07,andrea.cummings039@platform.example.com
,SHP-202002-0000001521,ORD-202002-0000001722,WH-00173,USA,South America,USPS,Same Day,Delivered,2020-02-06 05:15:51,2020-02-09,2020-02-09 08:15:51,2,Netherlands,2020-02-06 05:15:51,lance.williams029@platform.example.com
,SHP-202002-0000001522,ORD-202002-0000002545,WH-00109,MEX,Asia,FedEx,Pickup,Delivered,2020-02-23 05:45:40,2020-03-01,2020-02-25 12:45:40,2,United Arab Emirates,2020-02-23 05:45:40,patrick.gonzalez035@dataops.example.com
,SHP-202002-0000001523,ORD-202002-0000002121,WH-00067,IND,Europe,FedEx,Pickup,Shipped,2020-02-23 07:34:27,2020-02-29,,1,Italy,2020-02-23 07:34:27,patrick.gonzalez035@dataops.example.com
,SHP-202002-0000001524,ORD-202002-0000002361,WH-00117,AUS,Europe,USPS,Economy,Delivered,2020-02-25 00:49:28,2020-03-01,2020-02-29 09:49:28,1,Australia,2020-02-25 00:49:28,stephen.daniels076@commerce.example.com
,SHP-202002-0000001525,ORD-202002-0000000059,WH-00050,DEU,North America,Royal Mail,Express,Shipped,2020-02-09 05:10:04,2020-02-18,,1,United Arab Emirates,2020-02-09 05:10:04,stephen.clark001@analytics.example.com
,SHP-202002-0000001526,ORD-202002-0000002658,WH-00104,DEU,Asia,FedEx,Pickup,Delivered,2020-02-03 22:21:35,2020-02-11,2020-02-14 23:21:35,1,Spain,2020-02-03 22:21:35,brandi.carter038@dataops.example.com
,SHP-202002-0000001527,ORD-202002-0000000698,WH-00217,JPN,Oceania,DHL,Express,Delayed,2020-02-28 01:37:56,2020-03-09,,1,Spain,2020-02-28 01:37:56,andrea.cummings039@platform.example.com
,SHP-202002-0000001528,ORD-202002-0000000201,WH-00098,BRA,South America,DPD,Pickup,Delayed,2020-02-12 20:57:46,2020-02-21,,1,France,2020-02-12 20:57:46,eric.horton058@analytics.example.com
,SHP-202002-0000001529,ORD-202002-0000000148,WH-00213,BRA,South America,USPS,Same Day,Delivered,2020-02-13 18:16:45,2020-02-21,2020-02-19 21:16:45,1,France,2020-02-13 18:16:45,jennifer.hudson020@analytics.example.com
,SHP-202002-0000001530,ORD-202002-0000002447,WH-00136,FRA,Europe,UPS,Pickup,Delivered,2020-02-28 12:42:51,2020-03-09,2020-03-10 15:42:51,1,Spain,2020-02-28 12:42:51,kelsey.taylor010@platform.example.com
,SHP-202002-0000001531,ORD-202002-0000002423,WH-00089,GBR,Asia,Royal Mail,Express,Delivered,2020-02-20 04:32:08,2020-02-24,2020-03-04 12:32:08,1,Mexico,2020-02-20 04:32:08,peter.martinez098@platform.example.com
,SHP-202002-0000001532,ORD-202002-0000000257,WH-00098,FRA,Asia,DPD,Express,In Transit,2020-02-03 05:28:53,2020-02-08,,1,France,2020-02-03 05:28:53,stephen.clark001@analytics.example.com
,SHP-202002-0000001533,ORD-202002-0000001848,WH-00002,JPN,Asia,USPS,Economy,Delivered,2020-02-03 14:24:04,2020-02-07,2020-02-10 18:24:04,1,Brazil,2020-02-03 14:24:04,michael.johnson061@platform.example.com
,SHP-202002-0000001534,ORD-202002-0000002518,WH-00090,AUS,Europe,Australia Post,Pickup,Delivered,2020-02-20 20:42:47,2020-02-28,2020-03-06 08:42:47,1,Italy,2020-02-20 20:42:47,michelle.sims041@analytics.example.com
,SHP-202002-0000001535,ORD-202002-0000000274,WH-00050,SGP,South America,Royal Mail,Same Day,Delivered,2020-02-12 16:58:22,2020-02-14,2020-02-22 16:58:22,1,Italy,2020-02-12 16:58:22,brandi.carter038@dataops.example.com
,SHP-202002-0000001536,ORD-202002-0000000510,WH-00131,ITA,North America,DHL,Standard,Delivered,2020-02-14 18:34:26,2020-02-20,2020-02-29 03:34:26,1,France,2020-02-14 18:34:26,michael.berger060@platform.example.com
,SHP-202002-0000001537,ORD-202002-0000000449,WH-00117,DEU,Asia,USPS,Same Day,Delivered,2020-02-16 11:38:34,2020-02-25,2020-02-25 11:38:34,2,United Arab Emirates,2020-02-16 11:38:34,micheal.chen050@dataops.example.com
,SHP-202002-0000001538,ORD-202002-0000002478,WH-00080,AUS,Europe,FedEx,Express,Delivered,2020-02-11 15:01:51,2020-02-14,2020-02-20 00:01:51,1,Japan,2020-02-11 15:01:51,ryan.steele043@commerce.example.com
,SHP-202002-0000001539,ORD-202002-0000000008,WH-00204,MEX,North America,DHL,Same Day,Delivered,2020-02-05 00:45:25,2020-02-07,2020-02-13 03:45:25,1,United Arab Emirates,2020-02-05 00:45:25,kelsey.taylor010@platform.example.com
,SHP-202002-0000001540,ORD-202002-0000002497,WH-00015,CAN,Asia,Royal Mail,Economy,Shipped,2020-02-23 11:56:19,2020-03-01,,2,United Kingdom,2020-02-23 11:56:19,andrea.cummings039@platform.example.com
,SHP-202002-0000001541,ORD-202002-0000002165,WH-00042,BRA,Europe,Royal Mail,Pickup,Delivered,2020-02-03 05:20:53,2020-02-09,2020-02-09 17:20:53,1,Spain,2020-02-03 05:20:53,micheal.hall064@dataops.example.com
,SHP-202002-0000001542,ORD-202002-0000002819,WH-00048,ARE,Europe,FedEx,Express,Delivered,2020-02-02 21:12:31,2020-02-05,2020-02-09 08:12:31,1,France,2020-02-02 21:12:31,kelsey.taylor010@platform.example.com
,SHP-202002-0000001543,ORD-202002-0000000705,WH-00101,ARE,North America,USPS,Standard,Delivered,2020-02-14 06:07:36,2020-02-24,2020-02-18 17:07:36,2,Italy,2020-02-14 06:07:36,taylor.cunningham023@commerce.example.com
,SHP-202002-0000001544,ORD-202002-0000000078,WH-00144,GBR,Asia,Royal Mail,Pickup,In Transit,2020-02-10 02:27:37,2020-02-19,,1,United Kingdom,2020-02-10 02:27:37,maria.ashley046@analytics.example.com
,SHP-202002-0000001545,ORD-202002-0000000487,WH-00133,SGP,Asia,Royal Mail,Express,In Transit,2020-02-27 16:54:09,2020-03-06,,1,France,2020-02-27 16:54:09,peter.martinez098@platform.example.com
,SHP-202002-0000001546,ORD-202002-0000001651,WH-00008,MEX,North America,FedEx,Standard,Returned,2020-02-24 22:10:02,2020-03-02,,1,Germany,2020-02-24 22:10:02,patrick.gonzalez035@dataops.example.com
,SHP-202002-0000001547,ORD-202002-0000001743,WH-00111,CAN,Europe,Australia Post,Standard,Delivered,2020-02-20 05:20:10,2020-02-24,2020-02-28 14:20:10,1,India,2020-02-20 05:20:10,tina.williams074@commerce.example.com
,SHP-202002-0000001548,ORD-202002-0000000891,WH-00176,USA,North America,UPS,Express,Delivered,2020-02-21 12:22:16,2020-02-24,2020-03-01 23:22:16,1,Canada,2020-02-21 12:22:16,james.proctor094@dataops.example.com
,SHP-202002-0000001549,ORD-202002-0000001626,WH-00117,BRA,North America,DPD,Standard,Delivered,2020-02-08 12:50:09,2020-02-15,2020-02-17 23:50:09,1,Netherlands,2020-02-08 12:50:09,megan.cunningham013@commerce.example.com
,SHP-202002-0000001550,ORD-202002-0000001789,WH-00027,CAN,Europe,FedEx,Pickup,Delivered,2020-02-25 01:08:24,2020-03-03,2020-03-06 05:08:24,1,India,2020-02-25 01:08:24,tina.williams074@commerce.example.com
,SHP-202002-0000001551,ORD-202002-0000001162,WH-00233,JPN,Europe,UPS,Pickup,Delivered,2020-02-17 13:33:17,2020-02-22,2020-02-29 00:33:17,2,Italy,2020-02-17 13:33:17,john.mullins109@commerce.example.com
,SHP-202002-0000001552,ORD-202002-0000000522,WH-00029,JPN,Europe,FedEx,Express,Delivered,2020-02-15 05:23:20,2020-02-24,2020-02-27 13:23:20,1,France,2020-02-15 05:23:20,joseph.johnson049@dataops.example.com
,SHP-202002-0000001553,ORD-202002-0000001527,WH-00249,ESP,Europe,DPD,Standard,Delivered,2020-02-10 01:09:22,2020-02-13,2020-02-15 05:09:22,1,Brazil,2020-02-10 01:09:22,james.proctor094@dataops.example.com
,SHP-202002-0000001554,ORD-202002-0000002071,WH-00015,ITA,Europe,USPS,Same Day,Delayed,2020-02-18 22:11:55,2020-02-22,,1,United Arab Emirates,2020-02-18 22:11:55,michelle.sims041@analytics.example.com
,SHP-202002-0000001555,ORD-202002-0000002507,WH-00154,ESP,Europe,DPD,Standard,Delivered,2020-02-11 05:51:00,2020-02-17,2020-02-25 15:51:00,1,United Arab Emirates,2020-02-11 05:51:00,ashley.marks069@commerce.example.com
,SHP-202002-0000001556,ORD-202002-0000002737,WH-00154,ARE,Asia,UPS,Same Day,Delivered,2020-02-12 18:07:25,2020-02-22,2020-02-15 22:07:25,2,Brazil,2020-02-12 18:07:25,taylor.cunningham023@commerce.example.com
,SHP-202002-0000001557,ORD-202002-0000000792,WH-00191,JPN,Asia,Australia Post,Standard,Delivered,2020-02-20 00:51:52,2020-02-25,2020-02-23 11:51:52,2,Netherlands,2020-02-20 00:51:52,victor.palmer071@platform.example.com
,SHP-202002-0000001558,ORD-202002-0000000593,WH-00020,CAN,Asia,DPD,Same Day,Delayed,2020-02-24 00:15:44,2020-03-01,,1,Japan,2020-02-24 00:15:44,michelle.bender024@analytics.example.com
,SHP-202002-0000001559,ORD-202002-0000000081,WH-00211,NLD,Europe,Royal Mail,Standard,Shipped,2020-02-22 09:36:47,2020-02-28,,1,Italy,2020-02-22 09:36:47,eric.horton058@analytics.example.com
,SHP-202002-0000001560,ORD-202002-0000002724,WH-00043,JPN,Asia,Royal Mail,Pickup,Delivered,2020-02-07 22:46:54,2020-02-12,2020-02-21 03:46:54,1,Canada,2020-02-07 22:46:54,joseph.johnson049@dataops.example.com
,SHP-202002-0000001561,ORD-202002-0000001863,WH-00096,DEU,North America,Royal Mail,Same Day,In Transit,2020-02-25 09:19:19,2020-02-29,,1,Netherlands,2020-02-25 09:19:19,tina.williams074@commerce.example.com
,SHP-202002-0000001562,ORD-202002-0000002575,WH-00223,MEX,Europe,USPS,Pickup,Delivered,2020-02-16 09:49:12,2020-02-19,2020-03-01 12:49:12,2,United Kingdom,2020-02-16 09:49:12,andrea.cummings039@platform.example.com
,SHP-202002-0000001563,ORD-202002-0000000471,WH-00074,SGP,Asia,Australia Post,Express,Delivered,2020-02-22 03:09:31,2020-02-29,2020-03-02 10:09:31,4,Netherlands,2020-02-22 03:09:31,brandi.carter038@dataops.example.com
,SHP-202002-0000001564,ORD-202002-0000000587,WH-00080,GBR,Asia,FedEx,Standard,Delayed,2020-02-05 06:16:37,2020-02-13,,2,United States,2020-02-05 06:16:37,andrea.cummings039@platform.example.com
,SHP-202002-0000001565,ORD-202002-0000000149,WH-00027,ARE,Europe,DPD,Express,Shipped,2020-02-01 18:54:22,2020-02-05,,1,Italy,2020-02-01 18:54:22,stephen.daniels076@commerce.example.com
,SHP-202002-0000001566,ORD-202002-0000001933,WH-00244,JPN,Asia,Royal Mail,Economy,In Transit,2020-02-05 14:39:19,2020-02-13,,1,France,2020-02-05 14:39:19,megan.cunningham013@commerce.example.com
,SHP-202002-0000001567,ORD-202002-0000000034,WH-00143,ESP,Europe,DHL,Express,In Transit,2020-02-29 23:51:29,2020-03-07,,1,United Arab Emirates,2020-02-29 23:51:29,maria.ashley046@analytics.example.com
,SHP-202002-0000001568,ORD-202002-0000002771,WH-00103,JPN,Oceania,UPS,Economy,Delivered,2020-02-18 05:46:22,2020-02-23,2020-03-01 07:46:22,1,Spain,2020-02-18 05:46:22,david.cabrera119@dataops.example.com
,SHP-202002-0000001569,ORD-202002-0000002531,WH-00074,USA,Oceania,Australia Post,Standard,Shipped,2020-02-06 23:40:21,2020-02-09,,1,Japan,2020-02-06 23:40:21,susan.rice083@commerce.example.com
,SHP-202002-0000001570,ORD-202002-0000000792,WH-00166,NLD,Asia,FedEx,Standard,Delivered,2020-02-01 08:54:21,2020-02-05,2020-02-05 18:54:21,1,France,2020-02-01 08:54:21,joseph.johnson049@dataops.example.com
,SHP-202002-0000001571,ORD-202002-0000000017,WH-00063,IND,Europe,Royal Mail,Same Day,Delivered,2020-02-29 18:16:18,2020-03-09,2020-03-14 19:16:18,1,United Arab Emirates,2020-02-29 18:16:18,michelle.sims041@analytics.example.com
,SHP-202002-0000001572,ORD-202002-0000001121,WH-00010,IND,North America,DPD,Pickup,Delivered,2020-02-23 04:02:54,2020-03-03,2020-03-07 16:02:54,2,United Arab Emirates,2020-02-23 04:02:54,andrea.cummings039@platform.example.com
,SHP-202002-0000001573,ORD-202002-0000000121,WH-00176,JPN,Asia,Australia Post,Same Day,Delivered,2020-02-11 04:25:55,2020-02-19,2020-02-16 11:25:55,1,Mexico,2020-02-11 04:25:55,david.cabrera119@dataops.example.com
,SHP-202002-0000001574,ORD-202002-0000002876,WH-00242,ARE,Asia,DPD,Express,Delivered,2020-02-27 07:35:50,2020-03-04,2020-03-06 12:35:50,1,France,2020-02-27 07:35:50,ryan.steele043@commerce.example.com
,SHP-202002-0000001575,ORD-202002-0000001157,WH-00068,AUS,Europe,DHL,Pickup,Returned,2020-02-07 19:25:35,2020-02-17,,1,United States,2020-02-07 19:25:35,maria.ashley046@analytics.example.com
,SHP-202002-0000001576,ORD-202002-0000001647,WH-00012,ITA,Europe,DPD,Standard,Delivered,2020-02-05 20:09:49,2020-02-12,2020-02-19 08:09:49,1,Brazil,2020-02-05 20:09:49,micheal.chen050@dataops.example.com
,SHP-202002-0000001577,ORD-202002-0000001490,WH-00015,AUS,North America,DPD,Economy,Delivered,2020-02-10 14:18:47,2020-02-20,2020-02-22 23:18:47,1,Brazil,2020-02-10 14:18:47,kelsey.taylor010@platform.example.com
,SHP-202002-0000001578,ORD-202002-0000002764,WH-00001,MEX,North America,USPS,Pickup,Delayed,2020-02-27 09:17:22,2020-03-07,,1,Brazil,2020-02-27 09:17:22,micheal.chen050@dataops.example.com
,SHP-202002-0000001579,ORD-202002-0000002409,WH-00005,ITA,North America,DPD,Standard,Returned,2020-02-03 22:39:28,2020-02-08,,1,Germany,2020-02-03 22:39:28,jeffery.miller012@commerce.example.com
,SHP-202002-0000001580,ORD-202002-0000001727,WH-00135,ARE,Asia,DHL,Express,Delivered,2020-02-20 09:54:28,2020-02-29,2020-02-27 09:54:28,1,Germany,2020-02-20 09:54:28,brandi.carter038@dataops.example.com
,SHP-202002-0000001581,ORD-202002-0000002102,WH-00053,JPN,North America,FedEx,Pickup,Delivered,2020-02-29 10:59:08,2020-03-07,2020-03-08 20:59:08,2,Germany,2020-02-29 10:59:08,michael.johnson061@platform.example.com
,SHP-202002-0000001582,ORD-202002-0000001375,WH-00070,CAN,Europe,FedEx,Pickup,Delivered,2020-02-17 20:18:54,2020-02-24,2020-02-21 01:18:54,1,Netherlands,2020-02-17 20:18:54,stephen.clark001@analytics.example.com
,SHP-202002-0000001583,ORD-202002-0000001416,WH-00247,GBR,Europe,DPD,Pickup,In Transit,2020-02-19 16:03:29,2020-02-23,,1,Mexico,2020-02-19 16:03:29,tina.williams074@commerce.example.com
,SHP-202002-0000001584,ORD-202002-0000002133,WH-00094,AUS,South America,DHL,Same Day,Delivered,2020-02-27 22:31:24,2020-03-07,2020-03-12 23:31:24,1,Brazil,2020-02-27 22:31:24,tina.williams074@commerce.example.com
,SHP-202002-0000001585,ORD-202002-0000002673,WH-00022,GBR,North America,FedEx,Economy,Delivered,2020-02-22 23:30:28,2020-02-28,2020-03-02 05:30:28,1,Mexico,2020-02-22 23:30:28,peter.martinez098@platform.example.com
,SHP-202002-0000001586,ORD-202002-0000000252,WH-00165,USA,Asia,Royal Mail,Express,Delivered,2020-02-10 06:37:38,2020-02-15,2020-02-15 11:37:38,1,Singapore,2020-02-10 06:37:38,michelle.sims041@analytics.example.com
,SHP-202002-0000001587,ORD-202002-0000000348,WH-00216,MEX,Europe,UPS,Same Day,Delivered,2020-02-03 03:16:55,2020-02-06,2020-02-07 05:16:55,1,Brazil,2020-02-03 03:16:55,james.proctor094@dataops.example.com
,SHP-202002-0000001588,ORD-202002-0000002123,WH-00053,IND,Europe,Australia Post,Express,Delivered,2020-02-22 04:59:55,2020-02-28,2020-03-01 12:59:55,1,Australia,2020-02-22 04:59:55,james.proctor094@dataops.example.com
,SHP-202002-0000001589,ORD-202002-0000001601,WH-00204,BRA,Asia,Royal Mail,Standard,Shipped,2020-02-01 14:59:53,2020-02-10,,1,United Arab Emirates,2020-02-01 14:59:53,megan.cunningham013@commerce.example.com
,SHP-202002-0000001590,ORD-202002-0000000933,WH-00035,MEX,North America,USPS,Economy,Shipped,2020-02-26 16:20:52,2020-02-28,,1,Mexico,2020-02-26 16:20:52,micheal.chen050@dataops.example.com
,SHP-202002-0000001591,ORD-202002-0000002779,WH-00061,FRA,Asia,FedEx,Same Day,Delivered,2020-02-28 01:31:08,2020-03-07,2020-03-07 09:31:08,1,Singapore,2020-02-28 01:31:08,tina.williams074@commerce.example.com
,SHP-202002-0000001592,ORD-202002-0000001244,WH-00240,IND,Europe,USPS,Standard,Delivered,2020-02-29 16:32:17,2020-03-02,2020-03-03 03:32:17,1,Italy,2020-02-29 16:32:17,taylor.cunningham023@commerce.example.com
,SHP-202002-0000001593,ORD-202002-0000000105,WH-00167,GBR,North America,DHL,Economy,Shipped,2020-02-03 10:52:44,2020-02-10,,1,Japan,2020-02-03 10:52:44,david.cabrera119@dataops.example.com
,SHP-202002-0000001594,ORD-202002-0000000273,WH-00083,NLD,South America,FedEx,Standard,Delivered,2020-02-06 16:12:28,2020-02-08,2020-02-10 17:12:28,3,Italy,2020-02-06 16:12:28,patrick.gonzalez035@dataops.example.com
,SHP-202002-0000001595,ORD-202002-0000000502,WH-00183,GBR,Europe,DPD,Express,Delivered,2020-02-21 06:21:13,2020-02-28,2020-02-29 11:21:13,1,France,2020-02-21 06:21:13,david.cabrera119@dataops.example.com
,SHP-202002-0000001596,ORD-202002-0000001396,WH-00103,AUS,North America,Australia Post,Economy,Delivered,2020-02-27 08:58:20,2020-03-04,2020-03-10 13:58:20,1,Italy,2020-02-27 08:58:20,stephen.daniels076@commerce.example.com
,SHP-202002-0000001597,ORD-202002-0000000195,WH-00063,CAN,Asia,DPD,Economy,Delayed,2020-02-12 19:46:44,2020-02-16,,1,Brazil,2020-02-12 19:46:44,micheal.hall064@dataops.example.com
,SHP-202002-0000001598,ORD-202002-0000001924,WH-00187,AUS,Asia,FedEx,Standard,Shipped,2020-02-23 13:09:16,2020-02-26,,1,Mexico,2020-02-23 13:09:16,ryan.steele043@commerce.example.com
,SHP-202002-0000001599,ORD-202002-0000001698,WH-00027,GBR,North America,FedEx,Express,In Transit,2020-02-21 09:31:22,2020-02-28,,1,Japan,2020-02-21 09:31:22,john.mullins109@commerce.example.com
,SHP-202002-0000001600,ORD-202002-0000001722,WH-00101,GBR,Europe,Royal Mail,Standard,Delivered,2020-02-12 18:10:36,2020-02-18,2020-02-25 03:10:36,1,United Arab Emirates,2020-02-12 18:10:36,taylor.cunningham023@commerce.example.com
,SHP-202002-0000001601,ORD-202002-0000002636,WH-00141,SGP,Asia,Australia Post,Standard,Returned,2020-02-03 09:03:29,2020-02-11,,3,Japan,2020-02-03 09:03:29,patrick.gonzalez035@dataops.example.com
,SHP-202002-0000001602,ORD-202002-0000000233,WH-00180,CAN,Europe,Royal Mail,Same Day,Delivered,2020-02-06 13:18:48,2020-02-12,2020-02-16 15:18:48,1,United States,2020-02-06 13:18:48,patrick.gonzalez035@dataops.example.com
,SHP-202002-0000001603,ORD-202002-0000000060,WH-00188,ITA,Europe,Australia Post,Standard,In Transit,2020-02-08 09:02:12,2020-02-18,,1,Mexico,2020-02-08 09:02:12,micheal.chen050@dataops.example.com
,SHP-202002-0000001604,ORD-202002-0000001660,WH-00176,USA,Europe,DHL,Economy,Shipped,2020-02-04 22:11:42,2020-02-10,,1,France,2020-02-04 22:11:42,jennifer.hudson020@analytics.example.com
,SHP-202002-0000001605,ORD-202002-0000001936,WH-00102,ESP,Europe,USPS,Same Day,Delivered,2020-02-28 19:23:39,2020-03-01,2020-03-09 03:23:39,1,United Kingdom,2020-02-28 19:23:39,ashley.marks069@commerce.example.com
,SHP-202002-0000001606,ORD-202002-0000000608,WH-00181,ARE,Oceania,Royal Mail,Express,Delivered,2020-02-03 13:37:13,2020-02-10,2020-02-16 23:37:13,1,Netherlands,2020-02-03 13:37:13,ashley.marks069@commerce.example.com
,SHP-202002-0000001607,ORD-202002-0000002370,WH-00248,IND,Europe,Australia Post,Express,Delivered,2020-02-02 21:49:55,2020-02-12,2020-02-15 05:49:55,2,United States,2020-02-02 21:49:55,micheal.hall064@dataops.example.com
,SHP-202002-0000001608,ORD-202002-0000001848,WH-00197,CAN,North America,Royal Mail,Pickup,Shipped,2020-02-09 20:37:54,2020-02-13,,1,Brazil,2020-02-09 20:37:54,jennifer.bauer068@analytics.example.com
,SHP-202002-0000001609,ORD-202002-0000000535,WH-00130,FRA,North America,FedEx,Same Day,Delivered,2020-02-18 00:06:22,2020-02-25,2020-03-02 03:06:22,2,Italy,2020-02-18 00:06:22,michelle.bender024@analytics.example.com
,SHP-202002-0000001610,ORD-202002-0000002581,WH-00030,MEX,Europe,USPS,Same Day,Delivered,2020-02-13 10:42:53,2020-02-16,2020-02-18 18:42:53,1,United Kingdom,2020-02-13 10:42:53,andrea.cummings039@platform.example.com
,SHP-202002-0000001611,ORD-202002-0000000845,WH-00085,FRA,Asia,DPD,Standard,Delivered,2020-02-26 14:18:36,2020-03-05,2020-03-11 20:18:36,1,Japan,2020-02-26 14:18:36,ashley.marks069@commerce.example.com
,SHP-202002-0000001612,ORD-202002-0000001747,WH-00038,GBR,Europe,DPD,Express,Shipped,2020-02-17 11:21:04,2020-02-20,,1,Germany,2020-02-17 11:21:04,andrea.cummings039@platform.example.com
,SHP-202002-0000001613,ORD-202002-0000001688,WH-00064,BRA,North America,UPS,Same Day,Shipped,2020-02-06 16:45:32,2020-02-08,,1,United Kingdom,2020-02-06 16:45:32,michelle.sims041@analytics.example.com
,SHP-202002-0000001614,ORD-202002-0000001235,WH-00221,GBR,Oceania,DHL,Pickup,In Transit,2020-02-11 20:10:19,2020-02-17,,1,France,2020-02-11 20:10:19,megan.cunningham013@commerce.example.com
,SHP-202002-0000001615,ORD-202002-0000002506,WH-00040,DEU,North America,DPD,Pickup,Delayed,2020-02-21 08:18:38,2020-02-28,,1,Spain,2020-02-21 08:18:38,ryan.steele043@commerce.example.com
,SHP-202002-0000001616,ORD-202002-0000000493,WH-00169,NLD,Europe,DHL,Standard,Shipped,2020-02-15 20:13:34,2020-02-17,,1,Singapore,2020-02-15 20:13:34,ryan.steele043@commerce.example.com
,SHP-202002-0000001617,ORD-202002-0000001417,WH-00118,SGP,Asia,USPS,Pickup,In Transit,2020-02-05 02:39:01,2020-02-07,,1,Brazil,2020-02-05 02:39:01,taylor.cunningham023@commerce.example.com
,SHP-202002-0000001618,ORD-202002-0000001010,WH-00007,DEU,North America,DHL,Pickup,Delivered,2020-02-03 10:37:23,2020-02-09,2020-02-16 19:37:23,2,Spain,2020-02-03 10:37:23,peter.martinez098@platform.example.com
,SHP-202002-0000001619,ORD-202002-0000002691,WH-00247,GBR,North America,UPS,Economy,Delivered,2020-02-07 15:24:17,2020-02-13,2020-02-13 22:24:17,1,Spain,2020-02-07 15:24:17,micheal.chen050@dataops.example.com
,SHP-202002-0000001620,ORD-202002-0000000963,WH-00025,USA,Europe,DPD,Economy,Delivered,2020-02-10 05:18:53,2020-02-20,2020-02-21 10:18:53,1,Spain,2020-02-10 05:18:53,ryan.steele043@commerce.example.com
,SHP-202002-0000001621,ORD-202002-0000002250,WH-00219,SGP,Asia,Australia Post,Same Day,Delayed,2020-02-08 02:38:02,2020-02-12,,1,Australia,2020-02-08 02:38:02,james.proctor094@dataops.example.com
,SHP-202002-0000001622,ORD-202002-0000002014,WH-00243,BRA,North America,DPD,Express,Delivered,2020-02-27 14:16:54,2020-03-06,2020-03-07 20:16:54,2,Netherlands,2020-02-27 14:16:54,lance.williams029@platform.example.com
,SHP-202002-0000001623,ORD-202002-0000002106,WH-00011,GBR,Asia,USPS,Standard,Returned,2020-02-13 04:22:51,2020-02-22,,1,India,2020-02-13 04:22:51,joseph.johnson049@dataops.example.com
,SHP-202002-0000001624,ORD-202002-0000001961,WH-00164,ARE,Europe,Australia Post,Pickup,Delivered,2020-02-06 06:35:51,2020-02-15,2020-02-20 18:35:51,1,Canada,2020-02-06 06:35:51,adam.gordon030@commerce.example.com
,SHP-202002-0000001625,ORD-202002-0000002655,WH-00209,MEX,North America,Australia Post,Economy,Delivered,2020-02-21 05:54:50,2020-02-25,2020-02-24 16:54:50,1,India,2020-02-21 05:54:50,susan.rice083@commerce.example.com
,SHP-202002-0000001626,ORD-202002-0000000397,WH-00171,IND,Europe,DHL,Pickup,Delivered,2020-02-05 21:57:07,2020-02-13,2020-02-19 01:57:07,2,Japan,2020-02-05 21:57:07,stephen.clark001@analytics.example.com
,SHP-202002-0000001627,ORD-202002-0000000762,WH-00217,SGP,Asia,FedEx,Same Day,Shipped,2020-02-10 09:31:23,2020-02-15,,1,Australia,2020-02-10 09:31:23,micheal.hall064@dataops.example.com
,SHP-202002-0000001628,ORD-202002-0000002595,WH-00145,FRA,Europe,FedEx,Economy,Delivered,2020-02-13 04:03:48,2020-02-18,2020-02-17 05:03:48,1,India,2020-02-13 04:03:48,maria.ashley046@analytics.example.com
,SHP-202002-0000001629,ORD-202002-0000000607,WH-00045,NLD,Europe,UPS,Same Day,In Transit,2020-02-11 09:15:59,2020-02-20,,1,Germany,2020-02-11 09:15:59,michael.johnson061@platform.example.com
,SHP-202002-0000001630,ORD-202002-0000000350,WH-00022,SGP,South America,FedEx,Standard,Shipped,2020-02-18 23:29:57,2020-02-23,,1,United Arab Emirates,2020-02-18 23:29:57,patrick.gonzalez035@dataops.example.com
,SHP-202002-0000001631,ORD-202002-0000000246,WH-00160,NLD,Asia,USPS,Standard,Shipped,2020-02-04 18:18:47,2020-02-12,,1,Brazil,2020-02-04 18:18:47,eric.horton058@analytics.example.com
,SHP-202002-0000001632,ORD-202002-0000001649,WH-00243,CAN,North America,UPS,Standard,Delivered,2020-02-04 00:52:58,2020-02-08,2020-02-11 07:52:58,1,Netherlands,2020-02-04 00:52:58,adam.gordon030@commerce.example.com
,SHP-202002-0000001633,ORD-202002-0000002736,WH-00122,NLD,Asia,Australia Post,Economy,Delivered,2020-02-17 17:41:30,2020-02-20,2020-02-28 20:41:30,1,Australia,2020-02-17 17:41:30,andrea.cummings039@platform.example.com
,SHP-202002-0000001634,ORD-202002-0000001864,WH-00182,GBR,Oceania,DPD,Express,Delivered,2020-02-04 23:21:43,2020-02-10,2020-02-13 11:21:43,2,Netherlands,2020-02-04 23:21:43,susan.rice083@commerce.example.com
,SHP-202002-0000001635,ORD-202002-0000001418,WH-00067,SGP,Europe,DPD,Express,In Transit,2020-02-25 06:35:09,2020-02-27,,1,Japan,2020-02-25 06:35:09,ryan.steele043@commerce.example.com
,SHP-202002-0000001636,ORD-202002-0000000643,WH-00234,FRA,Oceania,Royal Mail,Standard,Delivered,2020-02-20 02:44:15,2020-02-26,2020-02-28 04:44:15,1,India,2020-02-20 02:44:15,michelle.sims041@analytics.example.com
,SHP-202002-0000001637,ORD-202002-0000002515,WH-00059,SGP,Europe,USPS,Express,In Transit,2020-02-03 23:05:13,2020-02-09,,1,Canada,2020-02-03 23:05:13,andrea.cummings039@platform.example.com
,SHP-202002-0000001638,ORD-202002-0000001630,WH-00161,FRA,Europe,USPS,Economy,Returned,2020-02-11 08:44:50,2020-02-15,,1,Italy,2020-02-11 08:44:50,jennifer.hudson020@analytics.example.com
,SHP-202002-0000001639,ORD-202002-0000001546,WH-00056,FRA,Europe,UPS,Same Day,Delivered,2020-02-29 11:53:47,2020-03-03,2020-03-04 12:53:47,1,Japan,2020-02-29 11:53:47,micheal.hall064@dataops.example.com
,SHP-202002-0000001640,ORD-202002-0000001558,WH-00075,FRA,North America,FedEx,Same Day,Delivered,2020-02-23 14:41:15,2020-03-01,2020-02-28 16:41:15,1,Japan,2020-02-23 14:41:15,maria.ashley046@analytics.example.com
,SHP-202002-0000001641,ORD-202002-0000002839,WH-00028,ITA,Europe,FedEx,Pickup,In Transit,2020-02-02 00:03:02,2020-02-05,,1,Brazil,2020-02-02 00:03:02,kelsey.taylor010@platform.example.com
,SHP-202002-0000001642,ORD-202002-0000002069,WH-00241,DEU,Asia,DHL,Express,In Transit,2020-02-03 22:02:34,2020-02-07,,1,France,2020-02-03 22:02:34,lance.williams029@platform.example.com
,SHP-202002-0000001643,ORD-202002-0000000018,WH-00107,MEX,Europe,USPS,Express,In Transit,2020-02-08 18:41:34,2020-02-18,,1,United States,2020-02-08 18:41:34,stephen.daniels076@commerce.example.com
,SHP-202002-0000001644,ORD-202002-0000000404,WH-00139,JPN,Europe,DPD,Standard,Delivered,2020-02-29 14:47:13,2020-03-03,2020-03-14 15:47:13,1,Italy,2020-02-29 14:47:13,ashley.marks069@commerce.example.com
,SHP-202002-0000001645,ORD-202002-0000002241,WH-00037,NLD,Europe,DHL,Economy,Delivered,2020-02-04 19:46:23,2020-02-12,2020-02-12 05:46:23,1,Australia,2020-02-04 19:46:23,andrea.cummings039@platform.example.com
,SHP-202002-0000001646,ORD-202002-0000002337,WH-00018,NLD,North America,USPS,Same Day,Delivered,2020-02-08 15:04:24,2020-02-10,2020-02-14 03:04:24,1,United States,2020-02-08 15:04:24,jeffery.miller012@commerce.example.com
,SHP-202002-0000001647,ORD-202002-0000001142,WH-00130,GBR,Asia,DPD,Express,Delivered,2020-02-06 03:08:43,2020-02-12,2020-02-09 13:08:43,1,United Kingdom,2020-02-06 03:08:43,micheal.hall064@dataops.example.com
,SHP-202002-0000001648,ORD-202002-0000000622,WH-00245,JPN,Europe,DHL,Pickup,Delivered,2020-02-19 04:30:31,2020-02-22,2020-02-22 16:30:31,1,Brazil,2020-02-19 04:30:31,jeffery.miller012@commerce.example.com
,SHP-202002-0000001649,ORD-202002-0000000917,WH-00145,DEU,Asia,DHL,Economy,Delivered,2020-02-02 12:32:06,2020-02-12,2020-02-05 16:32:06,1,Brazil,2020-02-02 12:32:06,ryan.steele043@commerce.example.com
,SHP-202002-0000001650,ORD-202002-0000002252,WH-00053,CAN,South America,USPS,Standard,Delivered,2020-02-27 01:36:32,2020-03-06,2020-03-03 09:36:32,1,Germany,2020-02-27 01:36:32,stephen.clark001@analytics.example.com
,SHP-202002-0000001651,ORD-202002-0000002713,WH-00136,NLD,Europe,DHL,Pickup,Delivered,2020-02-02 04:49:51,2020-02-05,2020-02-13 10:49:51,1,United States,2020-02-02 04:49:51,joseph.johnson049@dataops.example.com
,SHP-202002-0000001652,ORD-202002-0000002596,WH-00182,AUS,South America,Australia Post,Economy,Delivered,2020-02-15 23:51:50,2020-02-18,2020-03-01 07:51:50,1,United States,2020-02-15 23:51:50,stephen.clark001@analytics.example.com
,SHP-202002-0000001653,ORD-202002-0000000214,WH-00075,ESP,Asia,DPD,Same Day,In Transit,2020-02-22 06:05:43,2020-03-03,,1,Mexico,2020-02-22 06:05:43,michael.berger060@platform.example.com
,SHP-202002-0000001654,ORD-202002-0000000709,WH-00234,SGP,Europe,Australia Post,Same Day,Delivered,2020-02-14 16:20:36,2020-02-16,2020-02-25 21:20:36,1,Germany,2020-02-14 16:20:36,lance.williams029@platform.example.com
,SHP-202002-0000001655,ORD-202002-0000000200,WH-00096,JPN,North America,FedEx,Pickup,In Transit,2020-02-23 22:36:16,2020-02-28,,2,Mexico,2020-02-23 22:36:16,david.cabrera119@dataops.example.com
,SHP-202002-0000001656,ORD-202002-0000001177,WH-00006,DEU,South America,DHL,Same Day,In Transit,2020-02-20 05:35:29,2020-03-01,,1,Singapore,2020-02-20 05:35:29,maria.ashley046@analytics.example.com
,SHP-202002-0000001657,ORD-202002-0000001864,WH-00018,IND,Europe,FedEx,Standard,Delivered,2020-02-11 21:21:10,2020-02-16,2020-02-19 03:21:10,2,Germany,2020-02-11 21:21:10,michelle.bender024@analytics.example.com
,SHP-202002-0000001658,ORD-202002-0000001918,WH-00107,BRA,South America,Royal Mail,Standard,Delivered,2020-02-04 05:59:07,2020-02-09,2020-02-12 11:59:07,1,Brazil,2020-02-04 05:59:07,patrick.gonzalez035@dataops.example.com
,SHP-202002-0000001659,ORD-202002-0000001094,WH-00105,CAN,North America,DHL,Economy,Delivered,2020-02-27 04:34:34,2020-03-03,2020-03-12 08:34:34,1,Japan,2020-02-27 04:34:34,jeffery.miller012@commerce.example.com
,SHP-202002-0000001660,ORD-202002-0000001008,WH-00069,IND,Europe,Royal Mail,Pickup,Shipped,2020-02-22 21:42:06,2020-03-02,,1,India,2020-02-22 21:42:06,susan.rice083@commerce.example.com
,SHP-202002-0000001661,ORD-202002-0000001515,WH-00174,CAN,Europe,FedEx,Same Day,Delivered,2020-02-10 23:21:32,2020-02-19,2020-02-15 08:21:32,1,Netherlands,2020-02-10 23:21:32,peter.martinez098@platform.example.com
,SHP-202002-0000001662,ORD-202002-0000000840,WH-00146,ESP,Europe,FedEx,Pickup,Delivered,2020-02-18 03:45:14,2020-02-26,2020-02-28 13:45:14,2,Mexico,2020-02-18 03:45:14,brandi.carter038@dataops.example.com
,SHP-202002-0000001663,ORD-202002-0000000636,WH-00055,IND,Asia,DPD,Economy,Delayed,2020-02-13 00:40:30,2020-02-18,,3,Mexico,2020-02-13 00:40:30,stephen.clark001@analytics.example.com
,SHP-202002-0000001664,ORD-202002-0000001851,WH-00139,SGP,Europe,USPS,Express,Delivered,2020-02-15 18:43:56,2020-02-22,2020-02-27 03:43:56,1,Netherlands,2020-02-15 18:43:56,jennifer.hudson020@analytics.example.com
,SHP-202002-0000001665,ORD-202002-0000000147,WH-00145,NLD,Asia,UPS,Same Day,Delivered,2020-02-10 08:01:19,2020-02-13,2020-02-17 16:01:19,2,Brazil,2020-02-10 08:01:19,lance.williams029@platform.example.com
,SHP-202002-0000001666,ORD-202002-0000001797,WH-00013,CAN,Asia,DPD,Economy,In Transit,2020-02-23 05:45:18,2020-02-29,,1,Canada,2020-02-23 05:45:18,michelle.sims041@analytics.example.com
,SHP-202002-0000001667,ORD-202002-0000002417,WH-00073,CAN,Europe,USPS,Same Day,Delivered,2020-02-21 02:53:36,2020-02-24,2020-02-28 03:53:36,1,Australia,2020-02-21 02:53:36,joseph.johnson049@dataops.example.com
,SHP-202002-0000001668,ORD-202002-0000001888,WH-00229,USA,Europe,FedEx,Economy,Delivered,2020-02-25 15:23:24,2020-02-29,2020-03-07 19:23:24,1,Canada,2020-02-25 15:23:24,jennifer.hudson020@analytics.example.com
,SHP-202002-0000001669,ORD-202002-0000001032,WH-00023,AUS,North America,FedEx,Same Day,Delivered,2020-02-26 13:42:57,2020-03-01,2020-03-05 21:42:57,1,United Kingdom,2020-02-26 13:42:57,kelsey.taylor010@platform.example.com
,SHP-202002-0000001670,ORD-202002-0000002861,WH-00026,BRA,South America,Australia Post,Same Day,Delivered,2020-02-19 01:41:15,2020-02-22,2020-02-26 12:41:15,1,Brazil,2020-02-19 01:41:15,megan.cunningham013@commerce.example.com
,SHP-202002-0000001671,ORD-202002-0000001385,WH-00201,ITA,Oceania,Royal Mail,Same Day,Returned,2020-02-05 12:16:54,2020-02-13,,1,Italy,2020-02-05 12:16:54,michael.johnson061@platform.example.com
,SHP-202002-0000001672,ORD-202002-0000002368,WH-00003,ITA,Asia,Australia Post,Standard,Delivered,2020-02-15 11:50:06,2020-02-17,2020-02-29 16:50:06,1,Italy,2020-02-15 11:50:06,jennifer.hudson020@analytics.example.com
,SHP-202002-0000001673,ORD-202002-0000001488,WH-00078,DEU,Asia,Royal Mail,Same Day,Delivered,2020-02-18 19:44:19,2020-02-28,2020-02-27 20:44:19,1,Germany,2020-02-18 19:44:19,michael.berger060@platform.example.com
,SHP-202002-0000001674,ORD-202002-0000000836,WH-00076,NLD,Oceania,Royal Mail,Economy,Delivered,2020-02-10 18:43:28,2020-02-13,2020-02-15 02:43:28,1,Brazil,2020-02-10 18:43:28,victor.palmer071@platform.example.com
,SHP-202002-0000001675,ORD-202002-0000000744,WH-00114,BRA,Europe,DPD,Express,Delivered,2020-02-24 09:31:51,2020-03-02,2020-03-06 12:31:51,1,India,2020-02-24 09:31:51,david.cabrera119@dataops.example.com
,SHP-202002-0000001676,ORD-202002-0000000790,WH-00021,FRA,Asia,DHL,Standard,Delivered,2020-02-01 22:21:37,2020-02-04,2020-02-15 06:21:37,1,Japan,2020-02-01 22:21:37,adam.gordon030@commerce.example.com
,SHP-202002-0000001677,ORD-202002-0000002102,WH-00159,ITA,Asia,DHL,Express,Delivered,2020-02-24 23:49:13,2020-03-01,2020-03-04 03:49:13,1,France,2020-02-24 23:49:13,lance.williams029@platform.example.com
,SHP-202002-0000001678,ORD-202002-0000001119,WH-00017,JPN,Europe,FedEx,Same Day,Delivered,2020-02-27 11:44:59,2020-03-05,2020-03-08 15:44:59,1,Canada,2020-02-27 11:44:59,jeffery.miller012@commerce.example.com
,SHP-202002-0000001679,ORD-202002-0000001225,WH-00019,ITA,Asia,DPD,Standard,Delivered,2020-02-12 03:10:54,2020-02-19,2020-02-22 12:10:54,1,Mexico,2020-02-12 03:10:54,david.cabrera119@dataops.example.com
,SHP-202002-0000001680,ORD-202002-0000000913,WH-00191,ITA,Oceania,Australia Post,Standard,Returned,2020-02-21 05:11:02,2020-02-23,,1,Spain,2020-02-21 05:11:02,ashley.marks069@commerce.example.com
,SHP-202002-0000001681,ORD-202002-0000001360,WH-00089,ITA,Europe,USPS,Standard,Delivered,2020-02-17 16:40:02,2020-02-26,2020-02-29 22:40:02,1,Japan,2020-02-17 16:40:02,andrea.cummings039@platform.example.com
,SHP-202002-0000001682,ORD-202002-0000000939,WH-00162,JPN,Europe,Australia Post,Standard,Delivered,2020-02-14 15:18:26,2020-02-23,2020-02-27 15:18:26,1,India,2020-02-14 15:18:26,susan.rice083@commerce.example.com
,SHP-202002-0000001683,ORD-202002-0000000724,WH-00226,ARE,North America,DHL,Pickup,Delivered,2020-02-23 01:17:08,2020-02-29,2020-03-02 06:17:08,2,Netherlands,2020-02-23 01:17:08,patrick.gonzalez035@dataops.example.com
,SHP-202002-0000001684,ORD-202002-0000001325,WH-00068,ESP,Asia,DPD,Express,Delivered,2020-02-12 13:56:59,2020-02-18,2020-02-17 00:56:59,1,Germany,2020-02-12 13:56:59,lance.williams029@platform.example.com
,SHP-202002-0000001685,ORD-202002-0000000269,WH-00103,JPN,North America,DHL,Pickup,Delivered,2020-02-13 12:27:14,2020-02-18,2020-02-20 00:27:14,1,Brazil,2020-02-13 12:27:14,joseph.johnson049@dataops.example.com
,SHP-202002-0000001686,ORD-202002-0000001272,WH-00154,NLD,North America,UPS,Express,Delivered,2020-02-22 08:27:36,2020-03-01,2020-03-07 08:27:36,1,France,2020-02-22 08:27:36,patrick.gonzalez035@dataops.example.com
,SHP-202002-0000001687,ORD-202002-0000000773,WH-00042,JPN,Asia,USPS,Express,Delivered,2020-02-25 06:22:55,2020-02-29,2020-03-07 17:22:55,2,Germany,2020-02-25 06:22:55,david.cabrera119@dataops.example.com
,SHP-202002-0000001688,ORD-202002-0000000713,WH-00112,DEU,Europe,UPS,Express,Delivered,2020-02-11 03:34:28,2020-02-18,2020-02-13 10:34:28,1,Japan,2020-02-11 03:34:28,michelle.sims041@analytics.example.com
,SHP-202002-0000001689,ORD-202002-0000000052,WH-00245,ESP,Asia,USPS,Pickup,Delivered,2020-02-19 02:18:08,2020-02-25,2020-02-27 10:18:08,2,Italy,2020-02-19 02:18:08,maria.ashley046@analytics.example.com
,SHP-202002-0000001690,ORD-202002-0000000657,WH-00185,GBR,North America,USPS,Pickup,In Transit,2020-02-14 09:09:13,2020-02-16,,1,Netherlands,2020-02-14 09:09:13,jennifer.hudson020@analytics.example.com
,SHP-202002-0000001691,ORD-202002-0000001502,WH-00087,MEX,Asia,DHL,Express,Delivered,2020-02-16 17:15:48,2020-02-22,2020-02-23 04:15:48,1,Brazil,2020-02-16 17:15:48,brandi.carter038@dataops.example.com
,SHP-202002-0000001692,ORD-202002-0000000950,WH-00131,MEX,Europe,USPS,Economy,Delivered,2020-02-11 23:26:18,2020-02-18,2020-02-14 01:26:18,1,Australia,2020-02-11 23:26:18,ashley.marks069@commerce.example.com
,SHP-202002-0000001693,ORD-202002-0000002608,WH-00195,SGP,Oceania,Royal Mail,Pickup,In Transit,2020-02-22 16:25:56,2020-02-26,,1,Japan,2020-02-22 16:25:56,eric.horton058@analytics.example.com
,SHP-202002-0000001694,ORD-202002-0000002245,WH-00036,ESP,Europe,Royal Mail,Same Day,In Transit,2020-02-14 15:58:28,2020-02-23,,1,United Kingdom,2020-02-14 15:58:28,eric.horton058@analytics.example.com
,SHP-202002-0000001695,ORD-202002-0000002403,WH-00227,JPN,Europe,Australia Post,Pickup,Delivered,2020-02-18 02:50:25,2020-02-27,2020-03-02 03:50:25,1,Japan,2020-02-18 02:50:25,adam.gordon030@commerce.example.com
,SHP-202002-0000001696,ORD-202002-0000001548,WH-00115,GBR,Europe,FedEx,Standard,Delivered,2020-02-02 03:32:31,2020-02-10,2020-02-06 12:32:31,1,United Arab Emirates,2020-02-02 03:32:31,stephen.daniels076@commerce.example.com
,SHP-202002-0000001697,ORD-202002-0000000004,WH-00039,CAN,Asia,USPS,Express,Delivered,2020-02-15 02:14:40,2020-02-23,2020-02-17 05:14:40,2,France,2020-02-15 02:14:40,michelle.sims041@analytics.example.com
,SHP-202002-0000001698,ORD-202002-0000000015,WH-00250,FRA,North America,DHL,Standard,In Transit,2020-02-27 05:34:59,2020-03-01,,1,Italy,2020-02-27 05:34:59,micheal.chen050@dataops.example.com
,SHP-202002-0000001699,ORD-202002-0000000885,WH-00222,JPN,Asia,USPS,Express,Delivered,2020-02-02 21:12:47,2020-02-10,2020-02-07 06:12:47,1,United Arab Emirates,2020-02-02 21:12:47,michelle.sims041@analytics.example.com
,SHP-202002-0000001700,ORD-202002-0000002430,WH-00091,USA,Asia,DHL,Pickup,Delivered,2020-02-24 11:09:53,2020-02-27,2020-03-07 15:09:53,1,Mexico,2020-02-24 11:09:53,michelle.sims041@analytics.example.com
,SHP-202002-0000001701,ORD-202002-0000000293,WH-00206,BRA,Asia,Royal Mail,Express,Delivered,2020-02-22 00:34:45,2020-02-27,2020-02-27 07:34:45,1,United States,2020-02-22 00:34:45,stephen.clark001@analytics.example.com
,SHP-202002-0000001702,ORD-202002-0000001579,WH-00119,ARE,North America,DPD,Pickup,Shipped,2020-02-18 07:07:20,2020-02-23,,1,Australia,2020-02-18 07:07:20,peter.martinez098@platform.example.com
,SHP-202002-0000001703,ORD-202002-0000000121,WH-00030,ESP,Europe,DHL,Same Day,Delivered,2020-02-28 17:42:49,2020-03-03,2020-03-03 03:42:49,1,United Kingdom,2020-02-28 17:42:49,adam.gordon030@commerce.example.com
,SHP-202002-0000001704,ORD-202002-0000002858,WH-00062,GBR,North America,DHL,Pickup,Delivered,2020-02-24 04:29:24,2020-03-02,2020-03-03 10:29:24,1,Singapore,2020-02-24 04:29:24,james.proctor094@dataops.example.com
,SHP-202002-0000001705,ORD-202002-0000000939,WH-00128,SGP,South America,DHL,Express,Delayed,2020-02-05 16:15:51,2020-02-14,,1,France,2020-02-05 16:15:51,ashley.marks069@commerce.example.com
,SHP-202002-0000001706,ORD-202002-0000002025,WH-00069,CAN,Europe,Australia Post,Standard,Delivered,2020-02-25 01:48:32,2020-03-04,2020-03-04 06:48:32,1,India,2020-02-25 01:48:32,joseph.johnson049@dataops.example.com
,SHP-202002-0000001707,ORD-202002-0000002653,WH-00002,IND,Europe,FedEx,Same Day,Shipped,2020-02-07 07:28:00,2020-02-12,,1,Singapore,2020-02-07 07:28:00,john.mullins109@commerce.example.com
,SHP-202002-0000001708,ORD-202002-0000002612,WH-00141,IND,Europe,USPS,Express,Shipped,2020-02-01 05:32:41,2020-02-04,,4,Brazil,2020-02-01 05:32:41,andrea.cummings039@platform.example.com
,SHP-202002-0000001709,ORD-202002-0000001979,WH-00225,GBR,Europe,USPS,Economy,Returned,2020-02-14 20:28:28,2020-02-16,,1,Canada,2020-02-14 20:28:28,david.cabrera119@dataops.example.com
,SHP-202002-0000001710,ORD-202002-0000001964,WH-00144,JPN,Europe,UPS,Pickup,Returned,2020-02-22 04:12:17,2020-02-28,,1,India,2020-02-22 04:12:17,david.cabrera119@dataops.example.com
,SHP-202002-0000001711,ORD-202002-0000000056,WH-00177,JPN,Asia,Royal Mail,Same Day,Delivered,2020-02-12 10:27:35,2020-02-18,2020-02-26 19:27:35,2,France,2020-02-12 10:27:35,jeffery.miller012@commerce.example.com
,SHP-202002-0000001712,ORD-202002-0000000274,WH-00201,GBR,Asia,UPS,Pickup,Shipped,2020-02-20 08:27:59,2020-02-29,,1,Italy,2020-02-20 08:27:59,ryan.steele043@commerce.example.com
,SHP-202002-0000001713,ORD-202002-0000002477,WH-00191,BRA,Asia,USPS,Pickup,Delivered,2020-02-14 00:38:48,2020-02-21,2020-02-27 00:38:48,1,United Kingdom,2020-02-14 00:38:48,stephen.clark001@analytics.example.com
,SHP-202002-0000001714,ORD-202002-0000001679,WH-00249,ESP,Europe,Royal Mail,Same Day,Delivered,2020-02-12 23:24:43,2020-02-18,2020-02-21 09:24:43,1,Italy,2020-02-12 23:24:43,jennifer.hudson020@analytics.example.com
,SHP-202002-0000001715,ORD-202002-0000000093,WH-00080,JPN,North America,FedEx,Same Day,Delivered,2020-02-08 21:59:29,2020-02-12,2020-02-17 04:59:29,1,United Arab Emirates,2020-02-08 21:59:29,joseph.johnson049@dataops.example.com
,SHP-202002-0000001716,ORD-202002-0000002835,WH-00242,ESP,Asia,USPS,Pickup,Delivered,2020-02-28 20:53:34,2020-03-04,2020-03-11 00:53:34,1,Italy,2020-02-28 20:53:34,jeffery.miller012@commerce.example.com
,SHP-202002-0000001717,ORD-202002-0000001723,WH-00115,DEU,Asia,DPD,Economy,Delivered,2020-02-10 23:11:29,2020-02-12,2020-02-14 23:11:29,1,United Kingdom,2020-02-10 23:11:29,michelle.bender024@analytics.example.com
,SHP-202002-0000001718,ORD-202002-0000001205,WH-00096,SGP,North America,DHL,Pickup,In Transit,2020-02-03 06:25:04,2020-02-08,,1,Canada,2020-02-03 06:25:04,eric.horton058@analytics.example.com
,SHP-202002-0000001719,ORD-202002-0000000398,WH-00055,IND,Asia,Royal Mail,Pickup,In Transit,2020-02-18 11:27:48,2020-02-25,,1,Spain,2020-02-18 11:27:48,micheal.hall064@dataops.example.com
,SHP-202002-0000001720,ORD-202002-0000002889,WH-00039,DEU,Asia,DHL,Express,In Transit,2020-02-15 09:30:27,2020-02-19,,1,Australia,2020-02-15 09:30:27,michael.berger060@platform.example.com
,SHP-202002-0000001721,ORD-202002-0000001602,WH-00226,BRA,Asia,Australia Post,Economy,Delivered,2020-02-23 16:07:06,2020-02-29,2020-03-01 20:07:06,1,Australia,2020-02-23 16:07:06,david.cabrera119@dataops.example.com
,SHP-202002-0000001722,ORD-202002-0000002690,WH-00059,SGP,Asia,Australia Post,Same Day,Delivered,2020-02-26 07:26:59,2020-03-07,2020-03-11 11:26:59,1,Netherlands,2020-02-26 07:26:59,stephen.daniels076@commerce.example.com
,SHP-202002-0000001723,ORD-202002-0000001228,WH-00036,DEU,North America,Australia Post,Pickup,Delivered,2020-02-10 02:56:39,2020-02-18,2020-02-16 06:56:39,1,Singapore,2020-02-10 02:56:39,susan.rice083@commerce.example.com
,SHP-202002-0000001724,ORD-202002-0000000186,WH-00027,ITA,Asia,FedEx,Pickup,Delivered,2020-02-26 14:53:38,2020-03-02,2020-03-07 02:53:38,1,Netherlands,2020-02-26 14:53:38,taylor.cunningham023@commerce.example.com
,SHP-202002-0000001725,ORD-202002-0000002512,WH-00167,IND,Asia,DHL,Same Day,Delivered,2020-02-17 01:53:48,2020-02-26,2020-02-27 11:53:48,1,United Arab Emirates,2020-02-17 01:53:48,victor.palmer071@platform.example.com
,SHP-202002-0000001726,ORD-202002-0000000958,WH-00093,GBR,North America,Royal Mail,Economy,Delivered,2020-02-21 03:31:08,2020-02-23,2020-02-23 07:31:08,2,United Arab Emirates,2020-02-21 03:31:08,michael.johnson061@platform.example.com
,SHP-202002-0000001727,ORD-202002-0000002413,WH-00245,FRA,North America,DHL,Express,Delivered,2020-02-20 19:41:13,2020-02-24,2020-02-24 04:41:13,1,Italy,2020-02-20 19:41:13,victor.palmer071@platform.example.com
,SHP-202002-0000001728,ORD-202002-0000000752,WH-00201,SGP,Europe,DHL,Express,In Transit,2020-02-19 03:05:54,2020-02-27,,2,United States,2020-02-19 03:05:54,maria.ashley046@analytics.example.com
,SHP-202002-0000001729,ORD-202002-0000002151,WH-00154,ITA,Asia,UPS,Same Day,Delivered,2020-02-12 04:27:57,2020-02-15,2020-02-26 07:27:57,1,Canada,2020-02-12 04:27:57,ryan.steele043@commerce.example.com
,SHP-202002-0000001730,ORD-202002-0000001903,WH-00194,ESP,North America,FedEx,Express,Delivered,2020-02-05 10:19:56,2020-02-09,2020-02-14 10:19:56,1,Japan,2020-02-05 10:19:56,michael.johnson061@platform.example.com
,SHP-202002-0000001731,ORD-202002-0000001408,WH-00134,ITA,Asia,DHL,Express,Delivered,2020-02-13 00:11:05,2020-02-18,2020-02-17 10:11:05,1,Canada,2020-02-13 00:11:05,james.proctor094@dataops.example.com
,SHP-202002-0000001732,ORD-202002-0000001558,WH-00198,USA,Europe,UPS,Pickup,Shipped,2020-02-21 09:29:32,2020-02-23,,1,India,2020-02-21 09:29:32,eric.horton058@analytics.example.com
,SHP-202002-0000001733,ORD-202002-0000000440,WH-00124,MEX,North America,USPS,Pickup,Delivered,2020-02-15 09:45:12,2020-02-22,2020-02-18 13:45:12,1,Brazil,2020-02-15 09:45:12,patrick.gonzalez035@dataops.example.com
,SHP-202002-0000001734,ORD-202002-0000002381,WH-00225,ARE,North America,Royal Mail,Express,Delivered,2020-02-17 05:13:06,2020-02-24,2020-03-02 15:13:06,1,Netherlands,2020-02-17 05:13:06,david.cabrera119@dataops.example.com
,SHP-202002-0000001735,ORD-202002-0000002884,WH-00172,IND,Europe,DHL,Same Day,Delivered,2020-02-28 08:53:11,2020-03-04,2020-03-13 14:53:11,3,Spain,2020-02-28 08:53:11,patrick.gonzalez035@dataops.example.com
,SHP-202002-0000001736,ORD-202002-0000002427,WH-00217,JPN,South America,FedEx,Economy,Shipped,2020-02-20 04:48:34,2020-02-27,,1,Spain,2020-02-20 04:48:34,john.mullins109@commerce.example.com
,SHP-202002-0000001737,ORD-202002-0000002444,WH-00139,ITA,Europe,USPS,Same Day,Delivered,2020-02-01 03:18:23,2020-02-09,2020-02-07 11:18:23,1,Brazil,2020-02-01 03:18:23,patrick.gonzalez035@dataops.example.com
,SHP-202002-0000001738,ORD-202002-0000001679,WH-00198,AUS,Asia,Australia Post,Standard,In Transit,2020-02-04 03:56:09,2020-02-09,,1,Brazil,2020-02-04 03:56:09,lance.williams029@platform.example.com
,SHP-202002-0000001739,ORD-202002-0000001639,WH-00054,AUS,Europe,Australia Post,Express,Delivered,2020-02-12 23:08:48,2020-02-15,2020-02-16 08:08:48,1,Australia,2020-02-12 23:08:48,taylor.cunningham023@commerce.example.com
,SHP-202002-0000001740,ORD-202002-0000001026,WH-00080,NLD,North America,USPS,Economy,Delivered,2020-02-11 13:46:55,2020-02-14,2020-02-25 15:46:55,1,Canada,2020-02-11 13:46:55,micheal.chen050@dataops.example.com
,SHP-202002-0000001741,ORD-202002-0000002301,WH-00044,USA,North America,Australia Post,Pickup,Delivered,2020-02-28 02:14:29,2020-03-01,2020-03-01 08:14:29,2,Australia,2020-02-28 02:14:29,micheal.hall064@dataops.example.com
,SHP-202002-0000001742,ORD-202002-0000002134,WH-00182,ITA,Asia,Royal Mail,Pickup,In Transit,2020-02-07 19:14:11,2020-02-15,,1,Germany,2020-02-07 19:14:11,megan.cunningham013@commerce.example.com
,SHP-202002-0000001743,ORD-202002-0000002058,WH-00248,SGP,Asia,Royal Mail,Same Day,Delivered,2020-02-14 09:57:11,2020-02-23,2020-02-26 09:57:11,1,United Arab Emirates,2020-02-14 09:57:11,victor.palmer071@platform.example.com
,SHP-202002-0000001744,ORD-202002-0000002320,WH-00058,DEU,Europe,Royal Mail,Pickup,Delivered,2020-02-19 09:40:14,2020-02-22,2020-03-04 19:40:14,2,United States,2020-02-19 09:40:14,john.mullins109@commerce.example.com
,SHP-202002-0000001745,ORD-202002-0000002765,WH-00047,NLD,Asia,FedEx,Express,Delivered,2020-02-02 01:44:13,2020-02-08,2020-02-08 08:44:13,1,Brazil,2020-02-02 01:44:13,victor.palmer071@platform.example.com
,SHP-202002-0000001746,ORD-202002-0000002602,WH-00224,AUS,Oceania,Australia Post,Same Day,Delivered,2020-02-09 18:24:14,2020-02-17,2020-02-20 00:24:14,1,Canada,2020-02-09 18:24:14,jeffery.miller012@commerce.example.com
,SHP-202002-0000001747,ORD-202002-0000002050,WH-00055,NLD,Asia,DPD,Standard,Delivered,2020-02-17 22:11:44,2020-02-25,2020-02-23 09:11:44,2,Australia,2020-02-17 22:11:44,brandi.carter038@dataops.example.com
,SHP-202002-0000001748,ORD-202002-0000001383,WH-00140,ARE,North America,Australia Post,Economy,Delivered,2020-02-11 21:08:06,2020-02-16,2020-02-24 04:08:06,1,Germany,2020-02-11 21:08:06,stephen.daniels076@commerce.example.com
,SHP-202002-0000001749,ORD-202002-0000000791,WH-00020,AUS,Europe,Australia Post,Same Day,Shipped,2020-02-05 12:27:30,2020-02-08,,1,United States,2020-02-05 12:27:30,eric.horton058@analytics.example.com
,SHP-202002-0000001750,ORD-202002-0000000397,WH-00198,IND,Oceania,Royal Mail,Economy,Delayed,2020-02-19 10:04:38,2020-02-28,,1,Canada,2020-02-19 10:04:38,jennifer.hudson020@analytics.example.com
,SHP-202002-0000001751,ORD-202002-0000002056,WH-00215,SGP,Asia,Australia Post,Same Day,Delivered,2020-02-25 17:15:10,2020-03-06,2020-02-28 04:15:10,2,Spain,2020-02-25 17:15:10,eric.horton058@analytics.example.com
,SHP-202002-0000001752,ORD-202002-0000000872,WH-00126,USA,Europe,USPS,Pickup,In Transit,2020-02-12 19:22:51,2020-02-19,,1,Italy,2020-02-12 19:22:51,james.proctor094@dataops.example.com
,SHP-202002-0000001753,ORD-202002-0000001956,WH-00115,IND,Europe,DPD,Pickup,Delivered,2020-02-01 00:50:17,2020-02-06,2020-02-12 06:50:17,1,France,2020-02-01 00:50:17,adam.gordon030@commerce.example.com
,SHP-202002-0000001754,ORD-202002-0000000794,WH-00049,FRA,North America,DPD,Same Day,Delivered,2020-02-28 03:54:34,2020-03-03,2020-03-04 13:54:34,1,Spain,2020-02-28 03:54:34,tina.williams074@commerce.example.com
,SHP-202002-0000001755,ORD-202002-0000000523,WH-00189,FRA,North America,UPS,Standard,Delivered,2020-02-03 06:55:00,2020-02-05,2020-02-17 06:55:00,1,France,2020-02-03 06:55:00,adam.gordon030@commerce.example.com
,SHP-202002-0000001756,ORD-202002-0000001615,WH-00062,JPN,North America,DPD,Economy,Delivered,2020-02-21 18:00:09,2020-03-02,2020-03-04 22:00:09,2,Japan,2020-02-21 18:00:09,lance.williams029@platform.example.com
,SHP-202002-0000001757,ORD-202002-0000000924,WH-00086,IND,South America,FedEx,Standard,Delivered,2020-02-18 05:12:27,2020-02-25,2020-02-21 14:12:27,1,Mexico,2020-02-18 05:12:27,ryan.steele043@commerce.example.com
,SHP-202002-0000001758,ORD-202002-0000000386,WH-00028,ITA,Oceania,Australia Post,Same Day,Delivered,2020-02-04 01:45:15,2020-02-06,2020-02-13 02:45:15,1,United States,2020-02-04 01:45:15,michael.berger060@platform.example.com
,SHP-202002-0000001759,ORD-202002-0000000798,WH-00084,DEU,Asia,USPS,Economy,Delivered,2020-02-25 13:12:03,2020-03-06,2020-03-01 19:12:03,1,United States,2020-02-25 13:12:03,kelsey.taylor010@platform.example.com
,SHP-202002-0000001760,ORD-202002-0000000698,WH-00067,JPN,Asia,DPD,Same Day,Delivered,2020-02-14 13:54:58,2020-02-21,2020-02-27 19:54:58,1,Spain,2020-02-14 13:54:58,jennifer.bauer068@analytics.example.com
,SHP-202002-0000001761,ORD-202002-0000001769,WH-00131,ITA,Europe,FedEx,Economy,Shipped,2020-02-16 14:19:47,2020-02-19,,1,United Arab Emirates,2020-02-16 14:19:47,peter.martinez098@platform.example.com
,SHP-202002-0000001762,ORD-202002-0000001206,WH-00119,GBR,Europe,DPD,Economy,In Transit,2020-02-24 04:30:27,2020-03-03,,3,Netherlands,2020-02-24 04:30:27,susan.rice083@commerce.example.com
,SHP-202002-0000001763,ORD-202002-0000001103,WH-00023,DEU,Asia,Royal Mail,Pickup,Delivered,2020-02-23 06:10:01,2020-03-03,2020-03-01 09:10:01,4,France,2020-02-23 06:10:01,taylor.cunningham023@commerce.example.com
,SHP-202002-0000001764,ORD-202002-0000000174,WH-00139,SGP,Europe,USPS,Same Day,In Transit,2020-02-12 14:34:32,2020-02-19,,2,Germany,2020-02-12 14:34:32,eric.horton058@analytics.example.com
,SHP-202002-0000001765,ORD-202002-0000000956,WH-00192,GBR,Europe,FedEx,Standard,Delivered,2020-02-05 18:10:14,2020-02-15,2020-02-12 18:10:14,1,Singapore,2020-02-05 18:10:14,stephen.clark001@analytics.example.com
,SHP-202002-0000001766,ORD-202002-0000000309,WH-00081,MEX,Asia,DHL,Same Day,Delivered,2020-02-24 05:50:17,2020-03-05,2020-03-06 09:50:17,1,United Kingdom,2020-02-24 05:50:17,lance.williams029@platform.example.com
,SHP-202002-0000001767,ORD-202002-0000000450,WH-00069,BRA,Europe,Australia Post,Same Day,Delivered,2020-02-27 14:21:31,2020-02-29,2020-03-11 15:21:31,2,Australia,2020-02-27 14:21:31,joseph.johnson049@dataops.example.com
,SHP-202002-0000001768,ORD-202002-0000000024,WH-00079,GBR,Europe,USPS,Economy,In Transit,2020-02-10 21:06:05,2020-02-14,,1,United Arab Emirates,2020-02-10 21:06:05,susan.rice083@commerce.example.com
,SHP-202002-0000001769,ORD-202002-0000002355,WH-00101,ESP,Asia,DHL,Same Day,Delivered,2020-02-07 20:17:38,2020-02-14,2020-02-13 03:17:38,1,France,2020-02-07 20:17:38,michael.berger060@platform.example.com
,SHP-202002-0000001770,ORD-202002-0000001799,WH-00101,IND,Europe,DPD,Same Day,Delivered,2020-02-05 18:47:57,2020-02-07,2020-02-15 06:47:57,1,Canada,2020-02-05 18:47:57,michelle.bender024@analytics.example.com
,SHP-202002-0000001771,ORD-202002-0000000039,WH-00183,IND,Europe,Australia Post,Standard,In Transit,2020-02-25 17:21:17,2020-03-04,,1,Netherlands,2020-02-25 17:21:17,michelle.bender024@analytics.example.com
,SHP-202002-0000001772,ORD-202002-0000000738,WH-00239,IND,North America,DPD,Standard,In Transit,2020-02-11 12:51:19,2020-02-13,,1,Spain,2020-02-11 12:51:19,taylor.cunningham023@commerce.example.com
,SHP-202002-0000001773,ORD-202002-0000000446,WH-00231,ITA,Asia,UPS,Standard,Delivered,2020-02-04 01:36:45,2020-02-09,2020-02-09 04:36:45,2,Brazil,2020-02-04 01:36:45,micheal.chen050@dataops.example.com
,SHP-202002-0000001774,ORD-202002-0000000347,WH-00222,SGP,North America,Royal Mail,Economy,Delivered,2020-02-07 18:21:40,2020-02-11,2020-02-17 18:21:40,1,Australia,2020-02-07 18:21:40,micheal.chen050@dataops.example.com
,SHP-202002-0000001775,ORD-202002-0000002767,WH-00224,GBR,Asia,DHL,Same Day,Shipped,2020-02-26 11:11:59,2020-03-02,,1,Germany,2020-02-26 11:11:59,micheal.chen050@dataops.example.com
,SHP-202002-0000001776,ORD-202002-0000001228,WH-00238,ITA,Europe,FedEx,Same Day,Delivered,2020-02-28 09:20:07,2020-03-01,2020-03-04 09:20:07,1,United Kingdom,2020-02-28 09:20:07,david.cabrera119@dataops.example.com
,SHP-202002-0000001777,ORD-202002-0000001822,WH-00026,GBR,Europe,DHL,Economy,Delivered,2020-02-05 08:02:40,2020-02-09,2020-02-17 10:02:40,1,Brazil,2020-02-05 08:02:40,joseph.johnson049@dataops.example.com
,SHP-202002-0000001778,ORD-202002-0000000842,WH-00140,FRA,Oceania,FedEx,Standard,Delivered,2020-02-25 08:43:07,2020-03-06,2020-02-28 10:43:07,1,Mexico,2020-02-25 08:43:07,michael.berger060@platform.example.com
,SHP-202002-0000001779,ORD-202002-0000000031,WH-00223,ARE,Europe,Australia Post,Economy,Delayed,2020-02-24 22:29:42,2020-02-27,,1,Australia,2020-02-24 22:29:42,brandi.carter038@dataops.example.com
,SHP-202002-0000001780,ORD-202002-0000000848,WH-00115,DEU,Europe,UPS,Express,Delivered,2020-02-09 16:12:11,2020-02-11,2020-02-12 00:12:11,2,United Arab Emirates,2020-02-09 16:12:11,david.cabrera119@dataops.example.com
,SHP-202002-0000001781,ORD-202002-0000001234,WH-00185,IND,South America,USPS,Express,Delivered,2020-02-06 10:42:00,2020-02-11,2020-02-20 17:42:00,1,Singapore,2020-02-06 10:42:00,michelle.bender024@analytics.example.com
,SHP-202002-0000001782,ORD-202002-0000002408,WH-00145,ITA,Europe,DPD,Standard,Delivered,2020-02-23 17:26:39,2020-03-03,2020-03-08 19:26:39,1,France,2020-02-23 17:26:39,michelle.bender024@analytics.example.com
,SHP-202002-0000001783,ORD-202002-0000001823,WH-00139,BRA,Europe,USPS,Same Day,In Transit,2020-02-25 19:22:13,2020-03-05,,1,France,2020-02-25 19:22:13,victor.palmer071@platform.example.com
,SHP-202002-0000001784,ORD-202002-0000000942,WH-00182,IND,North America,Royal Mail,Pickup,Delivered,2020-02-11 12:21:03,2020-02-13,2020-02-15 20:21:03,1,Spain,2020-02-11 12:21:03,ashley.marks069@commerce.example.com
,SHP-202002-0000001785,ORD-202002-0000002049,WH-00081,ITA,North America,FedEx,Standard,Delivered,2020-02-09 10:06:04,2020-02-14,2020-02-19 21:06:04,1,France,2020-02-09 10:06:04,michael.berger060@platform.example.com
,SHP-202002-0000001786,ORD-202002-0000002511,WH-00152,AUS,Asia,Australia Post,Express,Delivered,2020-02-29 01:49:03,2020-03-08,2020-03-06 13:49:03,1,France,2020-02-29 01:49:03,eric.horton058@analytics.example.com
,SHP-202002-0000001787,ORD-202002-0000002734,WH-00133,CAN,Europe,Australia Post,Pickup,Delivered,2020-02-07 04:44:52,2020-02-15,2020-02-20 09:44:52,1,Italy,2020-02-07 04:44:52,victor.palmer071@platform.example.com
,SHP-202002-0000001788,ORD-202002-0000002451,WH-00130,FRA,Europe,UPS,Standard,Delivered,2020-02-09 14:11:58,2020-02-19,2020-02-21 23:11:58,1,France,2020-02-09 14:11:58,joseph.johnson049@dataops.example.com
,SHP-202002-0000001789,ORD-202002-0000000670,WH-00220,IND,Asia,FedEx,Express,Delivered,2020-02-21 03:32:54,2020-02-27,2020-03-05 14:32:54,1,Mexico,2020-02-21 03:32:54,patrick.gonzalez035@dataops.example.com
,SHP-202002-0000001790,ORD-202002-0000002393,WH-00038,ESP,South America,USPS,Economy,Delivered,2020-02-18 21:30:33,2020-02-24,2020-02-24 23:30:33,1,Spain,2020-02-18 21:30:33,david.cabrera119@dataops.example.com
,SHP-202002-0000001791,ORD-202002-0000000458,WH-00052,SGP,North America,Royal Mail,Pickup,In Transit,2020-02-02 02:52:33,2020-02-11,,1,Netherlands,2020-02-02 02:52:33,michael.berger060@platform.example.com
,SHP-202002-0000001792,ORD-202002-0000001869,WH-00177,GBR,North America,DHL,Standard,In Transit,2020-02-26 03:05:27,2020-03-06,,1,Japan,2020-02-26 03:05:27,james.proctor094@dataops.example.com
,SHP-202002-0000001793,ORD-202002-0000000251,WH-00164,GBR,Europe,FedEx,Economy,Delivered,2020-02-21 01:39:53,2020-02-23,2020-03-05 11:39:53,1,Singapore,2020-02-21 01:39:53,stephen.daniels076@commerce.example.com
,SHP-202002-0000001794,ORD-202002-0000000927,WH-00193,DEU,North America,DPD,Standard,Delivered,2020-02-13 23:28:14,2020-02-15,2020-02-23 07:28:14,1,Spain,2020-02-13 23:28:14,taylor.cunningham023@commerce.example.com
,SHP-202002-0000001795,ORD-202002-0000000150,WH-00011,GBR,Europe,UPS,Express,Delivered,2020-02-11 11:39:21,2020-02-17,2020-02-15 18:39:21,1,Japan,2020-02-11 11:39:21,kelsey.taylor010@platform.example.com
,SHP-202002-0000001796,ORD-202002-0000001465,WH-00069,SGP,Europe,DHL,Express,Shipped,2020-02-25 15:09:08,2020-03-06,,1,Canada,2020-02-25 15:09:08,patrick.gonzalez035@dataops.example.com
,SHP-202002-0000001797,ORD-202002-0000000458,WH-00018,SGP,Oceania,DPD,Pickup,In Transit,2020-02-08 09:48:35,2020-02-11,,1,Italy,2020-02-08 09:48:35,eric.horton058@analytics.example.com
,SHP-202002-0000001798,ORD-202002-0000000486,WH-00176,NLD,Europe,Australia Post,Same Day,Delivered,2020-02-02 15:11:56,2020-02-06,2020-02-06 01:11:56,1,Italy,2020-02-02 15:11:56,megan.cunningham013@commerce.example.com
,SHP-202002-0000001799,ORD-202002-0000002435,WH-00245,SGP,North America,Australia Post,Express,Delayed,2020-02-07 17:51:46,2020-02-09,,1,Italy,2020-02-07 17:51:46,joseph.johnson049@dataops.example.com
,SHP-202002-0000001800,ORD-202002-0000002425,WH-00156,GBR,South America,UPS,Express,Returned,2020-02-11 12:35:27,2020-02-18,,1,India,2020-02-11 12:35:27,jennifer.bauer068@analytics.example.com
,SHP-202002-0000001801,ORD-202002-0000001568,WH-00149,FRA,Asia,Royal Mail,Pickup,Delivered,2020-02-15 12:17:10,2020-02-24,2020-02-20 20:17:10,1,France,2020-02-15 12:17:10,jeffery.miller012@commerce.example.com
,SHP-202002-0000001802,ORD-202002-0000001941,WH-00008,CAN,Europe,DHL,Pickup,Delivered,2020-02-14 07:39:35,2020-02-20,2020-02-21 19:39:35,1,United Kingdom,2020-02-14 07:39:35,micheal.hall064@dataops.example.com
,SHP-202002-0000001803,ORD-202002-0000002645,WH-00109,GBR,Europe,UPS,Pickup,Delivered,2020-02-27 11:50:09,2020-03-07,2020-03-03 15:50:09,1,Spain,2020-02-27 11:50:09,kelsey.taylor010@platform.example.com
,SHP-202002-0000001804,ORD-202002-0000001504,WH-00113,JPN,North America,Australia Post,Pickup,Delivered,2020-02-24 17:09:50,2020-02-27,2020-02-26 23:09:50,2,France,2020-02-24 17:09:50,jennifer.hudson020@analytics.example.com
,SHP-202002-0000001805,ORD-202002-0000001722,WH-00153,CAN,Europe,USPS,Express,Delivered,2020-02-08 21:40:55,2020-02-13,2020-02-17 06:40:55,1,United Kingdom,2020-02-08 21:40:55,taylor.cunningham023@commerce.example.com
,SHP-202002-0000001806,ORD-202002-0000000347,WH-00213,ITA,Oceania,FedEx,Economy,In Transit,2020-02-06 01:53:03,2020-02-08,,1,Australia,2020-02-06 01:53:03,peter.martinez098@platform.example.com
,SHP-202002-0000001807,ORD-202002-0000000837,WH-00058,DEU,Europe,Australia Post,Pickup,Delivered,2020-02-01 19:02:15,2020-02-03,2020-02-04 01:02:15,1,Mexico,2020-02-01 19:02:15,maria.ashley046@analytics.example.com
,SHP-202002-0000001808,ORD-202002-0000001900,WH-00081,DEU,Europe,UPS,Economy,Delivered,2020-02-02 12:22:51,2020-02-07,2020-02-07 21:22:51,1,Australia,2020-02-02 12:22:51,maria.ashley046@analytics.example.com
,SHP-202002-0000001809,ORD-202002-0000001748,WH-00070,IND,Asia,USPS,Economy,Delivered,2020-02-02 00:22:59,2020-02-12,2020-02-08 12:22:59,1,Netherlands,2020-02-02 00:22:59,michael.johnson061@platform.example.com
,SHP-202002-0000001810,ORD-202002-0000002727,WH-00096,CAN,South America,FedEx,Economy,Delivered,2020-02-21 09:36:13,2020-02-24,2020-02-23 14:36:13,1,United States,2020-02-21 09:36:13,stephen.daniels076@commerce.example.com
,SHP-202002-0000001811,ORD-202002-0000002760,WH-00171,SGP,Asia,Royal Mail,Express,Delivered,2020-02-19 16:24:02,2020-02-27,2020-02-24 03:24:02,2,Japan,2020-02-19 16:24:02,ryan.steele043@commerce.example.com
,SHP-202002-0000001812,ORD-202002-0000002859,WH-00002,SGP,Asia,DPD,Express,Delivered,2020-02-16 06:26:51,2020-02-19,2020-02-29 18:26:51,2,United States,2020-02-16 06:26:51,ryan.steele043@commerce.example.com
,SHP-202002-0000001813,ORD-202002-0000002737,WH-00211,ARE,Europe,DPD,Same Day,Delivered,2020-02-10 00:01:28,2020-02-19,2020-02-22 03:01:28,1,Australia,2020-02-10 00:01:28,andrea.cummings039@platform.example.com
,SHP-202002-0000001814,ORD-202002-0000002370,WH-00076,BRA,Asia,Australia Post,Same Day,Delivered,2020-02-22 17:56:33,2020-02-28,2020-02-29 05:56:33,1,United Kingdom,2020-02-22 17:56:33,stephen.clark001@analytics.example.com
,SHP-202002-0000001815,ORD-202002-0000002740,WH-00111,BRA,Europe,Royal Mail,Same Day,Delivered,2020-02-21 08:39:58,2020-02-27,2020-03-01 19:39:58,1,Singapore,2020-02-21 08:39:58,michelle.bender024@analytics.example.com
,SHP-202002-0000001816,ORD-202002-0000002806,WH-00147,ITA,North America,DPD,Economy,In Transit,2020-02-01 14:31:38,2020-02-08,,2,United States,2020-02-01 14:31:38,tina.williams074@commerce.example.com
,SHP-202002-0000001817,ORD-202002-0000002866,WH-00127,FRA,Oceania,Royal Mail,Express,In Transit,2020-02-05 20:36:47,2020-02-15,,1,Canada,2020-02-05 20:36:47,michelle.bender024@analytics.example.com
,SHP-202002-0000001818,ORD-202002-0000002530,WH-00155,MEX,Europe,UPS,Economy,Delivered,2020-02-21 13:26:14,2020-02-29,2020-02-24 13:26:14,2,United Arab Emirates,2020-02-21 13:26:14,megan.cunningham013@commerce.example.com
,SHP-202002-0000001819,ORD-202002-0000002507,WH-00217,CAN,Europe,DPD,Economy,Delayed,2020-02-12 23:37:12,2020-02-19,,3,Brazil,2020-02-12 23:37:12,victor.palmer071@platform.example.com
,SHP-202002-0000001820,ORD-202002-0000002792,WH-00223,FRA,Europe,DHL,Standard,Delivered,2020-02-22 23:13:22,2020-02-27,2020-03-06 11:13:22,1,Netherlands,2020-02-22 23:13:22,stephen.daniels076@commerce.example.com
,SHP-202002-0000001821,ORD-202002-0000000468,WH-00185,ESP,Europe,UPS,Same Day,In Transit,2020-02-18 08:28:58,2020-02-22,,1,Mexico,2020-02-18 08:28:58,ashley.marks069@commerce.example.com
,SHP-202002-0000001822,ORD-202002-0000001382,WH-00051,MEX,Europe,Australia Post,Economy,Delivered,2020-02-16 16:47:08,2020-02-26,2020-02-25 16:47:08,1,Spain,2020-02-16 16:47:08,michael.berger060@platform.example.com
,SHP-202002-0000001823,ORD-202002-0000000904,WH-00204,FRA,Asia,UPS,Express,Delivered,2020-02-15 13:16:54,2020-02-23,2020-02-23 14:16:54,2,Italy,2020-02-15 13:16:54,stephen.daniels076@commerce.example.com
,SHP-202002-0000001824,ORD-202002-0000000944,WH-00022,NLD,North America,DHL,Standard,In Transit,2020-02-05 10:47:26,2020-02-12,,1,United Kingdom,2020-02-05 10:47:26,andrea.cummings039@platform.example.com
,SHP-202002-0000001825,ORD-202002-0000000023,WH-00002,CAN,Asia,Australia Post,Pickup,Delivered,2020-02-14 09:41:16,2020-02-23,2020-02-16 19:41:16,1,Brazil,2020-02-14 09:41:16,ryan.steele043@commerce.example.com
,SHP-202002-0000001826,ORD-202002-0000000933,WH-00134,CAN,Asia,FedEx,Pickup,Delivered,2020-02-12 16:27:20,2020-02-21,2020-02-24 19:27:20,1,Spain,2020-02-12 16:27:20,patrick.gonzalez035@dataops.example.com
,SHP-202002-0000001827,ORD-202002-0000002557,WH-00159,DEU,Asia,DHL,Pickup,Delivered,2020-02-23 20:03:53,2020-02-25,2020-02-27 23:03:53,1,Italy,2020-02-23 20:03:53,kelsey.taylor010@platform.example.com
,SHP-202002-0000001828,ORD-202002-0000002063,WH-00172,FRA,North America,USPS,Economy,Delivered,2020-02-18 23:43:46,2020-02-23,2020-02-25 02:43:46,1,Brazil,2020-02-18 23:43:46,john.mullins109@commerce.example.com
,SHP-202002-0000001829,ORD-202002-0000000960,WH-00244,USA,Asia,Australia Post,Express,Delivered,2020-02-17 08:55:46,2020-02-25,2020-02-19 09:55:46,1,Netherlands,2020-02-17 08:55:46,tina.williams074@commerce.example.com
,SHP-202002-0000001830,ORD-202002-0000000930,WH-00234,MEX,Europe,USPS,Pickup,Delivered,2020-02-11 21:13:52,2020-02-13,2020-02-21 00:13:52,1,United States,2020-02-11 21:13:52,megan.cunningham013@commerce.example.com
,SHP-202002-0000001831,ORD-202002-0000001213,WH-00080,AUS,Asia,DPD,Economy,Delivered,2020-02-06 06:19:08,2020-02-15,2020-02-09 16:19:08,1,Italy,2020-02-06 06:19:08,patrick.gonzalez035@dataops.example.com
,SHP-202002-0000001832,ORD-202002-0000002542,WH-00135,ARE,North America,DPD,Economy,Shipped,2020-02-02 15:43:35,2020-02-04,,2,Germany,2020-02-02 15:43:35,jennifer.bauer068@analytics.example.com
,SHP-202002-0000001833,ORD-202002-0000000778,WH-00166,ITA,Oceania,USPS,Economy,Delivered,2020-02-10 08:10:20,2020-02-15,2020-02-14 17:10:20,1,Australia,2020-02-10 08:10:20,jennifer.hudson020@analytics.example.com
,SHP-202002-0000001834,ORD-202002-0000001242,WH-00172,IND,Europe,Royal Mail,Express,Delivered,2020-02-07 13:39:10,2020-02-13,2020-02-18 01:39:10,1,Spain,2020-02-07 13:39:10,michael.berger060@platform.example.com
,SHP-202002-0000001835,ORD-202002-0000002049,WH-00049,MEX,Asia,DHL,Express,Delayed,2020-02-09 08:00:41,2020-02-15,,1,Brazil,2020-02-09 08:00:41,stephen.clark001@analytics.example.com
,SHP-202002-0000001836,ORD-202002-0000001421,WH-00042,FRA,Asia,USPS,Standard,Delivered,2020-02-01 00:11:05,2020-02-03,2020-02-03 06:11:05,1,India,2020-02-01 00:11:05,michael.berger060@platform.example.com
,SHP-202002-0000001837,ORD-202002-0000001521,WH-00188,JPN,Europe,DPD,Same Day,Delivered,2020-02-29 09:21:08,2020-03-08,2020-03-04 13:21:08,2,United States,2020-02-29 09:21:08,david.cabrera119@dataops.example.com
,SHP-202002-0000001838,ORD-202002-0000000671,WH-00172,DEU,Europe,USPS,Standard,Delivered,2020-02-20 07:11:55,2020-02-25,2020-02-23 11:11:55,1,United Kingdom,2020-02-20 07:11:55,jeffery.miller012@commerce.example.com
,SHP-202002-0000001839,ORD-202002-0000000686,WH-00130,MEX,Europe,Royal Mail,Standard,Delivered,2020-02-27 00:37:29,2020-03-05,2020-03-05 11:37:29,1,Netherlands,2020-02-27 00:37:29,stephen.daniels076@commerce.example.com
,SHP-202002-0000001840,ORD-202002-0000001960,WH-00059,SGP,South America,Australia Post,Same Day,Delayed,2020-02-16 21:26:09,2020-02-22,,1,United States,2020-02-16 21:26:09,michael.johnson061@platform.example.com
,SHP-202002-0000001841,ORD-202002-0000000951,WH-00180,ITA,Asia,UPS,Express,Returned,2020-02-13 22:58:21,2020-02-22,,1,India,2020-02-13 22:58:21,peter.martinez098@platform.example.com
,SHP-202002-0000001842,ORD-202002-0000001138,WH-00038,ESP,North America,FedEx,Express,Delivered,2020-02-02 01:57:50,2020-02-09,2020-02-07 13:57:50,1,Italy,2020-02-02 01:57:50,michelle.bender024@analytics.example.com
,SHP-202002-0000001843,ORD-202002-0000000628,WH-00141,SGP,North America,DHL,Standard,Delivered,2020-02-05 04:13:27,2020-02-11,2020-02-14 12:13:27,1,India,2020-02-05 04:13:27,ryan.steele043@commerce.example.com
,SHP-202002-0000001844,ORD-202002-0000002112,WH-00197,GBR,North America,Royal Mail,Economy,Shipped,2020-02-19 02:54:31,2020-02-25,,3,United Kingdom,2020-02-19 02:54:31,micheal.hall064@dataops.example.com
,SHP-202002-0000001845,ORD-202002-0000002866,WH-00145,BRA,Asia,USPS,Standard,In Transit,2020-02-01 00:32:55,2020-02-07,,1,United Arab Emirates,2020-02-01 00:32:55,james.proctor094@dataops.example.com
,SHP-202002-0000001846,ORD-202002-0000001801,WH-00142,ITA,Oceania,UPS,Same Day,In Transit,2020-02-14 00:33:13,2020-02-23,,1,Germany,2020-02-14 00:33:13,adam.gordon030@commerce.example.com
,SHP-202002-0000001847,ORD-202002-0000001941,WH-00162,AUS,Asia,USPS,Economy,Delivered,2020-02-06 15:17:15,2020-02-14,2020-02-13 00:17:15,1,Brazil,2020-02-06 15:17:15,maria.ashley046@analytics.example.com
,SHP-202002-0000001848,ORD-202002-0000000036,WH-00211,GBR,Europe,UPS,Standard,In Transit,2020-02-29 16:53:39,2020-03-09,,1,Italy,2020-02-29 16:53:39,jeffery.miller012@commerce.example.com
,SHP-202002-0000001849,ORD-202002-0000001665,WH-00135,AUS,Asia,FedEx,Pickup,Delivered,2020-02-12 02:31:24,2020-02-15,2020-02-15 11:31:24,1,Singapore,2020-02-12 02:31:24,michael.johnson061@platform.example.com
,SHP-202002-0000001850,ORD-202002-0000001225,WH-00107,MEX,Asia,UPS,Pickup,Delivered,2020-02-21 14:59:55,2020-03-01,2020-03-04 01:59:55,1,Singapore,2020-02-21 14:59:55,jeffery.miller012@commerce.example.com
,SHP-202002-0000001851,ORD-202002-0000002752,WH-00202,ITA,Asia,DHL,Standard,Delayed,2020-02-01 16:38:32,2020-02-11,,2,United States,2020-02-01 16:38:32,jennifer.hudson020@analytics.example.com
,SHP-202002-0000001852,ORD-202002-0000001692,WH-00119,JPN,Europe,UPS,Standard,Delivered,2020-02-02 21:52:27,2020-02-05,2020-02-17 08:52:27,1,Spain,2020-02-02 21:52:27,kelsey.taylor010@platform.example.com
,SHP-202002-0000001853,ORD-202002-0000002578,WH-00176,JPN,Europe,FedEx,Pickup,Delivered,2020-02-02 09:51:26,2020-02-06,2020-02-05 20:51:26,1,Mexico,2020-02-02 09:51:26,michael.berger060@platform.example.com
,SHP-202002-0000001854,ORD-202002-0000002060,WH-00223,MEX,North America,FedEx,Same Day,Delivered,2020-02-19 19:18:17,2020-02-21,2020-02-24 07:18:17,1,Spain,2020-02-19 19:18:17,david.cabrera119@dataops.example.com
,SHP-202002-0000001855,ORD-202002-0000002748,WH-00236,BRA,Asia,USPS,Express,Delivered,2020-02-17 18:55:13,2020-02-21,2020-02-21 03:55:13,1,Spain,2020-02-17 18:55:13,michelle.bender024@analytics.example.com
,SHP-202002-0000001856,ORD-202002-0000002318,WH-00112,ARE,North America,USPS,Same Day,Delivered,2020-02-29 06:19:03,2020-03-06,2020-03-02 14:19:03,1,United Kingdom,2020-02-29 06:19:03,stephen.clark001@analytics.example.com
,SHP-202002-0000001857,ORD-202002-0000000631,WH-00153,DEU,Europe,DPD,Express,Delivered,2020-02-22 06:03:11,2020-02-25,2020-02-25 10:03:11,1,India,2020-02-22 06:03:11,jennifer.hudson020@analytics.example.com
,SHP-202002-0000001858,ORD-202002-0000000697,WH-00098,NLD,North America,FedEx,Standard,Delivered,2020-02-09 12:58:09,2020-02-16,2020-02-18 23:58:09,1,United Kingdom,2020-02-09 12:58:09,jennifer.bauer068@analytics.example.com
,SHP-202002-0000001859,ORD-202002-0000001634,WH-00093,USA,Oceania,Australia Post,Pickup,Delivered,2020-02-19 22:39:56,2020-02-24,2020-02-27 05:39:56,2,Italy,2020-02-19 22:39:56,michelle.bender024@analytics.example.com
,SHP-202002-0000001860,ORD-202002-0000002662,WH-00024,NLD,Oceania,USPS,Standard,Delivered,2020-02-05 23:13:41,2020-02-11,2020-02-14 08:13:41,1,Netherlands,2020-02-05 23:13:41,micheal.hall064@dataops.example.com
,SHP-202002-0000001861,ORD-202002-0000001566,WH-00012,AUS,North America,USPS,Same Day,Delivered,2020-02-07 21:12:35,2020-02-11,2020-02-16 08:12:35,2,Mexico,2020-02-07 21:12:35,stephen.daniels076@commerce.example.com
,SHP-202002-0000001862,ORD-202002-0000000609,WH-00083,BRA,Oceania,UPS,Economy,Delivered,2020-02-01 01:54:35,2020-02-03,2020-02-12 11:54:35,1,Germany,2020-02-01 01:54:35,james.proctor094@dataops.example.com
,SHP-202002-0000001863,ORD-202002-0000001343,WH-00155,IND,Asia,DHL,Express,Delivered,2020-02-23 12:47:05,2020-03-01,2020-03-04 12:47:05,1,India,2020-02-23 12:47:05,susan.rice083@commerce.example.com
,SHP-202002-0000001864,ORD-202002-0000002286,WH-00126,MEX,Asia,Australia Post,Pickup,Delivered,2020-02-04 05:16:01,2020-02-10,2020-02-18 17:16:01,2,India,2020-02-04 05:16:01,lance.williams029@platform.example.com
,SHP-202002-0000001865,ORD-202002-0000001901,WH-00057,SGP,Europe,USPS,Pickup,Returned,2020-02-16 19:13:35,2020-02-24,,2,Brazil,2020-02-16 19:13:35,victor.palmer071@platform.example.com
,SHP-202002-0000001866,ORD-202002-0000002386,WH-00076,DEU,Europe,FedEx,Same Day,Delivered,2020-02-03 11:37:34,2020-02-07,2020-02-08 22:37:34,1,United Arab Emirates,2020-02-03 11:37:34,jeffery.miller012@commerce.example.com
,SHP-202002-0000001867,ORD-202002-0000001522,WH-00046,JPN,Europe,Australia Post,Express,Delivered,2020-02-20 07:56:30,2020-02-28,2020-03-05 10:56:30,1,Mexico,2020-02-20 07:56:30,kelsey.taylor010@platform.example.com
,SHP-202002-0000001868,ORD-202002-0000001165,WH-00122,BRA,North America,FedEx,Pickup,Delivered,2020-02-02 18:47:48,2020-02-08,2020-02-14 19:47:48,1,Australia,2020-02-02 18:47:48,peter.martinez098@platform.example.com
,SHP-202002-0000001869,ORD-202002-0000001243,WH-00177,JPN,Europe,Australia Post,Standard,Delivered,2020-02-15 19:58:58,2020-02-19,2020-02-21 21:58:58,1,Netherlands,2020-02-15 19:58:58,stephen.daniels076@commerce.example.com
,SHP-202002-0000001870,ORD-202002-0000002112,WH-00084,SGP,Europe,DPD,Economy,Delivered,2020-02-15 23:32:57,2020-02-21,2020-02-22 02:32:57,1,Spain,2020-02-15 23:32:57,victor.palmer071@platform.example.com
,SHP-202002-0000001871,ORD-202002-0000002168,WH-00022,MEX,Europe,DHL,Express,Delivered,2020-02-20 16:14:45,2020-02-29,2020-02-27 04:14:45,1,Mexico,2020-02-20 16:14:45,michael.johnson061@platform.example.com
,SHP-202002-0000001872,ORD-202002-0000001035,WH-00107,CAN,Europe,Australia Post,Express,Delivered,2020-02-25 14:46:43,2020-03-01,2020-03-07 02:46:43,1,Italy,2020-02-25 14:46:43,michael.berger060@platform.example.com
,SHP-202002-0000001873,ORD-202002-0000002071,WH-00092,FRA,South America,USPS,Economy,Delivered,2020-02-25 16:28:11,2020-02-28,2020-03-03 01:28:11,1,Japan,2020-02-25 16:28:11,victor.palmer071@platform.example.com
,SHP-202002-0000001874,ORD-202002-0000002634,WH-00176,FRA,North America,DPD,Express,Delivered,2020-02-24 06:53:09,2020-02-28,2020-03-09 10:53:09,1,Germany,2020-02-24 06:53:09,jennifer.hudson020@analytics.example.com
,SHP-202002-0000001875,ORD-202002-0000001025,WH-00159,USA,Europe,Australia Post,Economy,Delivered,2020-02-04 11:19:00,2020-02-12,2020-02-12 23:19:00,2,Singapore,2020-02-04 11:19:00,megan.cunningham013@commerce.example.com
,SHP-202002-0000001876,ORD-202002-0000002430,WH-00206,FRA,North America,UPS,Express,Delivered,2020-02-20 20:35:52,2020-02-25,2020-02-27 08:35:52,1,Canada,2020-02-20 20:35:52,susan.rice083@commerce.example.com
,SHP-202002-0000001877,ORD-202002-0000002144,WH-00107,MEX,North America,Royal Mail,Economy,Returned,2020-02-14 03:52:01,2020-02-22,,1,Canada,2020-02-14 03:52:01,michelle.bender024@analytics.example.com
,SHP-202002-0000001878,ORD-202002-0000002664,WH-00178,ITA,Asia,DHL,Economy,Delayed,2020-02-12 07:45:08,2020-02-19,,1,Canada,2020-02-12 07:45:08,brandi.carter038@dataops.example.com
,SHP-202002-0000001879,ORD-202002-0000002050,WH-00142,JPN,South America,USPS,Economy,Shipped,2020-02-09 10:27:01,2020-02-15,,1,India,2020-02-09 10:27:01,michael.berger060@platform.example.com
,SHP-202002-0000001880,ORD-202002-0000000906,WH-00145,USA,North America,UPS,Pickup,In Transit,2020-02-10 16:25:34,2020-02-16,,1,Australia,2020-02-10 16:25:34,adam.gordon030@commerce.example.com
,SHP-202002-0000001881,ORD-202002-0000001234,WH-00098,ARE,North America,FedEx,Express,Delivered,2020-02-20 17:34:17,2020-02-29,2020-02-28 18:34:17,1,Singapore,2020-02-20 17:34:17,victor.palmer071@platform.example.com
,SHP-202002-0000001882,ORD-202002-0000000608,WH-00145,ITA,Europe,Australia Post,Economy,Delivered,2020-02-02 22:48:20,2020-02-08,2020-02-11 07:48:20,1,Mexico,2020-02-02 22:48:20,michael.johnson061@platform.example.com
,SHP-202002-0000001883,ORD-202002-0000000117,WH-00132,ARE,Asia,DHL,Same Day,Shipped,2020-02-08 21:06:11,2020-02-11,,1,United States,2020-02-08 21:06:11,kelsey.taylor010@platform.example.com
,SHP-202002-0000001884,ORD-202002-0000002116,WH-00182,ARE,Europe,DHL,Economy,Delivered,2020-02-20 01:19:01,2020-02-23,2020-02-26 09:19:01,1,France,2020-02-20 01:19:01,adam.gordon030@commerce.example.com
,SHP-202002-0000001885,ORD-202002-0000001456,WH-00063,FRA,Asia,Royal Mail,Pickup,Delivered,2020-02-18 02:37:32,2020-02-25,2020-02-23 10:37:32,1,Spain,2020-02-18 02:37:32,micheal.hall064@dataops.example.com
,SHP-202002-0000001886,ORD-202002-0000000100,WH-00089,MEX,North America,Royal Mail,Express,Delivered,2020-02-14 15:24:58,2020-02-20,2020-02-20 17:24:58,2,Singapore,2020-02-14 15:24:58,megan.cunningham013@commerce.example.com
,SHP-202002-0000001887,ORD-202002-0000002353,WH-00064,JPN,Europe,USPS,Same Day,Shipped,2020-02-22 04:40:32,2020-02-25,,1,Japan,2020-02-22 04:40:32,andrea.cummings039@platform.example.com
,SHP-202002-0000001888,ORD-202002-0000000534,WH-00130,USA,Asia,UPS,Economy,Delivered,2020-02-13 02:44:01,2020-02-21,2020-02-26 13:44:01,2,Mexico,2020-02-13 02:44:01,patrick.gonzalez035@dataops.example.com
,SHP-202002-0000001889,ORD-202002-0000000289,WH-00062,USA,Asia,Australia Post,Pickup,Delivered,2020-02-03 17:47:21,2020-02-13,2020-02-17 04:47:21,1,Japan,2020-02-03 17:47:21,kelsey.taylor010@platform.example.com
,SHP-202002-0000001890,ORD-202002-0000002726,WH-00078,IND,Europe,Royal Mail,Pickup,Returned,2020-02-25 07:00:08,2020-03-04,,1,Italy,2020-02-25 07:00:08,michael.berger060@platform.example.com
,SHP-202002-0000001891,ORD-202002-0000001202,WH-00072,DEU,Europe,Australia Post,Same Day,Delivered,2020-02-07 09:56:02,2020-02-11,2020-02-12 21:56:02,1,United States,2020-02-07 09:56:02,kelsey.taylor010@platform.example.com
,SHP-202002-0000001892,ORD-202002-0000000360,WH-00181,CAN,Europe,Royal Mail,Same Day,Delivered,2020-02-10 02:27:31,2020-02-17,2020-02-14 08:27:31,1,United Kingdom,2020-02-10 02:27:31,peter.martinez098@platform.example.com
,SHP-202002-0000001893,ORD-202002-0000000799,WH-00068,CAN,Asia,USPS,Economy,Delivered,2020-02-20 01:53:45,2020-02-28,2020-03-05 02:53:45,2,Netherlands,2020-02-20 01:53:45,john.mullins109@commerce.example.com
,SHP-202002-0000001894,ORD-202002-0000002601,WH-00247,JPN,Europe,DPD,Pickup,Delivered,2020-02-28 00:03:04,2020-03-03,2020-03-13 01:03:04,1,India,2020-02-28 00:03:04,eric.horton058@analytics.example.com
,SHP-202002-0000001895,ORD-202002-0000000069,WH-00132,ESP,Asia,Australia Post,Standard,Delayed,2020-02-26 17:24:17,2020-03-04,,1,Italy,2020-02-26 17:24:17,micheal.chen050@dataops.example.com
,SHP-202002-0000001896,ORD-202002-0000000387,WH-00159,AUS,North America,USPS,Economy,Delivered,2020-02-27 12:45:30,2020-03-06,2020-03-02 16:45:30,1,Netherlands,2020-02-27 12:45:30,jennifer.bauer068@analytics.example.com
,SHP-202002-0000001897,ORD-202002-0000001817,WH-00125,SGP,Europe,USPS,Economy,Delivered,2020-02-24 03:12:25,2020-03-02,2020-03-02 04:12:25,1,Brazil,2020-02-24 03:12:25,jennifer.bauer068@analytics.example.com
,SHP-202002-0000001898,ORD-202002-0000000133,WH-00004,SGP,Oceania,DPD,Pickup,Returned,2020-02-29 17:38:06,2020-03-02,,1,Japan,2020-02-29 17:38:06,michael.berger060@platform.example.com
,SHP-202002-0000001899,ORD-202002-0000000443,WH-00066,JPN,North America,FedEx,Same Day,Delivered,2020-02-14 00:10:15,2020-02-17,2020-02-21 12:10:15,1,United Kingdom,2020-02-14 00:10:15,jennifer.hudson020@analytics.example.com
,SHP-202002-0000001900,ORD-202002-0000002558,WH-00107,CAN,Asia,UPS,Same Day,In Transit,2020-02-26 06:30:08,2020-03-02,,1,Canada,2020-02-26 06:30:08,megan.cunningham013@commerce.example.com
,SHP-202002-0000001901,ORD-202002-0000001535,WH-00106,GBR,North America,DPD,Economy,In Transit,2020-02-03 18:10:12,2020-02-05,,1,United Arab Emirates,2020-02-03 18:10:12,micheal.hall064@dataops.example.com
,SHP-202002-0000001902,ORD-202002-0000002884,WH-00051,SGP,South America,USPS,Same Day,In Transit,2020-02-12 23:27:57,2020-02-22,,1,Spain,2020-02-12 23:27:57,micheal.chen050@dataops.example.com
,SHP-202002-0000001903,ORD-202002-0000000763,WH-00129,MEX,Asia,DHL,Economy,Delivered,2020-02-22 15:07:38,2020-02-24,2020-02-28 17:07:38,1,Italy,2020-02-22 15:07:38,james.proctor094@dataops.example.com
,SHP-202002-0000001904,ORD-202002-0000000438,WH-00111,GBR,Asia,Australia Post,Standard,Delivered,2020-02-06 19:32:14,2020-02-10,2020-02-20 01:32:14,1,Australia,2020-02-06 19:32:14,taylor.cunningham023@commerce.example.com
,SHP-202002-0000001905,ORD-202002-0000002696,WH-00018,IND,Oceania,DHL,Pickup,Delivered,2020-02-20 16:28:15,2020-02-27,2020-03-05 19:28:15,1,Mexico,2020-02-20 16:28:15,ashley.marks069@commerce.example.com
,SHP-202002-0000001906,ORD-202002-0000002400,WH-00088,GBR,Asia,UPS,Same Day,Delivered,2020-02-26 13:22:18,2020-03-03,2020-03-10 16:22:18,1,Singapore,2020-02-26 13:22:18,kelsey.taylor010@platform.example.com
,SHP-202002-0000001907,ORD-202002-0000001101,WH-00211,BRA,Europe,UPS,Standard,Delivered,2020-02-15 05:17:08,2020-02-22,2020-02-20 08:17:08,2,Singapore,2020-02-15 05:17:08,maria.ashley046@analytics.example.com
,SHP-202002-0000001908,ORD-202002-0000000724,WH-00186,ARE,Europe,DPD,Standard,Delivered,2020-02-25 21:48:59,2020-03-02,2020-03-11 03:48:59,1,United Arab Emirates,2020-02-25 21:48:59,kelsey.taylor010@platform.example.com
,SHP-202002-0000001909,ORD-202002-0000001576,WH-00189,DEU,Europe,Royal Mail,Pickup,Delayed,2020-02-01 10:44:06,2020-02-10,,2,Japan,2020-02-01 10:44:06,jeffery.miller012@commerce.example.com
,SHP-202002-0000001910,ORD-202002-0000001220,WH-00012,SGP,Asia,DPD,Same Day,Delivered,2020-02-16 19:42:57,2020-02-23,2020-02-19 04:42:57,1,India,2020-02-16 19:42:57,john.mullins109@commerce.example.com
,SHP-202002-0000001911,ORD-202002-0000001549,WH-00002,MEX,North America,DPD,Economy,In Transit,2020-02-19 20:22:57,2020-02-23,,1,India,2020-02-19 20:22:57,jeffery.miller012@commerce.example.com
,SHP-202002-0000001912,ORD-202002-0000002166,WH-00118,GBR,Europe,Australia Post,Economy,Delivered,2020-02-18 18:11:31,2020-02-23,2020-03-03 23:11:31,2,India,2020-02-18 18:11:31,ashley.marks069@commerce.example.com
,SHP-202002-0000001913,ORD-202002-0000000591,WH-00052,DEU,North America,FedEx,Pickup,In Transit,2020-02-01 07:41:09,2020-02-03,,1,United Kingdom,2020-02-01 07:41:09,andrea.cummings039@platform.example.com
,SHP-202002-0000001914,ORD-202002-0000000504,WH-00127,CAN,North America,DPD,Economy,Delivered,2020-02-18 13:50:28,2020-02-21,2020-02-26 21:50:28,1,Netherlands,2020-02-18 13:50:28,kelsey.taylor010@platform.example.com
,SHP-202002-0000001915,ORD-202002-0000000229,WH-00219,SGP,Oceania,Australia Post,Express,Delivered,2020-02-19 15:43:47,2020-02-22,2020-03-04 18:43:47,1,Brazil,2020-02-19 15:43:47,victor.palmer071@platform.example.com
,SHP-202002-0000001916,ORD-202002-0000001020,WH-00120,MEX,North America,DHL,Express,In Transit,2020-02-01 02:11:12,2020-02-07,,1,Germany,2020-02-01 02:11:12,susan.rice083@commerce.example.com
,SHP-202002-0000001917,ORD-202002-0000000287,WH-00204,ARE,North America,Australia Post,Standard,Delivered,2020-02-21 23:47:18,2020-02-23,2020-02-24 01:47:18,1,Japan,2020-02-21 23:47:18,megan.cunningham013@commerce.example.com
,SHP-202002-0000001918,ORD-202002-0000002679,WH-00194,JPN,Asia,DHL,Standard,In Transit,2020-02-01 00:46:43,2020-02-10,,1,United Arab Emirates,2020-02-01 00:46:43,victor.palmer071@platform.example.com
,SHP-202002-0000001919,ORD-202002-0000000743,WH-00048,SGP,Europe,DHL,Standard,In Transit,2020-02-01 09:31:05,2020-02-11,,1,Japan,2020-02-01 09:31:05,patrick.gonzalez035@dataops.example.com
,SHP-202002-0000001920,ORD-202002-0000001054,WH-00214,BRA,North America,Australia Post,Same Day,Returned,2020-02-06 16:31:14,2020-02-10,,1,Australia,2020-02-06 16:31:14,michael.johnson061@platform.example.com
,SHP-202002-0000001921,ORD-202002-0000001534,WH-00213,DEU,South America,Australia Post,Express,Delivered,2020-02-17 17:22:56,2020-02-23,2020-02-23 23:22:56,1,United Kingdom,2020-02-17 17:22:56,michelle.sims041@analytics.example.com
,SHP-202002-0000001922,ORD-202002-0000001433,WH-00100,NLD,Oceania,DHL,Express,Delivered,2020-02-18 19:40:23,2020-02-28,2020-02-21 01:40:23,1,Japan,2020-02-18 19:40:23,david.cabrera119@dataops.example.com
,SHP-202002-0000001923,ORD-202002-0000002257,WH-00228,BRA,Asia,UPS,Express,Delivered,2020-02-18 21:17:59,2020-02-21,2020-02-21 03:17:59,1,United States,2020-02-18 21:17:59,peter.martinez098@platform.example.com
,SHP-202002-0000001924,ORD-202002-0000001414,WH-00061,USA,North America,USPS,Standard,Delayed,2020-02-24 16:39:26,2020-02-26,,2,Canada,2020-02-24 16:39:26,kelsey.taylor010@platform.example.com
,SHP-202002-0000001925,ORD-202002-0000000450,WH-00107,IND,North America,DHL,Economy,In Transit,2020-02-10 14:40:51,2020-02-20,,1,Brazil,2020-02-10 14:40:51,susan.rice083@commerce.example.com
,SHP-202002-0000001926,ORD-202002-0000000039,WH-00096,ITA,North America,DPD,Same Day,Delivered,2020-02-05 16:40:02,2020-02-13,2020-02-19 21:40:02,1,India,2020-02-05 16:40:02,joseph.johnson049@dataops.example.com
,SHP-202002-0000001927,ORD-202002-0000002507,WH-00126,GBR,Europe,Australia Post,Economy,Delivered,2020-02-23 08:16:31,2020-03-04,2020-03-08 15:16:31,1,United Arab Emirates,2020-02-23 08:16:31,susan.rice083@commerce.example.com
,SHP-202002-0000001928,ORD-202002-0000000662,WH-00226,GBR,Asia,FedEx,Express,Delivered,2020-02-18 04:33:52,2020-02-24,2020-02-26 14:33:52,2,Germany,2020-02-18 04:33:52,ryan.steele043@commerce.example.com
,SHP-202002-0000001929,ORD-202002-0000001227,WH-00103,AUS,Europe,Royal Mail,Same Day,In Transit,2020-02-26 14:05:30,2020-03-03,,1,Singapore,2020-02-26 14:05:30,taylor.cunningham023@commerce.example.com
,SHP-202002-0000001930,ORD-202002-0000000723,WH-00241,SGP,Asia,DPD,Economy,Delivered,2020-02-22 22:32:36,2020-03-02,2020-02-27 23:32:36,1,United Kingdom,2020-02-22 22:32:36,patrick.gonzalez035@dataops.example.com
,SHP-202002-0000001931,ORD-202002-0000001309,WH-00025,DEU,Europe,Australia Post,Standard,Delivered,2020-02-27 03:34:24,2020-03-03,2020-03-05 12:34:24,1,France,2020-02-27 03:34:24,stephen.clark001@analytics.example.com
,SHP-202002-0000001932,ORD-202002-0000000044,WH-00248,GBR,Europe,FedEx,Pickup,Delivered,2020-02-11 06:17:14,2020-02-16,2020-02-21 15:17:14,1,India,2020-02-11 06:17:14,jennifer.bauer068@analytics.example.com
,SHP-202002-0000001933,ORD-202002-0000000876,WH-00135,JPN,Oceania,FedEx,Pickup,Delivered,2020-02-03 05:35:23,2020-02-11,2020-02-10 17:35:23,1,United Kingdom,2020-02-03 05:35:23,stephen.daniels076@commerce.example.com
,SHP-202002-0000001934,ORD-202002-0000002777,WH-00153,ESP,Europe,Royal Mail,Same Day,Delivered,2020-02-08 03:22:59,2020-02-11,2020-02-17 14:22:59,1,United Kingdom,2020-02-08 03:22:59,michael.johnson061@platform.example.com
,SHP-202002-0000001935,ORD-202002-0000002515,WH-00076,MEX,North America,UPS,Express,Delivered,2020-02-06 07:21:31,2020-02-09,2020-02-15 14:21:31,1,Germany,2020-02-06 07:21:31,tina.williams074@commerce.example.com
,SHP-202002-0000001936,ORD-202002-0000001367,WH-00202,ARE,Europe,UPS,Same Day,Delivered,2020-02-23 12:23:34,2020-03-01,2020-02-25 21:23:34,1,Brazil,2020-02-23 12:23:34,jennifer.hudson020@analytics.example.com
,SHP-202002-0000001937,ORD-202002-0000000928,WH-00069,MEX,Asia,UPS,Economy,In Transit,2020-02-02 11:37:02,2020-02-04,,1,Mexico,2020-02-02 11:37:02,megan.cunningham013@commerce.example.com
,SHP-202002-0000001938,ORD-202002-0000000751,WH-00090,DEU,Oceania,DHL,Pickup,Delivered,2020-02-11 10:30:27,2020-02-16,2020-02-13 11:30:27,1,United Kingdom,2020-02-11 10:30:27,adam.gordon030@commerce.example.com
,SHP-202002-0000001939,ORD-202002-0000001885,WH-00087,SGP,South America,DHL,Economy,Delivered,2020-02-01 06:40:23,2020-02-08,2020-02-13 14:40:23,1,Canada,2020-02-01 06:40:23,eric.horton058@analytics.example.com
,SHP-202002-0000001940,ORD-202002-0000002246,WH-00100,USA,Oceania,FedEx,Express,Delivered,2020-02-12 21:03:25,2020-02-18,2020-02-26 07:03:25,1,Mexico,2020-02-12 21:03:25,david.cabrera119@dataops.example.com
,SHP-202002-0000001941,ORD-202002-0000000512,WH-00045,NLD,North America,FedEx,Express,Delayed,2020-02-19 19:36:13,2020-02-24,,1,United Arab Emirates,2020-02-19 19:36:13,patrick.gonzalez035@dataops.example.com
,SHP-202002-0000001942,ORD-202002-0000002649,WH-00113,CAN,North America,Royal Mail,Express,Delivered,2020-02-26 18:14:42,2020-03-04,2020-03-05 21:14:42,1,Spain,2020-02-26 18:14:42,taylor.cunningham023@commerce.example.com
,SHP-202002-0000001943,ORD-202002-0000002704,WH-00169,ESP,Asia,FedEx,Same Day,Shipped,2020-02-16 04:29:43,2020-02-23,,1,Canada,2020-02-16 04:29:43,eric.horton058@analytics.example.com
,SHP-202002-0000001944,ORD-202002-0000000149,WH-00110,BRA,Europe,Australia Post,Express,Delivered,2020-02-04 09:48:23,2020-02-10,2020-02-11 09:48:23,1,India,2020-02-04 09:48:23,megan.cunningham013@commerce.example.com
,SHP-202002-0000001945,ORD-202002-0000000519,WH-00221,USA,Europe,Royal Mail,Same Day,Delivered,2020-02-24 06:53:13,2020-02-27,2020-03-08 18:53:13,2,United States,2020-02-24 06:53:13,john.mullins109@commerce.example.com
,SHP-202002-0000001946,ORD-202002-0000000543,WH-00061,MEX,Europe,Royal Mail,Express,Delivered,2020-02-20 09:43:56,2020-03-01,2020-02-26 12:43:56,1,Mexico,2020-02-20 09:43:56,ryan.steele043@commerce.example.com
,SHP-202002-0000001947,ORD-202002-0000000425,WH-00071,USA,North America,USPS,Standard,Delivered,2020-02-10 00:53:49,2020-02-17,2020-02-15 04:53:49,2,United Arab Emirates,2020-02-10 00:53:49,micheal.chen050@dataops.example.com
,SHP-202002-0000001948,ORD-202002-0000000624,WH-00220,USA,Oceania,DPD,Standard,Delivered,2020-02-15 12:59:53,2020-02-22,2020-02-19 15:59:53,1,Netherlands,2020-02-15 12:59:53,michelle.sims041@analytics.example.com
,SHP-202002-0000001949,ORD-202002-0000000300,WH-00133,ARE,North America,Australia Post,Express,In Transit,2020-02-09 10:05:01,2020-02-16,,1,France,2020-02-09 10:05:01,victor.palmer071@platform.example.com
,SHP-202002-0000001950,ORD-202002-0000002075,WH-00045,ESP,Europe,Royal Mail,Pickup,Delivered,2020-02-02 14:12:47,2020-02-09,2020-02-14 17:12:47,1,United States,2020-02-02 14:12:47,victor.palmer071@platform.example.com
,SHP-202002-0000001951,ORD-202002-0000000746,WH-00056,SGP,Europe,DPD,Standard,Delivered,2020-02-10 05:56:47,2020-02-13,2020-02-21 06:56:47,1,Mexico,2020-02-10 05:56:47,michelle.bender024@analytics.example.com
,SHP-202002-0000001952,ORD-202002-0000001903,WH-00111,MEX,Europe,Australia Post,Pickup,Delivered,2020-02-15 16:59:57,2020-02-23,2020-02-23 22:59:57,4,Spain,2020-02-15 16:59:57,lance.williams029@platform.example.com
,SHP-202002-0000001953,ORD-202002-0000001779,WH-00075,AUS,North America,UPS,Standard,Delivered,2020-02-08 12:53:33,2020-02-11,2020-02-17 13:53:33,2,United States,2020-02-08 12:53:33,michael.berger060@platform.example.com
,SHP-202002-0000001954,ORD-202002-0000001014,WH-00150,ESP,Europe,FedEx,Same Day,Delivered,2020-02-23 12:01:20,2020-02-27,2020-03-08 14:01:20,1,Germany,2020-02-23 12:01:20,jennifer.bauer068@analytics.example.com
,SHP-202002-0000001955,ORD-202002-0000001145,WH-00207,NLD,Europe,FedEx,Same Day,Delivered,2020-02-10 07:33:35,2020-02-13,2020-02-14 14:33:35,2,Spain,2020-02-10 07:33:35,stephen.clark001@analytics.example.com
,SHP-202002-0000001956,ORD-202002-0000001537,WH-00166,ESP,Europe,DHL,Express,Delivered,2020-02-17 21:09:57,2020-02-21,2020-02-29 09:09:57,1,Spain,2020-02-17 21:09:57,brandi.carter038@dataops.example.com
,SHP-202002-0000001957,ORD-202002-0000002147,WH-00042,DEU,Europe,FedEx,Same Day,Shipped,2020-02-20 14:41:32,2020-02-26,,1,India,2020-02-20 14:41:32,jeffery.miller012@commerce.example.com
,SHP-202002-0000001958,ORD-202002-0000002336,WH-00056,CAN,Europe,DPD,Economy,Delivered,2020-02-24 20:24:14,2020-02-26,2020-03-06 01:24:14,1,Brazil,2020-02-24 20:24:14,lance.williams029@platform.example.com
,SHP-202002-0000001959,ORD-202002-0000002109,WH-00228,JPN,North America,FedEx,Economy,Returned,2020-02-25 01:03:23,2020-02-29,,2,Singapore,2020-02-25 01:03:23,eric.horton058@analytics.example.com
,SHP-202002-0000001960,ORD-202002-0000001736,WH-00069,IND,Asia,DPD,Pickup,Delivered,2020-02-29 02:27:22,2020-03-07,2020-03-05 10:27:22,1,Australia,2020-02-29 02:27:22,jeffery.miller012@commerce.example.com
,SHP-202002-0000001961,ORD-202002-0000000651,WH-00085,USA,Europe,USPS,Standard,Delivered,2020-02-14 10:18:03,2020-02-17,2020-02-28 16:18:03,1,Japan,2020-02-14 10:18:03,maria.ashley046@analytics.example.com
,SHP-202002-0000001962,ORD-202002-0000001590,WH-00115,GBR,Europe,Royal Mail,Same Day,In Transit,2020-02-23 01:26:48,2020-03-01,,1,Netherlands,2020-02-23 01:26:48,jennifer.bauer068@analytics.example.com
,SHP-202002-0000001963,ORD-202002-0000000996,WH-00091,NLD,Europe,Royal Mail,Same Day,Delivered,2020-02-16 05:13:31,2020-02-21,2020-02-26 15:13:31,1,Japan,2020-02-16 05:13:31,stephen.clark001@analytics.example.com
,SHP-202002-0000001964,ORD-202002-0000002386,WH-00002,FRA,Asia,USPS,Economy,In Transit,2020-02-05 07:37:48,2020-02-15,,2,Canada,2020-02-05 07:37:48,michael.johnson061@platform.example.com
,SHP-202002-0000001965,ORD-202002-0000000294,WH-00170,IND,Europe,Australia Post,Economy,Shipped,2020-02-04 20:42:40,2020-02-14,,1,Germany,2020-02-04 20:42:40,michelle.bender024@analytics.example.com
,SHP-202002-0000001966,ORD-202002-0000001007,WH-00208,BRA,Europe,FedEx,Pickup,Delivered,2020-02-23 06:46:43,2020-03-04,2020-03-01 07:46:43,1,United Kingdom,2020-02-23 06:46:43,jennifer.bauer068@analytics.example.com
,SHP-202002-0000001967,ORD-202002-0000001432,WH-00017,IND,Oceania,USPS,Economy,Delivered,2020-02-28 14:32:41,2020-03-01,2020-03-01 21:32:41,1,Spain,2020-02-28 14:32:41,megan.cunningham013@commerce.example.com
,SHP-202002-0000001968,ORD-202002-0000002221,WH-00177,CAN,Europe,DPD,Same Day,In Transit,2020-02-08 01:27:22,2020-02-16,,1,India,2020-02-08 01:27:22,adam.gordon030@commerce.example.com
,SHP-202002-0000001969,ORD-202002-0000002273,WH-00198,CAN,South America,DPD,Pickup,Shipped,2020-02-09 12:17:40,2020-02-17,,1,Mexico,2020-02-09 12:17:40,ryan.steele043@commerce.example.com
,SHP-202002-0000001970,ORD-202002-0000001544,WH-00142,ARE,North America,UPS,Same Day,Delivered,2020-02-18 20:27:19,2020-02-20,2020-03-02 06:27:19,1,Mexico,2020-02-18 20:27:19,james.proctor094@dataops.example.com
,SHP-202002-0000001971,ORD-202002-0000000759,WH-00026,ESP,North America,USPS,Pickup,Delivered,2020-02-28 09:42:11,2020-03-04,2020-03-04 14:42:11,1,Australia,2020-02-28 09:42:11,jennifer.bauer068@analytics.example.com
,SHP-202002-0000001972,ORD-202002-0000000583,WH-00002,CAN,Europe,FedEx,Same Day,Delivered,2020-02-27 11:23:26,2020-03-03,2020-03-12 21:23:26,1,United States,2020-02-27 11:23:26,taylor.cunningham023@commerce.example.com
,SHP-202002-0000001973,ORD-202002-0000000213,WH-00116,AUS,Oceania,Royal Mail,Pickup,Delivered,2020-02-28 12:32:46,2020-03-08,2020-03-03 19:32:46,1,United Kingdom,2020-02-28 12:32:46,brandi.carter038@dataops.example.com
,SHP-202002-0000001974,ORD-202002-0000002206,WH-00066,MEX,Europe,USPS,Pickup,Delivered,2020-02-09 01:14:19,2020-02-16,2020-02-21 10:14:19,1,Mexico,2020-02-09 01:14:19,ashley.marks069@commerce.example.com
,SHP-202002-0000001975,ORD-202002-0000002676,WH-00154,GBR,Asia,DHL,Express,Delivered,2020-02-11 19:19:36,2020-02-21,2020-02-21 23:19:36,1,Canada,2020-02-11 19:19:36,kelsey.taylor010@platform.example.com
,SHP-202002-0000001976,ORD-202002-0000001133,WH-00164,NLD,Asia,FedEx,Standard,In Transit,2020-02-25 12:18:54,2020-03-05,,1,France,2020-02-25 12:18:54,andrea.cummings039@platform.example.com
,SHP-202002-0000001977,ORD-202002-0000000346,WH-00131,SGP,Europe,DHL,Express,Shipped,2020-02-04 18:38:17,2020-02-10,,1,Japan,2020-02-04 18:38:17,michael.berger060@platform.example.com
,SHP-202002-0000001978,ORD-202002-0000001282,WH-00225,USA,North America,Royal Mail,Express,Delivered,2020-02-15 04:39:20,2020-02-25,2020-02-17 07:39:20,1,India,2020-02-15 04:39:20,peter.martinez098@platform.example.com
,SHP-202002-0000001979,ORD-202002-0000002345,WH-00043,USA,Asia,DPD,Economy,Delivered,2020-02-21 06:31:46,2020-02-23,2020-03-04 07:31:46,1,Germany,2020-02-21 06:31:46,stephen.clark001@analytics.example.com
,SHP-202002-0000001980,ORD-202002-0000002341,WH-00091,ITA,Europe,USPS,Pickup,Delivered,2020-02-02 09:24:41,2020-02-10,2020-02-07 17:24:41,1,Canada,2020-02-02 09:24:41,stephen.clark001@analytics.example.com
,SHP-202002-0000001981,ORD-202002-0000000994,WH-00011,CAN,Asia,UPS,Same Day,Delivered,2020-02-14 08:03:59,2020-02-23,2020-02-19 17:03:59,1,India,2020-02-14 08:03:59,jennifer.bauer068@analytics.example.com
,SHP-202002-0000001982,ORD-202002-0000000896,WH-00010,USA,Oceania,Royal Mail,Economy,Delayed,2020-02-12 12:16:50,2020-02-16,,1,Italy,2020-02-12 12:16:50,david.cabrera119@dataops.example.com
,SHP-202002-0000001983,ORD-202002-0000001627,WH-00192,AUS,Europe,Royal Mail,Same Day,Delivered,2020-02-19 14:52:25,2020-02-24,2020-02-29 15:52:25,2,Germany,2020-02-19 14:52:25,jennifer.hudson020@analytics.example.com
,SHP-202002-0000001984,ORD-202002-0000002512,WH-00198,FRA,Asia,DHL,Express,Delivered,2020-02-15 18:30:26,2020-02-22,2020-02-27 19:30:26,2,Spain,2020-02-15 18:30:26,eric.horton058@analytics.example.com
,SHP-202002-0000001985,ORD-202002-0000000356,WH-00082,USA,North America,FedEx,Economy,Delayed,2020-02-25 17:19:20,2020-03-05,,1,Canada,2020-02-25 17:19:20,megan.cunningham013@commerce.example.com
,SHP-202002-0000001986,ORD-202002-0000001956,WH-00236,CAN,South America,Royal Mail,Standard,Delivered,2020-02-12 21:09:19,2020-02-15,2020-02-22 02:09:19,1,Japan,2020-02-12 21:09:19,brandi.carter038@dataops.example.com
,SHP-202002-0000001987,ORD-202002-0000002669,WH-00118,ARE,Europe,DHL,Express,Delivered,2020-02-28 00:19:55,2020-03-09,2020-03-07 07:19:55,1,Australia,2020-02-28 00:19:55,victor.palmer071@platform.example.com
,SHP-202002-0000001988,ORD-202002-0000000877,WH-00051,MEX,Asia,Royal Mail,Economy,Delivered,2020-02-22 01:05:40,2020-02-29,2020-02-26 12:05:40,1,Mexico,2020-02-22 01:05:40,tina.williams074@commerce.example.com
,SHP-202002-0000001989,ORD-202002-0000001941,WH-00217,ITA,Europe,FedEx,Pickup,In Transit,2020-02-11 13:02:15,2020-02-17,,2,Mexico,2020-02-11 13:02:15,ryan.steele043@commerce.example.com
,SHP-202002-0000001990,ORD-202002-0000000344,WH-00239,NLD,Europe,USPS,Same Day,In Transit,2020-02-21 00:10:17,2020-02-23,,1,Singapore,2020-02-21 00:10:17,michael.berger060@platform.example.com
,SHP-202002-0000001991,ORD-202002-0000001147,WH-00069,ITA,Asia,DHL,Economy,Delivered,2020-02-09 18:51:58,2020-02-17,2020-02-19 03:51:58,1,Singapore,2020-02-09 18:51:58,michael.johnson061@platform.example.com
,SHP-202002-0000001992,ORD-202002-0000002458,WH-00187,SGP,Europe,UPS,Standard,Delivered,2020-02-14 03:10:09,2020-02-23,2020-02-23 08:10:09,1,Canada,2020-02-14 03:10:09,jennifer.hudson020@analytics.example.com
,SHP-202002-0000001993,ORD-202002-0000001980,WH-00005,AUS,Europe,FedEx,Economy,In Transit,2020-02-27 11:33:31,2020-02-29,,3,Japan,2020-02-27 11:33:31,lance.williams029@platform.example.com
,SHP-202002-0000001994,ORD-202002-0000000329,WH-00231,ARE,South America,FedEx,Economy,Delivered,2020-02-23 22:02:22,2020-02-26,2020-02-28 03:02:22,1,Spain,2020-02-23 22:02:22,andrea.cummings039@platform.example.com
,SHP-202002-0000001995,ORD-202002-0000002896,WH-00012,GBR,North America,UPS,Express,Delivered,2020-02-17 13:35:13,2020-02-19,2020-02-21 22:35:13,1,Singapore,2020-02-17 13:35:13,susan.rice083@commerce.example.com
,SHP-202002-0000001996,ORD-202002-0000002367,WH-00034,BRA,South America,DHL,Pickup,Delayed,2020-02-18 00:53:42,2020-02-21,,1,Canada,2020-02-18 00:53:42,jennifer.bauer068@analytics.example.com
,SHP-202002-0000001997,ORD-202002-0000002279,WH-00152,ITA,Oceania,USPS,Economy,Shipped,2020-02-24 04:23:12,2020-02-27,,2,Canada,2020-02-24 04:23:12,michael.berger060@platform.example.com
,SHP-202002-0000001998,ORD-202002-0000001580,WH-00092,SGP,Asia,UPS,Standard,Delivered,2020-02-23 03:04:23,2020-03-03,2020-03-04 10:04:23,1,Singapore,2020-02-23 03:04:23,patrick.gonzalez035@dataops.example.com
,SHP-202002-0000001999,ORD-202002-0000002858,WH-00056,ESP,Europe,UPS,Pickup,In Transit,2020-02-05 23:25:43,2020-02-14,,1,Italy,2020-02-05 23:25:43,brandi.carter038@dataops.example.com
,SHP-202002-0000002000,ORD-202002-0000002745,WH-00074,GBR,North America,UPS,Express,Delivered,2020-02-15 03:11:26,2020-02-22,2020-02-24 13:11:26,1,Spain,2020-02-15 03:11:26,stephen.daniels076@commerce.example.com
,SHP-202002-0000002001,ORD-202002-0000001898,WH-00226,BRA,Europe,DPD,Pickup,Delivered,2020-02-09 14:16:37,2020-02-17,2020-02-19 14:16:37,1,France,2020-02-09 14:16:37,michelle.sims041@analytics.example.com
,SHP-202002-0000002002,ORD-202002-0000001011,WH-00241,JPN,Oceania,DPD,Standard,Delivered,2020-02-22 04:02:38,2020-02-25,2020-03-01 10:02:38,1,India,2020-02-22 04:02:38,jennifer.hudson020@analytics.example.com
,SHP-202002-0000002003,ORD-202002-0000000581,WH-00056,NLD,Asia,Australia Post,Express,Delivered,2020-02-28 17:26:47,2020-03-02,2020-03-11 21:26:47,1,United States,2020-02-28 17:26:47,james.proctor094@dataops.example.com
,SHP-202002-0000002004,ORD-202002-0000002261,WH-00205,GBR,Europe,DHL,Express,Delivered,2020-02-17 09:49:09,2020-02-19,2020-02-21 10:49:09,1,France,2020-02-17 09:49:09,megan.cunningham013@commerce.example.com
,SHP-202002-0000002005,ORD-202002-0000000632,WH-00033,MEX,Asia,Royal Mail,Pickup,Delivered,2020-02-29 08:08:43,2020-03-10,2020-03-05 13:08:43,1,United Kingdom,2020-02-29 08:08:43,peter.martinez098@platform.example.com
,SHP-202002-0000002006,ORD-202002-0000002172,WH-00079,DEU,North America,Royal Mail,Same Day,In Transit,2020-02-15 06:07:05,2020-02-17,,3,France,2020-02-15 06:07:05,brandi.carter038@dataops.example.com
,SHP-202002-0000002007,ORD-202002-0000001215,WH-00156,GBR,Asia,FedEx,Standard,Delivered,2020-02-07 00:52:39,2020-02-16,2020-02-18 08:52:39,1,United Kingdom,2020-02-07 00:52:39,michael.berger060@platform.example.com
,SHP-202002-0000002008,ORD-202002-0000002900,WH-00141,BRA,South America,DPD,Standard,Delivered,2020-02-26 17:18:56,2020-03-07,2020-03-03 20:18:56,1,Germany,2020-02-26 17:18:56,micheal.hall064@dataops.example.com
,SHP-202002-0000002009,ORD-202002-0000002837,WH-00014,SGP,Europe,DPD,Express,Delivered,2020-02-14 06:27:36,2020-02-24,2020-02-28 13:27:36,1,Japan,2020-02-14 06:27:36,victor.palmer071@platform.example.com
,SHP-202002-0000002010,ORD-202002-0000000899,WH-00053,IND,Europe,DHL,Same Day,Delivered,2020-02-06 23:27:13,2020-02-14,2020-02-13 01:27:13,2,Netherlands,2020-02-06 23:27:13,james.proctor094@dataops.example.com
,SHP-202002-0000002011,ORD-202002-0000000873,WH-00103,USA,Asia,FedEx,Same Day,Delivered,2020-02-03 22:50:30,2020-02-08,2020-02-16 22:50:30,2,Japan,2020-02-03 22:50:30,kelsey.taylor010@platform.example.com
,SHP-202002-0000002012,ORD-202002-0000001397,WH-00242,MEX,Europe,USPS,Economy,Returned,2020-02-11 08:48:53,2020-02-20,,1,Netherlands,2020-02-11 08:48:53,taylor.cunningham023@commerce.example.com
,SHP-202002-0000002013,ORD-202002-0000002344,WH-00025,FRA,North America,Australia Post,Pickup,Delayed,2020-02-02 15:06:48,2020-02-08,,1,Brazil,2020-02-02 15:06:48,brandi.carter038@dataops.example.com
,SHP-202002-0000002014,ORD-202002-0000000909,WH-00020,IND,Europe,UPS,Express,Delivered,2020-02-12 15:37:27,2020-02-14,2020-02-21 01:37:27,2,United Kingdom,2020-02-12 15:37:27,kelsey.taylor010@platform.example.com
,SHP-202002-0000002015,ORD-202002-0000000777,WH-00159,JPN,Asia,USPS,Pickup,In Transit,2020-02-06 08:28:45,2020-02-16,,1,India,2020-02-06 08:28:45,lance.williams029@platform.example.com
,SHP-202002-0000002016,ORD-202002-0000002111,WH-00178,GBR,North America,UPS,Standard,In Transit,2020-02-18 04:30:02,2020-02-22,,1,Spain,2020-02-18 04:30:02,james.proctor094@dataops.example.com
,SHP-202002-0000002017,ORD-202002-0000002683,WH-00119,GBR,Asia,FedEx,Standard,Delivered,2020-02-06 21:30:12,2020-02-15,2020-02-20 00:30:12,1,United Kingdom,2020-02-06 21:30:12,lance.williams029@platform.example.com
,SHP-202002-0000002018,ORD-202002-0000001110,WH-00214,GBR,Asia,UPS,Economy,Shipped,2020-02-23 20:35:00,2020-02-26,,1,Netherlands,2020-02-23 20:35:00,adam.gordon030@commerce.example.com
,SHP-202002-0000002019,ORD-202002-0000001830,WH-00013,ITA,Europe,USPS,Economy,Delivered,2020-02-24 04:53:23,2020-02-26,2020-03-01 10:53:23,1,Japan,2020-02-24 04:53:23,michael.johnson061@platform.example.com
,SHP-202002-0000002020,ORD-202002-0000000112,WH-00011,CAN,Europe,Royal Mail,Standard,In Transit,2020-02-02 11:35:13,2020-02-08,,1,Singapore,2020-02-02 11:35:13,jeffery.miller012@commerce.example.com
,SHP-202002-0000002021,ORD-202002-0000002699,WH-00034,NLD,South America,Australia Post,Pickup,Delivered,2020-02-25 14:21:36,2020-02-27,2020-03-02 02:21:36,1,Netherlands,2020-02-25 14:21:36,jeffery.miller012@commerce.example.com
,SHP-202002-0000002022,ORD-202002-0000002448,WH-00234,GBR,Europe,Royal Mail,Economy,Delivered,2020-02-23 21:22:52,2020-03-01,2020-02-26 08:22:52,2,Canada,2020-02-23 21:22:52,jennifer.hudson020@analytics.example.com
,SHP-202002-0000002023,ORD-202002-0000000987,WH-00136,MEX,Europe,USPS,Pickup,Delivered,2020-02-04 22:36:11,2020-02-14,2020-02-09 08:36:11,1,Italy,2020-02-04 22:36:11,stephen.daniels076@commerce.example.com
,SHP-202002-0000002024,ORD-202002-0000001477,WH-00040,GBR,Asia,DPD,Pickup,Shipped,2020-02-20 16:16:44,2020-02-27,,1,Australia,2020-02-20 16:16:44,taylor.cunningham023@commerce.example.com
,SHP-202002-0000002025,ORD-202002-0000000918,WH-00238,USA,Europe,DPD,Economy,In Transit,2020-02-10 05:04:34,2020-02-14,,1,Italy,2020-02-10 05:04:34,eric.horton058@analytics.example.com
,SHP-202002-0000002026,ORD-202002-0000002844,WH-00128,ESP,North America,UPS,Economy,Delivered,2020-02-19 19:51:53,2020-02-21,2020-03-05 04:51:53,1,Japan,2020-02-19 19:51:53,stephen.daniels076@commerce.example.com
,SHP-202002-0000002027,ORD-202002-0000001610,WH-00166,ITA,Asia,FedEx,Same Day,Delivered,2020-02-12 13:19:16,2020-02-22,2020-02-14 18:19:16,1,Netherlands,2020-02-12 13:19:16,peter.martinez098@platform.example.com
,SHP-202002-0000002028,ORD-202002-0000001527,WH-00219,JPN,Asia,DPD,Express,Shipped,2020-02-10 04:10:18,2020-02-13,,2,Australia,2020-02-10 04:10:18,adam.gordon030@commerce.example.com
,SHP-202002-0000002029,ORD-202002-0000001899,WH-00206,ARE,Asia,DPD,Express,Delayed,2020-02-04 09:30:30,2020-02-10,,1,United Kingdom,2020-02-04 09:30:30,stephen.daniels076@commerce.example.com
,SHP-202002-0000002030,ORD-202002-0000001686,WH-00244,DEU,South America,DHL,Express,Delivered,2020-02-26 19:27:29,2020-02-28,2020-03-08 07:27:29,1,Italy,2020-02-26 19:27:29,jennifer.bauer068@analytics.example.com
,SHP-202002-0000002031,ORD-202002-0000001771,WH-00201,FRA,Oceania,DHL,Express,Returned,2020-02-01 14:42:25,2020-02-06,,2,United States,2020-02-01 14:42:25,michael.johnson061@platform.example.com
,SHP-202002-0000002032,ORD-202002-0000000116,WH-00028,JPN,Asia,Australia Post,Standard,Shipped,2020-02-13 19:30:11,2020-02-17,,1,Germany,2020-02-13 19:30:11,ryan.steele043@commerce.example.com
,SHP-202002-0000002033,ORD-202002-0000001417,WH-00188,USA,Europe,DPD,Economy,Returned,2020-02-28 20:43:45,2020-03-04,,2,United States,2020-02-28 20:43:45,maria.ashley046@analytics.example.com
,SHP-202002-0000002034,ORD-202002-0000001974,WH-00050,IND,Asia,Australia Post,Express,Delivered,2020-02-04 06:21:08,2020-02-10,2020-02-10 18:21:08,2,Netherlands,2020-02-04 06:21:08,michelle.sims041@analytics.example.com
,SHP-202002-0000002035,ORD-202002-0000002083,WH-00174,JPN,Oceania,FedEx,Standard,Delayed,2020-02-27 00:40:57,2020-02-29,,1,Mexico,2020-02-27 00:40:57,michelle.sims041@analytics.example.com
,SHP-202002-0000002036,ORD-202002-0000002699,WH-00130,GBR,Europe,UPS,Pickup,Shipped,2020-02-22 20:50:15,2020-02-25,,1,Mexico,2020-02-22 20:50:15,jeffery.miller012@commerce.example.com
,SHP-202002-0000002037,ORD-202002-0000001570,WH-00082,NLD,Asia,FedEx,Pickup,Delivered,2020-02-27 17:48:09,2020-03-07,2020-03-09 02:48:09,1,Mexico,2020-02-27 17:48:09,maria.ashley046@analytics.example.com
,SHP-202002-0000002038,ORD-202002-0000001433,WH-00164,BRA,Asia,Royal Mail,Same Day,In Transit,2020-02-01 18:15:25,2020-02-05,,1,Singapore,2020-02-01 18:15:25,lance.williams029@platform.example.com
,SHP-202002-0000002039,ORD-202002-0000002407,WH-00166,USA,Asia,Australia Post,Same Day,Delivered,2020-02-25 17:38:44,2020-03-04,2020-03-03 04:38:44,1,Singapore,2020-02-25 17:38:44,james.proctor094@dataops.example.com
,SHP-202002-0000002040,ORD-202002-0000002323,WH-00193,USA,South America,UPS,Same Day,In Transit,2020-02-09 19:21:09,2020-02-12,,1,United Kingdom,2020-02-09 19:21:09,taylor.cunningham023@commerce.example.com
,SHP-202002-0000002041,ORD-202002-0000000082,WH-00075,ARE,Asia,USPS,Express,Delivered,2020-02-26 12:11:08,2020-03-06,2020-03-11 21:11:08,2,Netherlands,2020-02-26 12:11:08,ryan.steele043@commerce.example.com
,SHP-202002-0000002042,ORD-202002-0000000748,WH-00028,ITA,Asia,USPS,Economy,Delivered,2020-02-11 14:51:36,2020-02-21,2020-02-18 00:51:36,1,Italy,2020-02-11 14:51:36,david.cabrera119@dataops.example.com
,SHP-202002-0000002043,ORD-202002-0000000150,WH-00219,IND,North America,UPS,Express,Delayed,2020-02-26 18:28:53,2020-03-06,,1,India,2020-02-26 18:28:53,lance.williams029@platform.example.com
,SHP-202002-0000002044,ORD-202002-0000001672,WH-00113,GBR,North America,DHL,Same Day,Delivered,2020-02-12 01:04:29,2020-02-14,2020-02-23 12:04:29,1,India,2020-02-12 01:04:29,michelle.sims041@analytics.example.com
,SHP-202002-0000002045,ORD-202002-0000000297,WH-00248,NLD,Asia,DHL,Economy,Delivered,2020-02-23 03:09:55,2020-03-01,2020-03-08 12:09:55,1,Singapore,2020-02-23 03:09:55,brandi.carter038@dataops.example.com
,SHP-202002-0000002046,ORD-202002-0000002703,WH-00208,FRA,Europe,FedEx,Express,Delivered,2020-02-21 13:07:38,2020-03-01,2020-02-25 14:07:38,1,Netherlands,2020-02-21 13:07:38,stephen.clark001@analytics.example.com
,SHP-202002-0000002047,ORD-202002-0000000754,WH-00101,MEX,South America,DHL,Express,Delivered,2020-02-14 05:53:15,2020-02-16,2020-02-25 12:53:15,1,Spain,2020-02-14 05:53:15,stephen.clark001@analytics.example.com
,SHP-202002-0000002048,ORD-202002-0000000858,WH-00220,BRA,Asia,Australia Post,Pickup,Delivered,2020-02-29 01:25:30,2020-03-02,2020-03-12 09:25:30,2,India,2020-02-29 01:25:30,michelle.sims041@analytics.example.com
,SHP-202002-0000002049,ORD-202002-0000002470,WH-00070,DEU,Europe,DHL,Pickup,Returned,2020-02-12 20:45:59,2020-02-14,,1,Singapore,2020-02-12 20:45:59,stephen.daniels076@commerce.example.com
,SHP-202002-0000002050,ORD-202002-0000002510,WH-00016,BRA,Asia,DPD,Same Day,In Transit,2020-02-12 23:27:56,2020-02-14,,1,Australia,2020-02-12 23:27:56,peter.martinez098@platform.example.com
,SHP-202002-0000002051,ORD-202002-0000000686,WH-00002,USA,Europe,Australia Post,Economy,In Transit,2020-02-14 07:26:13,2020-02-23,,1,United Kingdom,2020-02-14 07:26:13,lance.williams029@platform.example.com
,SHP-202002-0000002052,ORD-202002-0000001113,WH-00179,IND,Asia,DHL,Pickup,Delivered,2020-02-22 00:43:50,2020-02-26,2020-02-25 01:43:50,1,Brazil,2020-02-22 00:43:50,victor.palmer071@platform.example.com
,SHP-202002-0000002053,ORD-202002-0000002023,WH-00184,GBR,North America,USPS,Economy,Delivered,2020-02-07 06:30:24,2020-02-14,2020-02-09 15:30:24,1,Mexico,2020-02-07 06:30:24,michelle.sims041@analytics.example.com
,SHP-202002-0000002054,ORD-202002-0000001974,WH-00199,USA,Europe,FedEx,Standard,Shipped,2020-02-20 22:50:10,2020-02-27,,1,Japan,2020-02-20 22:50:10,john.mullins109@commerce.example.com
,SHP-202002-0000002055,ORD-202002-0000002741,WH-00032,USA,Europe,Royal Mail,Express,Delivered,2020-02-15 18:11:12,2020-02-18,2020-02-29 18:11:12,1,Spain,2020-02-15 18:11:12,brandi.carter038@dataops.example.com
,SHP-202002-0000002056,ORD-202002-0000001427,WH-00160,ITA,North America,Royal Mail,Standard,Delivered,2020-02-05 06:16:14,2020-02-07,2020-02-07 06:16:14,1,Mexico,2020-02-05 06:16:14,brandi.carter038@dataops.example.com
,SHP-202002-0000002057,ORD-202002-0000002352,WH-00244,SGP,Asia,DPD,Express,Delivered,2020-02-28 06:19:43,2020-03-04,2020-03-01 11:19:43,1,Canada,2020-02-28 06:19:43,michael.johnson061@platform.example.com
,SHP-202002-0000002058,ORD-202002-0000001739,WH-00043,AUS,Asia,DHL,Pickup,Delivered,2020-02-23 08:16:07,2020-03-03,2020-02-28 11:16:07,1,Mexico,2020-02-23 08:16:07,ryan.steele043@commerce.example.com
,SHP-202002-0000002059,ORD-202002-0000000711,WH-00162,BRA,Europe,USPS,Same Day,Delivered,2020-02-22 03:30:02,2020-02-24,2020-03-05 06:30:02,2,United Arab Emirates,2020-02-22 03:30:02,tina.williams074@commerce.example.com
,SHP-202002-0000002060,ORD-202002-0000000340,WH-00041,MEX,North America,FedEx,Express,Delivered,2020-02-19 14:12:06,2020-02-26,2020-02-23 21:12:06,1,Spain,2020-02-19 14:12:06,jeffery.miller012@commerce.example.com
,SHP-202002-0000002061,ORD-202002-0000000838,WH-00200,ITA,Europe,DPD,Standard,Delivered,2020-02-11 01:39:08,2020-02-13,2020-02-14 11:39:08,1,United States,2020-02-11 01:39:08,jeffery.miller012@commerce.example.com
,SHP-202002-0000002062,ORD-202002-0000001685,WH-00217,FRA,Europe,UPS,Pickup,Delivered,2020-02-13 11:23:53,2020-02-18,2020-02-24 17:23:53,1,United States,2020-02-13 11:23:53,james.proctor094@dataops.example.com
,SHP-202002-0000002063,ORD-202002-0000002756,WH-00156,FRA,North America,UPS,Express,Delayed,2020-02-19 17:31:32,2020-02-27,,1,Italy,2020-02-19 17:31:32,michelle.bender024@analytics.example.com
,SHP-202002-0000002064,ORD-202002-0000002697,WH-00250,MEX,North America,FedEx,Same Day,Delivered,2020-02-26 03:35:53,2020-03-03,2020-03-08 11:35:53,1,United Kingdom,2020-02-26 03:35:53,john.mullins109@commerce.example.com
,SHP-202002-0000002065,ORD-202002-0000002196,WH-00049,FRA,Europe,UPS,Economy,Delivered,2020-02-01 13:51:44,2020-02-10,2020-02-10 01:51:44,1,Canada,2020-02-01 13:51:44,andrea.cummings039@platform.example.com
,SHP-202002-0000002066,ORD-202002-0000002457,WH-00048,DEU,South America,DHL,Same Day,Delivered,2020-02-01 12:23:53,2020-02-04,2020-02-08 16:23:53,1,Germany,2020-02-01 12:23:53,ashley.marks069@commerce.example.com
,SHP-202002-0000002067,ORD-202002-0000001577,WH-00167,MEX,Oceania,DHL,Pickup,Delivered,2020-02-22 05:53:53,2020-02-24,2020-03-06 15:53:53,1,United Kingdom,2020-02-22 05:53:53,maria.ashley046@analytics.example.com
,SHP-202002-0000002068,ORD-202002-0000000419,WH-00200,GBR,Europe,UPS,Same Day,In Transit,2020-02-06 04:19:49,2020-02-15,,1,United Kingdom,2020-02-06 04:19:49,jennifer.hudson020@analytics.example.com
,SHP-202002-0000002069,ORD-202002-0000001085,WH-00238,USA,Oceania,DHL,Economy,Delivered,2020-02-27 17:32:26,2020-03-07,2020-03-02 00:32:26,1,United States,2020-02-27 17:32:26,james.proctor094@dataops.example.com
,SHP-202002-0000002070,ORD-202002-0000001837,WH-00148,IND,Europe,USPS,Pickup,Delivered,2020-02-22 22:04:26,2020-02-29,2020-03-01 07:04:26,1,India,2020-02-22 22:04:26,micheal.hall064@dataops.example.com
,SHP-202002-0000002071,ORD-202002-0000001942,WH-00011,ARE,Asia,USPS,Pickup,Delivered,2020-02-25 18:56:35,2020-03-03,2020-03-04 01:56:35,1,United States,2020-02-25 18:56:35,micheal.hall064@dataops.example.com
,SHP-202002-0000002072,ORD-202002-0000001124,WH-00239,IND,Europe,USPS,Standard,In Transit,2020-02-29 14:14:55,2020-03-10,,1,Mexico,2020-02-29 14:14:55,michelle.sims041@analytics.example.com
,SHP-202002-0000002073,ORD-202002-0000002577,WH-00236,BRA,Europe,USPS,Pickup,Delivered,2020-02-09 09:20:39,2020-02-18,2020-02-21 18:20:39,1,Spain,2020-02-09 09:20:39,john.mullins109@commerce.example.com
,SHP-202002-0000002074,ORD-202002-0000002329,WH-00144,GBR,North America,Australia Post,Standard,Delivered,2020-02-17 00:56:40,2020-02-22,2020-02-19 00:56:40,1,India,2020-02-17 00:56:40,michelle.sims041@analytics.example.com
,SHP-202002-0000002075,ORD-202002-0000002903,WH-00023,NLD,Europe,DPD,Pickup,Delivered,2020-02-26 16:34:47,2020-02-29,2020-03-05 21:34:47,1,Spain,2020-02-26 16:34:47,susan.rice083@commerce.example.com
,SHP-202002-0000002076,ORD-202002-0000001091,WH-00133,ARE,Europe,DHL,Economy,In Transit,2020-02-11 00:25:44,2020-02-17,,2,Canada,2020-02-11 00:25:44,jennifer.hudson020@analytics.example.com
,SHP-202002-0000002077,ORD-202002-0000000030,WH-00086,JPN,Asia,Royal Mail,Express,Delivered,2020-02-05 14:21:12,2020-02-13,2020-02-17 17:21:12,2,Singapore,2020-02-05 14:21:12,michelle.bender024@analytics.example.com
,SHP-202002-0000002078,ORD-202002-0000001031,WH-00159,AUS,Asia,FedEx,Economy,Shipped,2020-02-27 21:51:42,2020-03-01,,1,Italy,2020-02-27 21:51:42,peter.martinez098@platform.example.com
,SHP-202002-0000002079,ORD-202002-0000000968,WH-00018,ESP,North America,DHL,Economy,Delivered,2020-02-19 18:01:26,2020-02-23,2020-03-03 06:01:26,1,Germany,2020-02-19 18:01:26,stephen.daniels076@commerce.example.com
,SHP-202002-0000002080,ORD-202002-0000001011,WH-00165,MEX,Asia,DHL,Economy,Delivered,2020-02-23 22:35:26,2020-03-02,2020-03-07 06:35:26,1,United Kingdom,2020-02-23 22:35:26,jennifer.hudson020@analytics.example.com
,SHP-202002-0000002081,ORD-202002-0000002707,WH-00190,DEU,Europe,DPD,Standard,Delivered,2020-02-22 03:24:13,2020-02-25,2020-02-27 05:24:13,1,Netherlands,2020-02-22 03:24:13,andrea.cummings039@platform.example.com
,SHP-202002-0000002082,ORD-202002-0000000587,WH-00088,FRA,Asia,USPS,Pickup,Delivered,2020-02-15 19:43:45,2020-02-24,2020-02-19 06:43:45,1,Singapore,2020-02-15 19:43:45,ashley.marks069@commerce.example.com
,SHP-202002-0000002083,ORD-202002-0000001358,WH-00021,BRA,Europe,DHL,Pickup,Delivered,2020-02-11 12:01:44,2020-02-13,2020-02-22 22:01:44,1,India,2020-02-11 12:01:44,adam.gordon030@commerce.example.com
,SHP-202002-0000002084,ORD-202002-0000000257,WH-00156,FRA,Europe,UPS,Standard,In Transit,2020-02-12 01:21:57,2020-02-20,,1,Canada,2020-02-12 01:21:57,joseph.johnson049@dataops.example.com
,SHP-202002-0000002085,ORD-202002-0000000910,WH-00121,CAN,Europe,DPD,Pickup,In Transit,2020-02-27 20:23:48,2020-03-02,,2,India,2020-02-27 20:23:48,lance.williams029@platform.example.com
,SHP-202002-0000002086,ORD-202002-0000001266,WH-00006,SGP,North America,Australia Post,Pickup,Delivered,2020-02-06 12:59:50,2020-02-10,2020-02-18 23:59:50,1,Singapore,2020-02-06 12:59:50,patrick.gonzalez035@dataops.example.com
,SHP-202002-0000002087,ORD-202002-0000000170,WH-00250,AUS,Oceania,UPS,Express,Delivered,2020-02-08 14:38:49,2020-02-17,2020-02-21 15:38:49,1,Singapore,2020-02-08 14:38:49,john.mullins109@commerce.example.com
,SHP-202002-0000002088,ORD-202002-0000002338,WH-00049,CAN,Europe,Royal Mail,Same Day,Shipped,2020-02-22 11:03:57,2020-02-24,,1,France,2020-02-22 11:03:57,stephen.clark001@analytics.example.com
,SHP-202002-0000002089,ORD-202002-0000001440,WH-00191,MEX,Europe,Australia Post,Standard,Delayed,2020-02-07 00:39:51,2020-02-16,,1,United Kingdom,2020-02-07 00:39:51,stephen.clark001@analytics.example.com
,SHP-202002-0000002090,ORD-202002-0000002756,WH-00242,GBR,Oceania,DPD,Express,In Transit,2020-02-14 14:19:15,2020-02-19,,1,United Kingdom,2020-02-14 14:19:15,susan.rice083@commerce.example.com
,SHP-202002-0000002091,ORD-202002-0000000266,WH-00221,IND,Europe,FedEx,Standard,Delivered,2020-02-01 23:42:35,2020-02-08,2020-02-09 08:42:35,2,United States,2020-02-01 23:42:35,jeffery.miller012@commerce.example.com
,SHP-202002-0000002092,ORD-202002-0000001132,WH-00169,ARE,Asia,DHL,Economy,Delayed,2020-02-24 03:53:45,2020-03-04,,3,Brazil,2020-02-24 03:53:45,michael.johnson061@platform.example.com
,SHP-202002-0000002093,ORD-202002-0000002225,WH-00074,FRA,Europe,FedEx,Standard,Delivered,2020-02-25 05:57:35,2020-03-01,2020-02-27 05:57:35,1,Canada,2020-02-25 05:57:35,ashley.marks069@commerce.example.com
,SHP-202002-0000002094,ORD-202002-0000000693,WH-00095,ITA,Europe,Royal Mail,Express,Delivered,2020-02-23 13:24:31,2020-02-28,2020-02-27 01:24:31,1,Japan,2020-02-23 13:24:31,david.cabrera119@dataops.example.com
,SHP-202002-0000002095,ORD-202002-0000001046,WH-00223,NLD,Asia,DPD,Express,Delivered,2020-02-12 15:05:10,2020-02-15,2020-02-15 22:05:10,1,Japan,2020-02-12 15:05:10,stephen.daniels076@commerce.example.com
,SHP-202002-0000002096,ORD-202002-0000000276,WH-00053,SGP,Asia,Australia Post,Economy,Delivered,2020-02-07 11:34:34,2020-02-10,2020-02-10 15:34:34,1,United States,2020-02-07 11:34:34,michael.berger060@platform.example.com
,SHP-202002-0000002097,ORD-202002-0000000122,WH-00172,AUS,North America,DHL,Standard,Delivered,2020-02-08 07:45:37,2020-02-17,2020-02-14 13:45:37,1,United Kingdom,2020-02-08 07:45:37,david.cabrera119@dataops.example.com
,SHP-202002-0000002098,ORD-202002-0000000162,WH-00206,BRA,North America,UPS,Express,Delivered,2020-02-08 14:41:00,2020-02-12,2020-02-16 02:41:00,1,Mexico,2020-02-08 14:41:00,joseph.johnson049@dataops.example.com
,SHP-202002-0000002099,ORD-202002-0000001373,WH-00082,AUS,North America,DPD,Same Day,In Transit,2020-02-26 00:24:22,2020-03-07,,4,Japan,2020-02-26 00:24:22,lance.williams029@platform.example.com
,SHP-202002-0000002100,ORD-202002-0000002798,WH-00083,BRA,Oceania,DPD,Pickup,Delivered,2020-02-23 17:57:17,2020-02-28,2020-03-01 03:57:17,1,France,2020-02-23 17:57:17,micheal.hall064@dataops.example.com
,SHP-202002-0000002101,ORD-202002-0000000116,WH-00026,CAN,Oceania,DPD,Pickup,Shipped,2020-02-13 14:02:36,2020-02-17,,1,Brazil,2020-02-13 14:02:36,jennifer.bauer068@analytics.example.com
,SHP-202002-0000002102,ORD-202002-0000002798,WH-00171,CAN,Europe,USPS,Standard,Delivered,2020-02-12 23:53:42,2020-02-19,2020-02-27 00:53:42,1,Germany,2020-02-12 23:53:42,megan.cunningham013@commerce.example.com
,SHP-202002-0000002103,ORD-202002-0000002112,WH-00130,ARE,Asia,DHL,Standard,Shipped,2020-02-05 07:03:05,2020-02-09,,1,Brazil,2020-02-05 07:03:05,michelle.bender024@analytics.example.com
,SHP-202002-0000002104,ORD-202002-0000000947,WH-00182,AUS,Europe,Australia Post,Same Day,Delayed,2020-02-21 10:35:37,2020-03-01,,1,Spain,2020-02-21 10:35:37,brandi.carter038@dataops.example.com
,SHP-202002-0000002105,ORD-202002-0000000171,WH-00207,NLD,Europe,Royal Mail,Same Day,In Transit,2020-02-08 19:33:29,2020-02-16,,1,Spain,2020-02-08 19:33:29,megan.cunningham013@commerce.example.com
,SHP-202002-0000002106,ORD-202002-0000002056,WH-00149,BRA,South America,USPS,Pickup,Delivered,2020-02-23 00:57:56,2020-02-28,2020-02-27 11:57:56,1,Brazil,2020-02-23 00:57:56,john.mullins109@commerce.example.com
,SHP-202002-0000002107,ORD-202002-0000002279,WH-00125,IND,North America,FedEx,Pickup,In Transit,2020-02-16 18:37:19,2020-02-25,,1,Netherlands,2020-02-16 18:37:19,peter.martinez098@platform.example.com
,SHP-202002-0000002108,ORD-202002-0000000530,WH-00128,NLD,Asia,Royal Mail,Standard,Delivered,2020-02-22 17:26:16,2020-02-27,2020-02-25 03:26:16,1,United States,2020-02-22 17:26:16,ashley.marks069@commerce.example.com
,SHP-202002-0000002109,ORD-202002-0000001890,WH-00249,FRA,Europe,FedEx,Standard,Delivered,2020-02-10 07:48:53,2020-02-17,2020-02-18 15:48:53,1,Japan,2020-02-10 07:48:53,michelle.bender024@analytics.example.com
,SHP-202002-0000002110,ORD-202002-0000002086,WH-00141,ESP,Asia,DHL,Pickup,Delayed,2020-02-26 18:21:35,2020-03-06,,1,Brazil,2020-02-26 18:21:35,lance.williams029@platform.example.com
,SHP-202002-0000002111,ORD-202002-0000000333,WH-00023,NLD,South America,UPS,Economy,Delayed,2020-02-25 14:56:35,2020-03-03,,1,Canada,2020-02-25 14:56:35,susan.rice083@commerce.example.com
,SHP-202002-0000002112,ORD-202002-0000002401,WH-00138,ESP,North America,Australia Post,Standard,Delivered,2020-02-01 08:53:59,2020-02-08,2020-02-15 15:53:59,1,France,2020-02-01 08:53:59,lance.williams029@platform.example.com
,SHP-202002-0000002113,ORD-202002-0000001506,WH-00023,DEU,Europe,USPS,Economy,Delivered,2020-02-22 08:55:42,2020-03-02,2020-03-05 08:55:42,2,Italy,2020-02-22 08:55:42,michael.johnson061@platform.example.com
,SHP-202002-0000002114,ORD-202002-0000000319,WH-00136,ARE,Asia,DHL,Pickup,Delivered,2020-02-03 23:44:27,2020-02-12,2020-02-13 05:44:27,1,Japan,2020-02-03 23:44:27,andrea.cummings039@platform.example.com
,SHP-202002-0000002115,ORD-202002-0000002881,WH-00131,ARE,Europe,DPD,Same Day,Delivered,2020-02-13 06:37:14,2020-02-19,2020-02-26 15:37:14,2,Canada,2020-02-13 06:37:14,peter.martinez098@platform.example.com
,SHP-202002-0000002116,ORD-202002-0000002194,WH-00143,NLD,Asia,USPS,Pickup,Delivered,2020-02-27 08:27:52,2020-03-02,2020-03-07 13:27:52,2,Japan,2020-02-27 08:27:52,micheal.hall064@dataops.example.com
,SHP-202002-0000002117,ORD-202002-0000000784,WH-00034,ITA,Asia,UPS,Pickup,Delivered,2020-02-16 15:15:26,2020-02-25,2020-02-22 21:15:26,1,United States,2020-02-16 15:15:26,stephen.clark001@analytics.example.com
,SHP-202002-0000002118,ORD-202002-0000002679,WH-00141,DEU,North America,USPS,Standard,Delivered,2020-02-01 23:26:43,2020-02-06,2020-02-14 11:26:43,1,Mexico,2020-02-01 23:26:43,michelle.bender024@analytics.example.com
,SHP-202002-0000002119,ORD-202002-0000002875,WH-00115,BRA,North America,UPS,Pickup,Delivered,2020-02-16 12:55:54,2020-02-19,2020-02-29 14:55:54,1,India,2020-02-16 12:55:54,joseph.johnson049@dataops.example.com
,SHP-202002-0000002120,ORD-202002-0000001160,WH-00009,ITA,Europe,USPS,Same Day,Delayed,2020-02-13 12:50:19,2020-02-15,,1,United Arab Emirates,2020-02-13 12:50:19,kelsey.taylor010@platform.example.com
,SHP-202002-0000002121,ORD-202002-0000001963,WH-00140,USA,Asia,FedEx,Express,Delivered,2020-02-11 11:27:49,2020-02-19,2020-02-18 19:27:49,1,Netherlands,2020-02-11 11:27:49,michael.berger060@platform.example.com
,SHP-202002-0000002122,ORD-202002-0000000968,WH-00048,BRA,Asia,UPS,Pickup,Delivered,2020-02-24 22:28:43,2020-02-29,2020-03-05 07:28:43,1,United Arab Emirates,2020-02-24 22:28:43,lance.williams029@platform.example.com
,SHP-202002-0000002123,ORD-202002-0000001878,WH-00154,USA,Asia,DHL,Express,In Transit,2020-02-17 11:06:11,2020-02-26,,1,Spain,2020-02-17 11:06:11,james.proctor094@dataops.example.com
,SHP-202002-0000002124,ORD-202002-0000001759,WH-00056,BRA,Asia,DHL,Pickup,Shipped,2020-02-01 09:19:49,2020-02-09,,1,India,2020-02-01 09:19:49,victor.palmer071@platform.example.com
,SHP-202002-0000002125,ORD-202002-0000001093,WH-00021,FRA,Oceania,DHL,Express,Delivered,2020-02-29 04:27:53,2020-03-03,2020-03-14 05:27:53,1,Netherlands,2020-02-29 04:27:53,micheal.hall064@dataops.example.com
,SHP-202002-0000002126,ORD-202002-0000000570,WH-00208,ITA,Europe,Australia Post,Economy,Returned,2020-02-14 11:32:10,2020-02-19,,1,United States,2020-02-14 11:32:10,andrea.cummings039@platform.example.com
,SHP-202002-0000002127,ORD-202002-0000001680,WH-00056,SGP,Asia,FedEx,Economy,Delivered,2020-02-10 22:22:50,2020-02-18,2020-02-24 23:22:50,1,United Kingdom,2020-02-10 22:22:50,joseph.johnson049@dataops.example.com
,SHP-202002-0000002128,ORD-202002-0000000981,WH-00128,IND,Europe,Australia Post,Same Day,Delivered,2020-02-06 04:34:22,2020-02-09,2020-02-10 07:34:22,2,Spain,2020-02-06 04:34:22,stephen.clark001@analytics.example.com
,SHP-202002-0000002129,ORD-202002-0000001241,WH-00037,NLD,Europe,Australia Post,Economy,Delivered,2020-02-04 17:50:29,2020-02-06,2020-02-19 04:50:29,1,Netherlands,2020-02-04 17:50:29,john.mullins109@commerce.example.com
,SHP-202002-0000002130,ORD-202002-0000001999,WH-00247,GBR,Asia,Australia Post,Economy,Delivered,2020-02-17 05:32:05,2020-02-20,2020-02-24 16:32:05,1,Mexico,2020-02-17 05:32:05,david.cabrera119@dataops.example.com
,SHP-202002-0000002131,ORD-202002-0000000503,WH-00209,ARE,Europe,Australia Post,Express,In Transit,2020-02-16 05:08:32,2020-02-19,,1,Netherlands,2020-02-16 05:08:32,adam.gordon030@commerce.example.com
,SHP-202002-0000002132,ORD-202002-0000002442,WH-00060,DEU,Asia,DHL,Express,Delivered,2020-02-26 09:04:41,2020-03-01,2020-03-11 19:04:41,1,Germany,2020-02-26 09:04:41,michelle.sims041@analytics.example.com
,SHP-202002-0000002133,ORD-202002-0000001074,WH-00245,SGP,Europe,FedEx,Standard,Delivered,2020-02-03 18:59:02,2020-02-06,2020-02-13 03:59:02,1,Brazil,2020-02-03 18:59:02,michelle.sims041@analytics.example.com
,SHP-202002-0000002134,ORD-202002-0000000352,WH-00191,ESP,Europe,UPS,Pickup,Delivered,2020-02-15 04:08:25,2020-02-23,2020-02-18 15:08:25,1,Canada,2020-02-15 04:08:25,jennifer.hudson020@analytics.example.com
,SHP-202002-0000002135,ORD-202002-0000002863,WH-00026,IND,Europe,DPD,Express,Delivered,2020-02-08 03:38:50,2020-02-10,2020-02-14 15:38:50,1,Japan,2020-02-08 03:38:50,james.proctor094@dataops.example.com
,SHP-202002-0000002136,ORD-202002-0000002318,WH-00203,IND,Europe,UPS,Express,Delivered,2020-02-29 19:04:28,2020-03-06,2020-03-06 20:04:28,1,Spain,2020-02-29 19:04:28,jennifer.bauer068@analytics.example.com
,SHP-202002-0000002137,ORD-202002-0000000715,WH-00034,AUS,Europe,DHL,Same Day,Delivered,2020-02-09 11:45:56,2020-02-12,2020-02-15 21:45:56,1,Mexico,2020-02-09 11:45:56,adam.gordon030@commerce.example.com
,SHP-202002-0000002138,ORD-202002-0000001050,WH-00096,BRA,Europe,Australia Post,Express,Returned,2020-02-09 07:07:23,2020-02-15,,1,France,2020-02-09 07:07:23,eric.horton058@analytics.example.com
,SHP-202002-0000002139,ORD-202002-0000000766,WH-00142,SGP,Asia,FedEx,Same Day,Delivered,2020-02-01 04:39:11,2020-02-08,2020-02-13 04:39:11,1,United Arab Emirates,2020-02-01 04:39:11,megan.cunningham013@commerce.example.com
,SHP-202002-0000002140,ORD-202002-0000000177,WH-00012,USA,Europe,FedEx,Pickup,Delivered,2020-02-09 20:17:23,2020-02-14,2020-02-22 21:17:23,1,Australia,2020-02-09 20:17:23,michael.berger060@platform.example.com
,SHP-202002-0000002141,ORD-202002-0000000834,WH-00138,GBR,North America,Royal Mail,Same Day,Delivered,2020-02-12 02:39:09,2020-02-16,2020-02-21 13:39:09,1,Germany,2020-02-12 02:39:09,adam.gordon030@commerce.example.com
,SHP-202002-0000002142,ORD-202002-0000000026,WH-00108,NLD,Oceania,DHL,Economy,Delivered,2020-02-03 09:59:54,2020-02-06,2020-02-07 09:59:54,1,Spain,2020-02-03 09:59:54,taylor.cunningham023@commerce.example.com
,SHP-202002-0000002143,ORD-202002-0000000432,WH-00154,ITA,Asia,DHL,Same Day,Delivered,2020-02-12 21:21:10,2020-02-16,2020-02-27 08:21:10,1,Singapore,2020-02-12 21:21:10,michael.johnson061@platform.example.com
,SHP-202002-0000002144,ORD-202002-0000000016,WH-00142,FRA,Oceania,Royal Mail,Pickup,Delivered,2020-02-22 18:57:22,2020-02-25,2020-03-03 02:57:22,1,United States,2020-02-22 18:57:22,lance.williams029@platform.example.com
,SHP-202002-0000002145,ORD-202002-0000001755,WH-00200,SGP,Europe,Australia Post,Pickup,Shipped,2020-02-20 14:35:58,2020-02-28,,2,Spain,2020-02-20 14:35:58,taylor.cunningham023@commerce.example.com
,SHP-202002-0000002146,ORD-202002-0000002186,WH-00036,ITA,Asia,UPS,Express,Delivered,2020-02-22 09:25:03,2020-02-27,2020-03-04 14:25:03,1,Italy,2020-02-22 09:25:03,maria.ashley046@analytics.example.com
,SHP-202002-0000002147,ORD-202002-0000002175,WH-00083,MEX,South America,DPD,Standard,In Transit,2020-02-19 00:27:50,2020-02-21,,1,Germany,2020-02-19 00:27:50,micheal.chen050@dataops.example.com
,SHP-202002-0000002148,ORD-202002-0000001254,WH-00008,AUS,South America,USPS,Standard,Returned,2020-02-03 21:52:40,2020-02-07,,1,United Arab Emirates,2020-02-03 21:52:40,eric.horton058@analytics.example.com
,SHP-202002-0000002149,ORD-202002-0000001465,WH-00141,BRA,Europe,DPD,Same Day,Shipped,2020-02-24 09:04:40,2020-03-04,,1,Brazil,2020-02-24 09:04:40,jeffery.miller012@commerce.example.com
,SHP-202002-0000002150,ORD-202002-0000000411,WH-00145,CAN,Asia,UPS,Pickup,Delivered,2020-02-28 02:36:40,2020-03-08,2020-03-05 08:36:40,1,United Kingdom,2020-02-28 02:36:40,john.mullins109@commerce.example.com
,SHP-202002-0000002151,ORD-202002-0000001049,WH-00213,MEX,Europe,FedEx,Express,Delivered,2020-02-02 10:06:16,2020-02-09,2020-02-09 16:06:16,1,Brazil,2020-02-02 10:06:16,taylor.cunningham023@commerce.example.com
,SHP-202002-0000002152,ORD-202002-0000002268,WH-00208,USA,Europe,Royal Mail,Economy,Shipped,2020-02-24 13:30:05,2020-02-29,,1,India,2020-02-24 13:30:05,adam.gordon030@commerce.example.com
,SHP-202002-0000002153,ORD-202002-0000001329,WH-00234,DEU,Oceania,FedEx,Same Day,Delivered,2020-02-16 01:35:20,2020-02-19,2020-02-28 04:35:20,1,United Arab Emirates,2020-02-16 01:35:20,jeffery.miller012@commerce.example.com
,SHP-202002-0000002154,ORD-202002-0000000142,WH-00148,CAN,South America,Royal Mail,Standard,Delivered,2020-02-01 00:02:39,2020-02-07,2020-02-09 11:02:39,1,Netherlands,2020-02-01 00:02:39,susan.rice083@commerce.example.com
,SHP-202002-0000002155,ORD-202002-0000000591,WH-00108,USA,Europe,USPS,Standard,Delivered,2020-02-27 12:20:21,2020-03-01,2020-03-02 20:20:21,1,Singapore,2020-02-27 12:20:21,megan.cunningham013@commerce.example.com
,SHP-202002-0000002156,ORD-202002-0000001307,WH-00140,DEU,Asia,FedEx,Express,Delivered,2020-02-15 03:04:16,2020-02-25,2020-02-27 09:04:16,1,Spain,2020-02-15 03:04:16,michelle.sims041@analytics.example.com
,SHP-202002-0000002157,ORD-202002-0000002099,WH-00149,JPN,Oceania,DPD,Standard,Delivered,2020-02-07 19:49:01,2020-02-16,2020-02-14 04:49:01,1,Germany,2020-02-07 19:49:01,david.cabrera119@dataops.example.com
,SHP-202002-0000002158,ORD-202002-0000001965,WH-00217,BRA,Europe,FedEx,Pickup,Delivered,2020-02-06 23:30:09,2020-02-11,2020-02-19 08:30:09,1,Canada,2020-02-06 23:30:09,peter.martinez098@platform.example.com
,SHP-202002-0000002159,ORD-202002-0000000520,WH-00237,BRA,North America,DPD,Standard,Delivered,2020-02-28 22:23:28,2020-03-02,2020-03-04 05:23:28,1,Germany,2020-02-28 22:23:28,stephen.clark001@analytics.example.com
,SHP-202002-0000002160,ORD-202002-0000002561,WH-00041,CAN,North America,UPS,Express,Delivered,2020-02-06 09:33:20,2020-02-10,2020-02-20 13:33:20,1,France,2020-02-06 09:33:20,james.proctor094@dataops.example.com
,SHP-202002-0000002161,ORD-202002-0000002074,WH-00114,DEU,North America,UPS,Standard,Delivered,2020-02-01 11:50:22,2020-02-03,2020-02-12 16:50:22,2,Canada,2020-02-01 11:50:22,ashley.marks069@commerce.example.com
,SHP-202002-0000002162,ORD-202002-0000000048,WH-00250,ITA,Europe,UPS,Standard,Delivered,2020-02-21 22:00:46,2020-02-28,2020-03-04 09:00:46,1,Germany,2020-02-21 22:00:46,lance.williams029@platform.example.com
,SHP-202002-0000002163,ORD-202002-0000001361,WH-00024,FRA,Asia,UPS,Standard,Delivered,2020-02-10 18:07:26,2020-02-17,2020-02-15 02:07:26,1,Brazil,2020-02-10 18:07:26,jeffery.miller012@commerce.example.com
,SHP-202002-0000002164,ORD-202002-0000001848,WH-00235,CAN,Europe,DPD,Standard,Delivered,2020-02-21 09:50:25,2020-02-25,2020-03-01 09:50:25,1,Mexico,2020-02-21 09:50:25,patrick.gonzalez035@dataops.example.com
,SHP-202002-0000002165,ORD-202002-0000002661,WH-00012,SGP,Europe,USPS,Standard,Delivered,2020-02-09 05:21:25,2020-02-12,2020-02-18 12:21:25,1,Brazil,2020-02-09 05:21:25,eric.horton058@analytics.example.com
,SHP-202002-0000002166,ORD-202002-0000001638,WH-00114,AUS,Asia,UPS,Economy,Delivered,2020-02-15 02:03:33,2020-02-19,2020-02-19 03:03:33,2,India,2020-02-15 02:03:33,micheal.chen050@dataops.example.com
,SHP-202002-0000002167,ORD-202002-0000001339,WH-00200,USA,Asia,Royal Mail,Economy,In Transit,2020-02-16 23:17:37,2020-02-26,,1,United States,2020-02-16 23:17:37,kelsey.taylor010@platform.example.com
,SHP-202002-0000002168,ORD-202002-0000001812,WH-00219,JPN,North America,FedEx,Standard,In Transit,2020-02-17 01:57:49,2020-02-22,,1,India,2020-02-17 01:57:49,eric.horton058@analytics.example.com
,SHP-202002-0000002169,ORD-202002-0000000899,WH-00238,BRA,Asia,Royal Mail,Express,Shipped,2020-02-10 09:27:32,2020-02-17,,1,Japan,2020-02-10 09:27:32,maria.ashley046@analytics.example.com
,SHP-202002-0000002170,ORD-202002-0000001934,WH-00128,GBR,North America,Royal Mail,Standard,Delivered,2020-02-07 10:07:28,2020-02-11,2020-02-18 14:07:28,1,Germany,2020-02-07 10:07:28,michelle.sims041@analytics.example.com
,SHP-202002-0000002171,ORD-202002-0000002241,WH-00180,CAN,Oceania,DPD,Standard,Shipped,2020-02-06 01:51:34,2020-02-09,,1,Spain,2020-02-06 01:51:34,eric.horton058@analytics.example.com
,SHP-202002-0000002172,ORD-202002-0000000734,WH-00109,FRA,Asia,Royal Mail,Economy,Delivered,2020-02-22 10:35:55,2020-02-29,2020-02-24 13:35:55,1,Canada,2020-02-22 10:35:55,ashley.marks069@commerce.example.com
,SHP-202002-0000002173,ORD-202002-0000002410,WH-00151,IND,Europe,USPS,Pickup,Delivered,2020-02-24 19:40:05,2020-03-01,2020-02-28 21:40:05,1,Australia,2020-02-24 19:40:05,andrea.cummings039@platform.example.com
,SHP-202002-0000002174,ORD-202002-0000002515,WH-00031,ARE,Europe,FedEx,Same Day,Delivered,2020-02-15 07:40:42,2020-02-20,2020-02-24 10:40:42,3,Canada,2020-02-15 07:40:42,joseph.johnson049@dataops.example.com
,SHP-202002-0000002175,ORD-202002-0000001637,WH-00223,ESP,Asia,UPS,Pickup,Delivered,2020-02-01 03:26:11,2020-02-05,2020-02-10 03:26:11,1,Singapore,2020-02-01 03:26:11,joseph.johnson049@dataops.example.com
,SHP-202002-0000002176,ORD-202002-0000001199,WH-00148,BRA,Asia,UPS,Economy,Delivered,2020-02-26 15:51:24,2020-02-29,2020-03-10 03:51:24,1,Singapore,2020-02-26 15:51:24,adam.gordon030@commerce.example.com
,SHP-202002-0000002177,ORD-202002-0000002650,WH-00238,ARE,Europe,Australia Post,Standard,Delivered,2020-02-19 14:25:22,2020-02-21,2020-02-27 20:25:22,1,Italy,2020-02-19 14:25:22,susan.rice083@commerce.example.com
,SHP-202002-0000002178,ORD-202002-0000002010,WH-00229,SGP,Europe,FedEx,Express,Shipped,2020-02-13 19:49:46,2020-02-23,,1,Australia,2020-02-13 19:49:46,stephen.clark001@analytics.example.com
,SHP-202002-0000002179,ORD-202002-0000002296,WH-00070,IND,Asia,UPS,Same Day,Delivered,2020-02-28 21:42:46,2020-03-07,2020-03-13 08:42:46,1,Canada,2020-02-28 21:42:46,john.mullins109@commerce.example.com
,SHP-202002-0000002180,ORD-202002-0000000467,WH-00245,IND,Europe,UPS,Express,In Transit,2020-02-06 04:31:01,2020-02-14,,1,Mexico,2020-02-06 04:31:01,jennifer.hudson020@analytics.example.com
,SHP-202002-0000002181,ORD-202002-0000002563,WH-00064,SGP,North America,FedEx,Economy,Delivered,2020-02-01 11:35:50,2020-02-07,2020-02-06 11:35:50,2,Netherlands,2020-02-01 11:35:50,taylor.cunningham023@commerce.example.com
,SHP-202002-0000002182,ORD-202002-0000000315,WH-00034,IND,Asia,Royal Mail,Standard,Delivered,2020-02-14 04:13:12,2020-02-17,2020-02-21 13:13:12,1,Brazil,2020-02-14 04:13:12,michael.johnson061@platform.example.com
,SHP-202002-0000002183,ORD-202002-0000002787,WH-00113,ESP,North America,UPS,Same Day,Delivered,2020-02-22 14:56:09,2020-02-25,2020-03-02 01:56:09,1,Brazil,2020-02-22 14:56:09,megan.cunningham013@commerce.example.com
,SHP-202002-0000002184,ORD-202002-0000000821,WH-00090,BRA,Oceania,Australia Post,Pickup,Delivered,2020-02-24 10:27:52,2020-03-05,2020-02-28 20:27:52,1,Germany,2020-02-24 10:27:52,susan.rice083@commerce.example.com
,SHP-202002-0000002185,ORD-202002-0000000913,WH-00132,ARE,Europe,Australia Post,Economy,Delivered,2020-02-22 13:15:23,2020-02-27,2020-02-28 15:15:23,2,Netherlands,2020-02-22 13:15:23,michelle.sims041@analytics.example.com
,SHP-202002-0000002186,ORD-202002-0000000068,WH-00083,ITA,South America,USPS,Economy,Delivered,2020-02-05 09:08:27,2020-02-10,2020-02-17 15:08:27,2,Germany,2020-02-05 09:08:27,victor.palmer071@platform.example.com
,SHP-202002-0000002187,ORD-202002-0000001440,WH-00116,IND,Europe,DHL,Pickup,Delivered,2020-02-28 19:53:11,2020-03-04,2020-03-14 01:53:11,1,Spain,2020-02-28 19:53:11,eric.horton058@analytics.example.com
,SHP-202002-0000002188,ORD-202002-0000002601,WH-00167,GBR,Asia,USPS,Same Day,Delivered,2020-02-22 19:18:55,2020-02-29,2020-02-28 01:18:55,1,United Arab Emirates,2020-02-22 19:18:55,joseph.johnson049@dataops.example.com
,SHP-202002-0000002189,ORD-202002-0000000538,WH-00185,MEX,North America,USPS,Express,Shipped,2020-02-12 08:27:46,2020-02-15,,1,United States,2020-02-12 08:27:46,john.mullins109@commerce.example.com
,SHP-202002-0000002190,ORD-202002-0000002180,WH-00154,ITA,Oceania,DHL,Economy,Delivered,2020-02-02 12:21:44,2020-02-08,2020-02-15 21:21:44,1,Italy,2020-02-02 12:21:44,james.proctor094@dataops.example.com
,SHP-202002-0000002191,ORD-202002-0000000254,WH-00143,CAN,North America,Royal Mail,Pickup,Shipped,2020-02-10 04:55:11,2020-02-13,,1,Canada,2020-02-10 04:55:11,megan.cunningham013@commerce.example.com
,SHP-202002-0000002192,ORD-202002-0000000120,WH-00025,ARE,Asia,USPS,Express,Delivered,2020-02-18 14:10:04,2020-02-21,2020-02-29 19:10:04,2,United States,2020-02-18 14:10:04,micheal.hall064@dataops.example.com
,SHP-202002-0000002193,ORD-202002-0000001539,WH-00072,JPN,North America,FedEx,Same Day,Delivered,2020-02-29 13:57:24,2020-03-02,2020-03-13 22:57:24,1,Japan,2020-02-29 13:57:24,john.mullins109@commerce.example.com
,SHP-202002-0000002194,ORD-202002-0000001700,WH-00237,CAN,North America,FedEx,Economy,Delivered,2020-02-17 14:59:58,2020-02-24,2020-02-25 18:59:58,2,Spain,2020-02-17 14:59:58,stephen.clark001@analytics.example.com
,SHP-202002-0000002195,ORD-202002-0000002775,WH-00234,USA,Asia,Australia Post,Same Day,Delivered,2020-02-26 06:28:56,2020-03-01,2020-02-29 07:28:56,1,Spain,2020-02-26 06:28:56,susan.rice083@commerce.example.com
,SHP-202002-0000002196,ORD-202002-0000002455,WH-00240,DEU,Asia,DHL,Same Day,Delivered,2020-02-02 11:41:34,2020-02-10,2020-02-11 16:41:34,1,Singapore,2020-02-02 11:41:34,lance.williams029@platform.example.com
,SHP-202002-0000002197,ORD-202002-0000000244,WH-00149,JPN,Europe,UPS,Express,Delivered,2020-02-12 03:11:35,2020-02-22,2020-02-21 13:11:35,1,Spain,2020-02-12 03:11:35,tina.williams074@commerce.example.com
,SHP-202002-0000002198,ORD-202002-0000002877,WH-00199,GBR,Asia,USPS,Economy,Delivered,2020-02-02 22:57:06,2020-02-07,2020-02-14 08:57:06,1,United Arab Emirates,2020-02-02 22:57:06,lance.williams029@platform.example.com
,SHP-202002-0000002199,ORD-202002-0000002404,WH-00062,GBR,South America,Royal Mail,Express,Shipped,2020-02-29 13:04:55,2020-03-10,,1,Netherlands,2020-02-29 13:04:55,joseph.johnson049@dataops.example.com
,SHP-202002-0000002200,ORD-202002-0000000642,WH-00049,NLD,Asia,DHL,Standard,In Transit,2020-02-13 06:25:01,2020-02-15,,2,Singapore,2020-02-13 06:25:01,michael.johnson061@platform.example.com
,SHP-202002-0000002201,ORD-202002-0000000235,WH-00225,AUS,North America,UPS,Express,Shipped,2020-02-25 09:23:42,2020-02-28,,1,Singapore,2020-02-25 09:23:42,peter.martinez098@platform.example.com
,SHP-202002-0000002202,ORD-202002-0000002868,WH-00034,SGP,Europe,Australia Post,Same Day,Delivered,2020-02-20 16:08:35,2020-02-23,2020-03-05 22:08:35,1,Germany,2020-02-20 16:08:35,eric.horton058@analytics.example.com
,SHP-202002-0000002203,ORD-202002-0000000772,WH-00122,ARE,North America,FedEx,Express,Delivered,2020-02-19 08:00:34,2020-02-29,2020-02-28 20:00:34,1,Canada,2020-02-19 08:00:34,michelle.bender024@analytics.example.com
,SHP-202002-0000002204,ORD-202002-0000001651,WH-00115,USA,Asia,FedEx,Pickup,Delivered,2020-02-08 01:46:41,2020-02-14,2020-02-11 01:46:41,1,Australia,2020-02-08 01:46:41,michael.johnson061@platform.example.com
,SHP-202002-0000002205,ORD-202002-0000002057,WH-00148,IND,Europe,FedEx,Same Day,Delivered,2020-02-18 18:38:37,2020-02-27,2020-02-28 20:38:37,1,Netherlands,2020-02-18 18:38:37,taylor.cunningham023@commerce.example.com
,SHP-202002-0000002206,ORD-202002-0000000854,WH-00167,DEU,Europe,DPD,Economy,Delivered,2020-02-01 09:35:49,2020-02-10,2020-02-14 10:35:49,1,Italy,2020-02-01 09:35:49,micheal.hall064@dataops.example.com
,SHP-202002-0000002207,ORD-202002-0000002829,WH-00228,CAN,Asia,Australia Post,Pickup,Delivered,2020-02-29 08:27:48,2020-03-04,2020-03-10 08:27:48,1,Canada,2020-02-29 08:27:48,joseph.johnson049@dataops.example.com
,SHP-202002-0000002208,ORD-202002-0000001728,WH-00021,ITA,Oceania,DPD,Express,Delivered,2020-02-09 12:58:00,2020-02-12,2020-02-17 20:58:00,1,India,2020-02-09 12:58:00,megan.cunningham013@commerce.example.com
,SHP-202002-0000002209,ORD-202002-0000000373,WH-00228,SGP,North America,FedEx,Pickup,Delivered,2020-02-08 14:08:35,2020-02-11,2020-02-18 18:08:35,1,Germany,2020-02-08 14:08:35,lance.williams029@platform.example.com
,SHP-202002-0000002210,ORD-202002-0000002274,WH-00105,DEU,Europe,DHL,Economy,In Transit,2020-02-07 06:16:35,2020-02-12,,2,France,2020-02-07 06:16:35,susan.rice083@commerce.example.com
,SHP-202002-0000002211,ORD-202002-0000002199,WH-00027,CAN,Asia,USPS,Standard,Delivered,2020-02-06 17:08:13,2020-02-12,2020-02-16 18:08:13,1,Japan,2020-02-06 17:08:13,michelle.bender024@analytics.example.com
,SHP-202002-0000002212,ORD-202002-0000001285,WH-00142,SGP,Oceania,FedEx,Pickup,Delivered,2020-02-02 01:41:14,2020-02-04,2020-02-13 01:41:14,1,Brazil,2020-02-02 01:41:14,john.mullins109@commerce.example.com
,SHP-202002-0000002213,ORD-202002-0000000000,WH-00243,MEX,South America,Australia Post,Pickup,Delivered,2020-02-07 00:39:28,2020-02-16,2020-02-09 06:39:28,1,United Kingdom,2020-02-07 00:39:28,john.mullins109@commerce.example.com
,SHP-202002-0000002214,ORD-202002-0000000671,WH-00115,AUS,Europe,Royal Mail,Pickup,Delivered,2020-02-13 10:42:42,2020-02-19,2020-02-18 13:42:42,2,Mexico,2020-02-13 10:42:42,jennifer.bauer068@analytics.example.com
,SHP-202002-0000002215,ORD-202002-0000002077,WH-00159,USA,South America,Royal Mail,Standard,Delayed,2020-02-11 06:42:58,2020-02-21,,1,Spain,2020-02-11 06:42:58,joseph.johnson049@dataops.example.com
,SHP-202002-0000002216,ORD-202002-0000000043,WH-00147,NLD,Asia,DHL,Express,Delivered,2020-02-15 00:32:30,2020-02-21,2020-02-23 08:32:30,1,Germany,2020-02-15 00:32:30,jennifer.bauer068@analytics.example.com
,SHP-202002-0000002217,ORD-202002-0000000534,WH-00200,ESP,Europe,Royal Mail,Same Day,Delayed,2020-02-26 14:59:14,2020-02-28,,1,Mexico,2020-02-26 14:59:14,jennifer.bauer068@analytics.example.com
,SHP-202002-0000002218,ORD-202002-0000000083,WH-00234,NLD,North America,Australia Post,Standard,Shipped,2020-02-01 04:26:30,2020-02-08,,1,United Kingdom,2020-02-01 04:26:30,michelle.sims041@analytics.example.com
,SHP-202002-0000002219,ORD-202002-0000000309,WH-00167,MEX,South America,USPS,Same Day,Delivered,2020-02-09 10:49:34,2020-02-12,2020-02-15 19:49:34,1,Germany,2020-02-09 10:49:34,taylor.cunningham023@commerce.example.com
,SHP-202002-0000002220,ORD-202002-0000002001,WH-00095,CAN,Asia,DHL,Economy,Shipped,2020-02-13 23:43:01,2020-02-21,,1,Netherlands,2020-02-13 23:43:01,ashley.marks069@commerce.example.com
,SHP-202002-0000002221,ORD-202002-0000001776,WH-00056,DEU,Europe,DHL,Same Day,Delivered,2020-02-19 13:41:38,2020-02-28,2020-02-22 13:41:38,1,Singapore,2020-02-19 13:41:38,stephen.clark001@analytics.example.com
,SHP-202002-0000002222,ORD-202002-0000000253,WH-00063,ARE,Europe,USPS,Pickup,Delivered,2020-02-09 11:34:15,2020-02-17,2020-02-19 13:34:15,2,India,2020-02-09 11:34:15,victor.palmer071@platform.example.com
,SHP-202002-0000002223,ORD-202002-0000002779,WH-00198,ARE,Asia,UPS,Same Day,Shipped,2020-02-23 09:53:23,2020-02-26,,2,Netherlands,2020-02-23 09:53:23,stephen.clark001@analytics.example.com
,SHP-202002-0000002224,ORD-202002-0000001988,WH-00174,FRA,North America,Australia Post,Pickup,In Transit,2020-02-08 11:30:58,2020-02-14,,1,Netherlands,2020-02-08 11:30:58,tina.williams074@commerce.example.com
,SHP-202002-0000002225,ORD-202002-0000000350,WH-00032,USA,Europe,Royal Mail,Express,Delivered,2020-02-11 05:03:36,2020-02-14,2020-02-22 14:03:36,1,India,2020-02-11 05:03:36,taylor.cunningham023@commerce.example.com
,SHP-202002-0000002226,ORD-202002-0000002354,WH-00169,ESP,Asia,UPS,Same Day,Delivered,2020-02-10 22:00:54,2020-02-20,2020-02-15 07:00:54,1,Brazil,2020-02-10 22:00:54,john.mullins109@commerce.example.com
,SHP-202002-0000002227,ORD-202002-0000001767,WH-00081,CAN,South America,DPD,Same Day,Delivered,2020-02-24 05:40:25,2020-03-05,2020-03-09 07:40:25,1,Spain,2020-02-24 05:40:25,joseph.johnson049@dataops.example.com
,SHP-202002-0000002228,ORD-202002-0000002070,WH-00224,ARE,North America,DHL,Standard,In Transit,2020-02-15 08:06:56,2020-02-21,,1,United Kingdom,2020-02-15 08:06:56,jeffery.miller012@commerce.example.com
,SHP-202002-0000002229,ORD-202002-0000000080,WH-00009,GBR,Oceania,FedEx,Same Day,In Transit,2020-02-25 11:14:08,2020-03-02,,2,France,2020-02-25 11:14:08,adam.gordon030@commerce.example.com
,SHP-202002-0000002230,ORD-202002-0000001370,WH-00045,FRA,Europe,USPS,Express,In Transit,2020-02-12 14:12:39,2020-02-21,,1,United States,2020-02-12 14:12:39,peter.martinez098@platform.example.com
,SHP-202002-0000002231,ORD-202002-0000000257,WH-00160,NLD,Europe,USPS,Same Day,Shipped,2020-02-15 05:59:37,2020-02-17,,1,Germany,2020-02-15 05:59:37,joseph.johnson049@dataops.example.com
,SHP-202002-0000002232,ORD-202002-0000001443,WH-00006,JPN,Europe,USPS,Pickup,In Transit,2020-02-11 22:40:06,2020-02-18,,1,Mexico,2020-02-11 22:40:06,jeffery.miller012@commerce.example.com
,SHP-202002-0000002233,ORD-202002-0000002751,WH-00170,FRA,Asia,DPD,Standard,Delivered,2020-02-18 15:03:52,2020-02-28,2020-02-21 19:03:52,1,United Arab Emirates,2020-02-18 15:03:52,jeffery.miller012@commerce.example.com
,SHP-202002-0000002234,ORD-202002-0000002701,WH-00228,FRA,Oceania,Royal Mail,Same Day,Delivered,2020-02-13 14:15:14,2020-02-17,2020-02-17 17:15:14,1,Canada,2020-02-13 14:15:14,michelle.sims041@analytics.example.com
,SHP-202002-0000002235,ORD-202002-0000001917,WH-00080,ARE,Asia,FedEx,Standard,Delivered,2020-02-26 23:14:04,2020-03-05,2020-03-03 07:14:04,1,United States,2020-02-26 23:14:04,eric.horton058@analytics.example.com
,SHP-202002-0000002236,ORD-202002-0000001188,WH-00092,GBR,Asia,UPS,Express,Delivered,2020-02-22 16:14:56,2020-02-29,2020-02-26 02:14:56,1,Mexico,2020-02-22 16:14:56,jennifer.hudson020@analytics.example.com
,SHP-202002-0000002237,ORD-202002-0000001185,WH-00024,AUS,North America,UPS,Economy,In Transit,2020-02-10 04:34:20,2020-02-12,,2,United Kingdom,2020-02-10 04:34:20,stephen.daniels076@commerce.example.com
,SHP-202002-0000002238,ORD-202002-0000000428,WH-00207,SGP,Europe,DHL,Economy,Delivered,2020-02-12 16:17:01,2020-02-17,2020-02-21 22:17:01,1,United Arab Emirates,2020-02-12 16:17:01,jennifer.bauer068@analytics.example.com
,SHP-202002-0000002239,ORD-202002-0000002721,WH-00163,GBR,Europe,DHL,Same Day,Delivered,2020-02-05 03:00:47,2020-02-12,2020-02-18 11:00:47,2,United States,2020-02-05 03:00:47,victor.palmer071@platform.example.com
,SHP-202002-0000002240,ORD-202002-0000000112,WH-00220,USA,Asia,Australia Post,Express,Delivered,2020-02-11 19:47:01,2020-02-13,2020-02-15 21:47:01,1,Netherlands,2020-02-11 19:47:01,kelsey.taylor010@platform.example.com
,SHP-202002-0000002241,ORD-202002-0000001947,WH-00213,MEX,Asia,Australia Post,Standard,In Transit,2020-02-19 13:41:44,2020-02-28,,3,United Kingdom,2020-02-19 13:41:44,kelsey.taylor010@platform.example.com
,SHP-202002-0000002242,ORD-202002-0000002763,WH-00162,SGP,Asia,UPS,Standard,Delivered,2020-02-25 16:20:55,2020-03-06,2020-02-28 01:20:55,1,Spain,2020-02-25 16:20:55,ashley.marks069@commerce.example.com
,SHP-202002-0000002243,ORD-202002-0000001944,WH-00182,IND,Europe,DHL,Pickup,Delivered,2020-02-20 04:13:22,2020-02-23,2020-02-28 04:13:22,2,Germany,2020-02-20 04:13:22,james.proctor094@dataops.example.com
,SHP-202002-0000002244,ORD-202002-0000002365,WH-00011,SGP,Oceania,UPS,Economy,Delivered,2020-02-01 16:48:48,2020-02-10,2020-02-11 18:48:48,1,Germany,2020-02-01 16:48:48,micheal.chen050@dataops.example.com
,SHP-202002-0000002245,ORD-202002-0000001583,WH-00170,SGP,Europe,USPS,Express,Delivered,2020-02-06 04:22:45,2020-02-15,2020-02-13 14:22:45,1,Spain,2020-02-06 04:22:45,jennifer.hudson020@analytics.example.com
,SHP-202002-0000002246,ORD-202002-0000002440,WH-00125,CAN,Oceania,Royal Mail,Same Day,In Transit,2020-02-18 22:25:47,2020-02-25,,1,United States,2020-02-18 22:25:47,taylor.cunningham023@commerce.example.com
,SHP-202002-0000002247,ORD-202002-0000001331,WH-00138,USA,Europe,UPS,Pickup,Delivered,2020-02-21 04:18:58,2020-02-26,2020-03-05 05:18:58,3,United Kingdom,2020-02-21 04:18:58,kelsey.taylor010@platform.example.com
,SHP-202002-0000002248,ORD-202002-0000002742,WH-00040,BRA,Europe,FedEx,Pickup,Shipped,2020-02-18 18:29:31,2020-02-24,,3,Australia,2020-02-18 18:29:31,stephen.daniels076@commerce.example.com
,SHP-202002-0000002249,ORD-202002-0000002028,WH-00215,CAN,Asia,Australia Post,Same Day,Shipped,2020-02-11 22:31:49,2020-02-21,,1,Canada,2020-02-11 22:31:49,susan.rice083@commerce.example.com
,SHP-202002-0000002250,ORD-202002-0000000472,WH-00241,ESP,Europe,DPD,Express,Shipped,2020-02-26 10:57:34,2020-03-02,,1,United Arab Emirates,2020-02-26 10:57:34,stephen.daniels076@commerce.example.com
,SHP-202002-0000002251,ORD-202002-0000000352,WH-00044,BRA,Europe,UPS,Standard,Delivered,2020-02-09 05:44:37,2020-02-19,2020-02-11 08:44:37,1,Mexico,2020-02-09 05:44:37,david.cabrera119@dataops.example.com
,SHP-202002-0000002252,ORD-202002-0000002101,WH-00190,ITA,North America,DHL,Express,Delivered,2020-02-02 03:27:16,2020-02-07,2020-02-08 09:27:16,1,United Arab Emirates,2020-02-02 03:27:16,lance.williams029@platform.example.com
,SHP-202002-0000002253,ORD-202002-0000001005,WH-00009,NLD,Oceania,UPS,Express,Delivered,2020-02-08 01:16:07,2020-02-11,2020-02-13 05:16:07,1,Australia,2020-02-08 01:16:07,stephen.clark001@analytics.example.com
,SHP-202002-0000002254,ORD-202002-0000002309,WH-00102,CAN,South America,Australia Post,Pickup,Delivered,2020-02-16 09:29:29,2020-02-23,2020-02-28 17:29:29,1,Mexico,2020-02-16 09:29:29,patrick.gonzalez035@dataops.example.com
,SHP-202002-0000002255,ORD-202002-0000001169,WH-00153,BRA,Europe,Royal Mail,Same Day,Delivered,2020-02-20 06:35:49,2020-02-28,2020-02-26 09:35:49,1,France,2020-02-20 06:35:49,micheal.hall064@dataops.example.com
,SHP-202002-0000002256,ORD-202002-0000002434,WH-00100,CAN,Asia,Royal Mail,Same Day,Delivered,2020-02-19 21:16:45,2020-02-22,2020-03-05 02:16:45,1,Netherlands,2020-02-19 21:16:45,andrea.cummings039@platform.example.com
,SHP-202002-0000002257,ORD-202002-0000000682,WH-00107,GBR,Europe,DPD,Express,Delivered,2020-02-22 09:30:00,2020-02-25,2020-03-05 13:30:00,1,India,2020-02-22 09:30:00,adam.gordon030@commerce.example.com
,SHP-202002-0000002258,ORD-202002-0000000165,WH-00203,DEU,North America,DHL,Standard,Delivered,2020-02-08 00:54:25,2020-02-13,2020-02-12 00:54:25,1,Australia,2020-02-08 00:54:25,joseph.johnson049@dataops.example.com
,SHP-202002-0000002259,ORD-202002-0000001535,WH-00155,AUS,Europe,DPD,Standard,In Transit,2020-02-02 03:44:06,2020-02-07,,1,United States,2020-02-02 03:44:06,kelsey.taylor010@platform.example.com
,SHP-202002-0000002260,ORD-202002-0000001863,WH-00012,ARE,Asia,Australia Post,Economy,Shipped,2020-02-13 21:46:47,2020-02-17,,2,Spain,2020-02-13 21:46:47,andrea.cummings039@platform.example.com
,SHP-202002-0000002261,ORD-202002-0000000018,WH-00191,ITA,South America,USPS,Economy,Delivered,2020-02-21 18:05:12,2020-02-25,2020-02-26 02:05:12,1,India,2020-02-21 18:05:12,jennifer.bauer068@analytics.example.com
,SHP-202002-0000002262,ORD-202002-0000002437,WH-00092,USA,Oceania,UPS,Pickup,In Transit,2020-02-09 02:21:27,2020-02-17,,2,Mexico,2020-02-09 02:21:27,lance.williams029@platform.example.com
,SHP-202002-0000002263,ORD-202002-0000000699,WH-00106,MEX,North America,UPS,Same Day,Delivered,2020-02-25 02:22:38,2020-03-02,2020-03-06 10:22:38,1,United Arab Emirates,2020-02-25 02:22:38,jeffery.miller012@commerce.example.com
,SHP-202002-0000002264,ORD-202002-0000000464,WH-00136,FRA,Oceania,USPS,Standard,Delivered,2020-02-01 13:17:28,2020-02-03,2020-02-03 21:17:28,1,Brazil,2020-02-01 13:17:28,joseph.johnson049@dataops.example.com
,SHP-202002-0000002265,ORD-202002-0000001068,WH-00197,ARE,North America,Royal Mail,Standard,Delivered,2020-02-09 00:18:37,2020-02-16,2020-02-23 05:18:37,1,United Kingdom,2020-02-09 00:18:37,joseph.johnson049@dataops.example.com
,SHP-202002-0000002266,ORD-202002-0000002713,WH-00009,JPN,South America,USPS,Express,Delivered,2020-02-05 03:24:31,2020-02-14,2020-02-15 11:24:31,2,India,2020-02-05 03:24:31,taylor.cunningham023@commerce.example.com
,SHP-202002-0000002267,ORD-202002-0000001046,WH-00070,IND,Oceania,DHL,Economy,Returned,2020-02-27 16:42:31,2020-03-01,,1,United Kingdom,2020-02-27 16:42:31,patrick.gonzalez035@dataops.example.com
,SHP-202002-0000002268,ORD-202002-0000000975,WH-00143,JPN,Europe,Australia Post,Pickup,Delivered,2020-02-25 04:25:17,2020-02-29,2020-03-03 14:25:17,1,Singapore,2020-02-25 04:25:17,tina.williams074@commerce.example.com
,SHP-202002-0000002269,ORD-202002-0000000541,WH-00115,ESP,Europe,UPS,Same Day,Delivered,2020-02-05 17:34:14,2020-02-08,2020-02-10 18:34:14,1,United Arab Emirates,2020-02-05 17:34:14,ashley.marks069@commerce.example.com
,SHP-202002-0000002270,ORD-202002-0000001325,WH-00216,ESP,Europe,Royal Mail,Same Day,In Transit,2020-02-19 17:49:38,2020-02-25,,1,Japan,2020-02-19 17:49:38,james.proctor094@dataops.example.com
,SHP-202002-0000002271,ORD-202002-0000000364,WH-00053,CAN,North America,DHL,Economy,Delivered,2020-02-05 00:55:22,2020-02-14,2020-02-15 07:55:22,1,United Arab Emirates,2020-02-05 00:55:22,eric.horton058@analytics.example.com
,SHP-202002-0000002272,ORD-202002-0000001400,WH-00033,MEX,Europe,UPS,Same Day,Delivered,2020-02-23 05:50:48,2020-02-26,2020-03-02 13:50:48,2,India,2020-02-23 05:50:48,david.cabrera119@dataops.example.com
,SHP-202002-0000002273,ORD-202002-0000001362,WH-00244,FRA,Asia,Australia Post,Economy,Delivered,2020-02-27 10:49:51,2020-03-01,2020-03-02 19:49:51,1,United Kingdom,2020-02-27 10:49:51,james.proctor094@dataops.example.com
,SHP-202002-0000002274,ORD-202002-0000002202,WH-00242,USA,Europe,FedEx,Express,Delayed,2020-02-12 05:09:01,2020-02-19,,1,United Arab Emirates,2020-02-12 05:09:01,ashley.marks069@commerce.example.com
,SHP-202002-0000002275,ORD-202002-0000001449,WH-00226,ESP,Asia,USPS,Express,Delivered,2020-02-25 18:38:01,2020-02-28,2020-03-07 18:38:01,1,Spain,2020-02-25 18:38:01,michael.berger060@platform.example.com
,SHP-202002-0000002276,ORD-202002-0000002875,WH-00230,JPN,Asia,FedEx,Express,Delivered,2020-02-08 15:08:25,2020-02-10,2020-02-15 16:08:25,1,Brazil,2020-02-08 15:08:25,stephen.daniels076@commerce.example.com
,SHP-202002-0000002277,ORD-202002-0000001960,WH-00065,NLD,Oceania,FedEx,Express,Delivered,2020-02-15 12:04:31,2020-02-24,2020-02-20 23:04:31,2,United Kingdom,2020-02-15 12:04:31,peter.martinez098@platform.example.com
,SHP-202002-0000002278,ORD-202002-0000001271,WH-00101,BRA,Europe,FedEx,Same Day,Delivered,2020-02-11 13:09:44,2020-02-17,2020-02-18 20:09:44,1,Japan,2020-02-11 13:09:44,maria.ashley046@analytics.example.com
,SHP-202002-0000002279,ORD-202002-0000002537,WH-00033,SGP,Asia,FedEx,Economy,Delivered,2020-02-26 12:08:40,2020-03-04,2020-03-03 23:08:40,3,Brazil,2020-02-26 12:08:40,michelle.bender024@analytics.example.com
,SHP-202002-0000002280,ORD-202002-0000002799,WH-00015,JPN,Europe,Australia Post,Economy,Delivered,2020-02-08 02:40:08,2020-02-10,2020-02-13 05:40:08,3,Netherlands,2020-02-08 02:40:08,michelle.sims041@analytics.example.com
,SHP-202002-0000002281,ORD-202002-0000001554,WH-00194,ESP,South America,FedEx,Pickup,In Transit,2020-02-19 00:48:02,2020-02-24,,3,United Arab Emirates,2020-02-19 00:48:02,michelle.sims041@analytics.example.com
,SHP-202002-0000002282,ORD-202002-0000000196,WH-00023,BRA,North America,USPS,Pickup,Delivered,2020-02-21 09:48:27,2020-03-01,2020-02-25 14:48:27,1,Mexico,2020-02-21 09:48:27,megan.cunningham013@commerce.example.com
,SHP-202002-0000002283,ORD-202002-0000002788,WH-00023,ESP,Europe,FedEx,Same Day,Delivered,2020-02-01 02:25:49,2020-02-08,2020-02-11 06:25:49,1,Singapore,2020-02-01 02:25:49,stephen.clark001@analytics.example.com
,SHP-202002-0000002284,ORD-202002-0000002570,WH-00010,DEU,Asia,DHL,Standard,Delivered,2020-02-25 09:24:01,2020-03-05,2020-03-06 17:24:01,1,United Kingdom,2020-02-25 09:24:01,michelle.sims041@analytics.example.com
,SHP-202002-0000002285,ORD-202002-0000002535,WH-00073,BRA,Europe,FedEx,Standard,Delivered,2020-02-03 23:09:20,2020-02-08,2020-02-15 08:09:20,1,United States,2020-02-03 23:09:20,tina.williams074@commerce.example.com
,SHP-202002-0000002286,ORD-202002-0000002711,WH-00145,AUS,Europe,UPS,Express,Delivered,2020-02-14 12:21:56,2020-02-20,2020-02-26 20:21:56,1,Australia,2020-02-14 12:21:56,michelle.bender024@analytics.example.com
,SHP-202002-0000002287,ORD-202002-0000001302,WH-00131,MEX,Asia,DHL,Express,Delivered,2020-02-09 18:07:21,2020-02-14,2020-02-20 21:07:21,1,Canada,2020-02-09 18:07:21,susan.rice083@commerce.example.com
,SHP-202002-0000002288,ORD-202002-0000001899,WH-00204,FRA,Asia,DHL,Same Day,Shipped,2020-02-08 19:50:06,2020-02-15,,1,United Arab Emirates,2020-02-08 19:50:06,michael.johnson061@platform.example.com
,SHP-202002-0000002289,ORD-202002-0000002288,WH-00172,SGP,Europe,FedEx,Standard,Returned,2020-02-10 08:38:02,2020-02-16,,2,Germany,2020-02-10 08:38:02,jennifer.bauer068@analytics.example.com
,SHP-202002-0000002290,ORD-202002-0000002269,WH-00239,CAN,Asia,DPD,Standard,Delivered,2020-02-24 06:42:24,2020-02-26,2020-03-09 15:42:24,1,Germany,2020-02-24 06:42:24,jeffery.miller012@commerce.example.com
,SHP-202002-0000002291,ORD-202002-0000001913,WH-00221,ITA,Asia,FedEx,Economy,Delivered,2020-02-13 22:24:02,2020-02-20,2020-02-18 22:24:02,1,India,2020-02-13 22:24:02,david.cabrera119@dataops.example.com
,SHP-202002-0000002292,ORD-202002-0000001881,WH-00026,USA,Oceania,UPS,Express,Returned,2020-02-09 14:51:21,2020-02-19,,1,India,2020-02-09 14:51:21,jeffery.miller012@commerce.example.com
,SHP-202002-0000002293,ORD-202002-0000000507,WH-00180,GBR,Europe,UPS,Express,Delivered,2020-02-23 10:13:10,2020-02-25,2020-03-01 15:13:10,2,India,2020-02-23 10:13:10,michael.johnson061@platform.example.com
,SHP-202002-0000002294,ORD-202002-0000001555,WH-00200,IND,Oceania,UPS,Standard,Delayed,2020-02-18 16:37:20,2020-02-28,,1,Netherlands,2020-02-18 16:37:20,ryan.steele043@commerce.example.com
,SHP-202002-0000002295,ORD-202002-0000001874,WH-00005,IND,North America,DPD,Express,Delivered,2020-02-17 19:00:48,2020-02-22,2020-02-20 22:00:48,1,Canada,2020-02-17 19:00:48,victor.palmer071@platform.example.com
,SHP-202002-0000002296,ORD-202002-0000002686,WH-00166,BRA,Europe,DHL,Express,Delivered,2020-02-05 10:10:41,2020-02-11,2020-02-18 17:10:41,1,Spain,2020-02-05 10:10:41,jennifer.bauer068@analytics.example.com
,SHP-202002-0000002297,ORD-202002-0000001182,WH-00159,JPN,Asia,USPS,Express,Delivered,2020-02-10 03:49:19,2020-02-17,2020-02-20 05:49:19,1,Germany,2020-02-10 03:49:19,adam.gordon030@commerce.example.com
,SHP-202002-0000002298,ORD-202002-0000000749,WH-00151,BRA,Asia,Royal Mail,Standard,Delivered,2020-02-15 00:28:35,2020-02-19,2020-02-19 10:28:35,1,Mexico,2020-02-15 00:28:35,michael.johnson061@platform.example.com
,SHP-202002-0000002299,ORD-202002-0000001788,WH-00146,ESP,North America,FedEx,Pickup,Delivered,2020-02-22 07:02:46,2020-03-01,2020-03-04 08:02:46,1,Spain,2020-02-22 07:02:46,lance.williams029@platform.example.com
,SHP-202002-0000002300,ORD-202002-0000000526,WH-00091,DEU,Asia,Royal Mail,Pickup,Delivered,2020-02-15 00:23:56,2020-02-23,2020-02-20 02:23:56,1,Canada,2020-02-15 00:23:56,james.proctor094@dataops.example.com
,SHP-202002-0000002301,ORD-202002-0000002653,WH-00083,ARE,Europe,USPS,Express,Delivered,2020-02-10 02:34:28,2020-02-19,2020-02-19 12:34:28,1,India,2020-02-10 02:34:28,adam.gordon030@commerce.example.com
,SHP-202002-0000002302,ORD-202002-0000001170,WH-00055,DEU,Europe,USPS,Express,In Transit,2020-02-22 16:42:02,2020-02-27,,2,Mexico,2020-02-22 16:42:02,joseph.johnson049@dataops.example.com
,SHP-202002-0000002303,ORD-202002-0000001131,WH-00135,AUS,Europe,Royal Mail,Standard,Delivered,2020-02-11 13:34:41,2020-02-19,2020-02-16 13:34:41,1,United Arab Emirates,2020-02-11 13:34:41,john.mullins109@commerce.example.com
,SHP-202002-0000002304,ORD-202002-0000000243,WH-00223,ITA,North America,DHL,Express,Delivered,2020-02-14 12:55:33,2020-02-20,2020-02-18 17:55:33,1,Netherlands,2020-02-14 12:55:33,michael.berger060@platform.example.com
,SHP-202002-0000002305,ORD-202002-0000000909,WH-00025,ESP,Europe,Australia Post,Pickup,Delivered,2020-02-08 15:30:58,2020-02-10,2020-02-19 21:30:58,1,Spain,2020-02-08 15:30:58,michael.berger060@platform.example.com
,SHP-202002-0000002306,ORD-202002-0000001645,WH-00035,IND,Asia,DPD,Standard,Delivered,2020-02-03 11:48:32,2020-02-05,2020-02-15 17:48:32,4,Spain,2020-02-03 11:48:32,peter.martinez098@platform.example.com
,SHP-202002-0000002307,ORD-202002-0000000799,WH-00069,IND,Europe,DHL,Standard,Delivered,2020-02-23 23:24:45,2020-02-29,2020-03-04 08:24:45,1,Australia,2020-02-23 23:24:45,adam.gordon030@commerce.example.com
,SHP-202002-0000002308,ORD-202002-0000002511,WH-00184,SGP,Oceania,UPS,Pickup,Delayed,2020-02-19 10:48:50,2020-02-26,,1,Canada,2020-02-19 10:48:50,victor.palmer071@platform.example.com
,SHP-202002-0000002309,ORD-202002-0000002127,WH-00015,FRA,South America,DHL,Same Day,Delivered,2020-02-20 02:53:39,2020-02-25,2020-03-03 08:53:39,1,India,2020-02-20 02:53:39,michael.berger060@platform.example.com
,SHP-202002-0000002310,ORD-202002-0000001041,WH-00248,BRA,South America,Royal Mail,Economy,Delivered,2020-02-22 01:44:51,2020-02-26,2020-02-24 02:44:51,1,United States,2020-02-22 01:44:51,ryan.steele043@commerce.example.com
,SHP-202002-0000002311,ORD-202002-0000001196,WH-00021,ESP,Europe,Australia Post,Pickup,In Transit,2020-02-27 09:46:01,2020-03-02,,1,United States,2020-02-27 09:46:01,jeffery.miller012@commerce.example.com
,SHP-202002-0000002312,ORD-202002-0000001259,WH-00015,DEU,Europe,DHL,Same Day,Delivered,2020-02-23 13:29:19,2020-03-01,2020-02-26 21:29:19,1,Germany,2020-02-23 13:29:19,david.cabrera119@dataops.example.com
,SHP-202002-0000002313,ORD-202002-0000001537,WH-00026,NLD,Oceania,Royal Mail,Economy,Delivered,2020-02-25 22:30:52,2020-03-03,2020-03-03 02:30:52,1,Brazil,2020-02-25 22:30:52,eric.horton058@analytics.example.com
,SHP-202002-0000002314,ORD-202002-0000000995,WH-00197,AUS,Oceania,UPS,Pickup,Delivered,2020-02-13 09:09:07,2020-02-23,2020-02-26 11:09:07,1,United States,2020-02-13 09:09:07,tina.williams074@commerce.example.com
,SHP-202002-0000002315,ORD-202002-0000001068,WH-00130,FRA,Europe,Australia Post,Pickup,Delivered,2020-02-01 16:20:46,2020-02-07,2020-02-11 17:20:46,1,United States,2020-02-01 16:20:46,michael.berger060@platform.example.com
,SHP-202002-0000002316,ORD-202002-0000002877,WH-00215,JPN,South America,DHL,Express,Delayed,2020-02-25 07:31:43,2020-02-28,,1,Germany,2020-02-25 07:31:43,megan.cunningham013@commerce.example.com
,SHP-202002-0000002317,ORD-202002-0000002557,WH-00193,NLD,Europe,USPS,Express,Delivered,2020-02-13 06:44:26,2020-02-16,2020-02-24 11:44:26,2,Italy,2020-02-13 06:44:26,lance.williams029@platform.example.com
,SHP-202002-0000002318,ORD-202002-0000000487,WH-00072,GBR,North America,USPS,Pickup,In Transit,2020-02-12 19:03:01,2020-02-15,,1,United States,2020-02-12 19:03:01,eric.horton058@analytics.example.com
,SHP-202002-0000002319,ORD-202002-0000002746,WH-00247,NLD,Europe,DHL,Pickup,Shipped,2020-02-20 00:05:27,2020-02-29,,1,Netherlands,2020-02-20 00:05:27,micheal.hall064@dataops.example.com
,SHP-202002-0000002320,ORD-202002-0000001059,WH-00083,AUS,Asia,Australia Post,Same Day,Delivered,2020-02-16 08:26:34,2020-02-26,2020-02-27 14:26:34,1,Singapore,2020-02-16 08:26:34,jeffery.miller012@commerce.example.com
,SHP-202002-0000002321,ORD-202002-0000002339,WH-00130,CAN,Asia,FedEx,Pickup,In Transit,2020-02-25 05:32:58,2020-03-06,,1,Italy,2020-02-25 05:32:58,peter.martinez098@platform.example.com
,SHP-202002-0000002322,ORD-202002-0000001748,WH-00242,USA,South America,FedEx,Same Day,Delivered,2020-02-27 17:46:47,2020-03-02,2020-03-03 02:46:47,1,Germany,2020-02-27 17:46:47,stephen.clark001@analytics.example.com
,SHP-202002-0000002323,ORD-202002-0000001880,WH-00029,GBR,Asia,Royal Mail,Standard,Delayed,2020-02-13 14:04:54,2020-02-22,,2,Australia,2020-02-13 14:04:54,micheal.chen050@dataops.example.com
,SHP-202002-0000002324,ORD-202002-0000000767,WH-00035,DEU,North America,FedEx,Economy,Delivered,2020-02-12 11:55:27,2020-02-16,2020-02-24 11:55:27,1,Brazil,2020-02-12 11:55:27,micheal.hall064@dataops.example.com
,SHP-202002-0000002325,ORD-202002-0000001865,WH-00237,CAN,Europe,USPS,Express,Delivered,2020-02-17 03:51:11,2020-02-26,2020-02-29 06:51:11,1,Netherlands,2020-02-17 03:51:11,michael.johnson061@platform.example.com
,SHP-202002-0000002326,ORD-202002-0000000144,WH-00229,ITA,Asia,UPS,Express,Delivered,2020-02-15 12:36:07,2020-02-25,2020-02-27 23:36:07,1,Germany,2020-02-15 12:36:07,peter.martinez098@platform.example.com
,SHP-202002-0000002327,ORD-202002-0000001014,WH-00078,NLD,South America,Royal Mail,Economy,Delivered,2020-02-01 22:17:49,2020-02-10,2020-02-04 05:17:49,3,United States,2020-02-01 22:17:49,lance.williams029@platform.example.com
,SHP-202002-0000002328,ORD-202002-0000001261,WH-00171,ARE,Asia,DPD,Standard,In Transit,2020-02-17 07:12:48,2020-02-25,,2,United Arab Emirates,2020-02-17 07:12:48,joseph.johnson049@dataops.example.com
,SHP-202002-0000002329,ORD-202002-0000001756,WH-00154,GBR,South America,Australia Post,Express,In Transit,2020-02-26 03:05:31,2020-03-04,,1,Netherlands,2020-02-26 03:05:31,joseph.johnson049@dataops.example.com
,SHP-202002-0000002330,ORD-202002-0000000606,WH-00095,ITA,Europe,FedEx,Pickup,In Transit,2020-02-26 13:42:54,2020-03-03,,1,Mexico,2020-02-26 13:42:54,peter.martinez098@platform.example.com
,SHP-202002-0000002331,ORD-202002-0000000160,WH-00135,NLD,Europe,Royal Mail,Same Day,In Transit,2020-02-01 17:04:42,2020-02-06,,1,Canada,2020-02-01 17:04:42,peter.martinez098@platform.example.com
,SHP-202002-0000002332,ORD-202002-0000002116,WH-00214,DEU,Europe,Royal Mail,Express,Delivered,2020-02-18 16:46:57,2020-02-20,2020-02-28 23:46:57,1,United Arab Emirates,2020-02-18 16:46:57,michelle.sims041@analytics.example.com
,SHP-202002-0000002333,ORD-202002-0000001003,WH-00144,CAN,South America,Australia Post,Standard,Shipped,2020-02-26 15:24:41,2020-03-04,,1,Japan,2020-02-26 15:24:41,maria.ashley046@analytics.example.com
,SHP-202002-0000002334,ORD-202002-0000001841,WH-00084,ESP,Europe,DHL,Economy,Delayed,2020-02-24 12:25:01,2020-03-01,,1,Germany,2020-02-24 12:25:01,stephen.daniels076@commerce.example.com
,SHP-202002-0000002335,ORD-202002-0000002899,WH-00186,ESP,Asia,DPD,Express,Delivered,2020-02-28 17:32:45,2020-03-05,2020-03-11 22:32:45,1,United Kingdom,2020-02-28 17:32:45,adam.gordon030@commerce.example.com
,SHP-202002-0000002336,ORD-202002-0000002608,WH-00241,SGP,North America,DPD,Economy,Delivered,2020-02-01 14:36:12,2020-02-07,2020-02-04 16:36:12,1,Germany,2020-02-01 14:36:12,james.proctor094@dataops.example.com
,SHP-202002-0000002337,ORD-202002-0000002696,WH-00058,GBR,Europe,Australia Post,Standard,Delivered,2020-02-19 10:38:37,2020-02-22,2020-02-23 17:38:37,1,Brazil,2020-02-19 10:38:37,micheal.hall064@dataops.example.com
,SHP-202002-0000002338,ORD-202002-0000000141,WH-00180,CAN,Europe,UPS,Standard,Delivered,2020-02-04 14:43:28,2020-02-11,2020-02-14 20:43:28,1,Canada,2020-02-04 14:43:28,patrick.gonzalez035@dataops.example.com
,SHP-202002-0000002339,ORD-202002-0000000597,WH-00211,ARE,Europe,USPS,Pickup,Shipped,2020-02-27 06:17:54,2020-03-04,,3,France,2020-02-27 06:17:54,micheal.hall064@dataops.example.com
,SHP-202002-0000002340,ORD-202002-0000001570,WH-00182,SGP,Europe,DPD,Express,Delivered,2020-02-16 01:51:59,2020-02-19,2020-02-20 01:51:59,2,Canada,2020-02-16 01:51:59,tina.williams074@commerce.example.com
,SHP-202002-0000002341,ORD-202002-0000001920,WH-00117,DEU,Europe,Australia Post,Economy,Delivered,2020-02-13 11:31:29,2020-02-21,2020-02-23 16:31:29,1,Japan,2020-02-13 11:31:29,megan.cunningham013@commerce.example.com
,SHP-202002-0000002342,ORD-202002-0000001726,WH-00182,JPN,Asia,Royal Mail,Standard,Delivered,2020-02-12 09:39:56,2020-02-15,2020-02-17 19:39:56,1,India,2020-02-12 09:39:56,andrea.cummings039@platform.example.com
,SHP-202002-0000002343,ORD-202002-0000002421,WH-00020,AUS,Asia,UPS,Economy,Delivered,2020-02-25 02:23:44,2020-02-27,2020-03-02 09:23:44,1,India,2020-02-25 02:23:44,stephen.daniels076@commerce.example.com
,SHP-202002-0000002344,ORD-202002-0000002665,WH-00160,ESP,Asia,USPS,Economy,Delivered,2020-02-06 10:49:58,2020-02-16,2020-02-15 19:49:58,1,Singapore,2020-02-06 10:49:58,micheal.hall064@dataops.example.com
,SHP-202002-0000002345,ORD-202002-0000000806,WH-00173,GBR,South America,USPS,Economy,Delivered,2020-02-19 14:38:38,2020-02-22,2020-02-22 17:38:38,2,Brazil,2020-02-19 14:38:38,susan.rice083@commerce.example.com
,SHP-202002-0000002346,ORD-202002-0000001792,WH-00024,ITA,Europe,USPS,Pickup,Delivered,2020-02-01 12:40:31,2020-02-09,2020-02-06 19:40:31,1,India,2020-02-01 12:40:31,stephen.clark001@analytics.example.com
,SHP-202002-0000002347,ORD-202002-0000001984,WH-00076,USA,Europe,USPS,Same Day,In Transit,2020-02-15 13:32:43,2020-02-24,,1,Germany,2020-02-15 13:32:43,micheal.hall064@dataops.example.com
,SHP-202002-0000002348,ORD-202002-0000001133,WH-00184,SGP,Europe,USPS,Economy,In Transit,2020-02-21 20:37:31,2020-02-27,,1,Japan,2020-02-21 20:37:31,john.mullins109@commerce.example.com
,SHP-202002-0000002349,ORD-202002-0000001995,WH-00104,ESP,Asia,Royal Mail,Standard,Shipped,2020-02-04 13:55:16,2020-02-13,,1,United Arab Emirates,2020-02-04 13:55:16,eric.horton058@analytics.example.com
,SHP-202002-0000002350,ORD-202002-0000001214,WH-00130,CAN,Asia,UPS,Express,Shipped,2020-02-18 08:31:42,2020-02-24,,1,Mexico,2020-02-18 08:31:42,ashley.marks069@commerce.example.com
,SHP-202002-0000002351,ORD-202002-0000000008,WH-00188,DEU,South America,USPS,Standard,Delivered,2020-02-10 19:59:33,2020-02-15,2020-02-21 00:59:33,1,Germany,2020-02-10 19:59:33,michelle.bender024@analytics.example.com
,SHP-202002-0000002352,ORD-202002-0000001166,WH-00028,GBR,North America,Royal Mail,Standard,Delivered,2020-02-07 13:37:29,2020-02-12,2020-02-21 17:37:29,1,United Kingdom,2020-02-07 13:37:29,patrick.gonzalez035@dataops.example.com
,SHP-202002-0000002353,ORD-202002-0000001568,WH-00050,CAN,Asia,DHL,Economy,Delayed,2020-02-18 01:11:53,2020-02-28,,1,Netherlands,2020-02-18 01:11:53,stephen.clark001@analytics.example.com
,SHP-202002-0000002354,ORD-202002-0000001194,WH-00246,USA,Europe,UPS,Same Day,In Transit,2020-02-26 19:41:51,2020-02-28,,1,Spain,2020-02-26 19:41:51,megan.cunningham013@commerce.example.com
,SHP-202002-0000002355,ORD-202002-0000001827,WH-00141,MEX,South America,Australia Post,Same Day,Returned,2020-02-25 03:11:43,2020-02-28,,1,Spain,2020-02-25 03:11:43,jennifer.bauer068@analytics.example.com
,SHP-202002-0000002356,ORD-202002-0000000936,WH-00081,BRA,North America,FedEx,Same Day,Shipped,2020-02-09 13:22:40,2020-02-18,,1,Italy,2020-02-09 13:22:40,michelle.bender024@analytics.example.com
,SHP-202002-0000002357,ORD-202002-0000002245,WH-00082,IND,Europe,DHL,Standard,Delivered,2020-02-14 00:18:29,2020-02-16,2020-02-17 03:18:29,1,Brazil,2020-02-14 00:18:29,michael.berger060@platform.example.com
,SHP-202002-0000002358,ORD-202002-0000002527,WH-00218,ITA,Asia,Royal Mail,Economy,Shipped,2020-02-15 07:55:07,2020-02-20,,1,Japan,2020-02-15 07:55:07,jennifer.hudson020@analytics.example.com
,SHP-202002-0000002359,ORD-202002-0000000876,WH-00070,MEX,Europe,DPD,Pickup,In Transit,2020-02-25 12:07:19,2020-02-27,,1,Singapore,2020-02-25 12:07:19,brandi.carter038@dataops.example.com
,SHP-202002-0000002360,ORD-202002-0000000442,WH-00124,MEX,South America,DHL,Economy,Delayed,2020-02-08 02:12:25,2020-02-15,,1,Germany,2020-02-08 02:12:25,peter.martinez098@platform.example.com
,SHP-202002-0000002361,ORD-202002-0000000370,WH-00248,ARE,Europe,DHL,Same Day,Delivered,2020-02-05 14:19:48,2020-02-08,2020-02-19 23:19:48,1,United States,2020-02-05 14:19:48,peter.martinez098@platform.example.com
,SHP-202002-0000002362,ORD-202002-0000002082,WH-00131,IND,Oceania,Australia Post,Economy,Delivered,2020-02-29 01:02:21,2020-03-06,2020-03-11 03:02:21,1,United Kingdom,2020-02-29 01:02:21,joseph.johnson049@dataops.example.com
,SHP-202002-0000002363,ORD-202002-0000001147,WH-00048,FRA,Europe,DPD,Standard,In Transit,2020-02-25 11:37:39,2020-03-01,,1,India,2020-02-25 11:37:39,joseph.johnson049@dataops.example.com
,SHP-202002-0000002364,ORD-202002-0000001358,WH-00106,MEX,Europe,UPS,Express,Delayed,2020-02-27 11:48:33,2020-03-06,,1,Netherlands,2020-02-27 11:48:33,tina.williams074@commerce.example.com
,SHP-202002-0000002365,ORD-202002-0000001672,WH-00137,ITA,North America,DPD,Standard,Delivered,2020-02-01 02:34:09,2020-02-11,2020-02-10 14:34:09,1,Netherlands,2020-02-01 02:34:09,maria.ashley046@analytics.example.com
,SHP-202002-0000002366,ORD-202002-0000002901,WH-00248,JPN,South America,FedEx,Express,Delivered,2020-02-16 11:54:36,2020-02-20,2020-02-21 22:54:36,1,Japan,2020-02-16 11:54:36,micheal.chen050@dataops.example.com
,SHP-202002-0000002367,ORD-202002-0000001038,WH-00043,USA,Europe,FedEx,Express,Returned,2020-02-29 14:23:05,2020-03-06,,2,Australia,2020-02-29 14:23:05,ryan.steele043@commerce.example.com
,SHP-202002-0000002368,ORD-202002-0000000510,WH-00026,ITA,Europe,USPS,Express,Delivered,2020-02-20 11:07:31,2020-02-26,2020-02-24 13:07:31,1,Spain,2020-02-20 11:07:31,david.cabrera119@dataops.example.com
,SHP-202002-0000002369,ORD-202002-0000000191,WH-00056,MEX,Asia,USPS,Economy,Delivered,2020-02-13 13:19:44,2020-02-16,2020-02-24 15:19:44,1,India,2020-02-13 13:19:44,michelle.sims041@analytics.example.com
,SHP-202002-0000002370,ORD-202002-0000001329,WH-00238,ITA,North America,USPS,Economy,Delivered,2020-02-04 14:36:34,2020-02-14,2020-02-13 15:36:34,3,United Kingdom,2020-02-04 14:36:34,eric.horton058@analytics.example.com
,SHP-202002-0000002371,ORD-202002-0000000097,WH-00233,GBR,Europe,DPD,Same Day,Delivered,2020-02-01 12:52:54,2020-02-11,2020-02-15 21:52:54,1,Germany,2020-02-01 12:52:54,michael.berger060@platform.example.com
,SHP-202002-0000002372,ORD-202002-0000000693,WH-00114,FRA,North America,DHL,Pickup,Delivered,2020-02-10 08:02:35,2020-02-19,2020-02-12 17:02:35,2,Singapore,2020-02-10 08:02:35,micheal.chen050@dataops.example.com
,SHP-202002-0000002373,ORD-202002-0000001820,WH-00189,GBR,North America,UPS,Pickup,Shipped,2020-02-11 18:47:45,2020-02-19,,1,Mexico,2020-02-11 18:47:45,megan.cunningham013@commerce.example.com
,SHP-202002-0000002374,ORD-202002-0000002004,WH-00023,NLD,Europe,DPD,Express,Delivered,2020-02-14 12:32:53,2020-02-23,2020-02-22 23:32:53,2,Italy,2020-02-14 12:32:53,michelle.bender024@analytics.example.com
,SHP-202002-0000002375,ORD-202002-0000001809,WH-00217,ESP,Oceania,DHL,Express,Delivered,2020-02-19 00:07:15,2020-02-21,2020-03-02 05:07:15,1,Germany,2020-02-19 00:07:15,micheal.chen050@dataops.example.com
,SHP-202002-0000002376,ORD-202002-0000002786,WH-00230,ITA,Europe,Australia Post,Express,Delivered,2020-02-17 01:59:59,2020-02-19,2020-02-25 13:59:59,2,United Kingdom,2020-02-17 01:59:59,victor.palmer071@platform.example.com
,SHP-202002-0000002377,ORD-202002-0000001582,WH-00087,DEU,South America,DPD,Economy,Delivered,2020-02-28 06:07:42,2020-03-06,2020-03-01 18:07:42,1,Netherlands,2020-02-28 06:07:42,eric.horton058@analytics.example.com
,SHP-202002-0000002378,ORD-202002-0000001991,WH-00090,AUS,North America,Royal Mail,Pickup,Delayed,2020-02-20 10:35:50,2020-02-22,,1,United Arab Emirates,2020-02-20 10:35:50,tina.williams074@commerce.example.com
,SHP-202002-0000002379,ORD-202002-0000000593,WH-00086,IND,Asia,DHL,Same Day,Delivered,2020-02-05 00:34:05,2020-02-14,2020-02-09 05:34:05,1,Spain,2020-02-05 00:34:05,michael.johnson061@platform.example.com
,SHP-202002-0000002380,ORD-202002-0000000923,WH-00189,MEX,Oceania,FedEx,Economy,Delivered,2020-02-07 14:50:24,2020-02-12,2020-02-13 23:50:24,3,United States,2020-02-07 14:50:24,michael.johnson061@platform.example.com
,SHP-202002-0000002381,ORD-202002-0000001400,WH-00160,ITA,Oceania,USPS,Same Day,Delivered,2020-02-16 14:38:27,2020-02-26,2020-02-29 19:38:27,1,India,2020-02-16 14:38:27,david.cabrera119@dataops.example.com
,SHP-202002-0000002382,ORD-202002-0000001162,WH-00110,SGP,Europe,DPD,Pickup,Delivered,2020-02-01 01:19:43,2020-02-08,2020-02-08 01:19:43,1,India,2020-02-01 01:19:43,ryan.steele043@commerce.example.com
,SHP-202002-0000002383,ORD-202002-0000002538,WH-00150,ITA,Europe,UPS,Standard,Delivered,2020-02-07 12:22:08,2020-02-15,2020-02-11 21:22:08,1,Germany,2020-02-07 12:22:08,brandi.carter038@dataops.example.com
,SHP-202002-0000002384,ORD-202002-0000000549,WH-00106,GBR,Asia,USPS,Same Day,Delivered,2020-02-20 00:02:37,2020-02-24,2020-03-04 06:02:37,1,Australia,2020-02-20 00:02:37,michelle.sims041@analytics.example.com
,SHP-202002-0000002385,ORD-202002-0000000467,WH-00061,BRA,Asia,Australia Post,Pickup,Delivered,2020-02-18 19:05:02,2020-02-24,2020-02-23 07:05:02,1,Italy,2020-02-18 19:05:02,jennifer.hudson020@analytics.example.com
,SHP-202002-0000002386,ORD-202002-0000001411,WH-00098,DEU,Europe,UPS,Same Day,Delivered,2020-02-20 11:31:30,2020-02-27,2020-03-05 21:31:30,1,Singapore,2020-02-20 11:31:30,taylor.cunningham023@commerce.example.com
,SHP-202002-0000002387,ORD-202002-0000000533,WH-00182,FRA,South America,USPS,Economy,Delivered,2020-02-16 20:34:32,2020-02-22,2020-02-24 01:34:32,1,Singapore,2020-02-16 20:34:32,maria.ashley046@analytics.example.com
,SHP-202002-0000002388,ORD-202002-0000001081,WH-00148,DEU,Europe,FedEx,Express,Delivered,2020-02-07 05:54:25,2020-02-10,2020-02-17 14:54:25,1,Italy,2020-02-07 05:54:25,micheal.hall064@dataops.example.com
,SHP-202002-0000002389,ORD-202002-0000001013,WH-00107,DEU,Europe,UPS,Pickup,Delivered,2020-02-01 02:18:28,2020-02-03,2020-02-11 02:18:28,1,United Arab Emirates,2020-02-01 02:18:28,james.proctor094@dataops.example.com
,SHP-202002-0000002390,ORD-202002-0000001246,WH-00010,USA,North America,Royal Mail,Pickup,Delivered,2020-02-11 11:54:47,2020-02-19,2020-02-25 16:54:47,1,Germany,2020-02-11 11:54:47,john.mullins109@commerce.example.com
,SHP-202002-0000002391,ORD-202002-0000002793,WH-00022,FRA,Europe,UPS,Same Day,Delivered,2020-02-06 11:26:43,2020-02-09,2020-02-14 21:26:43,1,United Arab Emirates,2020-02-06 11:26:43,joseph.johnson049@dataops.example.com
,SHP-202002-0000002392,ORD-202002-0000000308,WH-00154,BRA,North America,FedEx,Same Day,Delayed,2020-02-03 00:12:13,2020-02-12,,2,Japan,2020-02-03 00:12:13,james.proctor094@dataops.example.com
,SHP-202002-0000002393,ORD-202002-0000002714,WH-00159,CAN,Asia,USPS,Economy,Delivered,2020-02-05 16:37:24,2020-02-09,2020-02-11 02:37:24,1,Canada,2020-02-05 16:37:24,maria.ashley046@analytics.example.com
,SHP-202002-0000002394,ORD-202002-0000001720,WH-00022,GBR,North America,FedEx,Economy,Shipped,2020-02-27 14:55:48,2020-03-07,,1,Netherlands,2020-02-27 14:55:48,tina.williams074@commerce.example.com
,SHP-202002-0000002395,ORD-202002-0000000657,WH-00085,ITA,Asia,FedEx,Pickup,Delivered,2020-02-25 09:19:04,2020-02-28,2020-02-29 18:19:04,1,Italy,2020-02-25 09:19:04,stephen.clark001@analytics.example.com
,SHP-202002-0000002396,ORD-202002-0000000332,WH-00056,SGP,Europe,DHL,Economy,Delayed,2020-02-29 21:04:22,2020-03-04,,2,Singapore,2020-02-29 21:04:22,maria.ashley046@analytics.example.com
,SHP-202002-0000002397,ORD-202002-0000000511,WH-00002,FRA,Europe,USPS,Pickup,Shipped,2020-02-11 13:59:40,2020-02-15,,1,Italy,2020-02-11 13:59:40,kelsey.taylor010@platform.example.com
,SHP-202002-0000002398,ORD-202002-0000002392,WH-00032,MEX,North America,DHL,Same Day,Delivered,2020-02-17 10:56:40,2020-02-19,2020-02-27 21:56:40,1,Brazil,2020-02-17 10:56:40,susan.rice083@commerce.example.com
,SHP-202002-0000002399,ORD-202002-0000001354,WH-00101,FRA,North America,USPS,Economy,Delivered,2020-02-03 20:54:44,2020-02-07,2020-02-07 23:54:44,1,Mexico,2020-02-03 20:54:44,joseph.johnson049@dataops.example.com
,SHP-202002-0000002400,ORD-202002-0000000133,WH-00146,GBR,Asia,FedEx,Express,Delivered,2020-02-10 15:30:45,2020-02-15,2020-02-12 19:30:45,1,India,2020-02-10 15:30:45,jennifer.bauer068@analytics.example.com
,SHP-202002-0000002401,ORD-202002-0000002174,WH-00021,AUS,Europe,DPD,Pickup,Delivered,2020-02-28 03:39:36,2020-03-01,2020-03-02 08:39:36,3,Japan,2020-02-28 03:39:36,michael.johnson061@platform.example.com
,SHP-202002-0000002402,ORD-202002-0000001957,WH-00215,NLD,North America,Royal Mail,Economy,Delivered,2020-02-02 02:37:08,2020-02-11,2020-02-05 03:37:08,1,Netherlands,2020-02-02 02:37:08,michael.johnson061@platform.example.com
,SHP-202002-0000002403,ORD-202002-0000002642,WH-00023,NLD,Europe,Australia Post,Same Day,Delivered,2020-02-16 19:40:32,2020-02-18,2020-02-25 21:40:32,3,Mexico,2020-02-16 19:40:32,ryan.steele043@commerce.example.com
,SHP-202002-0000002404,ORD-202002-0000002661,WH-00189,CAN,Oceania,USPS,Economy,Shipped,2020-02-26 18:20:56,2020-03-07,,1,Spain,2020-02-26 18:20:56,michelle.bender024@analytics.example.com
,SHP-202002-0000002405,ORD-202002-0000000219,WH-00105,BRA,North America,Australia Post,Pickup,Delivered,2020-02-08 01:24:13,2020-02-18,2020-02-16 11:24:13,1,France,2020-02-08 01:24:13,michael.berger060@platform.example.com
,SHP-202002-0000002406,ORD-202002-0000001666,WH-00132,ESP,North America,USPS,Express,Returned,2020-02-10 06:00:56,2020-02-14,,2,Italy,2020-02-10 06:00:56,michelle.sims041@analytics.example.com
,SHP-202002-0000002407,ORD-202002-0000002056,WH-00050,GBR,North America,FedEx,Same Day,Delivered,2020-02-21 23:23:04,2020-02-26,2020-03-05 07:23:04,1,Japan,2020-02-21 23:23:04,kelsey.taylor010@platform.example.com
,SHP-202002-0000002408,ORD-202002-0000000004,WH-00068,ESP,South America,FedEx,Economy,Delivered,2020-02-13 12:21:02,2020-02-21,2020-02-24 00:21:02,2,Japan,2020-02-13 12:21:02,ryan.steele043@commerce.example.com
,SHP-202002-0000002409,ORD-202002-0000001879,WH-00119,IND,Europe,DPD,Same Day,Delivered,2020-02-28 21:04:29,2020-03-07,2020-03-14 01:04:29,1,India,2020-02-28 21:04:29,john.mullins109@commerce.example.com
,SHP-202002-0000002410,ORD-202002-0000001323,WH-00067,BRA,Asia,FedEx,Pickup,Shipped,2020-02-04 18:07:19,2020-02-12,,1,India,2020-02-04 18:07:19,micheal.chen050@dataops.example.com
,SHP-202002-0000002411,ORD-202002-0000000124,WH-00026,JPN,Europe,DPD,Express,Delivered,2020-02-13 18:00:46,2020-02-23,2020-02-24 01:00:46,3,Japan,2020-02-13 18:00:46,michael.johnson061@platform.example.com
,SHP-202002-0000002412,ORD-202002-0000001044,WH-00103,ESP,North America,FedEx,Same Day,Delivered,2020-02-07 00:50:24,2020-02-13,2020-02-13 03:50:24,1,Australia,2020-02-07 00:50:24,lance.williams029@platform.example.com
,SHP-202002-0000002413,ORD-202002-0000001275,WH-00056,FRA,North America,Australia Post,Economy,Shipped,2020-02-10 02:44:12,2020-02-12,,1,United Arab Emirates,2020-02-10 02:44:12,taylor.cunningham023@commerce.example.com
,SHP-202002-0000002414,ORD-202002-0000002270,WH-00068,JPN,North America,FedEx,Economy,In Transit,2020-02-22 05:00:25,2020-02-27,,1,Canada,2020-02-22 05:00:25,john.mullins109@commerce.example.com
,SHP-202002-0000002415,ORD-202002-0000002524,WH-00142,ITA,Europe,Australia Post,Standard,Delivered,2020-02-17 13:27:32,2020-02-25,2020-03-02 15:27:32,1,United Arab Emirates,2020-02-17 13:27:32,lance.williams029@platform.example.com
,SHP-202002-0000002416,ORD-202002-0000001734,WH-00225,BRA,North America,Royal Mail,Economy,Delivered,2020-02-27 17:37:59,2020-03-02,2020-03-11 18:37:59,1,Australia,2020-02-27 17:37:59,kelsey.taylor010@platform.example.com
,SHP-202002-0000002417,ORD-202002-0000002209,WH-00139,IND,North America,FedEx,Express,Delivered,2020-02-05 23:49:53,2020-02-10,2020-02-18 10:49:53,1,Australia,2020-02-05 23:49:53,andrea.cummings039@platform.example.com
,SHP-202002-0000002418,ORD-202002-0000001264,WH-00183,CAN,Europe,DHL,Same Day,Delivered,2020-02-01 19:09:28,2020-02-04,2020-02-09 21:09:28,1,United Kingdom,2020-02-01 19:09:28,jeffery.miller012@commerce.example.com
,SHP-202002-0000002419,ORD-202002-0000000433,WH-00157,JPN,Asia,DHL,Pickup,Delivered,2020-02-12 13:40:49,2020-02-17,2020-02-15 22:40:49,1,United Kingdom,2020-02-12 13:40:49,john.mullins109@commerce.example.com
,SHP-202002-0000002420,ORD-202002-0000002269,WH-00101,CAN,Europe,DHL,Standard,Shipped,2020-02-02 16:10:41,2020-02-04,,2,Italy,2020-02-02 16:10:41,andrea.cummings039@platform.example.com
,SHP-202002-0000002421,ORD-202002-0000001648,WH-00167,JPN,Europe,DPD,Same Day,In Transit,2020-02-14 06:22:13,2020-02-18,,1,Spain,2020-02-14 06:22:13,ryan.steele043@commerce.example.com
,SHP-202002-0000002422,ORD-202002-0000002821,WH-00004,ARE,Asia,DPD,Same Day,Delivered,2020-02-10 23:50:16,2020-02-20,2020-02-13 07:50:16,1,Singapore,2020-02-10 23:50:16,stephen.daniels076@commerce.example.com
,SHP-202002-0000002423,ORD-202002-0000002659,WH-00043,JPN,Europe,DPD,Express,Delayed,2020-02-27 11:31:25,2020-03-08,,1,Spain,2020-02-27 11:31:25,brandi.carter038@dataops.example.com
,SHP-202002-0000002424,ORD-202002-0000001648,WH-00133,ESP,South America,UPS,Express,Delayed,2020-02-02 06:40:23,2020-02-09,,1,India,2020-02-02 06:40:23,kelsey.taylor010@platform.example.com
,SHP-202002-0000002425,ORD-202002-0000000654,WH-00068,JPN,Asia,USPS,Economy,Shipped,2020-02-04 13:38:57,2020-02-14,,1,Brazil,2020-02-04 13:38:57,john.mullins109@commerce.example.com
,SHP-202002-0000002426,ORD-202002-0000002125,WH-00136,ARE,Asia,FedEx,Economy,Delivered,2020-02-03 04:03:24,2020-02-12,2020-02-11 04:03:24,1,Mexico,2020-02-03 04:03:24,john.mullins109@commerce.example.com
,SHP-202002-0000002427,ORD-202002-0000001060,WH-00015,USA,Europe,Royal Mail,Economy,In Transit,2020-02-19 13:54:56,2020-02-23,,2,Brazil,2020-02-19 13:54:56,peter.martinez098@platform.example.com
,SHP-202002-0000002428,ORD-202002-0000000523,WH-00016,ARE,Europe,DPD,Express,Delivered,2020-02-03 10:48:05,2020-02-10,2020-02-12 16:48:05,1,India,2020-02-03 10:48:05,adam.gordon030@commerce.example.com
,SHP-202002-0000002429,ORD-202002-0000002470,WH-00175,AUS,Asia,FedEx,Same Day,Delivered,2020-02-14 18:03:15,2020-02-19,2020-02-17 03:03:15,1,United Kingdom,2020-02-14 18:03:15,taylor.cunningham023@commerce.example.com
,SHP-202002-0000002430,ORD-202002-0000001625,WH-00247,FRA,Asia,DPD,Pickup,Delivered,2020-02-28 00:26:42,2020-03-05,2020-03-07 02:26:42,2,France,2020-02-28 00:26:42,eric.horton058@analytics.example.com
,SHP-202002-0000002431,ORD-202002-0000001461,WH-00139,GBR,North America,Royal Mail,Express,Delivered,2020-02-18 19:59:56,2020-02-26,2020-02-27 06:59:56,1,Mexico,2020-02-18 19:59:56,stephen.clark001@analytics.example.com
,SHP-202002-0000002432,ORD-202002-0000001609,WH-00063,NLD,Asia,USPS,Express,Delayed,2020-02-28 19:43:12,2020-03-04,,1,Mexico,2020-02-28 19:43:12,michelle.bender024@analytics.example.com
,SHP-202002-0000002433,ORD-202002-0000001366,WH-00198,IND,Europe,DPD,Pickup,Shipped,2020-02-07 07:29:58,2020-02-10,,1,United States,2020-02-07 07:29:58,eric.horton058@analytics.example.com
,SHP-202002-0000002434,ORD-202002-0000000680,WH-00217,ESP,North America,FedEx,Same Day,Delivered,2020-02-01 08:35:09,2020-02-11,2020-02-06 11:35:09,2,Netherlands,2020-02-01 08:35:09,jeffery.miller012@commerce.example.com
,SHP-202002-0000002435,ORD-202002-0000002815,WH-00029,DEU,South America,DHL,Express,Shipped,2020-02-15 04:23:00,2020-02-25,,1,United Arab Emirates,2020-02-15 04:23:00,ashley.marks069@commerce.example.com
,SHP-202002-0000002436,ORD-202002-0000001701,WH-00244,GBR,North America,DPD,Standard,Delivered,2020-02-09 01:59:45,2020-02-18,2020-02-13 09:59:45,1,Spain,2020-02-09 01:59:45,jennifer.bauer068@analytics.example.com
,SHP-202002-0000002437,ORD-202002-0000002535,WH-00241,BRA,Europe,DPD,Standard,Delivered,2020-02-08 16:56:46,2020-02-17,2020-02-23 03:56:46,1,United Kingdom,2020-02-08 16:56:46,michael.berger060@platform.example.com
,SHP-202002-0000002438,ORD-202002-0000000005,WH-00082,NLD,Europe,Australia Post,Express,Delayed,2020-02-06 14:13:53,2020-02-15,,1,Germany,2020-02-06 14:13:53,david.cabrera119@dataops.example.com
,SHP-202002-0000002439,ORD-202002-0000001067,WH-00219,GBR,North America,DHL,Pickup,Delivered,2020-02-21 18:35:59,2020-02-23,2020-03-02 00:35:59,2,Italy,2020-02-21 18:35:59,micheal.chen050@dataops.example.com
,SHP-202002-0000002440,ORD-202002-0000002560,WH-00080,USA,Europe,Australia Post,Standard,Delivered,2020-02-02 13:15:53,2020-02-11,2020-02-15 22:15:53,1,Japan,2020-02-02 13:15:53,taylor.cunningham023@commerce.example.com
,SHP-202002-0000002441,ORD-202002-0000001940,WH-00115,JPN,Europe,UPS,Express,Delivered,2020-02-03 18:27:28,2020-02-12,2020-02-16 21:27:28,1,France,2020-02-03 18:27:28,brandi.carter038@dataops.example.com
,SHP-202002-0000002442,ORD-202002-0000001119,WH-00010,FRA,Europe,DHL,Express,Delivered,2020-02-08 08:49:18,2020-02-13,2020-02-17 14:49:18,2,Japan,2020-02-08 08:49:18,ashley.marks069@commerce.example.com
,SHP-202002-0000002443,ORD-202002-0000000745,WH-00202,SGP,South America,UPS,Pickup,Delivered,2020-02-28 01:15:32,2020-03-01,2020-03-10 06:15:32,1,Japan,2020-02-28 01:15:32,peter.martinez098@platform.example.com
,SHP-202002-0000002444,ORD-202002-0000001280,WH-00011,FRA,Europe,DPD,Pickup,Delivered,2020-02-26 11:53:06,2020-02-28,2020-03-04 11:53:06,1,Brazil,2020-02-26 11:53:06,taylor.cunningham023@commerce.example.com
,SHP-202002-0000002445,ORD-202002-0000002618,WH-00097,NLD,Europe,Royal Mail,Economy,Delivered,2020-02-15 16:37:40,2020-02-20,2020-02-26 16:37:40,1,Australia,2020-02-15 16:37:40,david.cabrera119@dataops.example.com
,SHP-202002-0000002446,ORD-202002-0000001343,WH-00097,AUS,Asia,FedEx,Economy,In Transit,2020-02-27 15:06:47,2020-03-06,,1,Mexico,2020-02-27 15:06:47,michael.johnson061@platform.example.com
,SHP-202002-0000002447,ORD-202002-0000001810,WH-00128,GBR,Asia,Australia Post,Standard,Delivered,2020-02-15 11:32:18,2020-02-18,2020-02-29 13:32:18,1,United Kingdom,2020-02-15 11:32:18,micheal.hall064@dataops.example.com
,SHP-202002-0000002448,ORD-202002-0000000714,WH-00132,SGP,North America,DHL,Standard,Delivered,2020-02-27 23:59:50,2020-03-07,2020-03-07 10:59:50,1,Japan,2020-02-27 23:59:50,maria.ashley046@analytics.example.com
,SHP-202002-0000002449,ORD-202002-0000000636,WH-00027,FRA,Europe,Royal Mail,Standard,In Transit,2020-02-24 05:28:10,2020-02-26,,3,Mexico,2020-02-24 05:28:10,tina.williams074@commerce.example.com
,SHP-202002-0000002450,ORD-202002-0000000962,WH-00175,ARE,Europe,DPD,Economy,Delivered,2020-02-25 02:57:19,2020-02-28,2020-03-06 09:57:19,1,Italy,2020-02-25 02:57:19,eric.horton058@analytics.example.com
,SHP-202002-0000002451,ORD-202002-0000000993,WH-00116,CAN,Asia,DHL,Pickup,Delivered,2020-02-03 08:54:01,2020-02-11,2020-02-11 15:54:01,1,France,2020-02-03 08:54:01,peter.martinez098@platform.example.com
,SHP-202002-0000002452,ORD-202002-0000000608,WH-00045,SGP,Asia,Australia Post,Pickup,Delivered,2020-02-04 15:17:40,2020-02-06,2020-02-08 23:17:40,1,Mexico,2020-02-04 15:17:40,michael.berger060@platform.example.com
,SHP-202002-0000002453,ORD-202002-0000002864,WH-00147,ITA,Europe,Australia Post,Express,In Transit,2020-02-14 10:46:46,2020-02-17,,1,Canada,2020-02-14 10:46:46,joseph.johnson049@dataops.example.com
,SHP-202002-0000002454,ORD-202002-0000001223,WH-00107,JPN,Europe,UPS,Pickup,Shipped,2020-02-18 11:59:26,2020-02-21,,1,Germany,2020-02-18 11:59:26,patrick.gonzalez035@dataops.example.com
,SHP-202002-0000002455,ORD-202002-0000001287,WH-00191,FRA,Europe,Australia Post,Pickup,In Transit,2020-02-02 05:22:53,2020-02-07,,1,France,2020-02-02 05:22:53,tina.williams074@commerce.example.com
,SHP-202002-0000002456,ORD-202002-0000002090,WH-00237,IND,Oceania,FedEx,Express,In Transit,2020-02-04 13:50:42,2020-02-11,,1,United Kingdom,2020-02-04 13:50:42,jeffery.miller012@commerce.example.com
,SHP-202002-0000002457,ORD-202002-0000002544,WH-00198,USA,Europe,Australia Post,Pickup,Delivered,2020-02-16 09:10:00,2020-02-21,2020-02-29 21:10:00,1,Netherlands,2020-02-16 09:10:00,micheal.hall064@dataops.example.com
,SHP-202002-0000002458,ORD-202002-0000002109,WH-00069,JPN,Europe,Royal Mail,Same Day,Delivered,2020-02-18 10:27:47,2020-02-28,2020-02-24 22:27:47,1,Singapore,2020-02-18 10:27:47,john.mullins109@commerce.example.com
,SHP-202002-0000002459,ORD-202002-0000002054,WH-00223,IND,Europe,DPD,Pickup,Delivered,2020-02-15 16:02:17,2020-02-17,2020-02-18 21:02:17,1,India,2020-02-15 16:02:17,susan.rice083@commerce.example.com
,SHP-202002-0000002460,ORD-202002-0000001410,WH-00118,BRA,Asia,DPD,Economy,Delivered,2020-02-28 23:15:09,2020-03-04,2020-03-06 07:15:09,1,Japan,2020-02-28 23:15:09,kelsey.taylor010@platform.example.com
,SHP-202002-0000002461,ORD-202002-0000002034,WH-00219,DEU,Asia,DHL,Express,Delivered,2020-02-11 02:01:15,2020-02-15,2020-02-16 13:01:15,1,United States,2020-02-11 02:01:15,patrick.gonzalez035@dataops.example.com
,SHP-202002-0000002462,ORD-202002-0000002296,WH-00096,CAN,Asia,UPS,Same Day,Delivered,2020-02-21 10:44:57,2020-02-27,2020-03-05 20:44:57,1,India,2020-02-21 10:44:57,andrea.cummings039@platform.example.com
,SHP-202002-0000002463,ORD-202002-0000001978,WH-00174,FRA,North America,DHL,Pickup,In Transit,2020-02-22 19:54:01,2020-03-01,,1,Canada,2020-02-22 19:54:01,stephen.clark001@analytics.example.com
,SHP-202002-0000002464,ORD-202002-0000001228,WH-00096,JPN,Oceania,Royal Mail,Standard,Delivered,2020-02-05 09:51:16,2020-02-14,2020-02-08 15:51:16,1,Germany,2020-02-05 09:51:16,jennifer.bauer068@analytics.example.com
,SHP-202002-0000002465,ORD-202002-0000002585,WH-00094,CAN,Europe,DPD,Pickup,Delivered,2020-02-04 06:14:38,2020-02-11,2020-02-15 15:14:38,1,Australia,2020-02-04 06:14:38,susan.rice083@commerce.example.com
,SHP-202002-0000002466,ORD-202002-0000000414,WH-00045,CAN,North America,FedEx,Economy,Delivered,2020-02-08 04:34:11,2020-02-14,2020-02-20 13:34:11,1,United Arab Emirates,2020-02-08 04:34:11,jennifer.bauer068@analytics.example.com
,SHP-202002-0000002467,ORD-202002-0000001826,WH-00011,DEU,Europe,USPS,Standard,Delivered,2020-02-28 05:49:17,2020-03-04,2020-03-07 09:49:17,1,Canada,2020-02-28 05:49:17,patrick.gonzalez035@dataops.example.com
,SHP-202002-0000002468,ORD-202002-0000001113,WH-00123,AUS,Oceania,Australia Post,Same Day,Delivered,2020-02-10 11:15:22,2020-02-15,2020-02-12 23:15:22,2,France,2020-02-10 11:15:22,jennifer.hudson020@analytics.example.com
,SHP-202002-0000002469,ORD-202002-0000002488,WH-00081,MEX,Europe,UPS,Pickup,Delivered,2020-02-02 11:29:05,2020-02-12,2020-02-15 13:29:05,1,Singapore,2020-02-02 11:29:05,adam.gordon030@commerce.example.com
,SHP-202002-0000002470,ORD-202002-0000000275,WH-00215,GBR,Asia,USPS,Standard,Delivered,2020-02-10 20:16:05,2020-02-15,2020-02-16 21:16:05,1,Mexico,2020-02-10 20:16:05,john.mullins109@commerce.example.com
,SHP-202002-0000002471,ORD-202002-0000002021,WH-00196,IND,South America,DPD,Same Day,Delivered,2020-02-03 02:22:09,2020-02-06,2020-02-07 06:22:09,1,Netherlands,2020-02-03 02:22:09,adam.gordon030@commerce.example.com
,SHP-202002-0000002472,ORD-202002-0000001449,WH-00243,FRA,Asia,Royal Mail,Pickup,In Transit,2020-02-07 05:46:26,2020-02-09,,1,Germany,2020-02-07 05:46:26,ashley.marks069@commerce.example.com
,SHP-202002-0000002473,ORD-202002-0000000964,WH-00158,ITA,Asia,FedEx,Same Day,Delivered,2020-02-12 03:34:51,2020-02-16,2020-02-18 05:34:51,1,United Arab Emirates,2020-02-12 03:34:51,michelle.sims041@analytics.example.com
,SHP-202002-0000002474,ORD-202002-0000001064,WH-00035,CAN,Asia,DHL,Same Day,In Transit,2020-02-26 18:32:31,2020-03-07,,1,France,2020-02-26 18:32:31,john.mullins109@commerce.example.com
,SHP-202002-0000002475,ORD-202002-0000000728,WH-00215,ITA,South America,Royal Mail,Express,Delivered,2020-02-02 08:32:58,2020-02-10,2020-02-11 12:32:58,1,Singapore,2020-02-02 08:32:58,brandi.carter038@dataops.example.com
,SHP-202002-0000002476,ORD-202002-0000000323,WH-00166,ESP,Europe,DPD,Pickup,Returned,2020-02-24 00:42:59,2020-02-27,,1,Germany,2020-02-24 00:42:59,michelle.bender024@analytics.example.com
,SHP-202002-0000002477,ORD-202002-0000002383,WH-00114,USA,North America,Australia Post,Standard,In Transit,2020-02-22 13:11:36,2020-02-29,,1,United Kingdom,2020-02-22 13:11:36,michelle.bender024@analytics.example.com
,SHP-202002-0000002478,ORD-202002-0000002182,WH-00238,ARE,Europe,DHL,Economy,Delivered,2020-02-24 03:02:41,2020-02-28,2020-03-09 05:02:41,1,United States,2020-02-24 03:02:41,stephen.clark001@analytics.example.com
,SHP-202002-0000002479,ORD-202002-0000002636,WH-00226,JPN,Europe,UPS,Pickup,Delivered,2020-02-22 08:26:01,2020-03-01,2020-03-05 10:26:01,1,Australia,2020-02-22 08:26:01,tina.williams074@commerce.example.com
,SHP-202002-0000002480,ORD-202002-0000002277,WH-00086,MEX,Asia,DHL,Pickup,Delivered,2020-02-26 06:37:36,2020-03-05,2020-03-10 06:37:36,1,Brazil,2020-02-26 06:37:36,susan.rice083@commerce.example.com
,SHP-202002-0000002481,ORD-202002-0000001368,WH-00165,ESP,North America,Australia Post,Economy,Shipped,2020-02-28 07:45:28,2020-03-01,,1,India,2020-02-28 07:45:28,michael.johnson061@platform.example.com
,SHP-202002-0000002482,ORD-202002-0000002085,WH-00053,MEX,North America,FedEx,Economy,Delivered,2020-02-08 10:54:18,2020-02-13,2020-02-14 18:54:18,3,Singapore,2020-02-08 10:54:18,john.mullins109@commerce.example.com
,SHP-202002-0000002483,ORD-202002-0000000778,WH-00139,JPN,Oceania,Royal Mail,Same Day,Delivered,2020-02-17 16:57:32,2020-02-27,2020-02-29 20:57:32,1,Japan,2020-02-17 16:57:32,andrea.cummings039@platform.example.com
,SHP-202002-0000002484,ORD-202002-0000001493,WH-00116,ITA,Europe,Royal Mail,Economy,Delivered,2020-02-06 12:50:09,2020-02-10,2020-02-12 17:50:09,1,France,2020-02-06 12:50:09,susan.rice083@commerce.example.com
,SHP-202002-0000002485,ORD-202002-0000002022,WH-00100,ITA,Europe,USPS,Pickup,Delivered,2020-02-23 23:07:51,2020-02-25,2020-02-29 08:07:51,2,United States,2020-02-23 23:07:51,eric.horton058@analytics.example.com
,SHP-202002-0000002486,ORD-202002-0000000007,WH-00060,AUS,Europe,FedEx,Standard,Delivered,2020-02-20 01:55:51,2020-02-22,2020-02-27 11:55:51,1,Brazil,2020-02-20 01:55:51,lance.williams029@platform.example.com
,SHP-202002-0000002487,ORD-202002-0000002192,WH-00118,CAN,North America,DHL,Same Day,In Transit,2020-02-10 03:12:21,2020-02-16,,1,United Kingdom,2020-02-10 03:12:21,peter.martinez098@platform.example.com
,SHP-202002-0000002488,ORD-202002-0000001881,WH-00143,ITA,Asia,UPS,Same Day,In Transit,2020-02-15 16:54:23,2020-02-17,,1,United States,2020-02-15 16:54:23,victor.palmer071@platform.example.com
,SHP-202002-0000002489,ORD-202002-0000002769,WH-00173,IND,North America,Australia Post,Standard,In Transit,2020-02-02 06:15:26,2020-02-09,,1,Brazil,2020-02-02 06:15:26,andrea.cummings039@platform.example.com
,SHP-202002-0000002490,ORD-202002-0000002125,WH-00075,JPN,Europe,DPD,Same Day,Shipped,2020-02-26 03:09:09,2020-03-02,,1,Mexico,2020-02-26 03:09:09,micheal.chen050@dataops.example.com
,SHP-202002-0000002491,ORD-202002-0000000882,WH-00208,SGP,Europe,Royal Mail,Economy,Delivered,2020-02-11 02:22:28,2020-02-18,2020-02-13 03:22:28,1,Spain,2020-02-11 02:22:28,jennifer.bauer068@analytics.example.com
,SHP-202002-0000002492,ORD-202002-0000001638,WH-00004,MEX,Europe,DPD,Economy,Delivered,2020-02-02 14:55:31,2020-02-07,2020-02-07 01:55:31,1,Australia,2020-02-02 14:55:31,susan.rice083@commerce.example.com
,SHP-202002-0000002493,ORD-202002-0000000080,WH-00149,IND,Europe,UPS,Same Day,In Transit,2020-02-06 20:15:40,2020-02-08,,1,India,2020-02-06 20:15:40,maria.ashley046@analytics.example.com
,SHP-202002-0000002494,ORD-202002-0000001004,WH-00090,CAN,Europe,DHL,Standard,Delivered,2020-02-12 06:57:11,2020-02-15,2020-02-20 18:57:11,2,India,2020-02-12 06:57:11,patrick.gonzalez035@dataops.example.com
,SHP-202002-0000002495,ORD-202002-0000000568,WH-00062,NLD,Europe,UPS,Pickup,Delivered,2020-02-13 08:40:16,2020-02-22,2020-02-15 08:40:16,1,Germany,2020-02-13 08:40:16,maria.ashley046@analytics.example.com
,SHP-202002-0000002496,ORD-202002-0000000545,WH-00120,SGP,Europe,FedEx,Express,Shipped,2020-02-21 23:53:38,2020-02-26,,1,Mexico,2020-02-21 23:53:38,jeffery.miller012@commerce.example.com
,SHP-202002-0000002497,ORD-202002-0000000602,WH-00119,GBR,Europe,FedEx,Economy,Delivered,2020-02-29 13:05:00,2020-03-06,2020-03-03 23:05:00,1,Netherlands,2020-02-29 13:05:00,john.mullins109@commerce.example.com
,SHP-202002-0000002498,ORD-202002-0000000396,WH-00174,FRA,North America,DPD,Standard,In Transit,2020-02-15 13:16:14,2020-02-21,,1,Spain,2020-02-15 13:16:14,michael.johnson061@platform.example.com
,SHP-202002-0000002499,ORD-202002-0000000942,WH-00028,ITA,Asia,Australia Post,Standard,Delivered,2020-02-24 23:30:01,2020-03-05,2020-03-04 11:30:01,1,United Kingdom,2020-02-24 23:30:01,michael.berger060@platform.example.com
,SHP-202002-0000002500,ORD-202002-0000001148,WH-00066,ESP,Asia,DPD,Express,Returned,2020-02-18 06:11:41,2020-02-25,,1,Canada,2020-02-18 06:11:41,patrick.gonzalez035@dataops.example.com
,SHP-202002-0000002501,ORD-202002-0000002303,WH-00122,USA,Asia,USPS,Same Day,Shipped,2020-02-07 20:04:45,2020-02-12,,1,Netherlands,2020-02-07 20:04:45,tina.williams074@commerce.example.com
,SHP-202002-0000002502,ORD-202002-0000002872,WH-00055,AUS,Asia,UPS,Pickup,Shipped,2020-02-12 14:17:08,2020-02-19,,1,Italy,2020-02-12 14:17:08,michelle.sims041@analytics.example.com
,SHP-202002-0000002503,ORD-202002-0000001468,WH-00151,ESP,Oceania,Royal Mail,Economy,Delivered,2020-02-03 04:27:57,2020-02-09,2020-02-07 15:27:57,1,Netherlands,2020-02-03 04:27:57,david.cabrera119@dataops.example.com
,SHP-202002-0000002504,ORD-202002-0000000511,WH-00002,IND,Europe,Royal Mail,Economy,Delivered,2020-02-12 15:43:31,2020-02-15,2020-02-16 00:43:31,2,Australia,2020-02-12 15:43:31,jeffery.miller012@commerce.example.com
,SHP-202002-0000002505,ORD-202002-0000001982,WH-00186,DEU,North America,Royal Mail,Pickup,Delivered,2020-02-27 05:15:04,2020-03-04,2020-03-02 10:15:04,1,Germany,2020-02-27 05:15:04,jeffery.miller012@commerce.example.com
,SHP-202002-0000002506,ORD-202002-0000001733,WH-00162,DEU,Asia,DHL,Express,Delayed,2020-02-25 04:19:24,2020-03-03,,1,Germany,2020-02-25 04:19:24,patrick.gonzalez035@dataops.example.com
,SHP-202002-0000002507,ORD-202002-0000000633,WH-00130,MEX,North America,USPS,Standard,Delivered,2020-02-23 09:11:35,2020-02-27,2020-03-04 17:11:35,1,United Arab Emirates,2020-02-23 09:11:35,victor.palmer071@platform.example.com
,SHP-202002-0000002508,ORD-202002-0000002418,WH-00005,DEU,Asia,Australia Post,Pickup,Returned,2020-02-12 21:02:36,2020-02-18,,1,United Kingdom,2020-02-12 21:02:36,ashley.marks069@commerce.example.com
,SHP-202002-0000002509,ORD-202002-0000000542,WH-00116,SGP,Asia,USPS,Pickup,Delivered,2020-02-28 08:44:58,2020-03-09,2020-03-02 20:44:58,1,Australia,2020-02-28 08:44:58,michelle.bender024@analytics.example.com
,SHP-202002-0000002510,ORD-202002-0000002780,WH-00042,MEX,North America,USPS,Express,In Transit,2020-02-13 16:48:59,2020-02-17,,2,United Kingdom,2020-02-13 16:48:59,tina.williams074@commerce.example.com
,SHP-202002-0000002511,ORD-202002-0000002613,WH-00129,ITA,South America,UPS,Standard,Delivered,2020-02-14 16:59:04,2020-02-19,2020-02-19 03:59:04,1,Spain,2020-02-14 16:59:04,lance.williams029@platform.example.com
,SHP-202002-0000002512,ORD-202002-0000002588,WH-00057,AUS,North America,DHL,Standard,Delivered,2020-02-19 11:24:43,2020-02-21,2020-02-24 13:24:43,1,United States,2020-02-19 11:24:43,andrea.cummings039@platform.example.com
,SHP-202002-0000002513,ORD-202002-0000002498,WH-00019,USA,Europe,DPD,Standard,Delivered,2020-02-01 22:43:52,2020-02-04,2020-02-03 22:43:52,1,Spain,2020-02-01 22:43:52,micheal.chen050@dataops.example.com
,SHP-202002-0000002514,ORD-202002-0000001157,WH-00135,BRA,Oceania,FedEx,Same Day,Delivered,2020-02-01 09:21:23,2020-02-09,2020-02-07 14:21:23,2,Singapore,2020-02-01 09:21:23,adam.gordon030@commerce.example.com
,SHP-202002-0000002515,ORD-202002-0000000353,WH-00011,ESP,North America,DPD,Standard,Delivered,2020-02-19 17:20:46,2020-02-27,2020-02-26 02:20:46,1,India,2020-02-19 17:20:46,michael.johnson061@platform.example.com
,SHP-202002-0000002516,ORD-202002-0000001975,WH-00226,IND,North America,DPD,Pickup,Delivered,2020-02-18 03:37:50,2020-02-26,2020-02-26 13:37:50,1,Singapore,2020-02-18 03:37:50,joseph.johnson049@dataops.example.com
,SHP-202002-0000002517,ORD-202002-0000001422,WH-00139,USA,Asia,UPS,Standard,Delivered,2020-02-17 01:14:17,2020-02-27,2020-02-29 03:14:17,1,Mexico,2020-02-17 01:14:17,micheal.chen050@dataops.example.com
,SHP-202002-0000002518,ORD-202002-0000001032,WH-00061,ESP,Asia,UPS,Express,Delivered,2020-02-20 10:28:19,2020-02-22,2020-03-05 19:28:19,1,United Kingdom,2020-02-20 10:28:19,maria.ashley046@analytics.example.com
,SHP-202002-0000002519,ORD-202002-0000002772,WH-00019,JPN,Europe,DHL,Standard,In Transit,2020-02-22 20:02:52,2020-02-27,,1,Netherlands,2020-02-22 20:02:52,kelsey.taylor010@platform.example.com
,SHP-202002-0000002520,ORD-202002-0000001509,WH-00070,IND,Asia,FedEx,Same Day,Shipped,2020-02-17 03:03:31,2020-02-27,,1,United States,2020-02-17 03:03:31,michelle.bender024@analytics.example.com
,SHP-202002-0000002521,ORD-202002-0000002415,WH-00171,CAN,Europe,FedEx,Same Day,Shipped,2020-02-02 01:13:00,2020-02-10,,1,Singapore,2020-02-02 01:13:00,adam.gordon030@commerce.example.com
,SHP-202002-0000002522,ORD-202002-0000001461,WH-00081,FRA,North America,Royal Mail,Same Day,Delivered,2020-02-22 14:26:23,2020-03-03,2020-03-05 00:26:23,1,France,2020-02-22 14:26:23,michelle.sims041@analytics.example.com
,SHP-202002-0000002523,ORD-202002-0000002589,WH-00111,JPN,Asia,DPD,Pickup,Delayed,2020-02-08 23:46:09,2020-02-15,,2,Australia,2020-02-08 23:46:09,kelsey.taylor010@platform.example.com
,SHP-202002-0000002524,ORD-202002-0000001123,WH-00094,SGP,Europe,UPS,Pickup,Delivered,2020-02-05 14:49:06,2020-02-11,2020-02-15 02:49:06,1,France,2020-02-05 14:49:06,jennifer.hudson020@analytics.example.com
,SHP-202002-0000002525,ORD-202002-0000000910,WH-00130,DEU,Europe,USPS,Same Day,Delivered,2020-02-22 00:07:51,2020-02-24,2020-02-26 04:07:51,1,Mexico,2020-02-22 00:07:51,kelsey.taylor010@platform.example.com
,SHP-202002-0000002526,ORD-202002-0000001356,WH-00061,DEU,Europe,USPS,Economy,Returned,2020-02-09 16:51:23,2020-02-15,,3,Australia,2020-02-09 16:51:23,john.mullins109@commerce.example.com
,SHP-202002-0000002527,ORD-202002-0000001137,WH-00027,MEX,Europe,UPS,Pickup,Returned,2020-02-03 14:05:56,2020-02-10,,1,Italy,2020-02-03 14:05:56,michael.johnson061@platform.example.com
,SHP-202002-0000002528,ORD-202002-0000001964,WH-00118,NLD,South America,FedEx,Pickup,Delivered,2020-02-09 13:19:59,2020-02-14,2020-02-18 20:19:59,1,United Arab Emirates,2020-02-09 13:19:59,jennifer.hudson020@analytics.example.com
,SHP-202002-0000002529,ORD-202002-0000002225,WH-00229,ESP,Asia,DHL,Express,Delivered,2020-02-03 04:42:19,2020-02-07,2020-02-08 16:42:19,1,United Kingdom,2020-02-03 04:42:19,michael.johnson061@platform.example.com
,SHP-202002-0000002530,ORD-202002-0000000577,WH-00010,BRA,Europe,FedEx,Pickup,In Transit,2020-02-04 03:13:11,2020-02-09,,1,Singapore,2020-02-04 03:13:11,james.proctor094@dataops.example.com
,SHP-202002-0000002531,ORD-202002-0000001748,WH-00018,ARE,North America,DPD,Same Day,Delivered,2020-02-21 22:14:07,2020-02-29,2020-03-04 02:14:07,1,Singapore,2020-02-21 22:14:07,micheal.chen050@dataops.example.com
,SHP-202002-0000002532,ORD-202002-0000002510,WH-00248,DEU,North America,FedEx,Standard,Delivered,2020-02-19 07:19:50,2020-02-27,2020-02-23 10:19:50,1,Mexico,2020-02-19 07:19:50,susan.rice083@commerce.example.com
,SHP-202002-0000002533,ORD-202002-0000000542,WH-00055,FRA,Europe,Australia Post,Express,Shipped,2020-02-22 22:43:07,2020-02-27,,1,Singapore,2020-02-22 22:43:07,tina.williams074@commerce.example.com
,SHP-202002-0000002534,ORD-202002-0000000582,WH-00007,DEU,Asia,UPS,Economy,Delivered,2020-02-19 22:31:33,2020-02-27,2020-03-01 04:31:33,1,Mexico,2020-02-19 22:31:33,andrea.cummings039@platform.example.com
,SHP-202002-0000002535,ORD-202002-0000001211,WH-00188,ARE,Oceania,USPS,Express,Delivered,2020-02-10 08:53:15,2020-02-18,2020-02-24 14:53:15,2,United States,2020-02-10 08:53:15,maria.ashley046@analytics.example.com
,SHP-202002-0000002536,ORD-202002-0000001218,WH-00057,MEX,North America,USPS,Express,Delivered,2020-02-05 18:13:08,2020-02-12,2020-02-13 06:13:08,1,Japan,2020-02-05 18:13:08,micheal.hall064@dataops.example.com
,SHP-202002-0000002537,ORD-202002-0000001151,WH-00032,ESP,North America,Royal Mail,Economy,Delivered,2020-02-20 18:50:38,2020-02-23,2020-03-02 02:50:38,1,Canada,2020-02-20 18:50:38,kelsey.taylor010@platform.example.com
,SHP-202002-0000002538,ORD-202002-0000002041,WH-00160,GBR,Europe,Royal Mail,Pickup,Shipped,2020-02-26 16:28:02,2020-02-29,,2,United Kingdom,2020-02-26 16:28:02,megan.cunningham013@commerce.example.com
,SHP-202002-0000002539,ORD-202002-0000001054,WH-00048,SGP,Asia,Royal Mail,Same Day,Returned,2020-02-06 13:27:02,2020-02-10,,2,Brazil,2020-02-06 13:27:02,victor.palmer071@platform.example.com
,SHP-202002-0000002540,ORD-202002-0000001659,WH-00134,AUS,North America,Australia Post,Economy,Delivered,2020-02-28 12:29:11,2020-03-04,2020-03-09 21:29:11,1,Netherlands,2020-02-28 12:29:11,michael.johnson061@platform.example.com
,SHP-202002-0000002541,ORD-202002-0000000494,WH-00035,FRA,Asia,Royal Mail,Pickup,Delivered,2020-02-12 18:59:49,2020-02-17,2020-02-26 05:59:49,1,Brazil,2020-02-12 18:59:49,adam.gordon030@commerce.example.com
,SHP-202002-0000002542,ORD-202002-0000001806,WH-00189,ARE,North America,FedEx,Express,Delivered,2020-02-22 13:29:08,2020-02-27,2020-02-28 14:29:08,1,Netherlands,2020-02-22 13:29:08,peter.martinez098@platform.example.com
,SHP-202002-0000002543,ORD-202002-0000000824,WH-00224,ITA,Asia,Australia Post,Economy,Delayed,2020-02-10 11:59:38,2020-02-17,,1,Brazil,2020-02-10 11:59:38,ashley.marks069@commerce.example.com
,SHP-202002-0000002544,ORD-202002-0000002148,WH-00053,USA,Oceania,DHL,Standard,Delivered,2020-02-25 01:26:35,2020-03-02,2020-02-28 05:26:35,1,Italy,2020-02-25 01:26:35,susan.rice083@commerce.example.com
,SHP-202002-0000002545,ORD-202002-0000001311,WH-00104,DEU,Asia,DHL,Standard,Delivered,2020-02-16 00:37:13,2020-02-19,2020-02-24 02:37:13,4,United Arab Emirates,2020-02-16 00:37:13,joseph.johnson049@dataops.example.com
,SHP-202002-0000002546,ORD-202002-0000000616,WH-00037,NLD,Europe,UPS,Standard,Delivered,2020-02-21 10:39:41,2020-02-23,2020-03-02 15:39:41,1,India,2020-02-21 10:39:41,victor.palmer071@platform.example.com
,SHP-202002-0000002547,ORD-202002-0000002124,WH-00132,MEX,North America,DHL,Economy,Delivered,2020-02-05 23:24:15,2020-02-15,2020-02-12 11:24:15,2,United Kingdom,2020-02-05 23:24:15,michael.berger060@platform.example.com
,SHP-202002-0000002548,ORD-202002-0000000452,WH-00150,CAN,Oceania,DPD,Express,Delivered,2020-02-26 11:00:15,2020-03-06,2020-02-29 11:00:15,1,Italy,2020-02-26 11:00:15,megan.cunningham013@commerce.example.com
,SHP-202002-0000002549,ORD-202002-0000001525,WH-00182,NLD,Oceania,DHL,Economy,Delivered,2020-02-28 19:14:13,2020-03-05,2020-03-10 00:14:13,1,United Arab Emirates,2020-02-28 19:14:13,andrea.cummings039@platform.example.com
,SHP-202002-0000002550,ORD-202002-0000002842,WH-00217,ARE,Asia,Royal Mail,Pickup,Delivered,2020-02-24 19:26:50,2020-03-01,2020-03-08 02:26:50,1,Netherlands,2020-02-24 19:26:50,john.mullins109@commerce.example.com
,SHP-202002-0000002551,ORD-202002-0000002383,WH-00238,USA,Asia,UPS,Standard,Delivered,2020-02-14 16:21:44,2020-02-21,2020-02-24 02:21:44,1,Brazil,2020-02-14 16:21:44,maria.ashley046@analytics.example.com
,SHP-202002-0000002552,ORD-202002-0000001501,WH-00146,ESP,Asia,USPS,Pickup,Delivered,2020-02-25 06:38:45,2020-03-05,2020-03-06 14:38:45,2,Japan,2020-02-25 06:38:45,jennifer.hudson020@analytics.example.com
,SHP-202002-0000002553,ORD-202002-0000002583,WH-00227,NLD,Asia,Royal Mail,Same Day,Delivered,2020-02-06 05:06:23,2020-02-11,2020-02-15 12:06:23,1,Spain,2020-02-06 05:06:23,kelsey.taylor010@platform.example.com
,SHP-202002-0000002554,ORD-202002-0000001422,WH-00083,IND,Europe,UPS,Economy,Delivered,2020-02-08 12:14:02,2020-02-11,2020-02-18 23:14:02,1,India,2020-02-08 12:14:02,kelsey.taylor010@platform.example.com
,SHP-202002-0000002555,ORD-202002-0000001037,WH-00162,ARE,Europe,DPD,Pickup,Delivered,2020-02-19 04:32:17,2020-02-25,2020-02-28 10:32:17,1,Canada,2020-02-19 04:32:17,maria.ashley046@analytics.example.com
,SHP-202002-0000002556,ORD-202002-0000000883,WH-00165,AUS,North America,Australia Post,Pickup,Shipped,2020-02-20 05:02:23,2020-02-28,,1,Germany,2020-02-20 05:02:23,tina.williams074@commerce.example.com
,SHP-202002-0000002557,ORD-202002-0000002154,WH-00192,ARE,Europe,Australia Post,Pickup,Delivered,2020-02-19 13:50:31,2020-02-23,2020-03-01 15:50:31,1,Australia,2020-02-19 13:50:31,adam.gordon030@commerce.example.com
,SHP-202002-0000002558,ORD-202002-0000001323,WH-00228,ESP,Europe,USPS,Standard,Delivered,2020-02-04 13:34:38,2020-02-06,2020-02-13 23:34:38,1,United Arab Emirates,2020-02-04 13:34:38,adam.gordon030@commerce.example.com
,SHP-202002-0000002559,ORD-202002-0000001555,WH-00115,SGP,North America,UPS,Economy,Delivered,2020-02-17 02:53:57,2020-02-25,2020-02-29 06:53:57,1,Singapore,2020-02-17 02:53:57,kelsey.taylor010@platform.example.com
,SHP-202002-0000002560,ORD-202002-0000002263,WH-00041,IND,North America,DPD,Same Day,Delivered,2020-02-18 12:41:50,2020-02-20,2020-02-25 14:41:50,1,Spain,2020-02-18 12:41:50,jennifer.bauer068@analytics.example.com
,SHP-202002-0000002561,ORD-202002-0000002298,WH-00215,ESP,South America,DPD,Express,Delivered,2020-02-20 09:04:38,2020-02-29,2020-02-29 18:04:38,1,Canada,2020-02-20 09:04:38,michelle.bender024@analytics.example.com
,SHP-202002-0000002562,ORD-202002-0000001950,WH-00063,USA,South America,Australia Post,Standard,In Transit,2020-02-14 01:01:19,2020-02-24,,1,Netherlands,2020-02-14 01:01:19,michelle.sims041@analytics.example.com
,SHP-202002-0000002563,ORD-202002-0000002388,WH-00071,FRA,Asia,Australia Post,Same Day,Delivered,2020-02-11 08:10:22,2020-02-18,2020-02-15 11:10:22,3,Singapore,2020-02-11 08:10:22,jeffery.miller012@commerce.example.com
,SHP-202002-0000002564,ORD-202002-0000000973,WH-00067,ITA,Oceania,Australia Post,Pickup,Delivered,2020-02-19 05:05:19,2020-02-23,2020-03-02 06:05:19,1,United Arab Emirates,2020-02-19 05:05:19,james.proctor094@dataops.example.com
,SHP-202002-0000002565,ORD-202002-0000001448,WH-00220,DEU,Oceania,FedEx,Pickup,Delivered,2020-02-02 05:09:14,2020-02-11,2020-02-11 17:09:14,1,France,2020-02-02 05:09:14,peter.martinez098@platform.example.com
,SHP-202002-0000002566,ORD-202002-0000001397,WH-00181,DEU,Asia,FedEx,Economy,Delayed,2020-02-15 21:26:48,2020-02-18,,1,United States,2020-02-15 21:26:48,david.cabrera119@dataops.example.com
,SHP-202002-0000002567,ORD-202002-0000001659,WH-00085,CAN,Europe,Australia Post,Express,In Transit,2020-02-20 04:13:00,2020-02-29,,1,United Kingdom,2020-02-20 04:13:00,patrick.gonzalez035@dataops.example.com
,SHP-202002-0000002568,ORD-202002-0000002745,WH-00183,FRA,North America,DHL,Economy,Delivered,2020-02-23 17:07:24,2020-02-29,2020-02-25 22:07:24,1,United States,2020-02-23 17:07:24,michael.johnson061@platform.example.com
,SHP-202002-0000002569,ORD-202002-0000002091,WH-00230,ESP,North America,Australia Post,Express,Delivered,2020-02-10 21:26:57,2020-02-16,2020-02-25 05:26:57,2,Japan,2020-02-10 21:26:57,taylor.cunningham023@commerce.example.com
,SHP-202002-0000002570,ORD-202002-0000001041,WH-00208,USA,Europe,FedEx,Express,Delayed,2020-02-13 09:38:15,2020-02-20,,1,Canada,2020-02-13 09:38:15,megan.cunningham013@commerce.example.com
,SHP-202002-0000002571,ORD-202002-0000000283,WH-00161,ESP,Asia,USPS,Economy,Delivered,2020-02-22 10:36:10,2020-02-28,2020-03-02 18:36:10,1,Canada,2020-02-22 10:36:10,ryan.steele043@commerce.example.com
,SHP-202002-0000002572,ORD-202002-0000001197,WH-00056,USA,Asia,Royal Mail,Pickup,Delivered,2020-02-29 15:10:55,2020-03-03,2020-03-13 21:10:55,2,Brazil,2020-02-29 15:10:55,ashley.marks069@commerce.example.com
,SHP-202002-0000002573,ORD-202002-0000000559,WH-00001,IND,Asia,Royal Mail,Standard,Delivered,2020-02-02 18:54:48,2020-02-12,2020-02-14 21:54:48,2,Japan,2020-02-02 18:54:48,andrea.cummings039@platform.example.com
,SHP-202002-0000002574,ORD-202002-0000001972,WH-00090,GBR,Europe,Australia Post,Express,Shipped,2020-02-23 20:41:35,2020-02-27,,4,Spain,2020-02-23 20:41:35,andrea.cummings039@platform.example.com
,SHP-202002-0000002575,ORD-202002-0000002060,WH-00164,FRA,Europe,Royal Mail,Pickup,Delivered,2020-02-12 07:44:22,2020-02-22,2020-02-18 17:44:22,1,Canada,2020-02-12 07:44:22,micheal.chen050@dataops.example.com
,SHP-202002-0000002576,ORD-202002-0000002454,WH-00086,ESP,Europe,Royal Mail,Same Day,Delivered,2020-02-12 09:42:31,2020-02-18,2020-02-23 17:42:31,1,France,2020-02-12 09:42:31,ryan.steele043@commerce.example.com
,SHP-202002-0000002577,ORD-202002-0000000198,WH-00177,USA,North America,DHL,Same Day,In Transit,2020-02-13 07:35:18,2020-02-15,,1,Netherlands,2020-02-13 07:35:18,ryan.steele043@commerce.example.com
,SHP-202002-0000002578,ORD-202002-0000001571,WH-00247,SGP,North America,Royal Mail,Express,Delivered,2020-02-18 03:32:46,2020-02-28,2020-02-20 05:32:46,1,Germany,2020-02-18 03:32:46,andrea.cummings039@platform.example.com
,SHP-202002-0000002579,ORD-202002-0000000568,WH-00250,DEU,North America,DPD,Express,Delivered,2020-02-01 23:28:24,2020-02-07,2020-02-15 11:28:24,1,Italy,2020-02-01 23:28:24,stephen.clark001@analytics.example.com
,SHP-202002-0000002580,ORD-202002-0000002318,WH-00129,JPN,North America,Australia Post,Pickup,In Transit,2020-02-04 17:34:10,2020-02-09,,1,Spain,2020-02-04 17:34:10,taylor.cunningham023@commerce.example.com
,SHP-202002-0000002581,ORD-202002-0000001406,WH-00058,ESP,Europe,UPS,Same Day,Delivered,2020-02-24 08:40:52,2020-03-04,2020-03-01 18:40:52,1,United Kingdom,2020-02-24 08:40:52,andrea.cummings039@platform.example.com
,SHP-202002-0000002582,ORD-202002-0000002200,WH-00012,GBR,Asia,Australia Post,Pickup,Delivered,2020-02-09 16:59:02,2020-02-13,2020-02-20 03:59:02,1,Netherlands,2020-02-09 16:59:02,jeffery.miller012@commerce.example.com
,SHP-202002-0000002583,ORD-202002-0000000853,WH-00036,CAN,South America,Australia Post,Economy,Delivered,2020-02-13 23:11:27,2020-02-20,2020-02-24 05:11:27,2,India,2020-02-13 23:11:27,ryan.steele043@commerce.example.com
,SHP-202002-0000002584,ORD-202002-0000002096,WH-00090,SGP,Europe,Royal Mail,Standard,Delivered,2020-02-16 13:48:29,2020-02-18,2020-02-24 00:48:29,1,Italy,2020-02-16 13:48:29,andrea.cummings039@platform.example.com
,SHP-202002-0000002585,ORD-202002-0000002440,WH-00106,ITA,Europe,Australia Post,Express,Delivered,2020-02-12 08:21:16,2020-02-22,2020-02-22 19:21:16,1,Australia,2020-02-12 08:21:16,jennifer.hudson020@analytics.example.com
,SHP-202002-0000002586,ORD-202002-0000000156,WH-00117,ESP,Europe,DHL,Economy,Delivered,2020-02-22 12:02:39,2020-02-29,2020-03-01 22:02:39,1,United Kingdom,2020-02-22 12:02:39,ryan.steele043@commerce.example.com
,SHP-202002-0000002587,ORD-202002-0000000827,WH-00233,ARE,South America,Australia Post,Pickup,In Transit,2020-02-20 07:57:22,2020-02-28,,1,United Arab Emirates,2020-02-20 07:57:22,jeffery.miller012@commerce.example.com
,SHP-202002-0000002588,ORD-202002-0000002360,WH-00075,NLD,Europe,DPD,Pickup,Delivered,2020-02-23 21:55:10,2020-02-26,2020-03-01 09:55:10,1,India,2020-02-23 21:55:10,victor.palmer071@platform.example.com
,SHP-202002-0000002589,ORD-202002-0000000673,WH-00029,MEX,Oceania,DHL,Express,Returned,2020-02-11 14:33:53,2020-02-14,,1,United Arab Emirates,2020-02-11 14:33:53,susan.rice083@commerce.example.com
,SHP-202002-0000002590,ORD-202002-0000001371,WH-00047,USA,Europe,USPS,Economy,Delivered,2020-02-24 08:50:37,2020-02-27,2020-02-29 14:50:37,1,Netherlands,2020-02-24 08:50:37,michelle.sims041@analytics.example.com
,SHP-202002-0000002591,ORD-202002-0000000442,WH-00151,ARE,Europe,USPS,Same Day,Delivered,2020-02-24 19:03:52,2020-02-26,2020-03-05 22:03:52,1,United States,2020-02-24 19:03:52,stephen.clark001@analytics.example.com
,SHP-202002-0000002592,ORD-202002-0000002844,WH-00230,DEU,Europe,FedEx,Same Day,Shipped,2020-02-03 03:23:27,2020-02-08,,1,Australia,2020-02-03 03:23:27,kelsey.taylor010@platform.example.com
,SHP-202002-0000002593,ORD-202002-0000001518,WH-00028,MEX,Europe,USPS,Standard,Delivered,2020-02-26 09:18:52,2020-03-03,2020-03-03 10:18:52,1,Italy,2020-02-26 09:18:52,susan.rice083@commerce.example.com
,SHP-202002-0000002594,ORD-202002-0000000715,WH-00100,MEX,Europe,UPS,Same Day,In Transit,2020-02-17 00:00:40,2020-02-21,,3,Spain,2020-02-17 00:00:40,lance.williams029@platform.example.com
,SHP-202002-0000002595,ORD-202002-0000000596,WH-00237,USA,Oceania,Royal Mail,Express,Shipped,2020-02-24 22:54:24,2020-03-01,,1,Germany,2020-02-24 22:54:24,michelle.sims041@analytics.example.com
,SHP-202002-0000002596,ORD-202002-0000001352,WH-00151,ESP,Europe,Royal Mail,Same Day,Delivered,2020-02-22 10:35:08,2020-02-29,2020-03-04 12:35:08,1,Italy,2020-02-22 10:35:08,jennifer.hudson020@analytics.example.com
,SHP-202002-0000002597,ORD-202002-0000001488,WH-00066,GBR,North America,UPS,Express,Delivered,2020-02-03 06:39:55,2020-02-13,2020-02-13 10:39:55,1,Mexico,2020-02-03 06:39:55,joseph.johnson049@dataops.example.com
,SHP-202002-0000002598,ORD-202002-0000002737,WH-00228,DEU,Asia,DPD,Express,Delivered,2020-02-06 09:52:51,2020-02-15,2020-02-18 14:52:51,1,United Kingdom,2020-02-06 09:52:51,megan.cunningham013@commerce.example.com
,SHP-202002-0000002599,ORD-202002-0000000318,WH-00204,DEU,North America,Royal Mail,Standard,Delivered,2020-02-23 21:02:03,2020-02-28,2020-02-28 05:02:03,1,Japan,2020-02-23 21:02:03,micheal.chen050@dataops.example.com
,SHP-202002-0000002600,ORD-202002-0000001959,WH-00173,ESP,Europe,Australia Post,Same Day,Delivered,2020-02-09 00:09:41,2020-02-19,2020-02-14 03:09:41,1,Canada,2020-02-09 00:09:41,susan.rice083@commerce.example.com
,SHP-202002-0000002601,ORD-202002-0000002756,WH-00227,AUS,Asia,DHL,Economy,Shipped,2020-02-07 01:26:51,2020-02-17,,1,Singapore,2020-02-07 01:26:51,andrea.cummings039@platform.example.com
,SHP-202002-0000002602,ORD-202002-0000001915,WH-00196,NLD,Asia,Australia Post,Pickup,Delivered,2020-02-27 22:30:40,2020-03-01,2020-03-07 06:30:40,3,United States,2020-02-27 22:30:40,megan.cunningham013@commerce.example.com
,SHP-202002-0000002603,ORD-202002-0000000135,WH-00084,GBR,Asia,UPS,Economy,Delivered,2020-02-04 01:01:58,2020-02-14,2020-02-16 08:01:58,1,Mexico,2020-02-04 01:01:58,jeffery.miller012@commerce.example.com
,SHP-202002-0000002604,ORD-202002-0000000742,WH-00227,ITA,Oceania,DHL,Standard,In Transit,2020-02-17 21:51:29,2020-02-26,,1,Japan,2020-02-17 21:51:29,michael.johnson061@platform.example.com
,SHP-202002-0000002605,ORD-202002-0000002706,WH-00175,USA,Europe,Royal Mail,Express,Delivered,2020-02-06 17:46:29,2020-02-14,2020-02-12 18:46:29,1,Italy,2020-02-06 17:46:29,micheal.hall064@dataops.example.com
,SHP-202002-0000002606,ORD-202002-0000000705,WH-00088,FRA,South America,Royal Mail,Same Day,Delivered,2020-02-22 12:56:09,2020-02-27,2020-03-01 15:56:09,1,United Kingdom,2020-02-22 12:56:09,michael.berger060@platform.example.com
,SHP-202002-0000002607,ORD-202002-0000000152,WH-00011,JPN,Europe,DPD,Pickup,Delivered,2020-02-22 01:17:06,2020-02-27,2020-02-29 13:17:06,1,Spain,2020-02-22 01:17:06,victor.palmer071@platform.example.com
,SHP-202002-0000002608,ORD-202002-0000001027,WH-00157,ARE,Asia,FedEx,Standard,In Transit,2020-02-23 15:28:13,2020-03-01,,1,Mexico,2020-02-23 15:28:13,tina.williams074@commerce.example.com
,SHP-202002-0000002609,ORD-202002-0000001627,WH-00013,AUS,Europe,DHL,Economy,Delivered,2020-02-09 14:37:47,2020-02-16,2020-02-18 18:37:47,1,Mexico,2020-02-09 14:37:47,david.cabrera119@dataops.example.com
,SHP-202002-0000002610,ORD-202002-0000002471,WH-00221,USA,Europe,FedEx,Pickup,Returned,2020-02-09 15:16:42,2020-02-18,,3,Singapore,2020-02-09 15:16:42,maria.ashley046@analytics.example.com
,SHP-202002-0000002611,ORD-202002-0000002511,WH-00186,JPN,North America,Royal Mail,Express,Delivered,2020-02-11 15:48:13,2020-02-16,2020-02-16 00:48:13,1,Spain,2020-02-11 15:48:13,lance.williams029@platform.example.com
,SHP-202002-0000002612,ORD-202002-0000000147,WH-00009,CAN,North America,Royal Mail,Express,Delivered,2020-02-16 14:48:01,2020-02-21,2020-02-21 14:48:01,2,United States,2020-02-16 14:48:01,taylor.cunningham023@commerce.example.com
,SHP-202002-0000002613,ORD-202002-0000000609,WH-00064,GBR,Oceania,DPD,Same Day,In Transit,2020-02-23 05:16:12,2020-03-02,,2,United Arab Emirates,2020-02-23 05:16:12,joseph.johnson049@dataops.example.com
,SHP-202002-0000002614,ORD-202002-0000000553,WH-00095,NLD,Europe,DPD,Same Day,Delivered,2020-02-06 17:13:14,2020-02-08,2020-02-15 23:13:14,1,Singapore,2020-02-06 17:13:14,david.cabrera119@dataops.example.com
,SHP-202002-0000002615,ORD-202002-0000002733,WH-00056,BRA,Asia,DHL,Express,Shipped,2020-02-10 14:32:52,2020-02-13,,1,United Kingdom,2020-02-10 14:32:52,maria.ashley046@analytics.example.com
,SHP-202002-0000002616,ORD-202002-0000002181,WH-00081,AUS,Europe,FedEx,Same Day,Delivered,2020-02-19 14:27:11,2020-02-26,2020-02-29 14:27:11,1,Canada,2020-02-19 14:27:11,michelle.bender024@analytics.example.com
,SHP-202002-0000002617,ORD-202002-0000000171,WH-00161,USA,Asia,USPS,Same Day,Delivered,2020-02-24 17:24:24,2020-03-04,2020-03-02 02:24:24,1,United States,2020-02-24 17:24:24,peter.martinez098@platform.example.com
,SHP-202002-0000002618,ORD-202002-0000002709,WH-00099,NLD,Asia,DPD,Pickup,In Transit,2020-02-10 10:25:49,2020-02-12,,1,Italy,2020-02-10 10:25:49,micheal.chen050@dataops.example.com
,SHP-202002-0000002619,ORD-202002-0000002723,WH-00237,ARE,South America,DPD,Standard,Delivered,2020-02-02 22:09:13,2020-02-11,2020-02-14 08:09:13,1,United Arab Emirates,2020-02-02 22:09:13,michelle.sims041@analytics.example.com
,SHP-202002-0000002620,ORD-202002-0000002122,WH-00115,GBR,North America,FedEx,Express,Delivered,2020-02-22 12:23:55,2020-02-29,2020-02-25 20:23:55,1,Netherlands,2020-02-22 12:23:55,joseph.johnson049@dataops.example.com
,SHP-202002-0000002621,ORD-202002-0000000759,WH-00146,AUS,Europe,DHL,Economy,Delivered,2020-02-03 21:47:15,2020-02-13,2020-02-13 22:47:15,1,United Arab Emirates,2020-02-03 21:47:15,james.proctor094@dataops.example.com
,SHP-202002-0000002622,ORD-202002-0000001452,WH-00006,ITA,Asia,DHL,Economy,In Transit,2020-02-18 19:45:00,2020-02-20,,2,Mexico,2020-02-18 19:45:00,adam.gordon030@commerce.example.com
,SHP-202002-0000002623,ORD-202002-0000000600,WH-00168,ITA,North America,Australia Post,Standard,Delivered,2020-02-15 07:30:27,2020-02-19,2020-02-19 19:30:27,1,Japan,2020-02-15 07:30:27,michael.johnson061@platform.example.com
,SHP-202002-0000002624,ORD-202002-0000000371,WH-00033,ITA,Asia,UPS,Economy,In Transit,2020-02-06 19:25:42,2020-02-16,,1,Netherlands,2020-02-06 19:25:42,michelle.sims041@analytics.example.com
,SHP-202002-0000002625,ORD-202002-0000000690,WH-00061,DEU,Asia,USPS,Standard,Delivered,2020-02-16 17:37:21,2020-02-22,2020-03-02 01:37:21,1,United States,2020-02-16 17:37:21,jennifer.hudson020@analytics.example.com
,SHP-202002-0000002626,ORD-202002-0000001452,WH-00040,FRA,Europe,FedEx,Express,Delivered,2020-02-07 15:14:54,2020-02-09,2020-02-12 16:14:54,2,Brazil,2020-02-07 15:14:54,eric.horton058@analytics.example.com
,SHP-202002-0000002627,ORD-202002-0000000695,WH-00197,IND,Asia,DPD,Pickup,In Transit,2020-02-28 12:25:27,2020-03-02,,1,India,2020-02-28 12:25:27,kelsey.taylor010@platform.example.com
,SHP-202002-0000002628,ORD-202002-0000001625,WH-00108,AUS,Europe,Australia Post,Same Day,In Transit,2020-02-09 18:41:42,2020-02-17,,1,Italy,2020-02-09 18:41:42,taylor.cunningham023@commerce.example.com
,SHP-202002-0000002629,ORD-202002-0000002184,WH-00172,AUS,Europe,FedEx,Economy,Delivered,2020-02-22 00:11:52,2020-02-28,2020-03-03 08:11:52,1,Mexico,2020-02-22 00:11:52,jennifer.hudson020@analytics.example.com
,SHP-202002-0000002630,ORD-202002-0000000153,WH-00127,SGP,South America,Royal Mail,Pickup,Delivered,2020-02-15 01:28:15,2020-02-23,2020-02-24 06:28:15,1,Spain,2020-02-15 01:28:15,stephen.clark001@analytics.example.com
,SHP-202002-0000002631,ORD-202002-0000000741,WH-00063,CAN,North America,DPD,Economy,Delivered,2020-02-02 08:47:51,2020-02-04,2020-02-11 08:47:51,1,India,2020-02-02 08:47:51,joseph.johnson049@dataops.example.com
,SHP-202002-0000002632,ORD-202002-0000000046,WH-00139,MEX,North America,FedEx,Economy,In Transit,2020-02-07 03:32:16,2020-02-14,,2,United Kingdom,2020-02-07 03:32:16,kelsey.taylor010@platform.example.com
,SHP-202002-0000002633,ORD-202002-0000002248,WH-00128,MEX,Asia,Royal Mail,Pickup,Delivered,2020-02-03 10:35:09,2020-02-05,2020-02-06 10:35:09,1,Germany,2020-02-03 10:35:09,michelle.bender024@analytics.example.com
,SHP-202002-0000002634,ORD-202002-0000002647,WH-00005,USA,South America,UPS,Economy,Delivered,2020-02-09 16:29:52,2020-02-13,2020-02-13 02:29:52,1,United Arab Emirates,2020-02-09 16:29:52,maria.ashley046@analytics.example.com
,SHP-202002-0000002635,ORD-202002-0000000901,WH-00017,CAN,Europe,UPS,Express,Delivered,2020-02-12 06:08:00,2020-02-21,2020-02-15 10:08:00,2,Netherlands,2020-02-12 06:08:00,jennifer.bauer068@analytics.example.com
,SHP-202002-0000002636,ORD-202002-0000001206,WH-00233,NLD,Europe,DHL,Standard,Delivered,2020-02-14 22:29:27,2020-02-17,2020-02-23 01:29:27,1,United States,2020-02-14 22:29:27,adam.gordon030@commerce.example.com
,SHP-202002-0000002637,ORD-202002-0000000181,WH-00089,USA,North America,USPS,Same Day,Delivered,2020-02-26 05:57:47,2020-03-06,2020-03-07 16:57:47,3,Netherlands,2020-02-26 05:57:47,ashley.marks069@commerce.example.com
,SHP-202002-0000002638,ORD-202002-0000001251,WH-00174,JPN,South America,Royal Mail,Economy,In Transit,2020-02-06 06:33:34,2020-02-09,,1,France,2020-02-06 06:33:34,kelsey.taylor010@platform.example.com
,SHP-202002-0000002639,ORD-202002-0000000792,WH-00067,DEU,Europe,DPD,Economy,Delayed,2020-02-14 15:02:01,2020-02-16,,3,United Kingdom,2020-02-14 15:02:01,jeffery.miller012@commerce.example.com
,SHP-202002-0000002640,ORD-202002-0000001672,WH-00076,ARE,Asia,USPS,Standard,In Transit,2020-02-23 01:38:58,2020-02-29,,1,Singapore,2020-02-23 01:38:58,micheal.hall064@dataops.example.com
,SHP-202002-0000002641,ORD-202002-0000001008,WH-00029,GBR,Europe,USPS,Standard,Delivered,2020-02-21 10:33:57,2020-02-28,2020-02-27 13:33:57,1,Germany,2020-02-21 10:33:57,kelsey.taylor010@platform.example.com
,SHP-202002-0000002642,ORD-202002-0000002744,WH-00202,DEU,North America,DHL,Economy,Delivered,2020-02-20 14:24:19,2020-02-25,2020-02-29 23:24:19,1,Spain,2020-02-20 14:24:19,james.proctor094@dataops.example.com
,SHP-202002-0000002643,ORD-202002-0000000220,WH-00087,USA,Asia,Australia Post,Economy,Delayed,2020-02-16 20:02:07,2020-02-22,,1,Germany,2020-02-16 20:02:07,ryan.steele043@commerce.example.com
,SHP-202002-0000002644,ORD-202002-0000000572,WH-00225,USA,Asia,Royal Mail,Express,Delivered,2020-02-16 00:11:48,2020-02-19,2020-02-28 02:11:48,1,Germany,2020-02-16 00:11:48,michelle.sims041@analytics.example.com
,SHP-202002-0000002645,ORD-202002-0000000542,WH-00151,IND,Asia,Royal Mail,Standard,In Transit,2020-02-13 05:12:20,2020-02-17,,2,Canada,2020-02-13 05:12:20,john.mullins109@commerce.example.com
,SHP-202002-0000002646,ORD-202002-0000001639,WH-00143,SGP,Europe,Royal Mail,Express,Delivered,2020-02-04 10:12:43,2020-02-13,2020-02-17 17:12:43,1,United States,2020-02-04 10:12:43,jeffery.miller012@commerce.example.com
,SHP-202002-0000002647,ORD-202002-0000001943,WH-00250,GBR,Europe,DPD,Express,Delivered,2020-02-25 10:00:02,2020-03-04,2020-03-02 13:00:02,1,Brazil,2020-02-25 10:00:02,patrick.gonzalez035@dataops.example.com
,SHP-202002-0000002648,ORD-202002-0000000821,WH-00054,ARE,Europe,USPS,Same Day,Delivered,2020-02-13 10:16:36,2020-02-23,2020-02-17 10:16:36,1,Spain,2020-02-13 10:16:36,eric.horton058@analytics.example.com
,SHP-202002-0000002649,ORD-202002-0000000900,WH-00246,FRA,Europe,FedEx,Pickup,Delivered,2020-02-29 02:22:37,2020-03-04,2020-03-13 12:22:37,1,Italy,2020-02-29 02:22:37,tina.williams074@commerce.example.com
,SHP-202002-0000002650,ORD-202002-0000000510,WH-00060,USA,Oceania,Australia Post,Same Day,Delivered,2020-02-09 13:32:59,2020-02-15,2020-02-13 23:32:59,1,Italy,2020-02-09 13:32:59,ryan.steele043@commerce.example.com
,SHP-202002-0000002651,ORD-202002-0000001658,WH-00141,ARE,North America,Australia Post,Express,Delivered,2020-02-25 19:06:16,2020-03-02,2020-03-08 04:06:16,1,India,2020-02-25 19:06:16,michael.johnson061@platform.example.com
,SHP-202002-0000002652,ORD-202002-0000001165,WH-00108,GBR,Asia,Royal Mail,Same Day,Returned,2020-02-06 02:42:37,2020-02-08,,1,Italy,2020-02-06 02:42:37,david.cabrera119@dataops.example.com
,SHP-202002-0000002653,ORD-202002-0000002144,WH-00033,MEX,Europe,UPS,Standard,Delivered,2020-02-25 03:16:51,2020-02-28,2020-03-02 09:16:51,1,Canada,2020-02-25 03:16:51,jennifer.hudson020@analytics.example.com
,SHP-202002-0000002654,ORD-202002-0000000233,WH-00015,BRA,North America,USPS,Pickup,Shipped,2020-02-06 15:53:32,2020-02-15,,1,Singapore,2020-02-06 15:53:32,ashley.marks069@commerce.example.com
,SHP-202002-0000002655,ORD-202002-0000001840,WH-00006,AUS,North America,USPS,Same Day,Delivered,2020-02-25 19:11:44,2020-03-01,2020-03-04 01:11:44,1,France,2020-02-25 19:11:44,stephen.clark001@analytics.example.com
,SHP-202002-0000002656,ORD-202002-0000000050,WH-00150,GBR,Asia,DHL,Standard,Delivered,2020-02-12 19:24:59,2020-02-17,2020-02-21 03:24:59,1,United Arab Emirates,2020-02-12 19:24:59,kelsey.taylor010@platform.example.com
,SHP-202002-0000002657,ORD-202002-0000001344,WH-00030,ESP,North America,UPS,Standard,Delivered,2020-02-02 15:55:40,2020-02-04,2020-02-11 23:55:40,1,United States,2020-02-02 15:55:40,micheal.chen050@dataops.example.com
,SHP-202002-0000002658,ORD-202002-0000002563,WH-00012,DEU,North America,DHL,Standard,Delayed,2020-02-22 15:39:45,2020-02-28,,1,Spain,2020-02-22 15:39:45,megan.cunningham013@commerce.example.com
,SHP-202002-0000002659,ORD-202002-0000002711,WH-00192,ITA,North America,USPS,Economy,Delivered,2020-02-18 03:20:10,2020-02-26,2020-03-03 09:20:10,1,United States,2020-02-18 03:20:10,jeffery.miller012@commerce.example.com
,SHP-202002-0000002660,ORD-202002-0000001300,WH-00040,AUS,Asia,Royal Mail,Pickup,Delivered,2020-02-11 00:42:21,2020-02-13,2020-02-22 09:42:21,1,Mexico,2020-02-11 00:42:21,stephen.daniels076@commerce.example.com
,SHP-202002-0000002661,ORD-202002-0000001295,WH-00188,MEX,North America,Royal Mail,Pickup,Shipped,2020-02-28 02:42:41,2020-03-06,,1,United Kingdom,2020-02-28 02:42:41,susan.rice083@commerce.example.com
,SHP-202002-0000002662,ORD-202002-0000000875,WH-00085,USA,Europe,Royal Mail,Express,Delivered,2020-02-07 14:35:04,2020-02-12,2020-02-14 19:35:04,1,Netherlands,2020-02-07 14:35:04,tina.williams074@commerce.example.com
,SHP-202002-0000002663,ORD-202002-0000001502,WH-00236,MEX,Asia,Royal Mail,Economy,Delivered,2020-02-24 11:08:25,2020-03-04,2020-03-03 19:08:25,1,Singapore,2020-02-24 11:08:25,michael.johnson061@platform.example.com
,SHP-202002-0000002664,ORD-202002-0000001918,WH-00167,BRA,North America,UPS,Pickup,Shipped,2020-02-11 20:24:43,2020-02-16,,1,United Kingdom,2020-02-11 20:24:43,michelle.sims041@analytics.example.com
,SHP-202002-0000002665,ORD-202002-0000002066,WH-00100,IND,South America,DHL,Pickup,Delivered,2020-02-05 23:55:37,2020-02-10,2020-02-09 03:55:37,1,Germany,2020-02-05 23:55:37,patrick.gonzalez035@dataops.example.com
,SHP-202002-0000002666,ORD-202002-0000000114,WH-00162,SGP,North America,USPS,Same Day,In Transit,2020-02-01 04:48:15,2020-02-10,,1,Mexico,2020-02-01 04:48:15,michael.berger060@platform.example.com
,SHP-202002-0000002667,ORD-202002-0000002603,WH-00241,IND,Europe,DPD,Pickup,Delivered,2020-02-03 21:33:06,2020-02-07,2020-02-10 07:33:06,1,United Kingdom,2020-02-03 21:33:06,john.mullins109@commerce.example.com
,SHP-202002-0000002668,ORD-202002-0000001114,WH-00226,MEX,North America,Australia Post,Standard,Delivered,2020-02-02 03:21:25,2020-02-06,2020-02-14 03:21:25,1,Singapore,2020-02-02 03:21:25,ashley.marks069@commerce.example.com
,SHP-202002-0000002669,ORD-202002-0000000280,WH-00224,ESP,Europe,USPS,Economy,Delayed,2020-02-23 05:45:06,2020-02-27,,1,United States,2020-02-23 05:45:06,brandi.carter038@dataops.example.com
,SHP-202002-0000002670,ORD-202002-0000001476,WH-00028,CAN,Asia,FedEx,Express,Delivered,2020-02-26 23:59:07,2020-03-02,2020-03-03 23:59:07,1,Canada,2020-02-26 23:59:07,patrick.gonzalez035@dataops.example.com
,SHP-202002-0000002671,ORD-202002-0000000303,WH-00154,ESP,Europe,Royal Mail,Economy,Delivered,2020-02-26 09:23:49,2020-02-29,2020-03-05 13:23:49,1,Italy,2020-02-26 09:23:49,tina.williams074@commerce.example.com
,SHP-202002-0000002672,ORD-202002-0000002317,WH-00241,BRA,Europe,Australia Post,Economy,In Transit,2020-02-02 20:36:52,2020-02-04,,1,Canada,2020-02-02 20:36:52,patrick.gonzalez035@dataops.example.com
,SHP-202002-0000002673,ORD-202002-0000000697,WH-00031,USA,Oceania,DPD,Pickup,Delivered,2020-02-11 21:21:17,2020-02-15,2020-02-22 03:21:17,1,Japan,2020-02-11 21:21:17,jennifer.hudson020@analytics.example.com
,SHP-202002-0000002674,ORD-202002-0000002604,WH-00162,BRA,North America,FedEx,Economy,Delivered,2020-02-28 04:42:32,2020-03-02,2020-03-10 04:42:32,1,United Kingdom,2020-02-28 04:42:32,stephen.clark001@analytics.example.com
,SHP-202002-0000002675,ORD-202002-0000002518,WH-00050,FRA,Asia,Australia Post,Standard,In Transit,2020-02-18 08:22:00,2020-02-27,,1,United States,2020-02-18 08:22:00,micheal.chen050@dataops.example.com
,SHP-202002-0000002676,ORD-202002-0000001201,WH-00067,USA,Europe,Royal Mail,Economy,Delivered,2020-02-10 02:30:14,2020-02-20,2020-02-17 06:30:14,1,Australia,2020-02-10 02:30:14,adam.gordon030@commerce.example.com
,SHP-202002-0000002677,ORD-202002-0000000151,WH-00026,FRA,North America,DPD,Same Day,Delivered,2020-02-22 09:09:40,2020-02-29,2020-02-26 15:09:40,1,Spain,2020-02-22 09:09:40,lance.williams029@platform.example.com
,SHP-202002-0000002678,ORD-202002-0000000966,WH-00180,JPN,Europe,Australia Post,Express,Delivered,2020-02-24 23:38:37,2020-03-02,2020-03-06 02:38:37,1,Italy,2020-02-24 23:38:37,taylor.cunningham023@commerce.example.com
,SHP-202002-0000002679,ORD-202002-0000002306,WH-00139,SGP,Asia,UPS,Economy,Delivered,2020-02-12 12:50:32,2020-02-19,2020-02-15 21:50:32,1,Australia,2020-02-12 12:50:32,micheal.hall064@dataops.example.com
,SHP-202002-0000002680,ORD-202002-0000001718,WH-00230,CAN,Europe,FedEx,Pickup,Delivered,2020-02-14 03:13:57,2020-02-23,2020-02-19 09:13:57,1,Canada,2020-02-14 03:13:57,lance.williams029@platform.example.com
,SHP-202002-0000002681,ORD-202002-0000001397,WH-00036,ARE,Europe,Australia Post,Pickup,Delivered,2020-02-22 06:50:08,2020-02-28,2020-02-27 13:50:08,1,Canada,2020-02-22 06:50:08,peter.martinez098@platform.example.com
,SHP-202002-0000002682,ORD-202002-0000002548,WH-00048,GBR,Europe,DHL,Pickup,Delivered,2020-02-20 05:22:10,2020-02-29,2020-03-03 16:22:10,1,India,2020-02-20 05:22:10,peter.martinez098@platform.example.com
,SHP-202002-0000002683,ORD-202002-0000000257,WH-00078,GBR,North America,FedEx,Standard,Delivered,2020-02-05 17:26:06,2020-02-07,2020-02-20 02:26:06,1,Italy,2020-02-05 17:26:06,ryan.steele043@commerce.example.com
,SHP-202002-0000002684,ORD-202002-0000002253,WH-00044,AUS,Oceania,DHL,Express,Delivered,2020-02-08 22:14:30,2020-02-10,2020-02-12 04:14:30,1,France,2020-02-08 22:14:30,jennifer.hudson020@analytics.example.com
,SHP-202002-0000002685,ORD-202002-0000000590,WH-00182,GBR,Europe,DPD,Express,Delivered,2020-02-04 05:11:17,2020-02-09,2020-02-06 13:11:17,1,Spain,2020-02-04 05:11:17,peter.martinez098@platform.example.com
,SHP-202002-0000002686,ORD-202002-0000002773,WH-00233,IND,Asia,Australia Post,Express,In Transit,2020-02-26 22:42:33,2020-03-04,,1,Germany,2020-02-26 22:42:33,maria.ashley046@analytics.example.com
,SHP-202002-0000002687,ORD-202002-0000001862,WH-00244,MEX,Asia,DPD,Economy,Delivered,2020-02-12 06:54:41,2020-02-22,2020-02-18 06:54:41,3,Singapore,2020-02-12 06:54:41,jeffery.miller012@commerce.example.com
,SHP-202002-0000002688,ORD-202002-0000000651,WH-00140,CAN,North America,DHL,Express,Returned,2020-02-05 14:27:48,2020-02-15,,1,Canada,2020-02-05 14:27:48,victor.palmer071@platform.example.com
,SHP-202002-0000002689,ORD-202002-0000001321,WH-00079,CAN,Europe,FedEx,Pickup,Delivered,2020-02-22 16:32:01,2020-03-02,2020-03-06 03:32:01,1,United States,2020-02-22 16:32:01,andrea.cummings039@platform.example.com
,SHP-202002-0000002690,ORD-202002-0000000070,WH-00014,USA,North America,DPD,Pickup,Delivered,2020-02-09 05:29:37,2020-02-19,2020-02-16 16:29:37,1,United Kingdom,2020-02-09 05:29:37,patrick.gonzalez035@dataops.example.com
,SHP-202002-0000002691,ORD-202002-0000002461,WH-00063,CAN,Europe,DHL,Standard,In Transit,2020-02-13 04:33:33,2020-02-20,,1,United Arab Emirates,2020-02-13 04:33:33,michael.berger060@platform.example.com
,SHP-202002-0000002692,ORD-202002-0000002560,WH-00192,SGP,South America,FedEx,Standard,Delivered,2020-02-19 00:48:15,2020-02-21,2020-02-27 02:48:15,1,Japan,2020-02-19 00:48:15,jennifer.hudson020@analytics.example.com
,SHP-202002-0000002693,ORD-202002-0000000882,WH-00241,AUS,North America,DHL,Same Day,Delivered,2020-02-28 22:14:52,2020-03-06,2020-03-10 23:14:52,1,Netherlands,2020-02-28 22:14:52,stephen.daniels076@commerce.example.com
,SHP-202002-0000002694,ORD-202002-0000002293,WH-00114,ARE,Europe,DPD,Pickup,Delivered,2020-02-07 08:12:52,2020-02-17,2020-02-12 12:12:52,1,Netherlands,2020-02-07 08:12:52,susan.rice083@commerce.example.com
,SHP-202002-0000002695,ORD-202002-0000002633,WH-00084,AUS,Europe,FedEx,Same Day,Delivered,2020-02-13 11:45:55,2020-02-17,2020-02-16 12:45:55,1,Japan,2020-02-13 11:45:55,michelle.sims041@analytics.example.com
,SHP-202002-0000002696,ORD-202002-0000000147,WH-00233,DEU,Asia,UPS,Economy,Delivered,2020-02-25 02:45:53,2020-03-06,2020-03-01 11:45:53,1,Germany,2020-02-25 02:45:53,maria.ashley046@analytics.example.com
,SHP-202002-0000002697,ORD-202002-0000001426,WH-00075,ARE,North America,Australia Post,Standard,Delivered,2020-02-08 04:36:40,2020-02-13,2020-02-16 05:36:40,1,Japan,2020-02-08 04:36:40,micheal.hall064@dataops.example.com
,SHP-202002-0000002698,ORD-202002-0000002284,WH-00152,AUS,North America,Royal Mail,Express,Delivered,2020-02-01 10:06:21,2020-02-09,2020-02-13 17:06:21,1,Germany,2020-02-01 10:06:21,maria.ashley046@analytics.example.com
,SHP-202002-0000002699,ORD-202002-0000002632,WH-00193,BRA,Europe,UPS,Same Day,Delivered,2020-02-09 14:54:08,2020-02-13,2020-02-16 21:54:08,1,Netherlands,2020-02-09 14:54:08,micheal.hall064@dataops.example.com
,SHP-202002-0000002700,ORD-202002-0000002472,WH-00231,IND,North America,Australia Post,Standard,In Transit,2020-02-12 22:14:00,2020-02-17,,4,United States,2020-02-12 22:14:00,patrick.gonzalez035@dataops.example.com
,SHP-202002-0000002701,ORD-202002-0000001280,WH-00045,FRA,Europe,DHL,Pickup,Delivered,2020-02-28 10:20:35,2020-03-06,2020-03-10 21:20:35,1,Brazil,2020-02-28 10:20:35,jennifer.hudson020@analytics.example.com
,SHP-202002-0000002702,ORD-202002-0000000451,WH-00151,CAN,Oceania,FedEx,Pickup,Delivered,2020-02-29 21:07:59,2020-03-10,2020-03-09 00:07:59,2,Germany,2020-02-29 21:07:59,susan.rice083@commerce.example.com
,SHP-202002-0000002703,ORD-202002-0000001458,WH-00127,CAN,Europe,Australia Post,Same Day,In Transit,2020-02-04 13:32:51,2020-02-14,,1,Canada,2020-02-04 13:32:51,michelle.sims041@analytics.example.com
,SHP-202002-0000002704,ORD-202002-0000002193,WH-00054,ESP,Europe,DPD,Economy,Delivered,2020-02-15 19:28:36,2020-02-23,2020-02-22 19:28:36,1,Netherlands,2020-02-15 19:28:36,taylor.cunningham023@commerce.example.com
,SHP-202002-0000002705,ORD-202002-0000002592,WH-00147,SGP,South America,UPS,Standard,Returned,2020-02-25 01:36:28,2020-03-06,,1,Singapore,2020-02-25 01:36:28,david.cabrera119@dataops.example.com
,SHP-202002-0000002706,ORD-202002-0000000822,WH-00220,FRA,Asia,DPD,Economy,Shipped,2020-02-19 08:54:15,2020-02-25,,1,Brazil,2020-02-19 08:54:15,michelle.bender024@analytics.example.com
,SHP-202002-0000002707,ORD-202002-0000002224,WH-00200,MEX,Oceania,Royal Mail,Pickup,Delivered,2020-02-02 22:30:53,2020-02-05,2020-02-13 09:30:53,1,France,2020-02-02 22:30:53,tina.williams074@commerce.example.com
,SHP-202002-0000002708,ORD-202002-0000000783,WH-00089,JPN,Asia,DPD,Standard,Delivered,2020-02-15 10:04:01,2020-02-25,2020-02-19 17:04:01,1,Brazil,2020-02-15 10:04:01,adam.gordon030@commerce.example.com
,SHP-202002-0000002709,ORD-202002-0000001698,WH-00237,SGP,Asia,DPD,Economy,In Transit,2020-02-22 14:54:15,2020-02-29,,2,United Arab Emirates,2020-02-22 14:54:15,michael.berger060@platform.example.com
,SHP-202002-0000002710,ORD-202002-0000001996,WH-00145,CAN,Asia,FedEx,Same Day,Shipped,2020-02-17 15:16:04,2020-02-20,,4,Singapore,2020-02-17 15:16:04,patrick.gonzalez035@dataops.example.com
,SHP-202002-0000002711,ORD-202002-0000001583,WH-00167,ITA,Europe,DPD,Economy,Delivered,2020-02-12 23:41:36,2020-02-18,2020-02-21 06:41:36,1,Singapore,2020-02-12 23:41:36,jennifer.hudson020@analytics.example.com
,SHP-202002-0000002712,ORD-202002-0000000938,WH-00173,IND,Oceania,DHL,Economy,Delivered,2020-02-20 13:28:07,2020-03-01,2020-03-02 19:28:07,1,Netherlands,2020-02-20 13:28:07,eric.horton058@analytics.example.com
,SHP-202002-0000002713,ORD-202002-0000001812,WH-00004,DEU,Asia,DPD,Same Day,Returned,2020-02-12 02:34:26,2020-02-14,,2,Italy,2020-02-12 02:34:26,ryan.steele043@commerce.example.com
,SHP-202002-0000002714,ORD-202002-0000002904,WH-00170,JPN,North America,UPS,Express,In Transit,2020-02-24 14:08:10,2020-02-29,,1,United Arab Emirates,2020-02-24 14:08:10,ashley.marks069@commerce.example.com
,SHP-202002-0000002715,ORD-202002-0000000315,WH-00201,ITA,Asia,Royal Mail,Same Day,Delivered,2020-02-17 17:27:45,2020-02-26,2020-02-28 02:27:45,1,Canada,2020-02-17 17:27:45,david.cabrera119@dataops.example.com
,SHP-202002-0000002716,ORD-202002-0000001924,WH-00106,FRA,North America,FedEx,Express,Delayed,2020-02-27 02:57:06,2020-03-04,,2,Singapore,2020-02-27 02:57:06,eric.horton058@analytics.example.com
,SHP-202002-0000002717,ORD-202002-0000002146,WH-00091,ARE,Asia,Royal Mail,Standard,Delivered,2020-02-15 19:40:55,2020-02-20,2020-02-29 05:40:55,1,Singapore,2020-02-15 19:40:55,stephen.clark001@analytics.example.com
,SHP-202002-0000002718,ORD-202002-0000001419,WH-00132,MEX,Europe,FedEx,Economy,Delivered,2020-02-26 13:38:05,2020-03-07,2020-03-03 19:38:05,2,Japan,2020-02-26 13:38:05,stephen.daniels076@commerce.example.com
,SHP-202002-0000002719,ORD-202002-0000000949,WH-00046,SGP,North America,Australia Post,Same Day,In Transit,2020-02-08 20:10:37,2020-02-16,,1,Italy,2020-02-08 20:10:37,jennifer.hudson020@analytics.example.com
,SHP-202002-0000002720,ORD-202002-0000002116,WH-00033,USA,Europe,DHL,Same Day,Delivered,2020-02-28 21:39:30,2020-03-06,2020-03-14 01:39:30,1,Japan,2020-02-28 21:39:30,ashley.marks069@commerce.example.com
,SHP-202002-0000002721,ORD-202002-0000002487,WH-00064,FRA,Europe,DHL,Pickup,Delivered,2020-02-08 14:26:20,2020-02-18,2020-02-22 23:26:20,1,Brazil,2020-02-08 14:26:20,eric.horton058@analytics.example.com
,SHP-202002-0000002722,ORD-202002-0000000620,WH-00007,MEX,Europe,USPS,Same Day,Delivered,2020-02-29 14:29:47,2020-03-10,2020-03-04 17:29:47,1,United Kingdom,2020-02-29 14:29:47,kelsey.taylor010@platform.example.com
,SHP-202002-0000002723,ORD-202002-0000000037,WH-00242,ESP,North America,USPS,Economy,Delivered,2020-02-09 17:58:05,2020-02-17,2020-02-11 23:58:05,1,Mexico,2020-02-09 17:58:05,james.proctor094@dataops.example.com
,SHP-202002-0000002724,ORD-202002-0000000885,WH-00054,AUS,North America,USPS,Same Day,Delivered,2020-02-14 04:38:23,2020-02-23,2020-02-22 05:38:23,2,Japan,2020-02-14 04:38:23,stephen.daniels076@commerce.example.com
,SHP-202002-0000002725,ORD-202002-0000002529,WH-00053,GBR,Europe,UPS,Standard,Delivered,2020-02-19 03:53:09,2020-02-24,2020-03-01 09:53:09,2,Brazil,2020-02-19 03:53:09,adam.gordon030@commerce.example.com
,SHP-202002-0000002726,ORD-202002-0000000823,WH-00106,AUS,Europe,Royal Mail,Express,Delivered,2020-02-03 10:10:05,2020-02-05,2020-02-08 19:10:05,1,United Arab Emirates,2020-02-03 10:10:05,jennifer.bauer068@analytics.example.com
,SHP-202002-0000002727,ORD-202002-0000001022,WH-00132,JPN,North America,DPD,Standard,Delivered,2020-02-25 13:18:51,2020-02-27,2020-03-02 15:18:51,1,Brazil,2020-02-25 13:18:51,john.mullins109@commerce.example.com
,SHP-202002-0000002728,ORD-202002-0000001080,WH-00023,ITA,Oceania,DHL,Express,Delivered,2020-02-14 16:59:22,2020-02-19,2020-02-26 21:59:22,3,Germany,2020-02-14 16:59:22,stephen.daniels076@commerce.example.com
,SHP-202002-0000002729,ORD-202002-0000002458,WH-00006,NLD,Europe,Royal Mail,Economy,Shipped,2020-02-29 00:38:04,2020-03-04,,1,Italy,2020-02-29 00:38:04,eric.horton058@analytics.example.com
,SHP-202002-0000002730,ORD-202002-0000002727,WH-00047,MEX,Europe,Royal Mail,Same Day,Delivered,2020-02-23 15:05:00,2020-02-28,2020-03-02 16:05:00,1,United Kingdom,2020-02-23 15:05:00,megan.cunningham013@commerce.example.com
,SHP-202002-0000002731,ORD-202002-0000000167,WH-00085,DEU,Asia,USPS,Pickup,In Transit,2020-02-13 08:18:51,2020-02-16,,2,United Kingdom,2020-02-13 08:18:51,david.cabrera119@dataops.example.com
,SHP-202002-0000002732,ORD-202002-0000002332,WH-00228,DEU,North America,UPS,Same Day,Delayed,2020-02-03 21:21:02,2020-02-09,,1,Brazil,2020-02-03 21:21:02,patrick.gonzalez035@dataops.example.com
,SHP-202002-0000002733,ORD-202002-0000001625,WH-00036,USA,Europe,DHL,Express,Delivered,2020-02-04 06:40:46,2020-02-09,2020-02-10 08:40:46,1,Netherlands,2020-02-04 06:40:46,kelsey.taylor010@platform.example.com
,SHP-202002-0000002734,ORD-202002-0000001243,WH-00211,ESP,Oceania,DHL,Standard,Shipped,2020-02-13 15:29:04,2020-02-16,,1,Italy,2020-02-13 15:29:04,kelsey.taylor010@platform.example.com
,SHP-202002-0000002735,ORD-202002-0000001895,WH-00239,NLD,North America,UPS,Express,Delivered,2020-02-16 12:38:50,2020-02-26,2020-03-01 00:38:50,1,Australia,2020-02-16 12:38:50,andrea.cummings039@platform.example.com
,SHP-202002-0000002736,ORD-202002-0000001218,WH-00093,FRA,North America,FedEx,Standard,Shipped,2020-02-14 22:12:42,2020-02-19,,2,France,2020-02-14 22:12:42,tina.williams074@commerce.example.com
,SHP-202002-0000002737,ORD-202002-0000000390,WH-00168,GBR,Asia,Australia Post,Pickup,Delivered,2020-02-03 17:18:53,2020-02-07,2020-02-08 03:18:53,1,Brazil,2020-02-03 17:18:53,jennifer.hudson020@analytics.example.com
,SHP-202002-0000002738,ORD-202002-0000000050,WH-00147,ARE,Europe,UPS,Standard,Delivered,2020-02-18 00:36:37,2020-02-20,2020-02-29 02:36:37,1,United States,2020-02-18 00:36:37,jeffery.miller012@commerce.example.com
,SHP-202002-0000002739,ORD-202002-0000001520,WH-00036,MEX,Europe,Australia Post,Express,Delivered,2020-02-10 22:50:18,2020-02-12,2020-02-20 00:50:18,2,India,2020-02-10 22:50:18,michael.johnson061@platform.example.com
,SHP-202002-0000002740,ORD-202002-0000002564,WH-00071,ITA,Europe,DHL,Standard,Returned,2020-02-05 20:48:07,2020-02-08,,2,Australia,2020-02-05 20:48:07,peter.martinez098@platform.example.com
,SHP-202002-0000002741,ORD-202002-0000000975,WH-00195,AUS,Europe,FedEx,Pickup,Delivered,2020-02-04 13:12:21,2020-02-08,2020-02-15 14:12:21,1,Spain,2020-02-04 13:12:21,micheal.hall064@dataops.example.com
,SHP-202002-0000002742,ORD-202002-0000001757,WH-00242,ITA,Europe,USPS,Pickup,Delivered,2020-02-23 14:45:45,2020-03-03,2020-03-03 01:45:45,2,Canada,2020-02-23 14:45:45,jeffery.miller012@commerce.example.com
,SHP-202002-0000002743,ORD-202002-0000002391,WH-00100,ARE,North America,Australia Post,Same Day,Delivered,2020-02-20 05:46:46,2020-02-23,2020-02-27 08:46:46,1,France,2020-02-20 05:46:46,maria.ashley046@analytics.example.com
,SHP-202002-0000002744,ORD-202002-0000000681,WH-00056,IND,North America,Australia Post,Pickup,Delayed,2020-02-28 10:50:12,2020-03-02,,1,Spain,2020-02-28 10:50:12,maria.ashley046@analytics.example.com
,SHP-202002-0000002745,ORD-202002-0000002213,WH-00071,DEU,North America,DPD,Standard,Delivered,2020-02-10 12:12:28,2020-02-12,2020-02-16 20:12:28,1,India,2020-02-10 12:12:28,jennifer.bauer068@analytics.example.com
,SHP-202002-0000002746,ORD-202002-0000000801,WH-00222,JPN,North America,UPS,Economy,Shipped,2020-02-08 08:57:30,2020-02-17,,3,United Kingdom,2020-02-08 08:57:30,micheal.chen050@dataops.example.com
,SHP-202002-0000002747,ORD-202002-0000000267,WH-00087,USA,Europe,FedEx,Express,Delivered,2020-02-26 21:34:38,2020-03-07,2020-03-09 22:34:38,1,United Kingdom,2020-02-26 21:34:38,victor.palmer071@platform.example.com
,SHP-202002-0000002748,ORD-202002-0000000623,WH-00087,ESP,Asia,UPS,Economy,Delivered,2020-02-04 07:35:26,2020-02-07,2020-02-16 08:35:26,1,Canada,2020-02-04 07:35:26,jennifer.bauer068@analytics.example.com
,SHP-202002-0000002749,ORD-202002-0000002050,WH-00227,SGP,Asia,UPS,Economy,Delivered,2020-02-14 08:23:22,2020-02-21,2020-02-20 19:23:22,1,France,2020-02-14 08:23:22,jeffery.miller012@commerce.example.com
,SHP-202002-0000002750,ORD-202002-0000000396,WH-00162,CAN,North America,DPD,Pickup,Delayed,2020-02-04 16:26:02,2020-02-10,,1,Australia,2020-02-04 16:26:02,michelle.sims041@analytics.example.com
,SHP-202002-0000002751,ORD-202002-0000000185,WH-00113,ESP,Europe,Australia Post,Express,Delivered,2020-02-14 11:43:19,2020-02-17,2020-02-16 18:43:19,1,Australia,2020-02-14 11:43:19,eric.horton058@analytics.example.com
,SHP-202002-0000002752,ORD-202002-0000001604,WH-00213,GBR,South America,USPS,Pickup,Delivered,2020-02-22 17:33:00,2020-03-02,2020-02-26 05:33:00,1,Mexico,2020-02-22 17:33:00,megan.cunningham013@commerce.example.com
,SHP-202002-0000002753,ORD-202002-0000001447,WH-00055,SGP,Asia,Royal Mail,Pickup,Delivered,2020-02-04 22:54:27,2020-02-07,2020-02-08 04:54:27,1,Australia,2020-02-04 22:54:27,michael.johnson061@platform.example.com
,SHP-202002-0000002754,ORD-202002-0000001306,WH-00027,USA,Asia,FedEx,Economy,Delivered,2020-02-13 02:33:37,2020-02-23,2020-02-25 03:33:37,1,Mexico,2020-02-13 02:33:37,peter.martinez098@platform.example.com
,SHP-202002-0000002755,ORD-202002-0000000509,WH-00227,IND,Oceania,USPS,Express,Delivered,2020-02-14 21:00:00,2020-02-21,2020-02-27 03:00:00,1,Brazil,2020-02-14 21:00:00,peter.martinez098@platform.example.com
,SHP-202002-0000002756,ORD-202002-0000002597,WH-00217,GBR,Asia,USPS,Pickup,In Transit,2020-02-29 17:19:46,2020-03-02,,1,India,2020-02-29 17:19:46,micheal.chen050@dataops.example.com
,SHP-202002-0000002757,ORD-202002-0000001000,WH-00244,IND,North America,DPD,Economy,Delivered,2020-02-03 08:47:01,2020-02-13,2020-02-06 11:47:01,1,Brazil,2020-02-03 08:47:01,andrea.cummings039@platform.example.com
,SHP-202002-0000002758,ORD-202002-0000002867,WH-00110,AUS,Asia,UPS,Economy,Delivered,2020-02-07 04:17:39,2020-02-16,2020-02-21 04:17:39,1,Mexico,2020-02-07 04:17:39,micheal.chen050@dataops.example.com
,SHP-202002-0000002759,ORD-202002-0000002234,WH-00212,ITA,Europe,Australia Post,Pickup,Delivered,2020-02-15 03:15:33,2020-02-18,2020-02-20 15:15:33,1,India,2020-02-15 03:15:33,eric.horton058@analytics.example.com
,SHP-202002-0000002760,ORD-202002-0000002036,WH-00103,NLD,Europe,USPS,Standard,Delivered,2020-02-03 12:56:37,2020-02-13,2020-02-12 23:56:37,1,France,2020-02-03 12:56:37,brandi.carter038@dataops.example.com
,SHP-202002-0000002761,ORD-202002-0000002038,WH-00143,MEX,Asia,Royal Mail,Economy,Delivered,2020-02-12 14:25:25,2020-02-22,2020-02-22 19:25:25,1,Singapore,2020-02-12 14:25:25,susan.rice083@commerce.example.com
,SHP-202002-0000002762,ORD-202002-0000000721,WH-00135,ESP,North America,Royal Mail,Standard,In Transit,2020-02-21 14:56:50,2020-02-27,,2,Mexico,2020-02-21 14:56:50,susan.rice083@commerce.example.com
,SHP-202002-0000002763,ORD-202002-0000001676,WH-00131,GBR,Europe,USPS,Pickup,Shipped,2020-02-22 00:09:13,2020-02-27,,1,Canada,2020-02-22 00:09:13,jeffery.miller012@commerce.example.com
,SHP-202002-0000002764,ORD-202002-0000000535,WH-00178,FRA,Europe,FedEx,Same Day,Shipped,2020-02-23 19:19:36,2020-02-28,,2,Canada,2020-02-23 19:19:36,ashley.marks069@commerce.example.com
,SHP-202002-0000002765,ORD-202002-0000001956,WH-00197,ARE,Asia,UPS,Pickup,Delivered,2020-02-15 21:30:38,2020-02-25,2020-02-27 04:30:38,1,Spain,2020-02-15 21:30:38,ryan.steele043@commerce.example.com
,SHP-202002-0000002766,ORD-202002-0000001417,WH-00048,ARE,Europe,DPD,Pickup,In Transit,2020-02-21 10:04:23,2020-02-27,,2,Mexico,2020-02-21 10:04:23,kelsey.taylor010@platform.example.com
,SHP-202002-0000002767,ORD-202002-0000002191,WH-00138,CAN,Europe,DHL,Express,Shipped,2020-02-18 20:12:55,2020-02-28,,1,Spain,2020-02-18 20:12:55,michelle.sims041@analytics.example.com
,SHP-202002-0000002768,ORD-202002-0000002124,WH-00105,GBR,Asia,UPS,Standard,Delivered,2020-02-18 04:12:03,2020-02-28,2020-03-03 06:12:03,1,United Arab Emirates,2020-02-18 04:12:03,brandi.carter038@dataops.example.com
,SHP-202002-0000002769,ORD-202002-0000002229,WH-00105,DEU,Europe,UPS,Economy,Delivered,2020-02-19 06:31:49,2020-02-29,2020-02-22 10:31:49,1,Singapore,2020-02-19 06:31:49,john.mullins109@commerce.example.com
,SHP-202002-0000002770,ORD-202002-0000002709,WH-00203,ITA,Europe,UPS,Economy,In Transit,2020-02-22 15:45:39,2020-02-25,,1,Australia,2020-02-22 15:45:39,michelle.sims041@analytics.example.com
,SHP-202002-0000002771,ORD-202002-0000000869,WH-00167,MEX,Asia,UPS,Same Day,Delayed,2020-02-03 11:42:03,2020-02-08,,1,Mexico,2020-02-03 11:42:03,victor.palmer071@platform.example.com
,SHP-202002-0000002772,ORD-202002-0000000703,WH-00058,SGP,Asia,Australia Post,Economy,Delivered,2020-02-07 19:08:22,2020-02-12,2020-02-18 03:08:22,2,United Arab Emirates,2020-02-07 19:08:22,susan.rice083@commerce.example.com
,SHP-202002-0000002773,ORD-202002-0000002310,WH-00207,ITA,Europe,Royal Mail,Express,In Transit,2020-02-24 05:36:31,2020-03-01,,1,Germany,2020-02-24 05:36:31,micheal.hall064@dataops.example.com
,SHP-202002-0000002774,ORD-202002-0000002833,WH-00144,GBR,Europe,DHL,Standard,Delivered,2020-02-04 10:43:36,2020-02-08,2020-02-13 11:43:36,1,Canada,2020-02-04 10:43:36,ashley.marks069@commerce.example.com
,SHP-202002-0000002775,ORD-202002-0000001119,WH-00145,ESP,Europe,FedEx,Pickup,Delivered,2020-02-02 17:27:57,2020-02-04,2020-02-15 02:27:57,1,Japan,2020-02-02 17:27:57,andrea.cummings039@platform.example.com
,SHP-202002-0000002776,ORD-202002-0000001057,WH-00149,BRA,North America,FedEx,Standard,Delayed,2020-02-02 13:00:25,2020-02-06,,2,United Kingdom,2020-02-02 13:00:25,ryan.steele043@commerce.example.com
,SHP-202002-0000002777,ORD-202002-0000001194,WH-00208,JPN,Europe,Australia Post,Economy,Delivered,2020-02-11 02:26:02,2020-02-14,2020-02-23 11:26:02,1,United States,2020-02-11 02:26:02,david.cabrera119@dataops.example.com
,SHP-202002-0000002778,ORD-202002-0000001402,WH-00220,AUS,North America,UPS,Pickup,Delivered,2020-02-07 16:35:50,2020-02-16,2020-02-09 22:35:50,2,United States,2020-02-07 16:35:50,ashley.marks069@commerce.example.com
,SHP-202002-0000002779,ORD-202002-0000000074,WH-00015,MEX,Europe,Australia Post,Same Day,Delivered,2020-02-12 16:30:20,2020-02-17,2020-02-21 23:30:20,2,Germany,2020-02-12 16:30:20,ryan.steele043@commerce.example.com
,SHP-202002-0000002780,ORD-202002-0000000787,WH-00114,AUS,Asia,Australia Post,Economy,Delayed,2020-02-26 02:16:42,2020-03-04,,1,India,2020-02-26 02:16:42,brandi.carter038@dataops.example.com
,SHP-202002-0000002781,ORD-202002-0000000721,WH-00140,JPN,Europe,DHL,Standard,Delivered,2020-02-16 00:04:14,2020-02-22,2020-02-22 00:04:14,1,United Arab Emirates,2020-02-16 00:04:14,maria.ashley046@analytics.example.com
,SHP-202002-0000002782,ORD-202002-0000000916,WH-00165,ARE,Europe,FedEx,Standard,Delivered,2020-02-02 16:31:41,2020-02-07,2020-02-08 18:31:41,1,Italy,2020-02-02 16:31:41,michael.berger060@platform.example.com
,SHP-202002-0000002783,ORD-202002-0000000492,WH-00250,MEX,South America,Australia Post,Pickup,Delivered,2020-02-23 19:58:03,2020-03-03,2020-03-04 03:58:03,1,United Arab Emirates,2020-02-23 19:58:03,jennifer.bauer068@analytics.example.com
,SHP-202002-0000002784,ORD-202002-0000000786,WH-00005,JPN,Europe,UPS,Same Day,Delayed,2020-02-20 17:30:07,2020-02-27,,1,United Arab Emirates,2020-02-20 17:30:07,kelsey.taylor010@platform.example.com
,SHP-202002-0000002785,ORD-202002-0000001822,WH-00009,BRA,Europe,UPS,Same Day,Delivered,2020-02-08 22:31:23,2020-02-16,2020-02-21 00:31:23,3,Australia,2020-02-08 22:31:23,megan.cunningham013@commerce.example.com
,SHP-202002-0000002786,ORD-202002-0000001304,WH-00017,ITA,Asia,USPS,Same Day,Delivered,2020-02-08 04:45:13,2020-02-11,2020-02-13 11:45:13,1,Spain,2020-02-08 04:45:13,ryan.steele043@commerce.example.com
,SHP-202002-0000002787,ORD-202002-0000000195,WH-00143,FRA,Asia,UPS,Same Day,Delivered,2020-02-27 20:11:35,2020-03-06,2020-03-12 22:11:35,1,Mexico,2020-02-27 20:11:35,adam.gordon030@commerce.example.com
,SHP-202002-0000002788,ORD-202002-0000000622,WH-00245,IND,Europe,Royal Mail,Same Day,Delivered,2020-02-27 23:08:36,2020-03-05,2020-03-08 23:08:36,2,Italy,2020-02-27 23:08:36,megan.cunningham013@commerce.example.com
,SHP-202002-0000002789,ORD-202002-0000001020,WH-00075,USA,Oceania,DPD,Same Day,In Transit,2020-02-17 14:59:54,2020-02-27,,1,United States,2020-02-17 14:59:54,maria.ashley046@analytics.example.com
,SHP-202002-0000002790,ORD-202002-0000001739,WH-00135,IND,Oceania,UPS,Standard,Shipped,2020-02-15 09:48:33,2020-02-18,,1,Japan,2020-02-15 09:48:33,brandi.carter038@dataops.example.com
,SHP-202002-0000002791,ORD-202002-0000000025,WH-00177,JPN,Europe,Royal Mail,Express,Delivered,2020-02-21 17:07:44,2020-02-28,2020-03-04 17:07:44,1,Mexico,2020-02-21 17:07:44,michael.berger060@platform.example.com
,SHP-202002-0000002792,ORD-202002-0000001987,WH-00069,FRA,North America,FedEx,Express,Delivered,2020-02-19 12:22:25,2020-02-21,2020-02-23 20:22:25,1,France,2020-02-19 12:22:25,micheal.hall064@dataops.example.com
,SHP-202002-0000002793,ORD-202002-0000001201,WH-00231,ITA,Europe,UPS,Express,Delivered,2020-02-28 06:56:23,2020-03-01,2020-03-06 10:56:23,1,Canada,2020-02-28 06:56:23,michael.johnson061@platform.example.com
,SHP-202002-0000002794,ORD-202002-0000002443,WH-00141,BRA,Asia,Royal Mail,Pickup,Delivered,2020-02-24 12:14:01,2020-02-29,2020-02-27 15:14:01,1,Japan,2020-02-24 12:14:01,patrick.gonzalez035@dataops.example.com
,SHP-202002-0000002795,ORD-202002-0000001709,WH-00158,ITA,Europe,UPS,Standard,Shipped,2020-02-13 05:25:47,2020-02-22,,1,United States,2020-02-13 05:25:47,micheal.chen050@dataops.example.com
,SHP-202002-0000002796,ORD-202002-0000001843,WH-00081,ESP,Asia,UPS,Express,Shipped,2020-02-09 11:29:58,2020-02-17,,1,Australia,2020-02-09 11:29:58,michael.berger060@platform.example.com
,SHP-202002-0000002797,ORD-202002-0000002707,WH-00043,NLD,South America,UPS,Express,Delivered,2020-02-09 10:31:10,2020-02-14,2020-02-15 17:31:10,1,Japan,2020-02-09 10:31:10,susan.rice083@commerce.example.com
,SHP-202002-0000002798,ORD-202002-0000002263,WH-00102,FRA,Europe,Royal Mail,Same Day,Delivered,2020-02-07 23:31:01,2020-02-12,2020-02-14 00:31:01,1,Canada,2020-02-07 23:31:01,stephen.clark001@analytics.example.com
,SHP-202002-0000002799,ORD-202002-0000000446,WH-00226,IND,Europe,Australia Post,Economy,Delivered,2020-02-06 10:44:45,2020-02-09,2020-02-13 11:44:45,1,Netherlands,2020-02-06 10:44:45,joseph.johnson049@dataops.example.com
,SHP-202002-0000002800,ORD-202002-0000000063,WH-00247,IND,South America,Royal Mail,Standard,Delivered,2020-02-02 22:42:04,2020-02-09,2020-02-12 09:42:04,1,Brazil,2020-02-02 22:42:04,adam.gordon030@commerce.example.com
,SHP-202002-0000002801,ORD-202002-0000002656,WH-00104,DEU,North America,DHL,Same Day,Delivered,2020-02-26 05:11:58,2020-03-02,2020-03-09 08:11:58,1,Spain,2020-02-26 05:11:58,maria.ashley046@analytics.example.com
,SHP-202002-0000002802,ORD-202002-0000000709,WH-00127,CAN,Europe,DHL,Economy,Shipped,2020-02-08 01:09:57,2020-02-12,,1,Netherlands,2020-02-08 01:09:57,adam.gordon030@commerce.example.com
,SHP-202002-0000002803,ORD-202002-0000001743,WH-00013,USA,North America,UPS,Economy,Delivered,2020-02-22 15:41:53,2020-03-02,2020-03-01 02:41:53,1,United States,2020-02-22 15:41:53,ashley.marks069@commerce.example.com
,SHP-202002-0000002804,ORD-202002-0000001437,WH-00187,MEX,South America,UPS,Standard,Delayed,2020-02-27 18:55:43,2020-03-06,,1,Netherlands,2020-02-27 18:55:43,eric.horton058@analytics.example.com
,SHP-202002-0000002805,ORD-202002-0000000611,WH-00100,IND,South America,FedEx,Pickup,Delivered,2020-02-21 08:16:11,2020-03-02,2020-03-01 13:16:11,1,Canada,2020-02-21 08:16:11,peter.martinez098@platform.example.com
,SHP-202002-0000002806,ORD-202002-0000002806,WH-00210,ITA,Europe,Australia Post,Pickup,In Transit,2020-02-24 13:13:00,2020-03-01,,1,United Arab Emirates,2020-02-24 13:13:00,jeffery.miller012@commerce.example.com
,SHP-202002-0000002807,ORD-202002-0000001107,WH-00153,CAN,Asia,Royal Mail,Standard,Delivered,2020-02-12 16:19:53,2020-02-15,2020-02-21 16:19:53,1,United States,2020-02-12 16:19:53,maria.ashley046@analytics.example.com
,SHP-202002-0000002808,ORD-202002-0000000043,WH-00017,JPN,North America,Australia Post,Economy,Delivered,2020-02-21 07:55:35,2020-02-29,2020-02-28 14:55:35,1,Netherlands,2020-02-21 07:55:35,david.cabrera119@dataops.example.com
,SHP-202002-0000002809,ORD-202002-0000000694,WH-00198,ITA,South America,USPS,Standard,Delivered,2020-02-05 22:47:28,2020-02-07,2020-02-16 01:47:28,1,France,2020-02-05 22:47:28,brandi.carter038@dataops.example.com
,SHP-202002-0000002810,ORD-202002-0000000720,WH-00071,SGP,North America,Australia Post,Same Day,Delivered,2020-02-19 09:14:23,2020-02-29,2020-03-01 20:14:23,1,United Arab Emirates,2020-02-19 09:14:23,victor.palmer071@platform.example.com
,SHP-202002-0000002811,ORD-202002-0000001389,WH-00040,FRA,Europe,Australia Post,Standard,Delivered,2020-02-28 12:59:09,2020-03-03,2020-03-08 23:59:09,1,Canada,2020-02-28 12:59:09,stephen.daniels076@commerce.example.com
,SHP-202002-0000002812,ORD-202002-0000001399,WH-00194,SGP,Europe,DPD,Economy,Delivered,2020-02-02 16:22:25,2020-02-09,2020-02-11 01:22:25,1,United Arab Emirates,2020-02-02 16:22:25,taylor.cunningham023@commerce.example.com
,SHP-202002-0000002813,ORD-202002-0000000606,WH-00142,IND,Europe,FedEx,Economy,Delivered,2020-02-17 05:03:08,2020-02-21,2020-02-21 07:03:08,2,Italy,2020-02-17 05:03:08,michelle.sims041@analytics.example.com
,SHP-202002-0000002814,ORD-202002-0000001121,WH-00092,BRA,North America,DPD,Economy,Shipped,2020-02-15 07:55:07,2020-02-24,,1,United Arab Emirates,2020-02-15 07:55:07,ashley.marks069@commerce.example.com
,SHP-202002-0000002815,ORD-202002-0000002639,WH-00029,FRA,Asia,UPS,Same Day,Delivered,2020-02-25 16:57:47,2020-03-04,2020-03-10 17:57:47,3,United States,2020-02-25 16:57:47,tina.williams074@commerce.example.com
,SHP-202002-0000002816,ORD-202002-0000002361,WH-00183,IND,Asia,UPS,Express,Delivered,2020-02-23 14:34:29,2020-02-26,2020-03-01 00:34:29,3,Singapore,2020-02-23 14:34:29,joseph.johnson049@dataops.example.com
,SHP-202002-0000002817,ORD-202002-0000001524,WH-00047,ITA,Oceania,Royal Mail,Standard,In Transit,2020-02-21 05:53:05,2020-02-26,,1,United Kingdom,2020-02-21 05:53:05,susan.rice083@commerce.example.com
,SHP-202002-0000002818,ORD-202002-0000000107,WH-00202,ARE,Asia,Australia Post,Economy,Delivered,2020-02-21 14:10:55,2020-03-02,2020-02-24 21:10:55,2,Australia,2020-02-21 14:10:55,ashley.marks069@commerce.example.com
,SHP-202002-0000002819,ORD-202002-0000002863,WH-00203,FRA,Europe,Royal Mail,Standard,Delivered,2020-02-07 08:53:15,2020-02-15,2020-02-19 16:53:15,1,Singapore,2020-02-07 08:53:15,adam.gordon030@commerce.example.com
,SHP-202002-0000002820,ORD-202002-0000000190,WH-00158,GBR,Asia,Australia Post,Same Day,Delivered,2020-02-03 13:42:29,2020-02-11,2020-02-08 01:42:29,1,Brazil,2020-02-03 13:42:29,andrea.cummings039@platform.example.com
,SHP-202002-0000002821,ORD-202002-0000002622,WH-00042,JPN,Oceania,Australia Post,Pickup,Shipped,2020-02-03 10:14:39,2020-02-07,,1,Italy,2020-02-03 10:14:39,megan.cunningham013@commerce.example.com
,SHP-202002-0000002822,ORD-202002-0000001309,WH-00069,USA,Europe,UPS,Express,Delivered,2020-02-14 01:43:28,2020-02-20,2020-02-28 12:43:28,1,Spain,2020-02-14 01:43:28,brandi.carter038@dataops.example.com
,SHP-202002-0000002823,ORD-202002-0000000496,WH-00244,DEU,Europe,FedEx,Pickup,Delivered,2020-02-19 23:01:31,2020-02-22,2020-02-26 01:01:31,1,United States,2020-02-19 23:01:31,kelsey.taylor010@platform.example.com
,SHP-202002-0000002824,ORD-202002-0000001305,WH-00149,NLD,Europe,DHL,Express,Delivered,2020-02-05 19:29:34,2020-02-08,2020-02-10 01:29:34,1,Brazil,2020-02-05 19:29:34,victor.palmer071@platform.example.com
,SHP-202002-0000002825,ORD-202002-0000000321,WH-00030,MEX,Europe,Australia Post,Economy,Delivered,2020-02-27 07:03:25,2020-03-05,2020-03-10 15:03:25,1,Netherlands,2020-02-27 07:03:25,john.mullins109@commerce.example.com
,SHP-202002-0000002826,ORD-202002-0000000687,WH-00056,AUS,Europe,Royal Mail,Express,Delivered,2020-02-11 16:29:16,2020-02-16,2020-02-24 17:29:16,1,Mexico,2020-02-11 16:29:16,megan.cunningham013@commerce.example.com
,SHP-202002-0000002827,ORD-202002-0000001453,WH-00031,SGP,Europe,Royal Mail,Pickup,Delivered,2020-02-28 22:37:05,2020-03-09,2020-03-09 04:37:05,1,India,2020-02-28 22:37:05,michelle.bender024@analytics.example.com
,SHP-202002-0000002828,ORD-202002-0000002094,WH-00100,USA,North America,Royal Mail,Economy,Delivered,2020-02-08 11:02:10,2020-02-14,2020-02-20 14:02:10,2,Mexico,2020-02-08 11:02:10,michael.berger060@platform.example.com
,SHP-202002-0000002829,ORD-202002-0000000278,WH-00039,CAN,Asia,UPS,Economy,In Transit,2020-02-25 16:40:03,2020-03-01,,1,Germany,2020-02-25 16:40:03,susan.rice083@commerce.example.com
,SHP-202002-0000002830,ORD-202002-0000002203,WH-00099,MEX,Asia,DHL,Standard,Returned,2020-02-09 00:47:55,2020-02-12,,1,France,2020-02-09 00:47:55,peter.martinez098@platform.example.com
,SHP-202002-0000002831,ORD-202002-0000001482,WH-00237,ARE,Asia,FedEx,Express,Delivered,2020-02-02 09:06:19,2020-02-12,2020-02-06 09:06:19,2,Brazil,2020-02-02 09:06:19,micheal.hall064@dataops.example.com
,SHP-202002-0000002832,ORD-202002-0000002172,WH-00154,ESP,Europe,USPS,Same Day,Delivered,2020-02-06 09:46:10,2020-02-09,2020-02-08 15:46:10,1,Japan,2020-02-06 09:46:10,ashley.marks069@commerce.example.com
,SHP-202002-0000002833,ORD-202002-0000001010,WH-00184,SGP,Europe,USPS,Standard,Delivered,2020-02-18 11:22:09,2020-02-21,2020-03-01 21:22:09,1,Canada,2020-02-18 11:22:09,joseph.johnson049@dataops.example.com
,SHP-202002-0000002834,ORD-202002-0000000870,WH-00109,ESP,Asia,DPD,Economy,In Transit,2020-02-04 09:44:19,2020-02-10,,1,Italy,2020-02-04 09:44:19,taylor.cunningham023@commerce.example.com
,SHP-202002-0000002835,ORD-202002-0000002055,WH-00093,ITA,Europe,USPS,Same Day,Delivered,2020-02-05 08:28:40,2020-02-09,2020-02-14 15:28:40,1,Netherlands,2020-02-05 08:28:40,micheal.hall064@dataops.example.com
,SHP-202002-0000002836,ORD-202002-0000002133,WH-00170,NLD,North America,Australia Post,Economy,Shipped,2020-02-16 07:02:23,2020-02-25,,1,Brazil,2020-02-16 07:02:23,ryan.steele043@commerce.example.com
,SHP-202002-0000002837,ORD-202002-0000001827,WH-00158,IND,North America,Australia Post,Economy,Delivered,2020-02-27 22:17:42,2020-03-02,2020-03-08 00:17:42,1,United States,2020-02-27 22:17:42,jennifer.bauer068@analytics.example.com
,SHP-202002-0000002838,ORD-202002-0000001012,WH-00053,ITA,Europe,Australia Post,Pickup,Delivered,2020-02-12 19:02:44,2020-02-18,2020-02-18 20:02:44,1,Singapore,2020-02-12 19:02:44,michael.berger060@platform.example.com
,SHP-202002-0000002839,ORD-202002-0000000459,WH-00040,ESP,North America,USPS,Express,Delivered,2020-02-02 16:22:51,2020-02-05,2020-02-05 18:22:51,1,Brazil,2020-02-02 16:22:51,joseph.johnson049@dataops.example.com
,SHP-202002-0000002840,ORD-202002-0000001919,WH-00106,CAN,Europe,Australia Post,Pickup,Delivered,2020-02-15 02:24:40,2020-02-19,2020-02-29 09:24:40,1,India,2020-02-15 02:24:40,maria.ashley046@analytics.example.com
,SHP-202002-0000002841,ORD-202002-0000000900,WH-00067,ESP,Europe,DHL,Same Day,In Transit,2020-02-07 15:05:14,2020-02-12,,1,United Kingdom,2020-02-07 15:05:14,brandi.carter038@dataops.example.com
,SHP-202002-0000002842,ORD-202002-0000001224,WH-00014,ESP,South America,UPS,Economy,Delivered,2020-02-15 19:10:29,2020-02-20,2020-02-18 23:10:29,1,United States,2020-02-15 19:10:29,taylor.cunningham023@commerce.example.com
,SHP-202002-0000002843,ORD-202002-0000001324,WH-00225,CAN,Oceania,Australia Post,Economy,Delivered,2020-02-19 14:24:59,2020-02-27,2020-02-25 14:24:59,1,India,2020-02-19 14:24:59,peter.martinez098@platform.example.com
,SHP-202002-0000002844,ORD-202002-0000001499,WH-00035,MEX,Europe,Australia Post,Pickup,Delivered,2020-02-26 04:45:43,2020-03-01,2020-02-28 12:45:43,1,India,2020-02-26 04:45:43,patrick.gonzalez035@dataops.example.com
,SHP-202002-0000002845,ORD-202002-0000000581,WH-00190,NLD,Asia,FedEx,Pickup,Delivered,2020-02-09 13:41:01,2020-02-12,2020-02-17 17:41:01,1,United States,2020-02-09 13:41:01,megan.cunningham013@commerce.example.com
,SHP-202002-0000002846,ORD-202002-0000000643,WH-00099,ARE,Asia,DPD,Standard,Delivered,2020-02-28 17:49:31,2020-03-04,2020-03-03 18:49:31,1,France,2020-02-28 17:49:31,stephen.clark001@analytics.example.com
,SHP-202002-0000002847,ORD-202002-0000001794,WH-00027,ESP,Asia,UPS,Same Day,Shipped,2020-02-04 11:24:36,2020-02-09,,1,Italy,2020-02-04 11:24:36,patrick.gonzalez035@dataops.example.com
,SHP-202002-0000002848,ORD-202002-0000002735,WH-00046,FRA,North America,Royal Mail,Pickup,Delivered,2020-02-02 17:25:03,2020-02-05,2020-02-14 18:25:03,1,United Kingdom,2020-02-02 17:25:03,michelle.sims041@analytics.example.com
,SHP-202002-0000002849,ORD-202002-0000001028,WH-00119,AUS,Asia,DPD,Express,Delayed,2020-02-16 06:59:24,2020-02-25,,1,Germany,2020-02-16 06:59:24,stephen.clark001@analytics.example.com
,SHP-202002-0000002850,ORD-202002-0000002009,WH-00156,DEU,Europe,Australia Post,Economy,In Transit,2020-02-06 11:36:27,2020-02-09,,2,Australia,2020-02-06 11:36:27,john.mullins109@commerce.example.com
,SHP-202002-0000002851,ORD-202002-0000001397,WH-00002,MEX,Europe,USPS,Express,Delivered,2020-02-24 08:34:42,2020-02-26,2020-02-27 17:34:42,1,Netherlands,2020-02-24 08:34:42,lance.williams029@platform.example.com
,SHP-202002-0000002852,ORD-202002-0000002443,WH-00031,ESP,North America,DPD,Standard,Delivered,2020-02-08 02:26:23,2020-02-10,2020-02-11 11:26:23,3,Singapore,2020-02-08 02:26:23,jennifer.bauer068@analytics.example.com
,SHP-202002-0000002853,ORD-202002-0000000131,WH-00198,MEX,Asia,DHL,Express,In Transit,2020-02-08 18:39:46,2020-02-18,,1,United States,2020-02-08 18:39:46,lance.williams029@platform.example.com
,SHP-202002-0000002854,ORD-202002-0000001087,WH-00129,FRA,Europe,DHL,Economy,Delivered,2020-02-06 16:33:11,2020-02-16,2020-02-12 19:33:11,1,Japan,2020-02-06 16:33:11,megan.cunningham013@commerce.example.com
,SHP-202002-0000002855,ORD-202002-0000000614,WH-00010,DEU,Europe,Royal Mail,Pickup,Delivered,2020-02-21 09:38:02,2020-02-28,2020-02-28 19:38:02,2,United Arab Emirates,2020-02-21 09:38:02,jennifer.bauer068@analytics.example.com
,SHP-202002-0000002856,ORD-202002-0000000741,WH-00189,DEU,Asia,USPS,Express,Shipped,2020-02-01 23:09:48,2020-02-04,,1,Netherlands,2020-02-01 23:09:48,joseph.johnson049@dataops.example.com
,SHP-202002-0000002857,ORD-202002-0000001907,WH-00156,NLD,Asia,USPS,Pickup,Shipped,2020-02-26 23:39:38,2020-02-29,,1,Australia,2020-02-26 23:39:38,patrick.gonzalez035@dataops.example.com
,SHP-202002-0000002858,ORD-202002-0000001368,WH-00168,IND,Europe,Australia Post,Express,Delivered,2020-02-23 06:02:49,2020-03-03,2020-02-25 18:02:49,1,Mexico,2020-02-23 06:02:49,micheal.chen050@dataops.example.com
,SHP-202002-0000002859,ORD-202002-0000002548,WH-00023,NLD,North America,DHL,Same Day,Shipped,2020-02-07 23:42:01,2020-02-10,,1,United Arab Emirates,2020-02-07 23:42:01,maria.ashley046@analytics.example.com
,SHP-202002-0000002860,ORD-202002-0000001552,WH-00051,ITA,Europe,Royal Mail,Standard,Delivered,2020-02-20 08:58:51,2020-02-26,2020-03-03 14:58:51,1,Australia,2020-02-20 08:58:51,micheal.chen050@dataops.example.com
,SHP-202002-0000002861,ORD-202002-0000002429,WH-00218,ITA,South America,DPD,Standard,Shipped,2020-02-09 02:04:16,2020-02-12,,1,India,2020-02-09 02:04:16,maria.ashley046@analytics.example.com
,SHP-202002-0000002862,ORD-202002-0000002375,WH-00162,ESP,North America,UPS,Same Day,Shipped,2020-02-09 01:53:18,2020-02-11,,1,United Arab Emirates,2020-02-09 01:53:18,michael.berger060@platform.example.com
,SHP-202002-0000002863,ORD-202002-0000002581,WH-00166,NLD,Europe,Australia Post,Pickup,Delivered,2020-02-13 09:04:14,2020-02-16,2020-02-24 19:04:14,1,Germany,2020-02-13 09:04:14,jeffery.miller012@commerce.example.com
,SHP-202002-0000002864,ORD-202002-0000001225,WH-00005,SGP,North America,USPS,Same Day,Returned,2020-02-29 06:37:56,2020-03-03,,1,Italy,2020-02-29 06:37:56,brandi.carter038@dataops.example.com
,SHP-202002-0000002865,ORD-202002-0000001582,WH-00115,JPN,Europe,UPS,Pickup,Delivered,2020-02-06 13:05:38,2020-02-10,2020-02-15 15:05:38,2,Japan,2020-02-06 13:05:38,jennifer.hudson020@analytics.example.com
,SHP-202002-0000002866,ORD-202002-0000001394,WH-00136,SGP,Europe,FedEx,Express,Delivered,2020-02-02 11:31:19,2020-02-08,2020-02-08 20:31:19,1,Germany,2020-02-02 11:31:19,megan.cunningham013@commerce.example.com
,SHP-202002-0000002867,ORD-202002-0000001905,WH-00241,DEU,North America,DHL,Express,Delivered,2020-02-11 05:55:12,2020-02-20,2020-02-22 17:55:12,1,Canada,2020-02-11 05:55:12,taylor.cunningham023@commerce.example.com
,SHP-202002-0000002868,ORD-202002-0000000206,WH-00232,DEU,Oceania,USPS,Pickup,Delivered,2020-02-14 14:59:19,2020-02-24,2020-02-20 18:59:19,1,Japan,2020-02-14 14:59:19,eric.horton058@analytics.example.com
,SHP-202002-0000002869,ORD-202002-0000001031,WH-00125,NLD,Asia,Australia Post,Same Day,In Transit,2020-02-19 14:17:20,2020-02-27,,2,Brazil,2020-02-19 14:17:20,victor.palmer071@platform.example.com
,SHP-202002-0000002870,ORD-202002-0000000082,WH-00138,JPN,North America,Royal Mail,Standard,Delivered,2020-02-22 06:48:54,2020-02-28,2020-03-07 11:48:54,1,Netherlands,2020-02-22 06:48:54,stephen.daniels076@commerce.example.com
,SHP-202002-0000002871,ORD-202002-0000000542,WH-00044,NLD,Europe,UPS,Same Day,Delivered,2020-02-05 23:40:35,2020-02-13,2020-02-20 05:40:35,3,Brazil,2020-02-05 23:40:35,victor.palmer071@platform.example.com
,SHP-202002-0000002872,ORD-202002-0000001750,WH-00016,DEU,Asia,FedEx,Economy,Delivered,2020-02-02 15:42:47,2020-02-06,2020-02-16 16:42:47,1,Australia,2020-02-02 15:42:47,stephen.clark001@analytics.example.com
,SHP-202002-0000002873,ORD-202002-0000002839,WH-00109,GBR,Europe,Royal Mail,Standard,Delivered,2020-02-26 04:29:11,2020-03-03,2020-02-28 05:29:11,2,France,2020-02-26 04:29:11,stephen.daniels076@commerce.example.com
,SHP-202002-0000002874,ORD-202002-0000002347,WH-00078,GBR,Asia,DPD,Express,Shipped,2020-02-05 09:55:49,2020-02-13,,1,Netherlands,2020-02-05 09:55:49,patrick.gonzalez035@dataops.example.com
,SHP-202002-0000002875,ORD-202002-0000000352,WH-00060,SGP,Asia,DHL,Pickup,Delivered,2020-02-27 19:02:16,2020-03-07,2020-03-13 00:02:16,2,Spain,2020-02-27 19:02:16,victor.palmer071@platform.example.com
,SHP-202002-0000002876,ORD-202002-0000000907,WH-00230,SGP,Asia,FedEx,Standard,Delivered,2020-02-10 06:04:19,2020-02-17,2020-02-23 17:04:19,1,United Kingdom,2020-02-10 06:04:19,peter.martinez098@platform.example.com
,SHP-202002-0000002877,ORD-202002-0000001755,WH-00124,ARE,South America,Australia Post,Express,Shipped,2020-02-17 04:38:35,2020-02-21,,1,France,2020-02-17 04:38:35,victor.palmer071@platform.example.com
,SHP-202002-0000002878,ORD-202002-0000002532,WH-00119,GBR,North America,DPD,Pickup,Delivered,2020-02-04 12:08:59,2020-02-09,2020-02-15 21:08:59,1,Singapore,2020-02-04 12:08:59,jeffery.miller012@commerce.example.com
,SHP-202002-0000002879,ORD-202002-0000000557,WH-00037,NLD,Asia,FedEx,Express,Delayed,2020-02-15 03:27:43,2020-02-23,,1,United States,2020-02-15 03:27:43,eric.horton058@analytics.example.com
,SHP-202002-0000002880,ORD-202002-0000000961,WH-00197,AUS,Asia,DHL,Standard,In Transit,2020-02-07 05:40:39,2020-02-17,,3,Brazil,2020-02-07 05:40:39,michael.johnson061@platform.example.com
,SHP-202002-0000002881,ORD-202002-0000001264,WH-00213,ITA,Oceania,DHL,Express,In Transit,2020-02-17 09:35:59,2020-02-20,,1,United Arab Emirates,2020-02-17 09:35:59,victor.palmer071@platform.example.com
,SHP-202002-0000002882,ORD-202002-0000001390,WH-00170,BRA,Asia,Australia Post,Same Day,Delivered,2020-02-27 02:40:38,2020-03-05,2020-03-05 07:40:38,2,Singapore,2020-02-27 02:40:38,ryan.steele043@commerce.example.com
,SHP-202002-0000002883,ORD-202002-0000000678,WH-00181,ITA,Europe,USPS,Same Day,Delivered,2020-02-08 14:20:18,2020-02-10,2020-02-16 16:20:18,1,Brazil,2020-02-08 14:20:18,michelle.sims041@analytics.example.com
,SHP-202002-0000002884,ORD-202002-0000002005,WH-00116,ARE,North America,Australia Post,Same Day,Delivered,2020-02-01 06:50:32,2020-02-03,2020-02-06 06:50:32,1,India,2020-02-01 06:50:32,stephen.clark001@analytics.example.com
,SHP-202002-0000002885,ORD-202002-0000002041,WH-00041,SGP,Europe,Royal Mail,Standard,Delivered,2020-02-28 10:24:52,2020-03-09,2020-03-12 21:24:52,1,United Arab Emirates,2020-02-28 10:24:52,eric.horton058@analytics.example.com
,SHP-202002-0000002886,ORD-202002-0000001107,WH-00135,DEU,Oceania,FedEx,Pickup,Delivered,2020-02-09 09:56:16,2020-02-18,2020-02-22 18:56:16,2,Mexico,2020-02-09 09:56:16,michelle.sims041@analytics.example.com
,SHP-202002-0000002887,ORD-202002-0000002578,WH-00006,FRA,North America,USPS,Standard,Delivered,2020-02-24 03:27:01,2020-03-03,2020-03-02 03:27:01,2,United Arab Emirates,2020-02-24 03:27:01,james.proctor094@dataops.example.com
,SHP-202002-0000002888,ORD-202002-0000002171,WH-00213,USA,Asia,Royal Mail,Express,Delivered,2020-02-06 20:24:39,2020-02-15,2020-02-12 20:24:39,1,Japan,2020-02-06 20:24:39,michael.johnson061@platform.example.com
,SHP-202002-0000002889,ORD-202002-0000000918,WH-00037,ESP,Asia,DHL,Economy,Delivered,2020-02-13 02:36:22,2020-02-18,2020-02-16 07:36:22,2,Japan,2020-02-13 02:36:22,susan.rice083@commerce.example.com
,SHP-202002-0000002890,ORD-202002-0000001113,WH-00055,IND,Oceania,DHL,Standard,Delivered,2020-02-22 04:25:00,2020-02-27,2020-03-03 06:25:00,1,Germany,2020-02-22 04:25:00,joseph.johnson049@dataops.example.com
,SHP-202002-0000002891,ORD-202002-0000001694,WH-00208,GBR,Europe,UPS,Same Day,Delivered,2020-02-04 23:44:57,2020-02-07,2020-02-13 10:44:57,2,Mexico,2020-02-04 23:44:57,brandi.carter038@dataops.example.com
,SHP-202002-0000002892,ORD-202002-0000000294,WH-00150,CAN,Asia,FedEx,Economy,Delivered,2020-02-24 13:34:59,2020-02-29,2020-02-28 23:34:59,1,Japan,2020-02-24 13:34:59,michelle.bender024@analytics.example.com
,SHP-202002-0000002893,ORD-202002-0000000813,WH-00231,JPN,North America,DPD,Pickup,Delayed,2020-02-26 19:59:55,2020-03-06,,1,India,2020-02-26 19:59:55,jennifer.hudson020@analytics.example.com
,SHP-202002-0000002894,ORD-202002-0000002419,WH-00155,BRA,Europe,USPS,Express,In Transit,2020-02-03 17:25:12,2020-02-10,,2,Brazil,2020-02-03 17:25:12,ashley.marks069@commerce.example.com
,SHP-202002-0000002895,ORD-202002-0000000171,WH-00153,DEU,Oceania,USPS,Same Day,Delivered,2020-02-26 04:22:32,2020-03-06,2020-02-28 06:22:32,1,United Kingdom,2020-02-26 04:22:32,michelle.bender024@analytics.example.com
,SHP-202002-0000002896,ORD-202002-0000001464,WH-00158,NLD,Europe,Australia Post,Economy,Delivered,2020-02-12 05:26:40,2020-02-15,2020-02-17 05:26:40,1,Canada,2020-02-12 05:26:40,adam.gordon030@commerce.example.com
,SHP-202002-0000002897,ORD-202002-0000001093,WH-00239,AUS,North America,DPD,Same Day,In Transit,2020-02-23 11:54:16,2020-02-28,,1,United Kingdom,2020-02-23 11:54:16,taylor.cunningham023@commerce.example.com
,SHP-202002-0000002898,ORD-202002-0000000938,WH-00210,JPN,North America,DHL,Express,Delivered,2020-02-17 19:18:38,2020-02-23,2020-03-01 02:18:38,1,Mexico,2020-02-17 19:18:38,eric.horton058@analytics.example.com
,SHP-202002-0000002899,ORD-202002-0000002385,WH-00031,MEX,North America,USPS,Express,Delivered,2020-02-04 15:31:30,2020-02-09,2020-02-07 03:31:30,1,Italy,2020-02-04 15:31:30,adam.gordon030@commerce.example.com
,SHP-202002-0000002900,ORD-202002-0000000831,WH-00150,MEX,Oceania,USPS,Standard,Shipped,2020-02-17 11:46:12,2020-02-23,,1,United States,2020-02-17 11:46:12,ryan.steele043@commerce.example.com
,SHP-202002-0000002901,ORD-202002-0000001761,WH-00160,BRA,North America,UPS,Express,Returned,2020-02-20 14:31:28,2020-02-27,,2,United Arab Emirates,2020-02-20 14:31:28,lance.williams029@platform.example.com
,SHP-202002-0000002902,ORD-202002-0000000482,WH-00147,ESP,Asia,Australia Post,Economy,Delivered,2020-02-24 05:24:49,2020-03-05,2020-02-29 11:24:49,2,Brazil,2020-02-24 05:24:49,stephen.clark001@analytics.example.com
,SHP-202002-0000002903,ORD-202002-0000000927,WH-00119,CAN,Oceania,DHL,Standard,Delivered,2020-02-05 17:33:28,2020-02-08,2020-02-08 22:33:28,1,Netherlands,2020-02-05 17:33:28,victor.palmer071@platform.example.com
,SHP-202002-0000002904,ORD-202002-0000001073,WH-00027,ESP,North America,DHL,Economy,Delivered,2020-02-10 00:32:34,2020-02-16,2020-02-13 11:32:34,1,France,2020-02-10 00:32:34,stephen.daniels076@commerce.example.com
,SHP-202002-0000002905,ORD-202002-0000001278,WH-00161,ARE,Europe,DHL,Economy,Delivered,2020-02-06 08:37:28,2020-02-09,2020-02-19 09:37:28,1,Canada,2020-02-06 08:37:28,peter.martinez098@platform.example.com
,SHP-202002-0000002906,ORD-202002-0000000623,WH-00029,CAN,Europe,DPD,Standard,Delivered,2020-02-21 03:27:10,2020-02-27,2020-02-28 09:27:10,3,Brazil,2020-02-21 03:27:10,james.proctor094@dataops.example.com
,SHP-202002-0000002907,ORD-202002-0000002802,WH-00052,FRA,Europe,Australia Post,Pickup,Delivered,2020-02-06 11:30:03,2020-02-11,2020-02-08 21:30:03,1,France,2020-02-06 11:30:03,john.mullins109@commerce.example.com
,SHP-202002-0000002908,ORD-202002-0000002762,WH-00006,USA,Asia,Australia Post,Standard,Delivered,2020-02-12 03:58:18,2020-02-18,2020-02-22 08:58:18,1,France,2020-02-12 03:58:18,adam.gordon030@commerce.example.com
